6293655
merge 1/9744: (106, 101) -> 256 (b'je') has 118375 occurance
merge 2/9744: (32, 115) -> 257 (b' s') has 101656 occurance
merge 3/9744: (32, 110) -> 258 (b' n') has 74939 occurance
merge 4/9744: (32, 105) -> 259 (b' i') has 72873 occurance
merge 5/9744: (32, 112) -> 260 (b' p') has 62365 occurance
merge 6/9744: (197, 161) -> 261 (b'\xc5\xa1') has 60218 occurance
merge 7/9744: (32, 100) -> 262 (b' d') has 52545 occurance
merge 8/9744: (32, 111) -> 263 (b' o') has 48566 occurance
merge 9/9744: (114, 97) -> 264 (b'ra') has 47190 occurance
merge 10/9744: (107, 111) -> 265 (b'ko') has 46724 occurance
merge 11/9744: (46, 10) -> 266 (b'.\n') has 42159 occurance
merge 12/9744: (116, 105) -> 267 (b'ti') has 42036 occurance
merge 13/9744: (118, 111) -> 268 (b'vo') has 40601 occurance
merge 14/9744: (196, 141) -> 269 (b'\xc4\x8d') has 39757 occurance
merge 15/9744: (118, 97) -> 270 (b'va') has 37999 occurance
merge 16/9744: (196, 135) -> 271 (b'\xc4\x87') has 37699 occurance
merge 17/9744: (32, 117) -> 272 (b' u') has 35975 occurance
merge 18/9744: (118, 105) -> 273 (b'vi') has 35902 occurance
merge 19/9744: (32, 109) -> 274 (b' m') has 35855 occurance
merge 20/9744: (107, 97) -> 275 (b'ka') has 35430 occurance
merge 21/9744: (116, 97) -> 276 (b'ta') has 33056 occurance
merge 22/9744: (114, 105) -> 277 (b'ri') has 31393 occurance
merge 23/9744: (114, 101) -> 278 (b're') has 31345 occurance
merge 24/9744: (108, 105) -> 279 (b'li') has 30639 occurance
merge 25/9744: (258, 97) -> 280 (b' na') has 30057 occurance
merge 26/9744: (110, 97) -> 281 (b'na') has 29985 occurance
merge 27/9744: (110, 105) -> 282 (b'ni') has 29394 occurance
merge 28/9744: (106, 97) -> 283 (b'ja') has 29299 occurance
merge 29/9744: (32, 98) -> 284 (b' b') has 27995 occurance
merge 30/9744: (108, 97) -> 285 (b'la') has 27749 occurance
merge 31/9744: (32, 122) -> 286 (b' z') has 26832 occurance
merge 32/9744: (116, 111) -> 287 (b'to') has 26609 occurance
merge 33/9744: (106, 105) -> 288 (b'ji') has 26533 occurance
merge 34/9744: (118, 101) -> 289 (b've') has 26426 occurance
merge 35/9744: (260, 111) -> 290 (b' po') has 26284 occurance
merge 36/9744: (109, 97) -> 291 (b'ma') has 26066 occurance
merge 37/9744: (103, 111) -> 292 (b'go') has 25752 occurance
merge 38/9744: (32, 256) -> 293 (b' je') has 25526 occurance
merge 39/9744: (100, 97) -> 294 (b'da') has 25175 occurance
merge 40/9744: (116, 101) -> 295 (b'te') has 24987 occurance
merge 41/9744: (197, 190) -> 296 (b'\xc5\xbe') has 24812 occurance
merge 42/9744: (257, 101) -> 297 (b' se') has 24438 occurance
merge 43/9744: (114, 111) -> 298 (b'ro') has 23627 occurance
merge 44/9744: (103, 97) -> 299 (b'ga') has 23285 occurance
merge 45/9744: (262, 97) -> 300 (b' da') has 23265 occurance
merge 46/9744: (258, 101) -> 301 (b' ne') has 22070 occurance
merge 47/9744: (110, 111) -> 302 (b'no') has 21752 occurance
merge 48/9744: (106, 117) -> 303 (b'ju') has 19909 occurance
merge 49/9744: (44, 10) -> 304 (b',\n') has 19725 occurance
merge 50/9744: (261, 101) -> 305 (b'\xc5\xa1e') has 19351 occurance
merge 51/9744: (110, 101) -> 306 (b'ne') has 19077 occurance
merge 52/9744: (100, 105) -> 307 (b'di') has 18183 occurance
merge 53/9744: (32, 265) -> 308 (b' ko') has 17652 occurance
merge 54/9744: (112, 111) -> 309 (b'po') has 17153 occurance
merge 55/9744: (271, 101) -> 310 (b'\xc4\x87e') has 16264 occurance
merge 56/9744: (286, 97) -> 311 (b' za') has 15538 occurance
merge 57/9744: (32, 275) -> 312 (b' ka') has 15322 occurance
merge 58/9744: (108, 111) -> 313 (b'lo') has 15283 occurance
merge 59/9744: (100, 101) -> 314 (b'de') has 15053 occurance
merge 60/9744: (32, 73) -> 315 (b' I') has 14794 occurance
merge 61/9744: (196, 145) -> 316 (b'\xc4\x91') has 14779 occurance
merge 62/9744: (262, 111) -> 317 (b' do') has 14414 occurance
merge 63/9744: (114, 117) -> 318 (b'ru') has 13880 occurance
merge 64/9744: (263, 100) -> 319 (b' od') has 13060 occurance
merge 65/9744: (108, 101) -> 320 (b'le') has 12994 occurance
merge 66/9744: (99, 97) -> 321 (b'ca') has 12810 occurance
merge 67/9744: (269, 101) -> 322 (b'\xc4\x8de') has 12800 occurance
merge 68/9744: (32, 107) -> 323 (b' k') has 12761 occurance
merge 69/9744: (269, 105) -> 324 (b'\xc4\x8di') has 12595 occurance
merge 70/9744: (226, 128) -> 325 (b'\xe2\x80') has 12501 occurance
merge 71/9744: (109, 101) -> 326 (b'me') has 11965 occurance
merge 72/9744: (32, 65) -> 327 (b' A') has 11951 occurance
merge 73/9744: (111, 115) -> 328 (b'os') has 11809 occurance
merge 74/9744: (32, 116) -> 329 (b' t') has 11708 occurance
merge 75/9744: (32, 74) -> 330 (b' J') has 11668 occurance
merge 76/9744: (10, 10) -> 331 (b'\n\n') has 11623 occurance
merge 77/9744: (109, 111) -> 332 (b'mo') has 11127 occurance
merge 78/9744: (32, 97) -> 333 (b' a') has 10581 occurance
merge 79/9744: (257, 97) -> 334 (b' sa') has 10511 occurance
merge 80/9744: (32, 71) -> 335 (b' G') has 10504 occurance
merge 81/9744: (284, 105) -> 336 (b' bi') has 10446 occurance
merge 82/9744: (110, 117) -> 337 (b'nu') has 10298 occurance
merge 83/9744: (32, 83) -> 338 (b' S') has 10124 occurance
merge 84/9744: (32, 103) -> 339 (b' g') has 10034 occurance
merge 85/9744: (108, 256) -> 340 (b'lje') has 9762 occurance
merge 86/9744: (257, 105) -> 341 (b' si') has 9722 occurance
merge 87/9744: (259, 122) -> 342 (b' iz') has 9477 occurance
merge 88/9744: (325, 148) -> 343 (b'\xe2\x80\x94') has 9154 occurance
merge 89/9744: (257, 268) -> 344 (b' svo') has 9131 occurance
merge 90/9744: (32, 78) -> 345 (b' N') has 8896 occurance
merge 91/9744: (115, 116) -> 346 (b'st') has 8881 occurance
merge 92/9744: (32, 77) -> 347 (b' M') has 8858 occurance
merge 93/9744: (32, 292) -> 348 (b' go') has 8832 occurance
merge 94/9744: (32, 261) -> 349 (b' \xc5\xa1') has 8821 occurance
merge 95/9744: (32, 32) -> 350 (b'  ') has 8819 occurance
merge 96/9744: (115, 276) -> 351 (b'sta') has 8644 occurance
merge 97/9744: (115, 97) -> 352 (b'sa') has 8601 occurance
merge 98/9744: (296, 101) -> 353 (b'\xc5\xbee') has 8560 occurance
merge 99/9744: (32, 267) -> 354 (b' ti') has 8268 occurance
merge 100/9744: (271, 105) -> 355 (b'\xc4\x87i') has 8266 occurance
merge 101/9744: (100, 111) -> 356 (b'do') has 8239 occurance
merge 102/9744: (274, 111) -> 357 (b' mo') has 8146 occurance
merge 103/9744: (328, 309) -> 358 (b'ospo') has 8101 occurance
merge 104/9744: (32, 75) -> 359 (b' K') has 8023 occurance
merge 105/9744: (32, 295) -> 360 (b' te') has 7953 occurance
merge 106/9744: (98, 105) -> 361 (b'bi') has 7875 occurance
merge 107/9744: (296, 105) -> 362 (b'\xc5\xbei') has 7791 occurance
merge 108/9744: (316, 101) -> 363 (b'\xc4\x91e') has 7615 occurance
merge 109/9744: (256, 109) -> 364 (b'jem') has 7567 occurance
merge 110/9744: (107, 117) -> 365 (b'ku') has 7559 occurance
merge 111/9744: (108, 117) -> 366 (b'lu') has 7503 occurance
merge 112/9744: (115, 105) -> 367 (b'si') has 7455 occurance
merge 113/9744: (258, 105) -> 368 (b' ni') has 7454 occurance
merge 114/9744: (32, 42) -> 369 (b' *') has 7417 occurance
merge 115/9744: (99, 105) -> 370 (b'ci') has 7238 occurance
merge 116/9744: (32, 273) -> 371 (b' vi') has 7222 occurance
merge 117/9744: (32, 118) -> 372 (b' v') has 7075 occurance
merge 118/9744: (32, 278) -> 373 (b' re') has 6868 occurance
merge 119/9744: (115, 101) -> 374 (b'se') has 6831 occurance
merge 120/9744: (32, 80) -> 375 (b' P') has 6828 occurance
merge 121/9744: (111, 106) -> 376 (b'oj') has 6818 occurance
merge 122/9744: (32, 84) -> 377 (b' T') has 6808 occurance
merge 123/9744: (115, 267) -> 378 (b'sti') has 6661 occurance
merge 124/9744: (32, 310) -> 379 (b' \xc4\x87e') has 6655 occurance
merge 125/9744: (107, 105) -> 380 (b'ki') has 6611 occurance
merge 126/9744: (277, 256) -> 381 (b'rije') has 6454 occurance
merge 127/9744: (107, 101) -> 382 (b'ke') has 6444 occurance
merge 128/9744: (274, 117) -> 383 (b' mu') has 6443 occurance
merge 129/9744: (108, 303) -> 384 (b'lju') has 6433 occurance
merge 130/9744: (32, 66) -> 385 (b' B') has 6424 occurance
merge 131/9744: (112, 97) -> 386 (b'pa') has 6423 occurance
merge 132/9744: (335, 358) -> 387 (b' Gospo') has 6363 occurance
merge 133/9744: (109, 105) -> 388 (b'mi') has 6360 occurance
merge 134/9744: (260, 97) -> 389 (b' pa') has 6306 occurance
merge 135/9744: (100, 117) -> 390 (b'du') has 6300 occurance
merge 136/9744: (257, 117) -> 391 (b' su') has 6248 occurance
merge 137/9744: (271, 117) -> 392 (b'\xc4\x87u') has 6201 occurance
merge 138/9744: (274, 105) -> 393 (b' mi') has 6187 occurance
merge 139/9744: (274, 101) -> 394 (b' me') has 6182 occurance
merge 140/9744: (260, 278) -> 395 (b' pre') has 6129 occurance
merge 141/9744: (32, 264) -> 396 (b' ra') has 6088 occurance
merge 142/9744: (110, 256) -> 397 (b'nje') has 5959 occurance
merge 143/9744: (261, 105) -> 398 (b'\xc5\xa1i') has 5941 occurance
merge 144/9744: (308, 288) -> 399 (b' koji') has 5905 occurance
merge 145/9744: (118, 117) -> 400 (b'vu') has 5787 occurance
merge 146/9744: (108, 283) -> 401 (b'lja') has 5721 occurance
merge 147/9744: (122, 97) -> 402 (b'za') has 5708 occurance
merge 148/9744: (32, 276) -> 403 (b' ta') has 5620 occurance
merge 149/9744: (98, 111) -> 404 (b'bo') has 5577 occurance
merge 150/9744: (257, 289) -> 405 (b' sve') has 5558 occurance
merge 151/9744: (32, 287) -> 406 (b' to') has 5545 occurance
merge 152/9744: (32, 270) -> 407 (b' va') has 5528 occurance
merge 153/9744: (349, 287) -> 408 (b' \xc5\xa1to') has 5527 occurance
merge 154/9744: (32, 321) -> 409 (b' ca') has 5327 occurance
merge 155/9744: (98, 97) -> 410 (b'ba') has 5320 occurance
merge 156/9744: (32, 269) -> 411 (b' \xc4\x8d') has 5236 occurance
merge 157/9744: (58, 10) -> 412 (b':\n') has 5174 occurance
merge 158/9744: (32, 299) -> 413 (b' ga') has 5142 occurance
merge 159/9744: (258, 256) -> 414 (b' nje') has 5138 occurance
merge 160/9744: (32, 343) -> 415 (b' \xe2\x80\x94') has 5132 occurance
merge 161/9744: (99, 101) -> 416 (b'ce') has 5119 occurance
merge 162/9744: (122, 105) -> 417 (b'zi') has 5103 occurance
merge 163/9744: (32, 104) -> 418 (b' h') has 4993 occurance
merge 164/9744: (32, 68) -> 419 (b' D') has 4934 occurance
merge 165/9744: (266, 10) -> 420 (b'.\n\n') has 4921 occurance
merge 166/9744: (65, 78) -> 421 (b'AN') has 4917 occurance
merge 167/9744: (32, 79) -> 422 (b' O') has 4906 occurance
merge 168/9744: (258, 288) -> 423 (b' nji') has 4879 occurance
merge 169/9744: (32, 289) -> 424 (b' ve') has 4812 occurance
merge 170/9744: (118, 256) -> 425 (b'vje') has 4797 occurance
merge 171/9744: (385, 111) -> 426 (b' Bo') has 4760 occurance
merge 172/9744: (273, 256) -> 427 (b'vije') has 4690 occurance
merge 173/9744: (59, 10) -> 428 (b';\n') has 4648 occurance
merge 174/9744: (330, 101) -> 429 (b' Je') has 4591 occurance
merge 175/9744: (260, 298) -> 430 (b' pro') has 4504 occurance
merge 176/9744: (73, 74) -> 431 (b'IJ') has 4499 occurance
merge 177/9744: (110, 283) -> 432 (b'nja') has 4460 occurance
merge 178/9744: (32, 279) -> 433 (b' li') has 4442 occurance
merge 179/9744: (268, 106) -> 434 (b'voj') has 4415 occurance
merge 180/9744: (98, 101) -> 435 (b'be') has 4392 occurance
merge 181/9744: (261, 97) -> 436 (b'\xc5\xa1a') has 4338 occurance
merge 182/9744: (115, 117) -> 437 (b'su') has 4324 occurance
merge 183/9744: (76, 79) -> 438 (b'LO') has 4244 occurance
merge 184/9744: (312, 100) -> 439 (b' kad') has 4233 occurance
merge 185/9744: (373, 322) -> 440 (b' re\xc4\x8de') has 4206 occurance
merge 186/9744: (32, 283) -> 441 (b' ja') has 4167 occurance
merge 187/9744: (112, 105) -> 442 (b'pi') has 4117 occurance
merge 188/9744: (387, 100) -> 443 (b' Gospod') has 4054 occurance
merge 189/9744: (84, 79) -> 444 (b'TO') has 4013 occurance
merge 190/9744: (268, 277) -> 445 (b'vori') has 3951 occurance
merge 191/9744: (274, 97) -> 446 (b' ma') has 3951 occurance
merge 192/9744: (431, 65) -> 447 (b'IJA') has 3896 occurance
merge 193/9744: (260, 277) -> 448 (b' pri') has 3882 occurance
merge 194/9744: (312, 111) -> 449 (b' kao') has 3878 occurance
merge 195/9744: (101, 109) -> 450 (b'em') has 3840 occurance
merge 196/9744: (115, 287) -> 451 (b'sto') has 3789 occurance
merge 197/9744: (104, 111) -> 452 (b'ho') has 3761 occurance
merge 198/9744: (438, 71) -> 453 (b'LOG') has 3695 occurance
merge 199/9744: (421, 444) -> 454 (b'ANTO') has 3691 occurance
merge 200/9744: (454, 453) -> 455 (b'ANTOLOG') has 3691 occurance
merge 201/9744: (455, 447) -> 456 (b'ANTOLOGIJA') has 3691 occurance
merge 202/9744: (324, 282) -> 457 (b'\xc4\x8dini') has 3654 occurance
merge 203/9744: (104, 117) -> 458 (b'hu') has 3621 occurance
merge 204/9744: (32, 10) -> 459 (b' \n') has 3561 occurance
merge 205/9744: (109, 117) -> 460 (b'mu') has 3543 occurance
merge 206/9744: (263, 110) -> 461 (b' on') has 3526 occurance
merge 207/9744: (103, 117) -> 462 (b'gu') has 3521 occurance
merge 208/9744: (100, 256) -> 463 (b'dje') has 3444 occurance
merge 209/9744: (32, 86) -> 464 (b' V') has 3422 occurance
merge 210/9744: (108, 288) -> 465 (b'lji') has 3366 occurance
merge 211/9744: (280, 298) -> 466 (b' naro') has 3366 occurance
merge 212/9744: (284, 111) -> 467 (b' bo') has 3339 occurance
merge 213/9744: (260, 117) -> 468 (b' pu') has 3326 occurance
merge 214/9744: (63, 10) -> 469 (b'?\n') has 3293 occurance
merge 215/9744: (325, 160) -> 470 (b'\xe2\x80\xa0') has 3289 occurance
merge 216/9744: (344, 256) -> 471 (b' svoje') has 3278 occurance
merge 217/9744: (110, 288) -> 472 (b'nji') has 3243 occurance
merge 218/9744: (257, 276) -> 473 (b' sta') has 3234 occurance
merge 219/9744: (271, 97) -> 474 (b'\xc4\x87a') has 3184 occurance
merge 220/9744: (414, 292) -> 475 (b' njego') has 3175 occurance
merge 221/9744: (32, 470) -> 476 (b' \xe2\x80\xa0') has 3091 occurance
merge 222/9744: (323, 117) -> 477 (b' ku') has 3069 occurance
merge 223/9744: (350, 32) -> 478 (b'   ') has 3054 occurance
merge 224/9744: (196, 134) -> 479 (b'\xc4\x86') has 3043 occurance
merge 225/9744: (32, 90) -> 480 (b' Z') has 3029 occurance
merge 226/9744: (257, 270) -> 481 (b' sva') has 3019 occurance
merge 227/9744: (296, 97) -> 482 (b'\xc5\xbea') has 2999 occurance
merge 228/9744: (197, 160) -> 483 (b'\xc5\xa0') has 2990 occurance
merge 229/9744: (116, 117) -> 484 (b'tu') has 2966 occurance
merge 230/9744: (122, 101) -> 485 (b'ze') has 2906 occurance
merge 231/9744: (115, 265) -> 486 (b'sko') has 2901 occurance
merge 232/9744: (73, 72) -> 487 (b'IH') has 2900 occurance
merge 233/9744: (32, 318) -> 488 (b' ru') has 2896 occurance
merge 234/9744: (286, 450) -> 489 (b' zem') has 2812 occurance
merge 235/9744: (122, 264) -> 490 (b'zra') has 2795 occurance
merge 236/9744: (78, 106) -> 491 (b'Nj') has 2776 occurance
merge 237/9744: (106, 111) -> 492 (b'jo') has 2750 occurance
merge 238/9744: (293, 114) -> 493 (b' jer') has 2733 occurance
merge 239/9744: (73, 479) -> 494 (b'I\xc4\x86') has 2730 occurance
merge 240/9744: (269, 97) -> 495 (b'\xc4\x8da') has 2713 occurance
merge 241/9744: (259, 104) -> 496 (b' ih') has 2691 occurance
merge 242/9744: (196, 140) -> 497 (b'\xc4\x8c') has 2687 occurance
merge 243/9744: (69, 86) -> 498 (b'EV') has 2659 occurance
merge 244/9744: (197, 189) -> 499 (b'\xc5\xbd') has 2650 occurance
merge 245/9744: (112, 101) -> 500 (b'pe') has 2645 occurance
merge 246/9744: (490, 105) -> 501 (b'zrai') has 2644 occurance
merge 247/9744: (257, 116) -> 502 (b' st') has 2632 occurance
merge 248/9744: (32, 384) -> 503 (b' lju') has 2632 occurance
merge 249/9744: (99, 117) -> 504 (b'cu') has 2618 occurance
merge 250/9744: (284, 101) -> 505 (b' be') has 2598 occurance
merge 251/9744: (262, 318) -> 506 (b' dru') has 2598 occurance
merge 252/9744: (491, 73) -> 507 (b'NjI') has 2595 occurance
merge 253/9744: (100, 302) -> 508 (b'dno') has 2588 occurance
merge 254/9744: (32, 362) -> 509 (b' \xc5\xbei') has 2584 occurance
merge 255/9744: (345, 101) -> 510 (b' Ne') has 2579 occurance
merge 256/9744: (32, 40) -> 511 (b' (') has 2577 occurance
merge 257/9744: (330, 97) -> 512 (b' Ja') has 2567 occurance
merge 258/9744: (419, 97) -> 513 (b' Da') has 2550 occurance
merge 259/9744: (334, 109) -> 514 (b' sam') has 2541 occurance
merge 260/9744: (97, 100) -> 515 (b'ad') has 2514 occurance
merge 261/9744: (409, 114) -> 516 (b' car') has 2513 occurance
merge 262/9744: (32, 268) -> 517 (b' vo') has 2507 occurance
merge 263/9744: (341, 302) -> 518 (b' sino') has 2470 occurance
merge 264/9744: (82, 79) -> 519 (b'RO') has 2464 occurance
merge 265/9744: (258, 111) -> 520 (b' no') has 2461 occurance
merge 266/9744: (115, 380) -> 521 (b'ski') has 2456 occurance
merge 267/9744: (103, 105) -> 522 (b'gi') has 2451 occurance
merge 268/9744: (339, 285) -> 523 (b' gla') has 2445 occurance
merge 269/9744: (294, 110) -> 524 (b'dan') has 2439 occurance
merge 270/9744: (290, 115) -> 525 (b' pos') has 2429 occurance
merge 271/9744: (260, 101) -> 526 (b' pe') has 2410 occurance
merge 272/9744: (257, 366) -> 527 (b' slu') has 2379 occurance
merge 273/9744: (316, 117) -> 528 (b'\xc4\x91u') has 2377 occurance
merge 274/9744: (32, 85) -> 529 (b' U') has 2372 occurance
merge 275/9744: (77, 376) -> 530 (b'Moj') has 2369 occurance
merge 276/9744: (97, 114) -> 531 (b'ar') has 2354 occurance
merge 277/9744: (33, 10) -> 532 (b'!\n') has 2338 occurance
merge 278/9744: (364, 117) -> 533 (b'jemu') has 2329 occurance
merge 279/9744: (32, 298) -> 534 (b' ro') has 2327 occurance
merge 280/9744: (106, 376) -> 535 (b'joj') has 2324 occurance
merge 281/9744: (316, 97) -> 536 (b'\xc4\x91a') has 2283 occurance
merge 282/9744: (264, 267) -> 537 (b'rati') has 2278 occurance
merge 283/9744: (262, 117) -> 538 (b' du') has 2277 occurance
merge 284/9744: (368, 256) -> 539 (b' nije') has 2250 occurance
merge 285/9744: (359, 507) -> 540 (b' KNjI') has 2245 occurance
merge 286/9744: (79, 83) -> 541 (b'OS') has 2242 occurance
merge 287/9744: (339, 264) -> 542 (b' gra') has 2241 occurance
merge 288/9744: (284, 117) -> 543 (b' bu') has 2230 occurance
merge 289/9744: (84, 73) -> 544 (b'TI') has 2224 occurance
merge 290/9744: (411, 117) -> 545 (b' \xc4\x8du') has 2215 occurance
merge 291/9744: (118, 114) -> 546 (b'vr') has 2213 occurance
merge 292/9744: (98, 117) -> 547 (b'bu') has 2194 occurance
merge 293/9744: (46, 530) -> 548 (b'.Moj') has 2193 occurance
merge 294/9744: (259, 109) -> 549 (b' im') has 2184 occurance
merge 295/9744: (259, 291) -> 550 (b' ima') has 2167 occurance
merge 296/9744: (112, 117) -> 551 (b'pu') has 2166 occurance
merge 297/9744: (284, 264) -> 552 (b' bra') has 2160 occurance
merge 298/9744: (315, 501) -> 553 (b' Izrai') has 2159 occurance
merge 299/9744: (284, 256) -> 554 (b' bje') has 2151 occurance
merge 300/9744: (301, 275) -> 555 (b' neka') has 2145 occurance
merge 301/9744: (424, 279) -> 556 (b' veli') has 2135 occurance
merge 302/9744: (262, 101) -> 557 (b' de') has 2127 occurance
merge 303/9744: (86, 79) -> 558 (b'VO') has 2110 occurance
merge 304/9744: (196, 144) -> 559 (b'\xc4\x90') has 2090 occurance
merge 305/9744: (329, 268) -> 560 (b' tvo') has 2069 occurance
merge 306/9744: (263, 351) -> 561 (b' osta') has 2065 occurance
merge 307/9744: (411, 111) -> 562 (b' \xc4\x8do') has 2062 occurance
merge 308/9744: (260, 264) -> 563 (b' pra') has 2056 occurance
merge 309/9744: (302, 109) -> 564 (b'nom') has 2052 occurance
merge 310/9744: (32, 69) -> 565 (b' E') has 2038 occurance
merge 311/9744: (115, 295) -> 566 (b'ste') has 2033 occurance
merge 312/9744: (104, 97) -> 567 (b'ha') has 2022 occurance
merge 313/9744: (286, 281) -> 568 (b' zna') has 2019 occurance
merge 314/9744: (32, 72) -> 569 (b' H') has 2017 occurance
merge 315/9744: (49, 48) -> 570 (b'10') has 2010 occurance
merge 316/9744: (103, 101) -> 571 (b'ge') has 2002 occurance
merge 317/9744: (273, 291) -> 572 (b'vima') has 1994 occurance
merge 318/9744: (32, 322) -> 573 (b' \xc4\x8de') has 1975 occurance
merge 319/9744: (329, 117) -> 574 (b' tu') has 1974 occurance
merge 320/9744: (32, 353) -> 575 (b' \xc5\xbee') has 1969 occurance
merge 321/9744: (83, 75) -> 576 (b'SK') has 1969 occurance
merge 322/9744: (345, 65) -> 577 (b' NA') has 1953 occurance
merge 323/9744: (395, 100) -> 578 (b' pred') has 1951 occurance
merge 324/9744: (377, 97) -> 579 (b' Ta') has 1944 occurance
merge 325/9744: (261, 295) -> 580 (b'\xc5\xa1te') has 1937 occurance
merge 326/9744: (261, 287) -> 581 (b'\xc5\xa1to') has 1935 occurance
merge 327/9744: (49, 49) -> 582 (b'11') has 1935 occurance
merge 328/9744: (282, 256) -> 583 (b'nije') has 1927 occurance
merge 329/9744: (396, 122) -> 584 (b' raz') has 1925 occurance
merge 330/9744: (498, 78) -> 585 (b'EVN') has 1915 occurance
merge 331/9744: (49, 50) -> 586 (b'12') has 1905 occurance
merge 332/9744: (68, 78) -> 587 (b'DN') has 1904 occurance
merge 333/9744: (301, 292) -> 588 (b' nego') has 1887 occurance
merge 334/9744: (519, 587) -> 589 (b'RODN') has 1862 occurance
merge 335/9744: (576, 69) -> 590 (b'SKE') has 1862 occurance
merge 336/9744: (32, 392) -> 591 (b' \xc4\x87u') has 1861 occurance
merge 337/9744: (118, 398) -> 592 (b'v\xc5\xa1i') has 1860 occurance
merge 338/9744: (273, 364) -> 593 (b'vijem') has 1858 occurance
merge 339/9744: (577, 589) -> 594 (b' NARODN') has 1856 occurance
merge 340/9744: (541, 544) -> 595 (b'OSTI') has 1855 occurance
merge 341/9744: (82, 80) -> 596 (b'RP') has 1854 occurance
merge 342/9744: (288, 109) -> 597 (b'jim') has 1851 occurance
merge 343/9744: (429, 114) -> 598 (b' Jer') has 1851 occurance
merge 344/9744: (594, 487) -> 599 (b' NARODNIH') has 1850 occurance
merge 345/9744: (540, 499) -> 600 (b' KNjI\xc5\xbd') has 1849 occurance
merge 346/9744: (600, 585) -> 601 (b' KNjI\xc5\xbdEVN') has 1849 occurance
merge 347/9744: (601, 595) -> 602 (b' KNjI\xc5\xbdEVNOSTI') has 1849 occurance
merge 348/9744: (65, 86) -> 603 (b'AV') has 1846 occurance
merge 349/9744: (596, 590) -> 604 (b'RPSKE') has 1846 occurance
merge 350/9744: (49, 52) -> 605 (b'14') has 1845 occurance
merge 351/9744: (338, 604) -> 606 (b' SRPSKE') has 1840 occurance
merge 352/9744: (114, 116) -> 607 (b'rt') has 1831 occurance
merge 353/9744: (49, 51) -> 608 (b'13') has 1829 occurance
merge 354/9744: (108, 106) -> 609 (b'lj') has 1817 occurance
merge 355/9744: (260, 105) -> 610 (b' pi') has 1811 occurance
merge 356/9744: (308, 256) -> 611 (b' koje') has 1804 occurance
merge 357/9744: (115, 111) -> 612 (b'so') has 1790 occurance
merge 358/9744: (423, 452) -> 613 (b' njiho') has 1789 occurance
merge 359/9744: (480, 97) -> 614 (b' Za') has 1780 occurance
merge 360/9744: (115, 309) -> 615 (b'spo') has 1778 occurance
merge 361/9744: (403, 265) -> 616 (b' tako') has 1774 occurance
merge 362/9744: (32, 559) -> 617 (b' \xc4\x90') has 1750 occurance
merge 363/9744: (263, 281) -> 618 (b' ona') has 1747 occurance
merge 364/9744: (107, 320) -> 619 (b'kle') has 1745 occurance
merge 365/9744: (268, 278) -> 620 (b'vore') has 1744 occurance
merge 366/9744: (32, 82) -> 621 (b' R') has 1741 occurance
merge 367/9744: (49, 53) -> 622 (b'15') has 1737 occurance
merge 368/9744: (372, 256) -> 623 (b' vje') has 1726 occurance
merge 369/9744: (71, 358) -> 624 (b'Gospo') has 1714 occurance
merge 370/9744: (32, 483) -> 625 (b' \xc5\xa0') has 1713 occurance
merge 371/9744: (270, 267) -> 626 (b'vati') has 1713 occurance
merge 372/9744: (98, 298) -> 627 (b'bro') has 1703 occurance
merge 373/9744: (49, 54) -> 628 (b'16') has 1694 occurance
merge 374/9744: (263, 98) -> 629 (b' ob') has 1693 occurance
merge 375/9744: (32, 303) -> 630 (b' ju') has 1684 occurance
merge 376/9744: (374, 116) -> 631 (b'set') has 1684 occurance
merge 377/9744: (112, 278) -> 632 (b'pre') has 1672 occurance
merge 378/9744: (257, 287) -> 633 (b' sto') has 1667 occurance
merge 379/9744: (279, 256) -> 634 (b'lije') has 1666 occurance
merge 380/9744: (347, 105) -> 635 (b' Mi') has 1664 occurance
merge 381/9744: (122, 281) -> 636 (b'zna') has 1658 occurance
merge 382/9744: (32, 434) -> 637 (b' voj') has 1655 occurance
merge 383/9744: (348, 445) -> 638 (b' govori') has 1654 occurance
merge 384/9744: (74, 101) -> 639 (b'Je') has 1653 occurance
merge 385/9744: (427, 104) -> 640 (b'vijeh') has 1648 occurance
merge 386/9744: (32, 76) -> 641 (b' L') has 1648 occurance
merge 387/9744: (78, 65) -> 642 (b'NA') has 1646 occurance
merge 388/9744: (329, 277) -> 643 (b' tri') has 1640 occurance
merge 389/9744: (312, 265) -> 644 (b' kako') has 1638 occurance
merge 390/9744: (261, 276) -> 645 (b'\xc5\xa1ta') has 1630 occurance
merge 391/9744: (426, 103) -> 646 (b' Bog') has 1618 occurance
merge 392/9744: (49, 56) -> 647 (b'18') has 1614 occurance
merge 393/9744: (77, 65) -> 648 (b'MA') has 1605 occurance
merge 394/9744: (262, 105) -> 649 (b' di') has 1601 occurance
merge 395/9744: (115, 275) -> 650 (b'ska') has 1590 occurance
merge 396/9744: (320, 294) -> 651 (b'leda') has 1580 occurance
merge 397/9744: (274, 256) -> 652 (b' mje') has 1575 occurance
merge 398/9744: (336, 267) -> 653 (b' biti') has 1575 occurance
merge 399/9744: (32, 285) -> 654 (b' la') has 1566 occurance
merge 400/9744: (554, 305) -> 655 (b' bje\xc5\xa1e') has 1563 occurance
merge 401/9744: (317, 363) -> 656 (b' do\xc4\x91e') has 1563 occurance
merge 402/9744: (272, 122) -> 657 (b' uz') has 1547 occurance
merge 403/9744: (359, 111) -> 658 (b' Ko') has 1542 occurance
merge 404/9744: (338, 97) -> 659 (b' Sa') has 1534 occurance
merge 405/9744: (263, 282) -> 660 (b' oni') has 1532 occurance
merge 406/9744: (272, 457) -> 661 (b' u\xc4\x8dini') has 1527 occurance
merge 407/9744: (49, 55) -> 662 (b'17') has 1526 occurance
merge 408/9744: (280, 115) -> 663 (b' nas') has 1512 occurance
merge 409/9744: (502, 264) -> 664 (b' stra') has 1509 occurance
merge 410/9744: (336, 283) -> 665 (b' bija') has 1508 occurance
merge 411/9744: (115, 382) -> 666 (b'ske') has 1506 occurance
merge 412/9744: (263, 116) -> 667 (b' ot') has 1499 occurance
merge 413/9744: (338, 105) -> 668 (b' Si') has 1498 occurance
merge 414/9744: (112, 264) -> 669 (b'pra') has 1494 occurance
merge 415/9744: (284, 97) -> 670 (b' ba') has 1494 occurance
merge 416/9744: (74, 73) -> 671 (b'JI') has 1486 occurance
merge 417/9744: (262, 270) -> 672 (b' dva') has 1482 occurance
merge 418/9744: (562, 425) -> 673 (b' \xc4\x8dovje') has 1467 occurance
merge 419/9744: (265, 109) -> 674 (b'kom') has 1466 occurance
merge 420/9744: (466, 100) -> 675 (b' narod') has 1466 occurance
merge 421/9744: (85, 82) -> 676 (b'UR') has 1465 occurance
merge 422/9744: (323, 264) -> 677 (b' kra') has 1460 occurance
merge 423/9744: (32, 45) -> 678 (b' -') has 1450 occurance
merge 424/9744: (330, 111) -> 679 (b' Jo') has 1447 occurance
merge 425/9744: (301, 310) -> 680 (b' ne\xc4\x87e') has 1443 occurance
merge 426/9744: (110, 303) -> 681 (b'nju') has 1437 occurance
merge 427/9744: (300, 281) -> 682 (b' dana') has 1427 occurance
merge 428/9744: (83, 76) -> 683 (b'SL') has 1427 occurance
merge 429/9744: (257, 273) -> 684 (b' svi') has 1424 occurance
merge 430/9744: (617, 676) -> 685 (b' \xc4\x90UR') has 1424 occurance
merge 431/9744: (346, 268) -> 686 (b'stvo') has 1421 occurance
merge 432/9744: (558, 671) -> 687 (b'VOJI') has 1421 occurance
merge 433/9744: (333, 279) -> 688 (b' ali') has 1420 occurance
merge 434/9744: (687, 683) -> 689 (b'VOJISL') has 1419 occurance
merge 435/9744: (689, 603) -> 690 (b'VOJISLAV') has 1419 occurance
merge 436/9744: (685, 494) -> 691 (b' \xc4\x90URI\xc4\x86') has 1419 occurance
merge 437/9744: (553, 340) -> 692 (b' Izrailje') has 1411 occurance
merge 438/9744: (282, 370) -> 693 (b'nici') has 1406 occurance
merge 439/9744: (49, 57) -> 694 (b'19') has 1402 occurance
merge 440/9744: (111, 100) -> 695 (b'od') has 1387 occurance
merge 441/9744: (98, 264) -> 696 (b'bra') has 1378 occurance
merge 442/9744: (32, 381) -> 697 (b' rije') has 1370 occurance
merge 443/9744: (314, 631) -> 698 (b'deset') has 1370 occurance
merge 444/9744: (263, 268) -> 699 (b' ovo') has 1366 occurance
merge 445/9744: (260, 285) -> 700 (b' pla') has 1358 occurance
merge 446/9744: (50, 48) -> 701 (b'20') has 1351 occurance
merge 447/9744: (471, 299) -> 702 (b' svojega') has 1345 occurance
merge 448/9744: (375, 111) -> 703 (b' Po') has 1344 occurance
merge 449/9744: (257, 114) -> 704 (b' sr') has 1344 occurance
merge 450/9744: (290, 100) -> 705 (b' pod') has 1341 occurance
merge 451/9744: (32, 324) -> 706 (b' \xc4\x8di') has 1335 occurance
merge 452/9744: (106, 295) -> 707 (b'jte') has 1328 occurance
merge 453/9744: (359, 97) -> 708 (b' Ka') has 1320 occurance
merge 454/9744: (323, 114) -> 709 (b' kr') has 1307 occurance
merge 455/9744: (407, 115) -> 710 (b' vas') has 1305 occurance
merge 456/9744: (356, 109) -> 711 (b'dom') has 1296 occurance
merge 457/9744: (122, 111) -> 712 (b'zo') has 1291 occurance
merge 458/9744: (83, 65) -> 713 (b'SA') has 1291 occurance
merge 459/9744: (103, 264) -> 714 (b'gra') has 1287 occurance
merge 460/9744: (350, 350) -> 715 (b'    ') has 1285 occurance
merge 461/9744: (280, 100) -> 716 (b' nad') has 1284 occurance
merge 462/9744: (372, 264) -> 717 (b' vra') has 1279 occurance
merge 463/9744: (377, 117) -> 718 (b' Tu') has 1273 occurance
merge 464/9744: (50, 49) -> 719 (b'21') has 1272 occurance
merge 465/9744: (263, 302) -> 720 (b' ono') has 1268 occurance
merge 466/9744: (348, 307) -> 721 (b' godi') has 1266 occurance
merge 467/9744: (122, 117) -> 722 (b'zu') has 1265 occurance
merge 468/9744: (292, 445) -> 723 (b'govori') has 1241 occurance
merge 469/9744: (346, 117) -> 724 (b'stu') has 1232 occurance
merge 470/9744: (32, 101) -> 725 (b' e') has 1231 occurance
merge 471/9744: (262, 114) -> 726 (b' dr') has 1230 occurance
merge 472/9744: (50, 50) -> 727 (b'22') has 1229 occurance
merge 473/9744: (329, 264) -> 728 (b' tra') has 1229 occurance
merge 474/9744: (293, 100) -> 729 (b' jed') has 1229 occurance
merge 475/9744: (32, 99) -> 730 (b' c') has 1227 occurance
merge 476/9744: (316, 111) -> 731 (b'\xc4\x91o') has 1222 occurance
merge 477/9744: (256, 299) -> 732 (b'jega') has 1221 occurance
merge 478/9744: (349, 276) -> 733 (b' \xc5\xa1ta') has 1221 occurance
merge 479/9744: (259, 279) -> 734 (b' ili') has 1220 occurance
merge 480/9744: (293, 508) -> 735 (b' jedno') has 1218 occurance
merge 481/9744: (418, 97) -> 736 (b' ha') has 1218 occurance
merge 482/9744: (82, 73) -> 737 (b'RI') has 1217 occurance
merge 483/9744: (330, 117) -> 738 (b' Ju') has 1213 occurance
merge 484/9744: (287, 109) -> 739 (b'tom') has 1211 occurance
merge 485/9744: (285, 292) -> 740 (b'lago') has 1211 occurance
merge 486/9744: (348, 620) -> 741 (b' govore') has 1211 occurance
merge 487/9744: (263, 270) -> 742 (b' ova') has 1211 occurance
merge 488/9744: (263, 267) -> 743 (b' oti') has 1206 occurance
merge 489/9744: (282, 107) -> 744 (b'nik') has 1202 occurance
merge 490/9744: (269, 117) -> 745 (b'\xc4\x8du') has 1201 occurance
merge 491/9744: (118, 401) -> 746 (b'vlja') has 1197 occurance
merge 492/9744: (259, 326) -> 747 (b' ime') has 1197 occurance
merge 493/9744: (112, 277) -> 748 (b'pri') has 1193 occurance
merge 494/9744: (257, 285) -> 749 (b' sla') has 1191 occurance
merge 495/9744: (348, 615) -> 750 (b' gospo') has 1189 occurance
merge 496/9744: (347, 97) -> 751 (b' Ma') has 1183 occurance
merge 497/9744: (263, 265) -> 752 (b' oko') has 1177 occurance
merge 498/9744: (327, 279) -> 753 (b' Ali') has 1169 occurance
merge 499/9744: (311, 309) -> 754 (b' zapo') has 1165 occurance
merge 500/9744: (50, 51) -> 755 (b'23') has 1157 occurance
merge 501/9744: (256, 292) -> 756 (b'jego') has 1151 occurance
merge 502/9744: (75, 65) -> 757 (b'KA') has 1151 occurance
merge 503/9744: (50, 52) -> 758 (b'24') has 1147 occurance
merge 504/9744: (407, 109) -> 759 (b' vam') has 1147 occurance
merge 505/9744: (333, 265) -> 760 (b' ako') has 1147 occurance
merge 506/9744: (345, 97) -> 761 (b' Na') has 1144 occurance
merge 507/9744: (371, 307) -> 762 (b' vidi') has 1144 occurance
merge 508/9744: (543, 314) -> 763 (b' bude') has 1136 occurance
merge 509/9744: (280, 106) -> 764 (b' naj') has 1136 occurance
merge 510/9744: (341, 110) -> 765 (b' sin') has 1135 occurance
merge 511/9744: (115, 365) -> 766 (b'sku') has 1132 occurance
merge 512/9744: (261, 117) -> 767 (b'\xc5\xa1u') has 1126 occurance
merge 513/9744: (624, 100) -> 768 (b'Gospod') has 1123 occurance
merge 514/9744: (274, 302) -> 769 (b' mno') has 1114 occurance
merge 515/9744: (260, 114) -> 770 (b' pr') has 1113 occurance
merge 516/9744: (257, 256) -> 771 (b' sje') has 1113 occurance
merge 517/9744: (112, 298) -> 772 (b'pro') has 1113 occurance
merge 518/9744: (335, 97) -> 773 (b' Ga') has 1112 occurance
merge 519/9744: (286, 285) -> 774 (b' zla') has 1111 occurance
merge 520/9744: (347, 111) -> 775 (b' Mo') has 1108 occurance
merge 521/9744: (262, 256) -> 776 (b' dje') has 1103 occurance
merge 522/9744: (32, 34) -> 777 (b' "') has 1103 occurance
merge 523/9744: (500, 116) -> 778 (b'pet') has 1095 occurance
merge 524/9744: (505, 122) -> 779 (b' bez') has 1090 occurance
merge 525/9744: (115, 279) -> 780 (b'sli') has 1090 occurance
merge 526/9744: (293, 524) -> 781 (b' jedan') has 1090 occurance
merge 527/9744: (409, 278) -> 782 (b' care') has 1086 occurance
merge 528/9744: (492, 109) -> 783 (b'jom') has 1085 occurance
merge 529/9744: (347, 101) -> 784 (b' Me') has 1082 occurance
merge 530/9744: (357, 353) -> 785 (b' mo\xc5\xbee') has 1082 occurance
merge 531/9744: (301, 291) -> 786 (b' nema') has 1080 occurance
merge 532/9744: (116, 264) -> 787 (b'tra') has 1078 occurance
merge 533/9744: (103, 285) -> 788 (b'gla') has 1076 occurance
merge 534/9744: (492, 261) -> 789 (b'jo\xc5\xa1') has 1072 occurance
merge 535/9744: (32, 320) -> 790 (b' le') has 1071 occurance
merge 536/9744: (257, 278) -> 791 (b' sre') has 1071 occurance
merge 537/9744: (102, 97) -> 792 (b'fa') has 1070 occurance
merge 538/9744: (315, 437) -> 793 (b' Isu') has 1064 occurance
merge 539/9744: (418, 111) -> 794 (b' ho') has 1061 occurance
merge 540/9744: (335, 76) -> 795 (b' GL') has 1054 occurance
merge 541/9744: (263, 324) -> 796 (b' o\xc4\x8di') has 1053 occurance
merge 542/9744: (359, 515) -> 797 (b' Kad') has 1050 occurance
merge 543/9744: (503, 307) -> 798 (b' ljudi') has 1047 occurance
merge 544/9744: (630, 281) -> 799 (b' juna') has 1045 occurance
merge 545/9744: (347, 376) -> 800 (b' Moj') has 1044 occurance
merge 546/9744: (375, 69) -> 801 (b' PE') has 1043 occurance
merge 547/9744: (326, 281) -> 802 (b'mena') has 1042 occurance
merge 548/9744: (270, 110) -> 803 (b'van') has 1034 occurance
merge 549/9744: (32, 296) -> 804 (b' \xc5\xbe') has 1030 occurance
merge 550/9744: (330, 85) -> 805 (b' JU') has 1030 occurance
merge 551/9744: (414, 299) -> 806 (b' njega') has 1029 occurance
merge 552/9744: (423, 291) -> 807 (b' njima') has 1029 occurance
merge 553/9744: (272, 351) -> 808 (b' usta') has 1028 occurance
merge 554/9744: (642, 497) -> 809 (b'NA\xc4\x8c') has 1024 occurance
merge 555/9744: (303, 355) -> 810 (b'ju\xc4\x87i') has 1019 occurance
merge 556/9744: (50, 53) -> 811 (b'25') has 1017 occurance
merge 557/9744: (741, 355) -> 812 (b' govore\xc4\x87i') has 1016 occurance
merge 558/9744: (809, 75) -> 813 (b'NA\xc4\x8cK') has 1016 occurance
merge 559/9744: (813, 487) -> 814 (b'NA\xc4\x8cKIH') has 1011 occurance
merge 560/9744: (801, 713) -> 815 (b' PESA') has 1011 occurance
merge 561/9744: (815, 648) -> 816 (b' PESAMA') has 1011 occurance
merge 562/9744: (805, 814) -> 817 (b' JUNA\xc4\x8cKIH') has 1008 occurance
merge 563/9744: (259, 314) -> 818 (b' ide') has 1003 occurance
merge 564/9744: (32, 67) -> 819 (b' C') has 1003 occurance
merge 565/9744: (356, 305) -> 820 (b'do\xc5\xa1e') has 1002 occurance
merge 566/9744: (371, 305) -> 821 (b' vi\xc5\xa1e') has 993 occurance
merge 567/9744: (341, 281) -> 822 (b' sina') has 992 occurance
merge 568/9744: (513, 273) -> 823 (b' Davi') has 989 occurance
merge 569/9744: (300, 110) -> 824 (b' dan') has 988 occurance
merge 570/9744: (423, 104) -> 825 (b' njih') has 980 occurance
merge 571/9744: (344, 303) -> 826 (b' svoju') has 979 occurance
merge 572/9744: (345, 756) -> 827 (b' Njego') has 979 occurance
merge 573/9744: (32, 789) -> 828 (b' jo\xc5\xa1') has 978 occurance
merge 574/9744: (422, 110) -> 829 (b' On') has 978 occurance
merge 575/9744: (71, 65) -> 830 (b'GA') has 977 occurance
merge 576/9744: (50, 54) -> 831 (b'26') has 976 occurance
merge 577/9744: (115, 332) -> 832 (b'smo') has 975 occurance
merge 578/9744: (288, 104) -> 833 (b'jih') has 975 occurance
merge 579/9744: (32, 457) -> 834 (b' \xc4\x8dini') has 972 occurance
merge 580/9744: (259, 115) -> 835 (b' is') has 970 occurance
merge 581/9744: (115, 289) -> 836 (b'sve') has 967 occurance
merge 582/9744: (329, 114) -> 837 (b' tr') has 967 occurance
merge 583/9744: (329, 278) -> 838 (b' tre') has 965 occurance
merge 584/9744: (489, 465) -> 839 (b' zemlji') has 964 occurance
merge 585/9744: (100, 264) -> 840 (b'dra') has 960 occurance
merge 586/9744: (583, 104) -> 841 (b'nijeh') has 959 occurance
merge 587/9744: (718, 114) -> 842 (b' Tur') has 952 occurance
merge 588/9744: (344, 597) -> 843 (b' svojim') has 950 occurance
merge 589/9744: (286, 101) -> 844 (b' ze') has 949 occurance
merge 590/9744: (730, 114) -> 845 (b' cr') has 946 occurance
merge 591/9744: (294, 109) -> 846 (b'dam') has 942 occurance
merge 592/9744: (275, 111) -> 847 (b'kao') has 942 occurance
merge 593/9744: (579, 294) -> 848 (b' Tada') has 941 occurance
merge 594/9744: (32, 535) -> 849 (b' joj') has 940 occurance
merge 595/9744: (79, 86) -> 850 (b'OV') has 935 occurance
merge 596/9744: (272, 485) -> 851 (b' uze') has 935 occurance
merge 597/9744: (371, 463) -> 852 (b' vidje') has 933 occurance
merge 598/9744: (347, 531) -> 853 (b' Mar') has 931 occurance
merge 599/9744: (370, 291) -> 854 (b'cima') has 930 occurance
merge 600/9744: (506, 292) -> 855 (b' drugo') has 921 occurance
merge 601/9744: (104, 105) -> 856 (b'hi') has 920 occurance
merge 602/9744: (308, 100) -> 857 (b' kod') has 917 occurance
merge 603/9744: (279, 265) -> 858 (b'liko') has 915 occurance
merge 604/9744: (282, 275) -> 859 (b'nika') has 912 occurance
merge 605/9744: (316, 105) -> 860 (b'\xc4\x91i') has 907 occurance
merge 606/9744: (268, 109) -> 861 (b'vom') has 907 occurance
merge 607/9744: (328, 105) -> 862 (b'osi') has 906 occurance
merge 608/9744: (404, 109) -> 863 (b'bom') has 901 occurance
merge 609/9744: (394, 528) -> 864 (b' me\xc4\x91u') has 893 occurance
merge 610/9744: (290, 107) -> 865 (b' pok') has 892 occurance
merge 611/9744: (298, 109) -> 866 (b'rom') has 892 occurance
merge 612/9744: (357, 106) -> 867 (b' moj') has 890 occurance
merge 613/9744: (258, 533) -> 868 (b' njemu') has 886 occurance
merge 614/9744: (394, 306) -> 869 (b' mene') has 883 occurance
merge 615/9744: (372, 114) -> 870 (b' vr') has 879 occurance
merge 616/9744: (290, 351) -> 871 (b' posta') has 879 occurance
merge 617/9744: (426, 299) -> 872 (b' Boga') has 878 occurance
merge 618/9744: (32, 363) -> 873 (b' \xc4\x91e') has 877 occurance
merge 619/9744: (103, 651) -> 874 (b'gleda') has 876 occurance
merge 620/9744: (307, 111) -> 875 (b'dio') has 876 occurance
merge 621/9744: (317, 627) -> 876 (b' dobro') has 875 occurance
merge 622/9744: (308, 283) -> 877 (b' koja') has 875 occurance
merge 623/9744: (318, 352) -> 878 (b'rusa') has 875 occurance
merge 624/9744: (509, 268) -> 879 (b' \xc5\xbeivo') has 874 occurance
merge 625/9744: (109, 256) -> 880 (b'mje') has 874 occurance
merge 626/9744: (405, 580) -> 881 (b' sve\xc5\xa1te') has 873 occurance
merge 627/9744: (257, 111) -> 882 (b' so') has 868 occurance
merge 628/9744: (731, 305) -> 883 (b'\xc4\x91o\xc5\xa1e') has 867 occurance
merge 629/9744: (678, 331) -> 884 (b' -\n\n') has 862 occurance
merge 630/9744: (518, 273) -> 885 (b' sinovi') has 861 occurance
merge 631/9744: (115, 268) -> 886 (b'svo') has 860 occurance
merge 632/9744: (50, 55) -> 887 (b'27') has 857 occurance
merge 633/9744: (372, 537) -> 888 (b' vrati') has 852 occurance
merge 634/9744: (375, 97) -> 889 (b' Pa') has 851 occurance
merge 635/9744: (263, 778) -> 890 (b' opet') has 847 occurance
merge 636/9744: (260, 381) -> 891 (b' prije') has 847 occurance
merge 637/9744: (878, 279) -> 892 (b'rusali') has 842 occurance
merge 638/9744: (270, 264) -> 893 (b'vara') has 841 occurance
merge 639/9744: (68, 97) -> 894 (b'Da') has 841 occurance
merge 640/9744: (285, 417) -> 895 (b'lazi') has 840 occurance
merge 641/9744: (270, 277) -> 896 (b'vari') has 834 occurance
merge 642/9744: (525, 285) -> 897 (b' posla') has 830 occurance
merge 643/9744: (275, 100) -> 898 (b'kad') has 828 occurance
merge 644/9744: (41, 10) -> 899 (b')\n') has 822 occurance
merge 645/9744: (344, 106) -> 900 (b' svoj') has 821 occurance
merge 646/9744: (360, 435) -> 901 (b' tebe') has 819 occurance
merge 647/9744: (488, 382) -> 902 (b' ruke') has 818 occurance
merge 648/9744: (367, 256) -> 903 (b'sije') has 814 occurance
merge 649/9744: (50, 56) -> 904 (b'28') has 813 occurance
merge 650/9744: (352, 109) -> 905 (b'sam') has 812 occurance
merge 651/9744: (334, 332) -> 906 (b' samo') has 808 occurance
merge 652/9744: (339, 463) -> 907 (b' gdje') has 808 occurance
merge 653/9744: (489, 384) -> 908 (b' zemlju') has 806 occurance
merge 654/9744: (283, 295) -> 909 (b'jate') has 803 occurance
merge 655/9744: (83, 97) -> 910 (b'Sa') has 800 occurance
merge 656/9744: (284, 740) -> 911 (b' blago') has 799 occurance
merge 657/9744: (411, 97) -> 912 (b' \xc4\x8da') has 794 occurance
merge 658/9744: (307, 295) -> 913 (b'dite') has 791 occurance
merge 659/9744: (342, 105) -> 914 (b' izi') has 786 occurance
merge 660/9744: (278, 100) -> 915 (b'red') has 779 occurance
merge 661/9744: (387, 294) -> 916 (b' Gospoda') has 779 occurance
merge 662/9744: (377, 105) -> 917 (b' Ti') has 779 occurance
merge 663/9744: (312, 353) -> 918 (b' ka\xc5\xbee') has 779 occurance
merge 664/9744: (114, 256) -> 919 (b'rje') has 777 occurance
merge 665/9744: (377, 111) -> 920 (b' To') has 773 occurance
merge 666/9744: (50, 57) -> 921 (b'29') has 772 occurance
merge 667/9744: (336, 111) -> 922 (b' bio') has 772 occurance
merge 668/9744: (464, 97) -> 923 (b' Va') has 771 occurance
merge 669/9744: (464, 105) -> 924 (b' Vi') has 768 occurance
merge 670/9744: (347, 117) -> 925 (b' Mu') has 765 occurance
merge 671/9744: (32, 497) -> 926 (b' \xc4\x8c') has 763 occurance
merge 672/9744: (256, 104) -> 927 (b'jeh') has 763 occurance
merge 673/9744: (345, 105) -> 928 (b' Ni') has 761 occurance
merge 674/9744: (105, 122) -> 929 (b'iz') has 760 occurance
merge 675/9744: (286, 313) -> 930 (b' zlo') has 756 occurance
merge 676/9744: (77, 97) -> 931 (b'Ma') has 755 occurance
merge 677/9744: (518, 270) -> 932 (b' sinova') has 752 occurance
merge 678/9744: (270, 279) -> 933 (b'vali') has 751 occurance
merge 679/9744: (118, 340) -> 934 (b'vlje') has 750 occurance
merge 680/9744: (265, 299) -> 935 (b'koga') has 748 occurance
merge 681/9744: (100, 282) -> 936 (b'dni') has 747 occurance
merge 682/9744: (373, 265) -> 937 (b' reko') has 746 occurance
merge 683/9744: (426, 362) -> 938 (b' Bo\xc5\xbei') has 745 occurance
merge 684/9744: (326, 528) -> 939 (b'me\xc4\x91u') has 745 occurance
merge 685/9744: (263, 118) -> 940 (b' ov') has 744 occurance
merge 686/9744: (111, 110) -> 941 (b'on') has 740 occurance
merge 687/9744: (273, 267) -> 942 (b'viti') has 737 occurance
merge 688/9744: (319, 723) -> 943 (b' odgovori') has 737 occurance
merge 689/9744: (75, 515) -> 944 (b'Kad') has 737 occurance
merge 690/9744: (34, 10) -> 945 (b'"\n') has 737 occurance
merge 691/9744: (327, 265) -> 946 (b' Ako') has 735 occurance
merge 692/9744: (257, 427) -> 947 (b' svije') has 733 occurance
merge 693/9744: (357, 283) -> 948 (b' moja') has 732 occurance
merge 694/9744: (665, 305) -> 949 (b' bija\xc5\xa1e') has 732 occurance
merge 695/9744: (265, 288) -> 950 (b'koji') has 728 occurance
merge 696/9744: (461, 294) -> 951 (b' onda') has 726 occurance
merge 697/9744: (256, 313) -> 952 (b'jelo') has 724 occurance
merge 698/9744: (111, 109) -> 953 (b'om') has 724 occurance
merge 699/9744: (110, 106) -> 954 (b'nj') has 723 occurance
merge 700/9744: (367, 114) -> 955 (b'sir') has 713 occurance
merge 701/9744: (312, 402) -> 956 (b' kaza') has 712 occurance
merge 702/9744: (115, 313) -> 957 (b'slo') has 711 occurance
merge 703/9744: (697, 324) -> 958 (b' rije\xc4\x8di') has 711 occurance
merge 704/9744: (257, 295) -> 959 (b' ste') has 710 occurance
merge 705/9744: (307, 267) -> 960 (b'diti') has 709 occurance
merge 706/9744: (377, 268) -> 961 (b' Tvo') has 709 occurance
merge 707/9744: (377, 101) -> 962 (b' Te') has 708 occurance
merge 708/9744: (272, 109) -> 963 (b' um') has 707 occurance
merge 709/9744: (338, 101) -> 964 (b' Se') has 707 occurance
merge 710/9744: (273, 271) -> 965 (b'vi\xc4\x87') has 703 occurance
merge 711/9744: (302, 299) -> 966 (b'noga') has 703 occurance
merge 712/9744: (468, 378) -> 967 (b' pusti') has 701 occurance
merge 713/9744: (118, 264) -> 968 (b'vra') has 700 occurance
merge 714/9744: (261, 116) -> 969 (b'\xc5\xa1t') has 697 occurance
merge 715/9744: (116, 337) -> 970 (b'tnu') has 695 occurance
merge 716/9744: (290, 636) -> 971 (b' pozna') has 693 occurance
merge 717/9744: (409, 264) -> 972 (b' cara') has 691 occurance
merge 718/9744: (290, 307) -> 973 (b' podi') has 689 occurance
merge 719/9744: (387, 390) -> 974 (b' Gospodu') has 687 occurance
merge 720/9744: (257, 386) -> 975 (b' spa') has 685 occurance
merge 721/9744: (272, 294) -> 976 (b' uda') has 684 occurance
merge 722/9744: (506, 522) -> 977 (b' drugi') has 681 occurance
merge 723/9744: (342, 97) -> 978 (b' iza') has 678 occurance
merge 724/9744: (750, 294) -> 979 (b' gospoda') has 677 occurance
merge 725/9744: (368, 645) -> 980 (b' ni\xc5\xa1ta') has 677 occurance
merge 726/9744: (34, 266) -> 981 (b'".\n') has 675 occurance
merge 727/9744: (665, 458) -> 982 (b' bijahu') has 673 occurance
merge 728/9744: (423, 109) -> 983 (b' njim') has 673 occurance
merge 729/9744: (464, 101) -> 984 (b' Ve') has 669 occurance
merge 730/9744: (323, 277) -> 985 (b' kri') has 668 occurance
merge 731/9744: (51, 48) -> 986 (b'30') has 668 occurance
merge 732/9744: (357, 256) -> 987 (b' moje') has 668 occurance
merge 733/9744: (298, 270) -> 988 (b'rova') has 668 occurance
merge 734/9744: (262, 268) -> 989 (b' dvo') has 667 occurance
merge 735/9744: (323, 306) -> 990 (b' kne') has 665 occurance
merge 736/9744: (291, 104) -> 991 (b'mah') has 663 occurance
merge 737/9744: (282, 321) -> 992 (b'nica') has 663 occurance
merge 738/9744: (436, 111) -> 993 (b'\xc5\xa1ao') has 662 occurance
merge 739/9744: (306, 374) -> 994 (b'nese') has 662 occurance
merge 740/9744: (379, 261) -> 995 (b' \xc4\x87e\xc5\xa1') has 660 occurance
merge 741/9744: (329, 434) -> 996 (b' tvoj') has 660 occurance
merge 742/9744: (114, 302) -> 997 (b'rno') has 660 occurance
merge 743/9744: (256, 270) -> 998 (b'jeva') has 659 occurance
merge 744/9744: (290, 332) -> 999 (b' pomo') has 659 occurance
merge 745/9744: (349, 97) -> 1000 (b' \xc5\xa1a') has 657 occurance
merge 746/9744: (486, 109) -> 1001 (b'skom') has 656 occurance
merge 747/9744: (302, 270) -> 1002 (b'nova') has 656 occurance
merge 748/9744: (32, 305) -> 1003 (b' \xc5\xa1e') has 655 occurance
merge 749/9744: (272, 361) -> 1004 (b' ubi') has 654 occurance
merge 750/9744: (274, 285) -> 1005 (b' mla') has 654 occurance
merge 751/9744: (334, 100) -> 1006 (b' sad') has 653 occurance
merge 752/9744: (263, 276) -> 1007 (b' ota') has 652 occurance
merge 753/9744: (475, 270) -> 1008 (b' njegova') has 649 occurance
merge 754/9744: (280, 109) -> 1009 (b' nam') has 648 occurance
merge 755/9744: (290, 116) -> 1010 (b' pot') has 648 occurance
merge 756/9744: (66, 111) -> 1011 (b'Bo') has 647 occurance
merge 757/9744: (323, 472) -> 1012 (b' knji') has 645 occurance
merge 758/9744: (419, 111) -> 1013 (b' Do') has 645 occurance
merge 759/9744: (260, 320) -> 1014 (b' ple') has 645 occurance
merge 760/9744: (407, 291) -> 1015 (b' vama') has 641 occurance
merge 761/9744: (311, 265) -> 1016 (b' zako') has 641 occurance
merge 762/9744: (488, 365) -> 1017 (b' ruku') has 640 occurance
merge 763/9744: (51, 49) -> 1018 (b'31') has 639 occurance
merge 764/9744: (372, 285) -> 1019 (b' vla') has 638 occurance
merge 765/9744: (32, 366) -> 1020 (b' lu') has 637 occurance
merge 766/9744: (372, 278) -> 1021 (b' vre') has 635 occurance
merge 767/9744: (614, 287) -> 1022 (b' Zato') has 635 occurance
merge 768/9744: (280, 305) -> 1023 (b' na\xc5\xa1e') has 634 occurance
merge 769/9744: (346, 270) -> 1024 (b'stva') has 632 occurance
merge 770/9744: (313, 109) -> 1025 (b'lom') has 632 occurance
merge 771/9744: (310, 261) -> 1026 (b'\xc4\x87e\xc5\xa1') has 630 occurance
merge 772/9744: (339, 381) -> 1027 (b' grije') has 629 occurance
merge 773/9744: (282, 416) -> 1028 (b'nice') has 627 occurance
merge 774/9744: (743, 314) -> 1029 (b' otide') has 626 occurance
merge 775/9744: (74, 97) -> 1030 (b'Ja') has 626 occurance
merge 776/9744: (717, 276) -> 1031 (b' vrata') has 626 occurance
merge 777/9744: (281, 101) -> 1032 (b'nae') has 625 occurance
merge 778/9744: (804, 607) -> 1033 (b' \xc5\xbert') has 625 occurance
merge 779/9744: (78, 101) -> 1034 (b'Ne') has 624 occurance
merge 780/9744: (280, 457) -> 1035 (b' na\xc4\x8dini') has 623 occurance
merge 781/9744: (256, 285) -> 1036 (b'jela') has 621 occurance
merge 782/9744: (406, 299) -> 1037 (b' toga') has 621 occurance
merge 783/9744: (297, 846) -> 1038 (b' sedam') has 620 occurance
merge 784/9744: (673, 107) -> 1039 (b' \xc4\x8dovjek') has 619 occurance
merge 785/9744: (289, 314) -> 1040 (b'vede') has 619 occurance
merge 786/9744: (32, 70) -> 1041 (b' F') has 617 occurance
merge 787/9744: (110, 364) -> 1042 (b'njem') has 617 occurance
merge 788/9744: (269, 380) -> 1043 (b'\xc4\x8dki') has 613 occurance
merge 789/9744: (286, 404) -> 1044 (b' zbo') has 612 occurance
merge 790/9744: (42, 639) -> 1045 (b'*Je') has 612 occurance
merge 791/9744: (339, 651) -> 1046 (b' gleda') has 612 occurance
merge 792/9744: (107, 277) -> 1047 (b'kri') has 609 occurance
merge 793/9744: (338, 289) -> 1048 (b' Sve') has 608 occurance
merge 794/9744: (481, 380) -> 1049 (b' svaki') has 607 occurance
merge 795/9744: (32, 102) -> 1050 (b' f') has 606 occurance
merge 796/9744: (409, 318) -> 1051 (b' caru') has 605 occurance
merge 797/9744: (560, 256) -> 1052 (b' tvoje') has 604 occurance
merge 798/9744: (335, 111) -> 1053 (b' Go') has 604 occurance
merge 799/9744: (442, 276) -> 1054 (b'pita') has 604 occurance
merge 800/9744: (105, 279) -> 1055 (b'ili') has 603 occurance
merge 801/9744: (429, 892) -> 1056 (b' Jerusali') has 603 occurance
merge 802/9744: (466, 294) -> 1057 (b' naroda') has 600 occurance
merge 803/9744: (715, 715) -> 1058 (b'        ') has 600 occurance
merge 804/9744: (489, 340) -> 1059 (b' zemlje') has 599 occurance
merge 805/9744: (115, 256) -> 1060 (b'sje') has 598 occurance
merge 806/9744: (78, 97) -> 1061 (b'Na') has 597 occurance
merge 807/9744: (621, 97) -> 1062 (b' Ra') has 597 occurance
merge 808/9744: (300, 314) -> 1063 (b' dade') has 597 occurance
merge 809/9744: (46, 79) -> 1064 (b'.O') has 597 occurance
merge 810/9744: (368, 267) -> 1065 (b' niti') has 594 occurance
merge 811/9744: (348, 100) -> 1066 (b' god') has 593 occurance
merge 812/9744: (304, 10) -> 1067 (b',\n\n') has 593 occurance
merge 813/9744: (282, 109) -> 1068 (b'nim') has 593 occurance
merge 814/9744: (308, 303) -> 1069 (b' koju') has 590 occurance
merge 815/9744: (296, 117) -> 1070 (b'\xc5\xbeu') has 589 occurance
merge 816/9744: (334, 118) -> 1071 (b' sav') has 586 occurance
merge 817/9744: (273, 305) -> 1072 (b'vi\xc5\xa1e') has 586 occurance
merge 818/9744: (336, 313) -> 1073 (b' bilo') has 583 occurance
merge 819/9744: (74, 111) -> 1074 (b'Jo') has 581 occurance
merge 820/9744: (721, 281) -> 1075 (b' godina') has 580 occurance
merge 821/9744: (107, 114) -> 1076 (b'kr') has 578 occurance
merge 822/9744: (292, 109) -> 1077 (b'gom') has 577 occurance
merge 823/9744: (261, 267) -> 1078 (b'\xc5\xa1ti') has 577 occurance
merge 824/9744: (284, 114) -> 1079 (b' br') has 575 occurance
merge 825/9744: (100, 306) -> 1080 (b'dne') has 575 occurance
merge 826/9744: (393, 313) -> 1081 (b' milo') has 574 occurance
merge 827/9744: (32, 331) -> 1082 (b' \n\n') has 573 occurance
merge 828/9744: (754, 425) -> 1083 (b' zapovje') has 573 occurance
merge 829/9744: (282, 504) -> 1084 (b'nicu') has 570 occurance
merge 830/9744: (257, 267) -> 1085 (b' sti') has 570 occurance
merge 831/9744: (108, 276) -> 1086 (b'lta') has 569 occurance
merge 832/9744: (277, 283) -> 1087 (b'rija') has 567 occurance
merge 833/9744: (51, 50) -> 1088 (b'32') has 566 occurance
merge 834/9744: (352, 108) -> 1089 (b'sal') has 565 occurance
merge 835/9744: (446, 313) -> 1090 (b' malo') has 564 occurance
merge 836/9744: (793, 115) -> 1091 (b' Isus') has 564 occurance
merge 837/9744: (534, 307) -> 1092 (b' rodi') has 562 occurance
merge 838/9744: (721, 306) -> 1093 (b' godine') has 562 occurance
merge 839/9744: (80, 111) -> 1094 (b'Po') has 561 occurance
merge 840/9744: (396, 307) -> 1095 (b' radi') has 560 occurance
merge 841/9744: (312, 326) -> 1096 (b' kame') has 559 occurance
merge 842/9744: (446, 106) -> 1097 (b' maj') has 559 occurance
merge 843/9744: (300, 619) -> 1098 (b' dakle') has 555 occurance
merge 844/9744: (395, 265) -> 1099 (b' preko') has 555 occurance
merge 845/9744: (526, 115) -> 1100 (b' pes') has 555 occurance
merge 846/9744: (282, 364) -> 1101 (b'nijem') has 554 occurance
merge 847/9744: (342, 939) -> 1102 (b' izme\xc4\x91u') has 553 occurance
merge 848/9744: (430, 298) -> 1103 (b' proro') has 552 occurance
merge 849/9744: (257, 332) -> 1104 (b' smo') has 552 occurance
merge 850/9744: (262, 264) -> 1105 (b' dra') has 549 occurance
merge 851/9744: (618, 106) -> 1106 (b' onaj') has 546 occurance
merge 852/9744: (257, 109) -> 1107 (b' sm') has 546 occurance
merge 853/9744: (317, 109) -> 1108 (b' dom') has 545 occurance
merge 854/9744: (115, 285) -> 1109 (b'sla') has 544 occurance
merge 855/9744: (273, 111) -> 1110 (b'vio') has 543 occurance
merge 856/9744: (625, 276) -> 1111 (b' \xc5\xa0ta') has 542 occurance
merge 857/9744: (51, 52) -> 1112 (b'34') has 539 occurance
merge 858/9744: (748, 909) -> 1113 (b'prijate') has 539 occurance
merge 859/9744: (579, 265) -> 1114 (b' Tako') has 539 occurance
merge 860/9744: (317, 291) -> 1115 (b' doma') has 538 occurance
merge 861/9744: (73, 437) -> 1116 (b'Isu') has 536 occurance
merge 862/9744: (426, 462) -> 1117 (b' Bogu') has 535 occurance
merge 863/9744: (308, 432) -> 1118 (b' konja') has 535 occurance
merge 864/9744: (68, 65) -> 1119 (b'DA') has 534 occurance
merge 865/9744: (853, 265) -> 1120 (b' Marko') has 533 occurance
merge 866/9744: (51, 51) -> 1121 (b'33') has 531 occurance
merge 867/9744: (98, 256) -> 1122 (b'bje') has 530 occurance
merge 868/9744: (424, 271) -> 1123 (b' ve\xc4\x87') has 530 occurance
merge 869/9744: (569, 277) -> 1124 (b' Hri') has 530 occurance
merge 870/9744: (97, 265) -> 1125 (b'ako') has 529 occurance
merge 871/9744: (100, 328) -> 1126 (b'dos') has 528 occurance
merge 872/9744: (481, 265) -> 1127 (b' svako') has 527 occurance
merge 873/9744: (357, 279) -> 1128 (b' moli') has 525 occurance
merge 874/9744: (486, 106) -> 1129 (b'skoj') has 524 occurance
merge 875/9744: (306, 118) -> 1130 (b'nev') has 523 occurance
merge 876/9744: (259, 451) -> 1131 (b' isto') has 523 occurance
merge 877/9744: (290, 275) -> 1132 (b' poka') has 522 occurance
merge 878/9744: (738, 307) -> 1133 (b' Judi') has 522 occurance
merge 879/9744: (394, 282) -> 1134 (b' meni') has 519 occurance
merge 880/9744: (769, 292) -> 1135 (b' mnogo') has 519 occurance
merge 881/9744: (117, 275) -> 1136 (b'uka') has 517 occurance
merge 882/9744: (270, 111) -> 1137 (b'vao') has 516 occurance
merge 883/9744: (263, 103) -> 1138 (b' og') has 515 occurance
merge 884/9744: (298, 307) -> 1139 (b'rodi') has 511 occurance
merge 885/9744: (270, 265) -> 1140 (b'vako') has 511 occurance
merge 886/9744: (297, 361) -> 1141 (b' sebi') has 510 occurance
merge 887/9744: (422, 100) -> 1142 (b' Od') has 510 occurance
merge 888/9744: (462, 361) -> 1143 (b'gubi') has 510 occurance
merge 889/9744: (475, 289) -> 1144 (b' njegove') has 510 occurance
merge 890/9744: (526, 116) -> 1145 (b' pet') has 509 occurance
merge 891/9744: (32, 313) -> 1146 (b' lo') has 509 occurance
merge 892/9744: (105, 109) -> 1147 (b'im') has 508 occurance
merge 893/9744: (290, 522) -> 1148 (b' pogi') has 507 occurance
merge 894/9744: (46, 68) -> 1149 (b'.D') has 507 occurance
merge 895/9744: (729, 281) -> 1150 (b' jedna') has 506 occurance
merge 896/9744: (297, 435) -> 1151 (b' sebe') has 505 occurance
merge 897/9744: (937, 305) -> 1152 (b' reko\xc5\xa1e') has 505 occurance
merge 898/9744: (323, 298) -> 1153 (b' kro') has 504 occurance
merge 899/9744: (403, 106) -> 1154 (b' taj') has 503 occurance
merge 900/9744: (381, 326) -> 1155 (b'rijeme') has 503 occurance
merge 901/9744: (704, 416) -> 1156 (b' srce') has 503 occurance
merge 902/9744: (317, 107) -> 1157 (b' dok') has 503 occurance
merge 903/9744: (486, 299) -> 1158 (b'skoga') has 502 occurance
merge 904/9744: (259, 378) -> 1159 (b' isti') has 502 occurance
merge 905/9744: (32, 482) -> 1160 (b' \xc5\xbea') has 502 occurance
merge 906/9744: (346, 264) -> 1161 (b'stra') has 500 occurance
merge 907/9744: (282, 283) -> 1162 (b'nija') has 499 occurance
merge 908/9744: (697, 269) -> 1163 (b' rije\xc4\x8d') has 498 occurance
merge 909/9744: (910, 109) -> 1164 (b'Sam') has 497 occurance
merge 910/9744: (344, 535) -> 1165 (b' svojoj') has 497 occurance
merge 911/9744: (286, 105) -> 1166 (b' zi') has 495 occurance
merge 912/9744: (257, 425) -> 1167 (b' svje') has 494 occurance
merge 913/9744: (395, 291) -> 1168 (b' prema') has 494 occurance
merge 914/9744: (302, 273) -> 1169 (b'novi') has 494 occurance
merge 915/9744: (275, 118) -> 1170 (b'kav') has 494 occurance
merge 916/9744: (261, 265) -> 1171 (b'\xc5\xa1ko') has 493 occurance
merge 917/9744: (709, 118) -> 1172 (b' krv') has 492 occurance
merge 918/9744: (67, 65) -> 1173 (b'CA') has 492 occurance
merge 919/9744: (311, 287) -> 1174 (b' zato') has 491 occurance
merge 920/9744: (339, 298) -> 1175 (b' gro') has 491 occurance
merge 921/9744: (433, 256) -> 1176 (b' lije') has 490 occurance
merge 922/9744: (542, 100) -> 1177 (b' grad') has 490 occurance
merge 923/9744: (107, 270) -> 1178 (b'kva') has 489 occurance
merge 924/9744: (279, 283) -> 1179 (b'lija') has 489 occurance
merge 925/9744: (118, 302) -> 1180 (b'vno') has 489 occurance
merge 926/9744: (263, 306) -> 1181 (b' one') has 488 occurance
merge 927/9744: (105, 313) -> 1182 (b'ilo') has 487 occurance
merge 928/9744: (348, 268) -> 1183 (b' govo') has 487 occurance
merge 929/9744: (46, 1164) -> 1184 (b'.Sam') has 487 occurance
merge 930/9744: (356, 270) -> 1185 (b'dova') has 487 occurance
merge 931/9744: (282, 267) -> 1186 (b'niti') has 486 occurance
merge 932/9744: (107, 313) -> 1187 (b'klo') has 485 occurance
merge 933/9744: (467, 299) -> 1188 (b' boga') has 485 occurance
merge 934/9744: (419, 117) -> 1189 (b' Du') has 484 occurance
merge 935/9744: (461, 463) -> 1190 (b' ondje') has 484 occurance
merge 936/9744: (344, 533) -> 1191 (b' svojemu') has 483 occurance
merge 937/9744: (517, 314) -> 1192 (b' vode') has 482 occurance
merge 938/9744: (339, 117) -> 1193 (b' gu') has 482 occurance
merge 939/9744: (272, 116) -> 1194 (b' ut') has 481 occurance
merge 940/9744: (625, 287) -> 1195 (b' \xc5\xa0to') has 480 occurance
merge 941/9744: (122, 450) -> 1196 (b'zem') has 479 occurance
merge 942/9744: (575, 281) -> 1197 (b' \xc5\xbeena') has 479 occurance
merge 943/9744: (269, 302) -> 1198 (b'\xc4\x8dno') has 479 occurance
merge 944/9744: (84, 558) -> 1199 (b'TVO') has 479 occurance
merge 945/9744: (475, 118) -> 1200 (b' njegov') has 478 occurance
merge 946/9744: (375, 101) -> 1201 (b' Pe') has 478 occurance
merge 947/9744: (77, 79) -> 1202 (b'MO') has 476 occurance
merge 948/9744: (477, 355) -> 1203 (b' ku\xc4\x87i') has 476 occurance
merge 949/9744: (354, 437) -> 1204 (b' tisu') has 476 occurance
merge 950/9744: (73, 501) -> 1205 (b'Izrai') has 476 occurance
merge 951/9744: (323, 310) -> 1206 (b' k\xc4\x87e') has 475 occurance
merge 952/9744: (73, 352) -> 1207 (b'Isa') has 474 occurance
merge 953/9744: (338, 111) -> 1208 (b' So') has 473 occurance
merge 954/9744: (282, 104) -> 1209 (b'nih') has 473 occurance
merge 955/9744: (754, 427) -> 1210 (b' zapovije') has 472 occurance
merge 956/9744: (257, 313) -> 1211 (b' slo') has 472 occurance
merge 957/9744: (122, 270) -> 1212 (b'zva') has 471 occurance
merge 958/9744: (273, 109) -> 1213 (b'vim') has 471 occurance
merge 959/9744: (283, 305) -> 1214 (b'ja\xc5\xa1e') has 470 occurance
merge 960/9744: (1149, 1130) -> 1215 (b'.Dnev') has 469 occurance
merge 961/9744: (294, 281) -> 1216 (b'dana') has 468 occurance
merge 962/9744: (115, 302) -> 1217 (b'sno') has 468 occurance
merge 963/9744: (360, 361) -> 1218 (b' tebi') has 467 occurance
merge 964/9744: (46, 46) -> 1219 (b'..') has 467 occurance
merge 965/9744: (332, 106) -> 1220 (b'moj') has 466 occurance
merge 966/9744: (116, 278) -> 1221 (b'tre') has 465 occurance
merge 967/9744: (682, 115) -> 1222 (b' danas') has 464 occurance
merge 968/9744: (652, 451) -> 1223 (b' mjesto') has 462 occurance
merge 969/9744: (263, 321) -> 1224 (b' oca') has 462 occurance
merge 970/9744: (414, 417) -> 1225 (b' njezi') has 462 occurance
merge 971/9744: (632, 100) -> 1226 (b'pred') has 461 occurance
merge 972/9744: (395, 294) -> 1227 (b' preda') has 461 occurance
merge 973/9744: (258, 862) -> 1228 (b' nosi') has 460 occurance
merge 974/9744: (302, 367) -> 1229 (b'nosi') has 459 occurance
merge 975/9744: (397, 299) -> 1230 (b'njega') has 459 occurance
merge 976/9744: (387, 314) -> 1231 (b' Gospode') has 459 occurance
merge 977/9744: (850, 69) -> 1232 (b'OVE') has 457 occurance
merge 978/9744: (569, 97) -> 1233 (b' Ha') has 456 occurance
merge 979/9744: (388, 256) -> 1234 (b'mije') has 455 occurance
merge 980/9744: (112, 381) -> 1235 (b'prije') has 455 occurance
merge 981/9744: (357, 462) -> 1236 (b' mogu') has 455 occurance
merge 982/9744: (107, 285) -> 1237 (b'kla') has 455 occurance
merge 983/9744: (256, 279) -> 1238 (b'jeli') has 453 occurance
merge 984/9744: (256, 114) -> 1239 (b'jer') has 453 occurance
merge 985/9744: (372, 1155) -> 1240 (b' vrijeme') has 452 occurance
merge 986/9744: (468, 116) -> 1241 (b' put') has 451 occurance
merge 987/9744: (366, 436) -> 1242 (b'lu\xc5\xa1a') has 451 occurance
merge 988/9744: (110, 416) -> 1243 (b'nce') has 451 occurance
merge 989/9744: (565, 268) -> 1244 (b' Evo') has 450 occurance
merge 990/9744: (393, 780) -> 1245 (b' misli') has 449 occurance
merge 991/9744: (443, 472) -> 1246 (b' Gospodnji') has 449 occurance
merge 992/9744: (466, 390) -> 1247 (b' narodu') has 449 occurance
merge 993/9744: (838, 410) -> 1248 (b' treba') has 449 occurance
merge 994/9744: (264, 332) -> 1249 (b'ramo') has 448 occurance
merge 995/9744: (257, 309) -> 1250 (b' spo') has 448 occurance
merge 996/9744: (75, 111) -> 1251 (b'Ko') has 448 occurance
merge 997/9744: (104, 626) -> 1252 (b'hvati') has 448 occurance
merge 998/9744: (342, 410) -> 1253 (b' izba') has 448 occurance
merge 999/9744: (112, 285) -> 1254 (b'pla') has 446 occurance
merge 1000/9744: (368, 265) -> 1255 (b' niko') has 445 occurance
merge 1001/9744: (282, 382) -> 1256 (b'nike') has 445 occurance
merge 1002/9744: (107, 289) -> 1257 (b'kve') has 445 occurance
merge 1003/9744: (344, 833) -> 1258 (b' svojih') has 443 occurance
merge 1004/9744: (1032, 346) -> 1259 (b'naest') has 443 occurance
merge 1005/9744: (737, 642) -> 1260 (b'RINA') has 443 occurance
merge 1006/9744: (551, 378) -> 1261 (b'pusti') has 442 occurance
merge 1007/9744: (365, 442) -> 1262 (b'kupi') has 442 occurance
merge 1008/9744: (329, 318) -> 1263 (b' tru') has 441 occurance
merge 1009/9744: (574, 114) -> 1264 (b' tur') has 441 occurance
merge 1010/9744: (76, 69) -> 1265 (b'LE') has 441 occurance
merge 1011/9744: (736, 465) -> 1266 (b' halji') has 440 occurance
merge 1012/9744: (100, 298) -> 1267 (b'dro') has 440 occurance
merge 1013/9744: (51, 54) -> 1268 (b'36') has 437 occurance
merge 1014/9744: (311, 425) -> 1269 (b' zavje') has 437 occurance
merge 1015/9744: (633, 267) -> 1270 (b' stoti') has 436 occurance
merge 1016/9744: (328, 276) -> 1271 (b'osta') has 436 occurance
merge 1017/9744: (340, 100) -> 1272 (b'ljed') has 436 occurance
merge 1018/9744: (518, 572) -> 1273 (b' sinovima') has 435 occurance
merge 1019/9744: (371, 302) -> 1274 (b' vino') has 435 occurance
merge 1020/9744: (107, 264) -> 1275 (b'kra') has 435 occurance
merge 1021/9744: (345, 111) -> 1276 (b' No') has 434 occurance
merge 1022/9744: (931, 116) -> 1277 (b'Mat') has 434 occurance
merge 1023/9744: (610, 276) -> 1278 (b' pita') has 434 occurance
merge 1024/9744: (100, 281) -> 1279 (b'dna') has 433 occurance
merge 1025/9744: (357, 299) -> 1280 (b' moga') has 433 occurance
merge 1026/9744: (301, 435) -> 1281 (b' nebe') has 432 occurance
merge 1027/9744: (32, 792) -> 1282 (b' fa') has 431 occurance
merge 1028/9744: (339, 114) -> 1283 (b' gr') has 431 occurance
merge 1029/9744: (637, 268) -> 1284 (b' vojvo') has 431 occurance
merge 1030/9744: (286, 111) -> 1285 (b' zo') has 430 occurance
merge 1031/9744: (336, 104) -> 1286 (b' bih') has 430 occurance
merge 1032/9744: (348, 278) -> 1287 (b' gore') has 430 occurance
merge 1033/9744: (301, 1113) -> 1288 (b' neprijate') has 429 occurance
merge 1034/9744: (563, 118) -> 1289 (b' prav') has 429 occurance
merge 1035/9744: (290, 322) -> 1290 (b' po\xc4\x8de') has 428 occurance
merge 1036/9744: (356, 289) -> 1291 (b'dove') has 428 occurance
merge 1037/9744: (375, 737) -> 1292 (b' PRI') has 428 occurance
merge 1038/9744: (103, 337) -> 1293 (b'gnu') has 426 occurance
merge 1039/9744: (467, 103) -> 1294 (b' bog') has 426 occurance
merge 1040/9744: (349, 105) -> 1295 (b' \xc5\xa1i') has 425 occurance
merge 1041/9744: (110, 265) -> 1296 (b'nko') has 425 occurance
merge 1042/9744: (1202, 1199) -> 1297 (b'MOTVO') has 424 occurance
merge 1043/9744: (1297, 1260) -> 1298 (b'MOTVORINA') has 424 occurance
merge 1044/9744: (527, 299) -> 1299 (b' sluga') has 423 occurance
merge 1045/9744: (523, 400) -> 1300 (b' glavu') has 423 occurance
merge 1046/9744: (438, 86) -> 1301 (b'LOV') has 422 occurance
merge 1047/9744: (282, 111) -> 1302 (b'nio') has 421 occurance
merge 1048/9744: (115, 278) -> 1303 (b'sre') has 421 occurance
merge 1049/9744: (529, 1298) -> 1304 (b' UMOTVORINA') has 421 occurance
merge 1050/9744: (110, 363) -> 1305 (b'n\xc4\x91e') has 420 occurance
merge 1051/9744: (313, 273) -> 1306 (b'lovi') has 420 occurance
merge 1052/9744: (341, 298) -> 1307 (b' siro') has 420 occurance
merge 1053/9744: (334, 98) -> 1308 (b' sab') has 420 occurance
merge 1054/9744: (319, 991) -> 1309 (b' odmah') has 419 occurance
merge 1055/9744: (80, 1089) -> 1310 (b'Psal') has 418 occurance
merge 1056/9744: (357, 264) -> 1311 (b' mora') has 418 occurance
merge 1057/9744: (512, 265) -> 1312 (b' Jako') has 418 occurance
merge 1058/9744: (418, 264) -> 1313 (b' hra') has 417 occurance
merge 1059/9744: (292, 893) -> 1314 (b'govara') has 417 occurance
merge 1060/9744: (80, 82) -> 1315 (b'PR') has 416 occurance
merge 1061/9744: (584, 117) -> 1316 (b' razu') has 416 occurance
merge 1062/9744: (280, 291) -> 1317 (b' nama') has 416 occurance
merge 1063/9744: (823, 100) -> 1318 (b' David') has 416 occurance
merge 1064/9744: (80, 1232) -> 1319 (b'POVE') has 416 occurance
merge 1065/9744: (1319, 1119) -> 1320 (b'POVEDA') has 416 occurance
merge 1066/9744: (1320, 757) -> 1321 (b'POVEDAKA') has 416 occurance
merge 1067/9744: (291, 110) -> 1322 (b'man') has 415 occurance
merge 1068/9744: (1292, 1321) -> 1323 (b' PRIPOVEDAKA') has 413 occurance
merge 1069/9744: (51, 53) -> 1324 (b'35') has 412 occurance
merge 1070/9744: (261, 310) -> 1325 (b'\xc5\xa1\xc4\x87e') has 412 occurance
merge 1071/9744: (307, 283) -> 1326 (b'dija') has 410 occurance
merge 1072/9744: (523, 115) -> 1327 (b' glas') has 410 occurance
merge 1073/9744: (257, 593) -> 1328 (b' svijem') has 408 occurance
merge 1074/9744: (1116, 115) -> 1329 (b'Isus') has 408 occurance
merge 1075/9744: (728, 362) -> 1330 (b' tra\xc5\xbei') has 408 occurance
merge 1076/9744: (33, 945) -> 1331 (b'!"\n') has 408 occurance
merge 1077/9744: (114, 416) -> 1332 (b'rce') has 407 occurance
merge 1078/9744: (637, 650) -> 1333 (b' vojska') has 406 occurance
merge 1079/9744: (641, 101) -> 1334 (b' Le') has 406 occurance
merge 1080/9744: (641, 97) -> 1335 (b' La') has 404 occurance
merge 1081/9744: (270, 305) -> 1336 (b'va\xc5\xa1e') has 404 occurance
merge 1082/9744: (282, 291) -> 1337 (b'nima') has 403 occurance
merge 1083/9744: (82, 65) -> 1338 (b'RA') has 402 occurance
merge 1084/9744: (870, 313) -> 1339 (b' vrlo') has 402 occurance
merge 1085/9744: (275, 265) -> 1340 (b'kako') has 401 occurance
merge 1086/9744: (290, 361) -> 1341 (b' pobi') has 401 occurance
merge 1087/9744: (116, 114) -> 1342 (b'tr') has 401 occurance
merge 1088/9744: (279, 291) -> 1343 (b'lima') has 401 occurance
merge 1089/9744: (267, 118) -> 1344 (b'tiv') has 400 occurance
merge 1090/9744: (104, 101) -> 1345 (b'he') has 399 occurance
merge 1091/9744: (521, 109) -> 1346 (b'skim') has 399 occurance
merge 1092/9744: (317, 355) -> 1347 (b' do\xc4\x87i') has 399 occurance
merge 1093/9744: (693, 291) -> 1348 (b'nicima') has 399 occurance
merge 1094/9744: (90, 97) -> 1349 (b'Za') has 398 occurance
merge 1095/9744: (116, 318) -> 1350 (b'tru') has 397 occurance
merge 1096/9744: (264, 99) -> 1351 (b'rac') has 397 occurance
merge 1097/9744: (442, 352) -> 1352 (b'pisa') has 396 occurance
merge 1098/9744: (527, 571) -> 1353 (b' sluge') has 396 occurance
merge 1099/9744: (540, 830) -> 1354 (b' KNjIGA') has 394 occurance
merge 1100/9744: (336, 310) -> 1355 (b' bi\xc4\x87e') has 394 occurance
merge 1101/9744: (273, 104) -> 1356 (b'vih') has 394 occurance
merge 1102/9744: (424, 374) -> 1357 (b' vese') has 394 occurance
merge 1103/9744: (402, 265) -> 1358 (b'zako') has 393 occurance
merge 1104/9744: (273, 313) -> 1359 (b'vilo') has 393 occurance
merge 1105/9744: (97, 108) -> 1360 (b'al') has 393 occurance
merge 1106/9744: (122, 294) -> 1361 (b'zda') has 393 occurance
merge 1107/9744: (800, 903) -> 1362 (b' Mojsije') has 392 occurance
merge 1108/9744: (118, 537) -> 1363 (b'vrati') has 391 occurance
merge 1109/9744: (273, 295) -> 1364 (b'vite') has 391 occurance
merge 1110/9744: (527, 436) -> 1365 (b' slu\xc5\xa1a') has 390 occurance
merge 1111/9744: (308, 299) -> 1366 (b' koga') has 390 occurance
merge 1112/9744: (673, 275) -> 1367 (b' \xc4\x8dovjeka') has 389 occurance
merge 1113/9744: (621, 101) -> 1368 (b' Re') has 389 occurance
merge 1114/9744: (415, 10) -> 1369 (b' \xe2\x80\x94\n') has 388 occurance
merge 1115/9744: (32, 277) -> 1370 (b' ri') has 386 occurance
merge 1116/9744: (404, 296) -> 1371 (b'bo\xc5\xbe') has 386 occurance
merge 1117/9744: (276, 114) -> 1372 (b'tar') has 385 occurance
merge 1118/9744: (433, 416) -> 1373 (b' lice') has 385 occurance
merge 1119/9744: (389, 107) -> 1374 (b' pak') has 385 occurance
merge 1120/9744: (503, 410) -> 1375 (b' ljuba') has 383 occurance
merge 1121/9744: (976, 277) -> 1376 (b' udari') has 382 occurance
merge 1122/9744: (104, 270) -> 1377 (b'hva') has 381 occurance
merge 1123/9744: (521, 104) -> 1378 (b'skih') has 380 occurance
merge 1124/9744: (277, 321) -> 1379 (b'rica') has 380 occurance
merge 1125/9744: (258, 106) -> 1380 (b' nj') has 380 occurance
merge 1126/9744: (276, 107) -> 1381 (b'tak') has 380 occurance
merge 1127/9744: (263, 112) -> 1382 (b' op') has 379 occurance
merge 1128/9744: (51, 55) -> 1383 (b'37') has 378 occurance
merge 1129/9744: (100, 114) -> 1384 (b'dr') has 378 occurance
merge 1130/9744: (280, 363) -> 1385 (b' na\xc4\x91e') has 378 occurance
merge 1131/9744: (301, 268) -> 1386 (b' nevo') has 378 occurance
merge 1132/9744: (742, 265) -> 1387 (b' ovako') has 377 occurance
merge 1133/9744: (313, 460) -> 1388 (b'lomu') has 376 occurance
merge 1134/9744: (272, 115) -> 1389 (b' us') has 375 occurance
merge 1135/9744: (334, 294) -> 1390 (b' sada') has 375 occurance
merge 1136/9744: (263, 1086) -> 1391 (b' olta') has 375 occurance
merge 1137/9744: (914, 363) -> 1392 (b' izi\xc4\x91e') has 374 occurance
merge 1138/9744: (407, 305) -> 1393 (b' va\xc5\xa1e') has 374 occurance
merge 1139/9744: (418, 340) -> 1394 (b' hlje') has 373 occurance
merge 1140/9744: (336, 285) -> 1395 (b' bila') has 373 occurance
merge 1141/9744: (336, 256) -> 1396 (b' bije') has 373 occurance
merge 1142/9744: (280, 117) -> 1397 (b' nau') has 372 occurance
merge 1143/9744: (542, 294) -> 1398 (b' grada') has 372 occurance
merge 1144/9744: (77, 73) -> 1399 (b'MI') has 372 occurance
merge 1145/9744: (102, 101) -> 1400 (b'fe') has 370 occurance
merge 1146/9744: (118, 278) -> 1401 (b'vre') has 369 occurance
merge 1147/9744: (742, 106) -> 1402 (b' ovaj') has 369 occurance
merge 1148/9744: (873, 434) -> 1403 (b' \xc4\x91evoj') has 369 occurance
merge 1149/9744: (466, 307) -> 1404 (b' narodi') has 368 occurance
merge 1150/9744: (112, 340) -> 1405 (b'plje') has 368 occurance
merge 1151/9744: (338, 114) -> 1406 (b' Sr') has 367 occurance
merge 1152/9744: (268, 299) -> 1407 (b'voga') has 367 occurance
merge 1153/9744: (115, 270) -> 1408 (b'sva') has 367 occurance
merge 1154/9744: (659, 117) -> 1409 (b' Sau') has 367 occurance
merge 1155/9744: (82, 85) -> 1410 (b'RU') has 367 occurance
merge 1156/9744: (294, 267) -> 1411 (b'dati') has 366 occurance
merge 1157/9744: (329, 546) -> 1412 (b' tvr') has 365 occurance
merge 1158/9744: (720, 299) -> 1413 (b' onoga') has 365 occurance
merge 1159/9744: (75, 97) -> 1414 (b'Ka') has 365 occurance
merge 1160/9744: (103, 294) -> 1415 (b'gda') has 365 occurance
merge 1161/9744: (436, 592) -> 1416 (b'\xc5\xa1av\xc5\xa1i') has 365 occurance
merge 1162/9744: (284, 376) -> 1417 (b' boj') has 365 occurance
merge 1163/9744: (552, 276) -> 1418 (b' brata') has 364 occurance
merge 1164/9744: (339, 320) -> 1419 (b' gle') has 364 occurance
merge 1165/9744: (489, 401) -> 1420 (b' zemlja') has 363 occurance
merge 1166/9744: (475, 400) -> 1421 (b' njegovu') has 363 occurance
merge 1167/9744: (302, 106) -> 1422 (b'noj') has 363 occurance
merge 1168/9744: (379, 332) -> 1423 (b' \xc4\x87emo') has 362 occurance
merge 1169/9744: (103, 306) -> 1424 (b'gne') has 362 occurance
merge 1170/9744: (105, 256) -> 1425 (b'ije') has 361 occurance
merge 1171/9744: (339, 397) -> 1426 (b' gnje') has 361 occurance
merge 1172/9744: (290, 291) -> 1427 (b' poma') has 361 occurance
merge 1173/9744: (394, 970) -> 1428 (b' metnu') has 360 occurance
merge 1174/9744: (736, 106) -> 1429 (b' haj') has 359 occurance
merge 1175/9744: (488, 275) -> 1430 (b' ruka') has 359 occurance
merge 1176/9744: (280, 261) -> 1431 (b' na\xc5\xa1') has 358 occurance
merge 1177/9744: (919, 398) -> 1432 (b'rje\xc5\xa1i') has 357 occurance
merge 1178/9744: (879, 116) -> 1433 (b' \xc5\xbeivot') has 356 occurance
merge 1179/9744: (294, 114) -> 1434 (b'dar') has 356 occurance
merge 1180/9744: (262, 427) -> 1435 (b' dvije') has 356 occurance
merge 1181/9744: (317, 883) -> 1436 (b' do\xc4\x91o\xc5\xa1e') has 356 occurance
merge 1182/9744: (794, 310) -> 1437 (b' ho\xc4\x87e') has 356 occurance
merge 1183/9744: (111, 265) -> 1438 (b'oko') has 355 occurance
merge 1184/9744: (79, 74) -> 1439 (b'OJ') has 354 occurance
merge 1185/9744: (289, 116) -> 1440 (b'vet') has 354 occurance
merge 1186/9744: (107, 278) -> 1441 (b'kre') has 354 occurance
merge 1187/9744: (51, 56) -> 1442 (b'38') has 353 occurance
merge 1188/9744: (263, 289) -> 1443 (b' ove') has 353 occurance
merge 1189/9744: (340, 281) -> 1444 (b'ljena') has 353 occurance
merge 1190/9744: (448, 388) -> 1445 (b' primi') has 352 occurance
merge 1191/9744: (708, 265) -> 1446 (b' Kako') has 352 occurance
merge 1192/9744: (257, 281) -> 1447 (b' sna') has 352 occurance
merge 1193/9744: (1153, 122) -> 1448 (b' kroz') has 352 occurance
merge 1194/9744: (110, 275) -> 1449 (b'nka') has 352 occurance
merge 1195/9744: (418, 105) -> 1450 (b' hi') has 352 occurance
merge 1196/9744: (315, 352) -> 1451 (b' Isa') has 351 occurance
merge 1197/9744: (32, 499) -> 1452 (b' \xc5\xbd') has 351 occurance
merge 1198/9744: (273, 392) -> 1453 (b'vi\xc4\x87u') has 351 occurance
merge 1199/9744: (556, 380) -> 1454 (b' veliki') has 351 occurance
merge 1200/9744: (367, 303) -> 1455 (b'siju') has 351 occurance
merge 1201/9744: (546, 398) -> 1456 (b'vr\xc5\xa1i') has 350 occurance
merge 1202/9744: (258, 535) -> 1457 (b' njoj') has 350 occurance
merge 1203/9744: (464, 117) -> 1458 (b' Vu') has 350 occurance
merge 1204/9744: (928, 256) -> 1459 (b' Nije') has 349 occurance
merge 1205/9744: (275, 276) -> 1460 (b'kata') has 349 occurance
merge 1206/9744: (724, 442) -> 1461 (b'stupi') has 349 occurance
merge 1207/9744: (509, 273) -> 1462 (b' \xc5\xbeivi') has 348 occurance
merge 1208/9744: (264, 305) -> 1463 (b'ra\xc5\xa1e') has 348 occurance
merge 1209/9744: (115, 366) -> 1464 (b'slu') has 348 occurance
merge 1210/9744: (80, 97) -> 1465 (b'Pa') has 348 occurance
merge 1211/9744: (658, 288) -> 1466 (b' Koji') has 347 occurance
merge 1212/9744: (75, 507) -> 1467 (b'KNjI') has 346 occurance
merge 1213/9744: (536, 305) -> 1468 (b'\xc4\x91a\xc5\xa1e') has 346 occurance
merge 1214/9744: (485, 107) -> 1469 (b'zek') has 346 occurance
merge 1215/9744: (406, 863) -> 1470 (b' tobom') has 346 occurance
merge 1216/9744: (431, 69) -> 1471 (b'IJE') has 346 occurance
merge 1217/9744: (356, 273) -> 1472 (b'dovi') has 345 occurance
merge 1218/9744: (725, 268) -> 1473 (b' evo') has 345 occurance
merge 1219/9744: (274, 607) -> 1474 (b' mrt') has 345 occurance
merge 1220/9744: (103, 397) -> 1475 (b'gnje') has 345 occurance
merge 1221/9744: (703, 739) -> 1476 (b' Potom') has 344 occurance
merge 1222/9744: (1007, 99) -> 1477 (b' otac') has 344 occurance
merge 1223/9744: (1467, 830) -> 1478 (b'KNjIGA') has 344 occurance
merge 1224/9744: (257, 400) -> 1479 (b' svu') has 343 occurance
merge 1225/9744: (263, 386) -> 1480 (b' opa') has 342 occurance
merge 1226/9744: (729, 337) -> 1481 (b' jednu') has 342 occurance
merge 1227/9744: (263, 410) -> 1482 (b' oba') has 341 occurance
merge 1228/9744: (270, 106) -> 1483 (b'vaj') has 341 occurance
merge 1229/9744: (346, 381) -> 1484 (b'strije') has 341 occurance
merge 1230/9744: (367, 283) -> 1485 (b'sija') has 341 occurance
merge 1231/9744: (300, 267) -> 1486 (b' dati') has 340 occurance
merge 1232/9744: (359, 264) -> 1487 (b' Kra') has 340 occurance
merge 1233/9744: (317, 460) -> 1488 (b' domu') has 340 occurance
merge 1234/9744: (278, 322) -> 1489 (b're\xc4\x8de') has 339 occurance
merge 1235/9744: (518, 289) -> 1490 (b' sinove') has 339 occurance
merge 1236/9744: (563, 268) -> 1491 (b' pravo') has 339 occurance
merge 1237/9744: (32, 536) -> 1492 (b' \xc4\x91a') has 339 occurance
merge 1238/9744: (74, 65) -> 1493 (b'JA') has 339 occurance
merge 1239/9744: (52, 48) -> 1494 (b'40') has 338 occurance
merge 1240/9744: (361, 267) -> 1495 (b'biti') has 338 occurance
merge 1241/9744: (623, 318) -> 1496 (b' vjeru') has 338 occurance
merge 1242/9744: (625, 97) -> 1497 (b' \xc5\xa0a') has 338 occurance
merge 1243/9744: (65, 82) -> 1498 (b'AR') has 337 occurance
merge 1244/9744: (664, 306) -> 1499 (b' strane') has 337 occurance
merge 1245/9744: (483, 494) -> 1500 (b'\xc5\xa0I\xc4\x86') has 337 occurance
merge 1246/9744: (396, 115) -> 1501 (b' ras') has 336 occurance
merge 1247/9744: (735, 299) -> 1502 (b' jednoga') has 336 occurance
merge 1248/9744: (613, 289) -> 1503 (b' njihove') has 335 occurance
merge 1249/9744: (270, 114) -> 1504 (b'var') has 335 occurance
merge 1250/9744: (334, 351) -> 1505 (b' sasta') has 335 occurance
merge 1251/9744: (563, 289) -> 1506 (b' prave') has 335 occurance
merge 1252/9744: (326, 116) -> 1507 (b'met') has 335 occurance
merge 1253/9744: (371, 256) -> 1508 (b' vije') has 334 occurance
merge 1254/9744: (629, 285) -> 1509 (b' obla') has 334 occurance
merge 1255/9744: (477, 392) -> 1510 (b' ku\xc4\x87u') has 334 occurance
merge 1256/9744: (520, 571) -> 1511 (b' noge') has 334 occurance
merge 1257/9744: (277, 291) -> 1512 (b'rima') has 333 occurance
merge 1258/9744: (32, 370) -> 1513 (b' ci') has 333 occurance
merge 1259/9744: (338, 117) -> 1514 (b' Su') has 333 occurance
merge 1260/9744: (284, 279) -> 1515 (b' bli') has 333 occurance
merge 1261/9744: (317, 619) -> 1516 (b' dokle') has 332 occurance
merge 1262/9744: (69, 82) -> 1517 (b'ER') has 332 occurance
merge 1263/9744: (274, 114) -> 1518 (b' mr') has 331 occurance
merge 1264/9744: (86, 65) -> 1519 (b'VA') has 330 occurance
merge 1265/9744: (308, 326) -> 1520 (b' kome') has 330 occurance
merge 1266/9744: (270, 303) -> 1521 (b'vaju') has 329 occurance
merge 1267/9744: (281, 291) -> 1522 (b'nama') has 329 occurance
merge 1268/9744: (117, 294) -> 1523 (b'uda') has 329 occurance
merge 1269/9744: (405, 299) -> 1524 (b' svega') has 328 occurance
merge 1270/9744: (282, 365) -> 1525 (b'niku') has 328 occurance
merge 1271/9744: (118, 285) -> 1526 (b'vla') has 328 occurance
merge 1272/9744: (111, 281) -> 1527 (b'ona') has 327 occurance
merge 1273/9744: (527, 362) -> 1528 (b' slu\xc5\xbei') has 327 occurance
merge 1274/9744: (264, 122) -> 1529 (b'raz') has 327 occurance
merge 1275/9744: (115, 306) -> 1530 (b'sne') has 327 occurance
merge 1276/9744: (116, 298) -> 1531 (b'tro') has 326 occurance
merge 1277/9744: (344, 288) -> 1532 (b' svoji') has 326 occurance
merge 1278/9744: (672, 698) -> 1533 (b' dvadeset') has 326 occurance
merge 1279/9744: (263, 361) -> 1534 (b' obi') has 325 occurance
merge 1280/9744: (268, 114) -> 1535 (b'vor') has 325 occurance
merge 1281/9744: (328, 111) -> 1536 (b'oso') has 325 occurance
merge 1282/9744: (42, 1277) -> 1537 (b'*Mat') has 324 occurance
merge 1283/9744: (344, 783) -> 1538 (b' svojom') has 324 occurance
merge 1284/9744: (844, 320) -> 1539 (b' zele') has 324 occurance
merge 1285/9744: (669, 118) -> 1540 (b'prav') has 324 occurance
merge 1286/9744: (517, 307) -> 1541 (b' vodi') has 323 occurance
merge 1287/9744: (510, 292) -> 1542 (b' Nego') has 323 occurance
merge 1288/9744: (33, 331) -> 1543 (b'!\n\n') has 323 occurance
merge 1289/9744: (542, 390) -> 1544 (b' gradu') has 323 occurance
merge 1290/9744: (327, 298) -> 1545 (b' Aro') has 323 occurance
merge 1291/9744: (1083, 307) -> 1546 (b' zapovjedi') has 322 occurance
merge 1292/9744: (397, 292) -> 1547 (b'njego') has 322 occurance
merge 1293/9744: (422, 1140) -> 1548 (b' Ovako') has 322 occurance
merge 1294/9744: (543, 390) -> 1549 (b' budu') has 321 occurance
merge 1295/9744: (100, 318) -> 1550 (b'dru') has 320 occurance
merge 1296/9744: (679, 97) -> 1551 (b' Joa') has 320 occurance
merge 1297/9744: (427, 275) -> 1552 (b'vijeka') has 319 occurance
merge 1298/9744: (475, 268) -> 1553 (b' njegovo') has 318 occurance
merge 1299/9744: (269, 265) -> 1554 (b'\xc4\x8dko') has 318 occurance
merge 1300/9744: (107, 400) -> 1555 (b'kvu') has 318 occurance
merge 1301/9744: (290, 1139) -> 1556 (b' porodi') has 317 occurance
merge 1302/9744: (357, 278) -> 1557 (b' more') has 317 occurance
merge 1303/9744: (324, 110) -> 1558 (b'\xc4\x8din') has 317 occurance
merge 1304/9744: (323, 105) -> 1559 (b' ki') has 316 occurance
merge 1305/9744: (1205, 340) -> 1560 (b'Izrailje') has 316 occurance
merge 1306/9744: (256, 261) -> 1561 (b'je\xc5\xa1') has 316 occurance
merge 1307/9744: (387, 711) -> 1562 (b' Gospodom') has 315 occurance
merge 1308/9744: (256, 508) -> 1563 (b'jedno') has 315 occurance
merge 1309/9744: (301, 392) -> 1564 (b' ne\xc4\x87u') has 315 occurance
merge 1310/9744: (424, 322) -> 1565 (b' ve\xc4\x8de') has 314 occurance
merge 1311/9744: (300, 111) -> 1566 (b' dao') has 314 occurance
merge 1312/9744: (317, 261) -> 1567 (b' do\xc5\xa1') has 314 occurance
merge 1313/9744: (271, 111) -> 1568 (b'\xc4\x87o') has 314 occurance
merge 1314/9744: (385, 97) -> 1569 (b' Ba') has 314 occurance
merge 1315/9744: (272, 322) -> 1570 (b' u\xc4\x8de') has 314 occurance
merge 1316/9744: (842, 370) -> 1571 (b' Turci') has 314 occurance
merge 1317/9744: (317, 289) -> 1572 (b' dove') has 313 occurance
merge 1318/9744: (51, 57) -> 1573 (b'39') has 313 occurance
merge 1319/9744: (649, 256) -> 1574 (b' dije') has 312 occurance
merge 1320/9744: (990, 712) -> 1575 (b' knezo') has 311 occurance
merge 1321/9744: (103, 381) -> 1576 (b'grije') has 311 occurance
merge 1322/9744: (569, 101) -> 1577 (b' He') has 310 occurance
merge 1323/9744: (289, 271) -> 1578 (b've\xc4\x87') has 310 occurance
merge 1324/9744: (79, 110) -> 1579 (b'On') has 310 occurance
merge 1325/9744: (288, 281) -> 1580 (b'jina') has 309 occurance
merge 1326/9744: (554, 458) -> 1581 (b' bjehu') has 309 occurance
merge 1327/9744: (261, 392) -> 1582 (b'\xc5\xa1\xc4\x87u') has 309 occurance
merge 1328/9744: (286, 840) -> 1583 (b' zdra') has 309 occurance
merge 1329/9744: (388, 780) -> 1584 (b'misli') has 309 occurance
merge 1330/9744: (263, 404) -> 1585 (b' obo') has 308 occurance
merge 1331/9744: (293, 314) -> 1586 (b' jede') has 308 occurance
merge 1332/9744: (257, 484) -> 1587 (b' stu') has 308 occurance
merge 1333/9744: (865, 313) -> 1588 (b' poklo') has 308 occurance
merge 1334/9744: (111, 425) -> 1589 (b'ovje') has 307 occurance
merge 1335/9744: (281, 99) -> 1590 (b'nac') has 307 occurance
merge 1336/9744: (1014, 802) -> 1591 (b' plemena') has 307 occurance
merge 1337/9744: (309, 427) -> 1592 (b'povije') has 307 occurance
merge 1338/9744: (41, 266) -> 1593 (b').\n') has 307 occurance
merge 1339/9744: (280, 398) -> 1594 (b' na\xc5\xa1i') has 306 occurance
merge 1340/9744: (264, 110) -> 1595 (b'ran') has 306 occurance
merge 1341/9744: (83, 117) -> 1596 (b'Su') has 306 occurance
merge 1342/9744: (114, 321) -> 1597 (b'rca') has 306 occurance
merge 1343/9744: (569, 111) -> 1598 (b' Ho') has 305 occurance
merge 1344/9744: (116, 277) -> 1599 (b'tri') has 305 occurance
merge 1345/9744: (560, 283) -> 1600 (b' tvoja') has 304 occurance
merge 1346/9744: (1055, 566) -> 1601 (b'iliste') has 303 occurance
merge 1347/9744: (947, 116) -> 1602 (b' svijet') has 302 occurance
merge 1348/9744: (371, 314) -> 1603 (b' vide') has 301 occurance
merge 1349/9744: (652, 374) -> 1604 (b' mjese') has 301 occurance
merge 1350/9744: (375, 277) -> 1605 (b' Pri') has 301 occurance
merge 1351/9744: (670, 370) -> 1606 (b' baci') has 301 occurance
merge 1352/9744: (338, 276) -> 1607 (b' Sta') has 300 occurance
merge 1353/9744: (263, 115) -> 1608 (b' os') has 300 occurance
merge 1354/9744: (32, 340) -> 1609 (b' lje') has 300 occurance
merge 1355/9744: (74, 421) -> 1610 (b'JAN') has 299 occurance
merge 1356/9744: (348, 277) -> 1611 (b' gori') has 299 occurance
merge 1357/9744: (467, 292) -> 1612 (b' bogo') has 298 occurance
merge 1358/9744: (290, 363) -> 1613 (b' po\xc4\x91e') has 298 occurance
merge 1359/9744: (495, 110) -> 1614 (b'\xc4\x8dan') has 298 occurance
merge 1360/9744: (321, 291) -> 1615 (b'cama') has 297 occurance
merge 1361/9744: (700, 282) -> 1616 (b' plani') has 297 occurance
merge 1362/9744: (302, 118) -> 1617 (b'nov') has 297 occurance
merge 1363/9744: (114, 267) -> 1618 (b'rti') has 297 occurance
merge 1364/9744: (291, 609) -> 1619 (b'malj') has 296 occurance
merge 1365/9744: (292, 307) -> 1620 (b'godi') has 296 occurance
merge 1366/9744: (336, 279) -> 1621 (b' bili') has 296 occurance
merge 1367/9744: (371, 363) -> 1622 (b' vi\xc4\x91e') has 296 occurance
merge 1368/9744: (562, 289) -> 1623 (b' \xc4\x8dove') has 296 occurance
merge 1369/9744: (575, 306) -> 1624 (b' \xc5\xbeene') has 295 occurance
merge 1370/9744: (1206, 277) -> 1625 (b' k\xc4\x87eri') has 295 occurance
merge 1371/9744: (118, 322) -> 1626 (b'v\xc4\x8de') has 295 occurance
merge 1372/9744: (426, 353) -> 1627 (b' Bo\xc5\xbee') has 295 occurance
merge 1373/9744: (86, 101) -> 1628 (b'Ve') has 295 occurance
merge 1374/9744: (39, 256) -> 1629 (b"'je") has 295 occurance
merge 1375/9744: (911, 957) -> 1630 (b' blagoslo') has 294 occurance
merge 1376/9744: (259, 390) -> 1631 (b' idu') has 294 occurance
merge 1377/9744: (105, 351) -> 1632 (b'ista') has 294 occurance
merge 1378/9744: (391, 100) -> 1633 (b' sud') has 294 occurance
merge 1379/9744: (299, 954) -> 1634 (b'ganj') has 294 occurance
merge 1380/9744: (657, 326) -> 1635 (b' uzme') has 294 occurance
merge 1381/9744: (284, 298) -> 1636 (b' bro') has 294 occurance
merge 1382/9744: (613, 270) -> 1637 (b' njihova') has 293 occurance
merge 1383/9744: (263, 547) -> 1638 (b' obu') has 293 occurance
merge 1384/9744: (367, 109) -> 1639 (b'sim') has 293 occurance
merge 1385/9744: (386, 107) -> 1640 (b'pak') has 293 occurance
merge 1386/9744: (430, 1344) -> 1641 (b' protiv') has 293 occurance
merge 1387/9744: (523, 289) -> 1642 (b' glave') has 292 occurance
merge 1388/9744: (282, 295) -> 1643 (b'nite') has 292 occurance
merge 1389/9744: (77, 105) -> 1644 (b'Mi') has 292 occurance
merge 1390/9744: (263, 294) -> 1645 (b' oda') has 292 occurance
merge 1391/9744: (775, 256) -> 1646 (b' Moje') has 292 occurance
merge 1392/9744: (42, 1207) -> 1647 (b'*Isa') has 291 occurance
merge 1393/9744: (346, 400) -> 1648 (b'stvu') has 291 occurance
merge 1394/9744: (393, 955) -> 1649 (b' misir') has 291 occurance
merge 1395/9744: (399, 291) -> 1650 (b' kojima') has 291 occurance
merge 1396/9744: (301, 265) -> 1651 (b' neko') has 291 occurance
merge 1397/9744: (107, 306) -> 1652 (b'kne') has 291 occurance
merge 1398/9744: (32, 108) -> 1653 (b' l') has 291 occurance
merge 1399/9744: (282, 110) -> 1654 (b'nin') has 288 occurance
merge 1400/9744: (1107, 607) -> 1655 (b' smrt') has 288 occurance
merge 1401/9744: (308, 285) -> 1656 (b' kola') has 288 occurance
merge 1402/9744: (328, 97) -> 1657 (b'osa') has 287 occurance
merge 1403/9744: (290, 874) -> 1658 (b' pogleda') has 287 occurance
merge 1404/9744: (406, 109) -> 1659 (b' tom') has 287 occurance
merge 1405/9744: (114, 281) -> 1660 (b'rna') has 287 occurance
merge 1406/9744: (1610, 1493) -> 1661 (b'JANJA') has 287 occurance
merge 1407/9744: (473, 1432) -> 1662 (b' starje\xc5\xa1i') has 286 occurance
merge 1408/9744: (1208, 1388) -> 1663 (b' Solomu') has 285 occurance
merge 1409/9744: (116, 256) -> 1664 (b'tje') has 285 occurance
merge 1410/9744: (98, 340) -> 1665 (b'blje') has 285 occurance
merge 1411/9744: (116, 445) -> 1666 (b'tvori') has 284 occurance
merge 1412/9744: (407, 398) -> 1667 (b' va\xc5\xa1i') has 284 occurance
merge 1413/9744: (677, 106) -> 1668 (b' kraj') has 284 occurance
merge 1414/9744: (98, 278) -> 1669 (b'bre') has 284 occurance
merge 1415/9744: (386, 279) -> 1670 (b'pali') has 284 occurance
merge 1416/9744: (273, 474) -> 1671 (b'vi\xc4\x87a') has 284 occurance
merge 1417/9744: (317, 410) -> 1672 (b' doba') has 283 occurance
merge 1418/9744: (116, 275) -> 1673 (b'tka') has 283 occurance
merge 1419/9744: (660, 291) -> 1674 (b' onima') has 283 occurance
merge 1420/9744: (335, 114) -> 1675 (b' Gr') has 282 occurance
merge 1421/9744: (611, 299) -> 1676 (b' kojega') has 281 occurance
merge 1422/9744: (284, 285) -> 1677 (b' bla') has 281 occurance
merge 1423/9744: (1045, 114) -> 1678 (b'*Jer') has 281 occurance
merge 1424/9744: (110, 321) -> 1679 (b'nca') has 281 occurance
merge 1425/9744: (267, 111) -> 1680 (b'tio') has 281 occurance
merge 1426/9744: (545, 256) -> 1681 (b' \xc4\x8duje') has 281 occurance
merge 1427/9744: (349, 117) -> 1682 (b' \xc5\xa1u') has 281 occurance
merge 1428/9744: (115, 291) -> 1683 (b'sma') has 280 occurance
merge 1429/9744: (264, 109) -> 1684 (b'ram') has 280 occurance
merge 1430/9744: (98, 537) -> 1685 (b'brati') has 280 occurance
merge 1431/9744: (477, 310) -> 1686 (b' ku\xc4\x87e') has 279 occurance
merge 1432/9744: (1033, 400) -> 1687 (b' \xc5\xbertvu') has 279 occurance
merge 1433/9744: (98, 277) -> 1688 (b'bri') has 279 occurance
merge 1434/9744: (330, 862) -> 1689 (b' Josi') has 279 occurance
merge 1435/9744: (269, 275) -> 1690 (b'\xc4\x8dka') has 279 occurance
merge 1436/9744: (272, 324) -> 1691 (b' u\xc4\x8di') has 278 occurance
merge 1437/9744: (69, 648) -> 1692 (b'EMA') has 278 occurance
merge 1438/9744: (326, 337) -> 1693 (b'menu') has 277 occurance
merge 1439/9744: (663, 1272) -> 1694 (b' nasljed') has 277 occurance
merge 1440/9744: (269, 306) -> 1695 (b'\xc4\x8dne') has 277 occurance
merge 1441/9744: (774, 116) -> 1696 (b' zlat') has 277 occurance
merge 1442/9744: (41, 44) -> 1697 (b'),') has 277 occurance
merge 1443/9744: (446, 295) -> 1698 (b' mate') has 276 occurance
merge 1444/9744: (290, 384) -> 1699 (b' polju') has 275 occurance
merge 1445/9744: (317, 1552) -> 1700 (b' dovijeka') has 275 occurance
merge 1446/9744: (281, 106) -> 1701 (b'naj') has 275 occurance
merge 1447/9744: (473, 306) -> 1702 (b' stane') has 275 occurance
merge 1448/9744: (73, 1173) -> 1703 (b'ICA') has 275 occurance
merge 1449/9744: (525, 1242) -> 1704 (b' poslu\xc5\xa1a') has 274 occurance
merge 1450/9744: (557, 631) -> 1705 (b' deset') has 274 occurance
merge 1451/9744: (313, 270) -> 1706 (b'lova') has 274 occurance
merge 1452/9744: (1359, 110) -> 1707 (b'vilon') has 274 occurance
merge 1453/9744: (1204, 474) -> 1708 (b' tisu\xc4\x87a') has 274 occurance
merge 1454/9744: (77, 531) -> 1709 (b'Mar') has 273 occurance
merge 1455/9744: (614, 581) -> 1710 (b' Za\xc5\xa1to') has 273 occurance
merge 1456/9744: (68, 1036) -> 1711 (b'Djela') has 273 occurance
merge 1457/9744: (107, 273) -> 1712 (b'kvi') has 273 occurance
merge 1458/9744: (1492, 268) -> 1713 (b' \xc4\x91avo') has 273 occurance
merge 1459/9744: (116, 365) -> 1714 (b'tku') has 272 occurance
merge 1460/9744: (661, 111) -> 1715 (b' u\xc4\x8dinio') has 272 occurance
merge 1461/9744: (260, 256) -> 1716 (b' pje') has 271 occurance
merge 1462/9744: (774, 276) -> 1717 (b' zlata') has 271 occurance
merge 1463/9744: (643, 698) -> 1718 (b' trideset') has 271 occurance
merge 1464/9744: (301, 324) -> 1719 (b' ne\xc4\x8di') has 271 occurance
merge 1465/9744: (70, 1692) -> 1720 (b'FEMA') has 271 occurance
merge 1466/9744: (1266, 306) -> 1721 (b' haljine') has 270 occurance
merge 1467/9744: (46, 65) -> 1722 (b'.A') has 270 occurance
merge 1468/9744: (417, 291) -> 1723 (b'zima') has 270 occurance
merge 1469/9744: (264, 111) -> 1724 (b'rao') has 270 occurance
merge 1470/9744: (551, 116) -> 1725 (b'put') has 270 occurance
merge 1471/9744: (290, 1143) -> 1726 (b' pogubi') has 270 occurance
merge 1472/9744: (918, 109) -> 1727 (b' ka\xc5\xbeem') has 270 occurance
merge 1473/9744: (112, 114) -> 1728 (b'pr') has 270 occurance
merge 1474/9744: (263, 314) -> 1729 (b' ode') has 270 occurance
merge 1475/9744: (799, 107) -> 1730 (b' junak') has 270 occurance
merge 1476/9744: (362, 295) -> 1731 (b'\xc5\xbeite') has 269 occurance
merge 1477/9744: (103, 320) -> 1732 (b'gle') has 269 occurance
merge 1478/9744: (272, 1252) -> 1733 (b' uhvati') has 269 occurance
merge 1479/9744: (326, 110) -> 1734 (b'men') has 269 occurance
merge 1480/9744: (568, 109) -> 1735 (b' znam') has 268 occurance
merge 1481/9744: (317, 361) -> 1736 (b' dobi') has 268 occurance
merge 1482/9744: (769, 522) -> 1737 (b' mnogi') has 268 occurance
merge 1483/9744: (726, 482) -> 1738 (b' dr\xc5\xbea') has 268 occurance
merge 1484/9744: (637, 766) -> 1739 (b' vojsku') has 268 occurance
merge 1485/9744: (100, 277) -> 1740 (b'dri') has 267 occurance
merge 1486/9744: (844, 1619) -> 1741 (b' zemalj') has 266 occurance
merge 1487/9744: (274, 564) -> 1742 (b' mnom') has 266 occurance
merge 1488/9744: (1044, 103) -> 1743 (b' zbog') has 266 occurance
merge 1489/9744: (102, 105) -> 1744 (b'fi') has 266 occurance
merge 1490/9744: (481, 287) -> 1745 (b' svato') has 266 occurance
merge 1491/9744: (1105, 292) -> 1746 (b' drago') has 265 occurance
merge 1492/9744: (1021, 802) -> 1747 (b' vremena') has 265 occurance
merge 1493/9744: (406, 326) -> 1748 (b' tome') has 265 occurance
merge 1494/9744: (561, 273) -> 1749 (b' ostavi') has 265 occurance
merge 1495/9744: (122, 840) -> 1750 (b'zdra') has 265 occurance
merge 1496/9744: (1056, 109) -> 1751 (b' Jerusalim') has 265 occurance
merge 1497/9744: (963, 381) -> 1752 (b' umrije') has 264 occurance
merge 1498/9744: (855, 299) -> 1753 (b' drugoga') has 264 occurance
merge 1499/9744: (704, 321) -> 1754 (b' srca') has 264 occurance
merge 1500/9744: (692, 118) -> 1755 (b' Izrailjev') has 264 occurance
merge 1501/9744: (613, 593) -> 1756 (b' njihovijem') has 263 occurance
merge 1502/9744: (667, 445) -> 1757 (b' otvori') has 263 occurance
merge 1503/9744: (372, 117) -> 1758 (b' vu') has 263 occurance
merge 1504/9744: (293, 417) -> 1759 (b' jezi') has 263 occurance
merge 1505/9744: (378, 291) -> 1760 (b'stima') has 263 occurance
merge 1506/9744: (257, 388) -> 1761 (b' smi') has 262 occurance
merge 1507/9744: (633, 288) -> 1762 (b' stoji') has 262 occurance
merge 1508/9744: (97, 279) -> 1763 (b'ali') has 262 occurance
merge 1509/9744: (635, 313) -> 1764 (b' Milo') has 262 occurance
merge 1510/9744: (1027, 104) -> 1765 (b' grijeh') has 261 occurance
merge 1511/9744: (503, 361) -> 1766 (b' ljubi') has 261 occurance
merge 1512/9744: (776, 285) -> 1767 (b' djela') has 260 occurance
merge 1513/9744: (315, 122) -> 1768 (b' Iz') has 260 occurance
merge 1514/9744: (76, 65) -> 1769 (b'LA') has 260 occurance
merge 1515/9744: (779, 1371) -> 1770 (b' bezbo\xc5\xbe') has 260 occurance
merge 1516/9744: (314, 106) -> 1771 (b'dej') has 259 occurance
merge 1517/9744: (505, 1358) -> 1772 (b' bezako') has 258 occurance
merge 1518/9744: (109, 302) -> 1773 (b'mno') has 258 occurance
merge 1519/9744: (333, 1305) -> 1774 (b' an\xc4\x91e') has 258 occurance
merge 1520/9744: (32, 46) -> 1775 (b' .') has 257 occurance
merge 1521/9744: (793, 352) -> 1776 (b' Isusa') has 257 occurance
merge 1522/9744: (280, 351) -> 1777 (b' nasta') has 257 occurance
merge 1523/9744: (516, 686) -> 1778 (b' carstvo') has 257 occurance
merge 1524/9744: (318, 296) -> 1779 (b'ru\xc5\xbe') has 257 occurance
merge 1525/9744: (509, 289) -> 1780 (b' \xc5\xbeive') has 256 occurance
merge 1526/9744: (1333, 291) -> 1781 (b' vojskama') has 256 occurance
merge 1527/9744: (356, 104) -> 1782 (b'doh') has 255 occurance
merge 1528/9744: (1000, 287) -> 1783 (b' \xc5\xa1ato') has 255 occurance
merge 1529/9744: (280, 309) -> 1784 (b' napo') has 255 occurance
merge 1530/9744: (332, 109) -> 1785 (b'mom') has 254 occurance
merge 1531/9744: (257, 265) -> 1786 (b' sko') has 253 occurance
merge 1532/9744: (327, 968) -> 1787 (b' Avra') has 253 occurance
merge 1533/9744: (800, 1455) -> 1788 (b' Mojsiju') has 253 occurance
merge 1534/9744: (294, 303) -> 1789 (b'daju') has 253 occurance
merge 1535/9744: (283, 267) -> 1790 (b'jati') has 252 occurance
merge 1536/9744: (926, 117) -> 1791 (b' \xc4\x8cu') has 252 occurance
merge 1537/9744: (403, 294) -> 1792 (b' tada') has 252 occurance
merge 1538/9744: (68, 111) -> 1793 (b'Do') has 252 occurance
merge 1539/9744: (306, 275) -> 1794 (b'neka') has 252 occurance
merge 1540/9744: (704, 112) -> 1795 (b' srp') has 252 occurance
merge 1541/9744: (405, 460) -> 1796 (b' svemu') has 251 occurance
merge 1542/9744: (553, 384) -> 1797 (b' Izrailju') has 251 occurance
merge 1543/9744: (100, 381) -> 1798 (b'drije') has 251 occurance
merge 1544/9744: (510, 275) -> 1799 (b' Neka') has 250 occurance
merge 1545/9744: (107, 337) -> 1800 (b'knu') has 250 occurance
merge 1546/9744: (283, 458) -> 1801 (b'jahu') has 250 occurance
merge 1547/9744: (784, 306) -> 1802 (b' Mene') has 250 occurance
merge 1548/9744: (1211, 404) -> 1803 (b' slobo') has 249 occurance
merge 1549/9744: (290, 739) -> 1804 (b' potom') has 249 occurance
merge 1550/9744: (344, 299) -> 1805 (b' svoga') has 249 occurance
merge 1551/9744: (373, 370) -> 1806 (b' reci') has 249 occurance
merge 1552/9744: (300, 256) -> 1807 (b' daje') has 249 occurance
merge 1553/9744: (1058, 1058) -> 1808 (b'                ') has 249 occurance
merge 1554/9744: (267, 277) -> 1809 (b'tiri') has 248 occurance
merge 1555/9744: (639, 114) -> 1810 (b'Jer') has 248 occurance
merge 1556/9744: (308, 472) -> 1811 (b' konji') has 248 occurance
merge 1557/9744: (961, 256) -> 1812 (b' Tvoje') has 248 occurance
merge 1558/9744: (260, 998) -> 1813 (b' pjeva') has 248 occurance
merge 1559/9744: (375, 519) -> 1814 (b' PRO') has 248 occurance
merge 1560/9744: (354, 277) -> 1815 (b' tiri') has 247 occurance
merge 1561/9744: (403, 332) -> 1816 (b' tamo') has 247 occurance
merge 1562/9744: (557, 1440) -> 1817 (b' devet') has 247 occurance
merge 1563/9744: (294, 106) -> 1818 (b'daj') has 247 occurance
merge 1564/9744: (99, 953) -> 1819 (b'com') has 247 occurance
merge 1565/9744: (389, 340) -> 1820 (b' palje') has 247 occurance
merge 1566/9744: (1074, 803) -> 1821 (b'Jovan') has 246 occurance
merge 1567/9744: (480, 450) -> 1822 (b' Zem') has 246 occurance
merge 1568/9744: (292, 114) -> 1823 (b'gor') has 246 occurance
merge 1569/9744: (367, 291) -> 1824 (b'sima') has 246 occurance
merge 1570/9744: (969, 268) -> 1825 (b'\xc5\xa1tvo') has 246 occurance
merge 1571/9744: (352, 110) -> 1826 (b'san') has 246 occurance
merge 1572/9744: (418, 270) -> 1827 (b' hva') has 246 occurance
merge 1573/9744: (1487, 340) -> 1828 (b' Kralje') has 246 occurance
merge 1574/9744: (100, 362) -> 1829 (b'd\xc5\xbei') has 245 occurance
merge 1575/9744: (270, 397) -> 1830 (b'vanje') has 245 occurance
merge 1576/9744: (1167, 356) -> 1831 (b' svjedo') has 245 occurance
merge 1577/9744: (819, 997) -> 1832 (b' Crno') has 245 occurance
merge 1578/9744: (506, 299) -> 1833 (b' druga') has 244 occurance
merge 1579/9744: (525, 634) -> 1834 (b' poslije') has 244 occurance
merge 1580/9744: (98, 114) -> 1835 (b'br') has 244 occurance
merge 1581/9744: (430, 386) -> 1836 (b' propa') has 244 occurance
merge 1582/9744: (629, 264) -> 1837 (b' obra') has 244 occurance
merge 1583/9744: (323, 285) -> 1838 (b' kla') has 244 occurance
merge 1584/9744: (517, 390) -> 1839 (b' vodu') has 243 occurance
merge 1585/9744: (322, 109) -> 1840 (b'\xc4\x8dem') has 243 occurance
merge 1586/9744: (264, 106) -> 1841 (b'raj') has 243 occurance
merge 1587/9744: (58, 331) -> 1842 (b':\n\n') has 243 occurance
merge 1588/9744: (117, 114) -> 1843 (b'ur') has 243 occurance
merge 1589/9744: (1450, 401) -> 1844 (b' hilja') has 243 occurance
merge 1590/9744: (371, 281) -> 1845 (b' vina') has 242 occurance
merge 1591/9744: (285, 485) -> 1846 (b'laze') has 242 occurance
merge 1592/9744: (553, 609) -> 1847 (b' Izrailj') has 242 occurance
merge 1593/9744: (552, 295) -> 1848 (b' brate') has 242 occurance
merge 1594/9744: (307, 110) -> 1849 (b'din') has 242 occurance
merge 1595/9744: (115, 320) -> 1850 (b'sle') has 242 occurance
merge 1596/9744: (283, 110) -> 1851 (b'jan') has 242 occurance
merge 1597/9744: (1429, 390) -> 1852 (b' hajdu') has 242 occurance
merge 1598/9744: (257, 640) -> 1853 (b' svijeh') has 241 occurance
merge 1599/9744: (882, 863) -> 1854 (b' sobom') has 241 occurance
merge 1600/9744: (699, 299) -> 1855 (b' ovoga') has 241 occurance
merge 1601/9744: (77, 111) -> 1856 (b'Mo') has 241 occurance
merge 1602/9744: (1210, 378) -> 1857 (b' zapovijesti') has 241 occurance
merge 1603/9744: (269, 382) -> 1858 (b'\xc4\x8dke') has 241 occurance
merge 1604/9744: (76, 106) -> 1859 (b'Lj') has 241 occurance
merge 1605/9744: (359, 1536) -> 1860 (b' Koso') has 241 occurance
merge 1606/9744: (357, 303) -> 1861 (b' moju') has 240 occurance
merge 1607/9744: (313, 346) -> 1862 (b'lost') has 239 occurance
merge 1608/9744: (317, 696) -> 1863 (b' dobra') has 239 occurance
merge 1609/9744: (506, 571) -> 1864 (b' druge') has 239 occurance
merge 1610/9744: (275, 267) -> 1865 (b'kati') has 239 occurance
merge 1611/9744: (204, 147) -> 1866 (b'\xcc\x93') has 239 occurance
merge 1612/9744: (523, 270) -> 1867 (b' glava') has 238 occurance
merge 1613/9744: (308, 858) -> 1868 (b' koliko') has 238 occurance
merge 1614/9744: (307, 305) -> 1869 (b'di\xc5\xa1e') has 238 occurance
merge 1615/9744: (297, 346) -> 1870 (b' sest') has 238 occurance
merge 1616/9744: (661, 267) -> 1871 (b' u\xc4\x8diniti') has 237 occurance
merge 1617/9744: (259, 355) -> 1872 (b' i\xc4\x87i') has 237 occurance
merge 1618/9744: (86, 69) -> 1873 (b'VE') has 236 occurance
merge 1619/9744: (726, 289) -> 1874 (b' drve') has 236 occurance
merge 1620/9744: (612, 109) -> 1875 (b'som') has 236 occurance
merge 1621/9744: (261, 382) -> 1876 (b'\xc5\xa1ke') has 236 occurance
merge 1622/9744: (297, 100) -> 1877 (b' sed') has 235 occurance
merge 1623/9744: (375, 298) -> 1878 (b' Pro') has 235 occurance
merge 1624/9744: (357, 109) -> 1879 (b' mom') has 235 occurance
merge 1625/9744: (319, 1314) -> 1880 (b' odgovara') has 235 occurance
merge 1626/9744: (344, 109) -> 1881 (b' svom') has 235 occurance
merge 1627/9744: (357, 732) -> 1882 (b' mojega') has 234 occurance
merge 1628/9744: (115, 281) -> 1883 (b'sna') has 234 occurance
merge 1629/9744: (881, 744) -> 1884 (b' sve\xc5\xa1tenik') has 234 occurance
merge 1630/9744: (261, 380) -> 1885 (b'\xc5\xa1ki') has 233 occurance
merge 1631/9744: (488, 674) -> 1886 (b' rukom') has 233 occurance
merge 1632/9744: (52, 49) -> 1887 (b'41') has 233 occurance
merge 1633/9744: (290, 273) -> 1888 (b' povi') has 233 occurance
merge 1634/9744: (257, 1249) -> 1889 (b' sramo') has 233 occurance
merge 1635/9744: (1497, 287) -> 1890 (b' \xc5\xa0ato') has 233 occurance
merge 1636/9744: (352, 111) -> 1891 (b'sao') has 232 occurance
merge 1637/9744: (735, 109) -> 1892 (b' jednom') has 232 occurance
merge 1638/9744: (257, 365) -> 1893 (b' sku') has 232 occurance
merge 1639/9744: (111, 291) -> 1894 (b'oma') has 231 occurance
merge 1640/9744: (306, 292) -> 1895 (b'nego') has 231 occurance
merge 1641/9744: (66, 85) -> 1896 (b'BU') has 231 occurance
merge 1642/9744: (517, 294) -> 1897 (b' voda') has 230 occurance
merge 1643/9744: (475, 593) -> 1898 (b' njegovijem') has 230 occurance
merge 1644/9744: (340, 109) -> 1899 (b'ljem') has 230 occurance
merge 1645/9744: (83, 101) -> 1900 (b'Se') has 230 occurance
merge 1646/9744: (672, 1259) -> 1901 (b' dvanaest') has 230 occurance
merge 1647/9744: (503, 314) -> 1902 (b' ljude') has 230 occurance
merge 1648/9744: (373, 355) -> 1903 (b' re\xc4\x87i') has 230 occurance
merge 1649/9744: (103, 278) -> 1904 (b'gre') has 230 occurance
merge 1650/9744: (332, 279) -> 1905 (b'moli') has 230 occurance
merge 1651/9744: (448, 909) -> 1906 (b' prijate') has 230 occurance
merge 1652/9744: (552, 116) -> 1907 (b' brat') has 229 occurance
merge 1653/9744: (263, 836) -> 1908 (b' osve') has 229 occurance
merge 1654/9744: (311, 581) -> 1909 (b' za\xc5\xa1to') has 229 occurance
merge 1655/9744: (373, 847) -> 1910 (b' rekao') has 229 occurance
merge 1656/9744: (100, 337) -> 1911 (b'dnu') has 229 occurance
merge 1657/9744: (498, 65) -> 1912 (b'EVA') has 228 occurance
merge 1658/9744: (277, 288) -> 1913 (b'riji') has 228 occurance
merge 1659/9744: (374, 279) -> 1914 (b'seli') has 228 occurance
merge 1660/9744: (313, 378) -> 1915 (b'losti') has 228 occurance
merge 1661/9744: (46, 80) -> 1916 (b'.P') has 228 occurance
merge 1662/9744: (270, 99) -> 1917 (b'vac') has 228 occurance
merge 1663/9744: (486, 103) -> 1918 (b'skog') has 228 occurance
merge 1664/9744: (339, 314) -> 1919 (b' gde') has 228 occurance
merge 1665/9744: (329, 298) -> 1920 (b' tro') has 227 occurance
merge 1666/9744: (536, 458) -> 1921 (b'\xc4\x91ahu') has 227 occurance
merge 1667/9744: (1081, 346) -> 1922 (b' milost') has 227 occurance
merge 1668/9744: (290, 287) -> 1923 (b' poto') has 227 occurance
merge 1669/9744: (84, 97) -> 1924 (b'Ta') has 227 occurance
merge 1670/9744: (276, 110) -> 1925 (b'tan') has 227 occurance
merge 1671/9744: (263, 400) -> 1926 (b' ovu') has 227 occurance
merge 1672/9744: (307, 109) -> 1927 (b'dim') has 227 occurance
merge 1673/9744: (63, 331) -> 1928 (b'?\n\n') has 227 occurance
merge 1674/9744: (520, 118) -> 1929 (b' nov') has 227 occurance
merge 1675/9744: (327, 273) -> 1930 (b' Avi') has 227 occurance
merge 1676/9744: (827, 270) -> 1931 (b' Njegova') has 227 occurance
merge 1677/9744: (1056, 460) -> 1932 (b' Jerusalimu') has 227 occurance
merge 1678/9744: (388, 283) -> 1933 (b'mija') has 226 occurance
merge 1679/9744: (624, 294) -> 1934 (b'Gospoda') has 226 occurance
merge 1680/9744: (76, 1136) -> 1935 (b'Luka') has 226 occurance
merge 1681/9744: (1033, 289) -> 1936 (b' \xc5\xbertve') has 226 occurance
merge 1682/9744: (321, 114) -> 1937 (b'car') has 226 occurance
merge 1683/9744: (118, 282) -> 1938 (b'vni') has 226 occurance
merge 1684/9744: (502, 896) -> 1939 (b' stvari') has 226 occurance
merge 1685/9744: (290, 265) -> 1940 (b' poko') has 226 occurance
merge 1686/9744: (281, 298) -> 1941 (b'naro') has 226 occurance
merge 1687/9744: (770, 273) -> 1942 (b' prvi') has 225 occurance
merge 1688/9744: (332, 270) -> 1943 (b'mova') has 225 occurance
merge 1689/9744: (424, 417) -> 1944 (b' vezi') has 225 occurance
merge 1690/9744: (76, 494) -> 1945 (b'LI\xc4\x86') has 225 occurance
merge 1691/9744: (52, 50) -> 1946 (b'42') has 224 occurance
merge 1692/9744: (354, 952) -> 1947 (b' tijelo') has 224 occurance
merge 1693/9744: (308, 1444) -> 1948 (b' koljena') has 224 occurance
merge 1694/9744: (829, 294) -> 1949 (b' Onda') has 224 occurance
merge 1695/9744: (114, 282) -> 1950 (b'rni') has 224 occurance
merge 1696/9744: (553, 401) -> 1951 (b' Izrailja') has 224 occurance
merge 1697/9744: (359, 117) -> 1952 (b' Ku') has 224 occurance
merge 1698/9744: (519, 757) -> 1953 (b'ROKA') has 224 occurance
merge 1699/9744: (545, 270) -> 1954 (b' \xc4\x8duva') has 223 occurance
merge 1700/9744: (116, 268) -> 1955 (b'tvo') has 223 occurance
merge 1701/9744: (1270, 281) -> 1956 (b' stotina') has 223 occurance
merge 1702/9744: (272, 363) -> 1957 (b' u\xc4\x91e') has 223 occurance
merge 1703/9744: (473, 314) -> 1958 (b' stade') has 223 occurance
merge 1704/9744: (280, 787) -> 1959 (b' natra') has 223 occurance
merge 1705/9744: (467, 340) -> 1960 (b' bolje') has 223 occurance
merge 1706/9744: (264, 275) -> 1961 (b'raka') has 223 occurance
merge 1707/9744: (1814, 1953) -> 1962 (b' PROROKA') has 223 occurance
merge 1708/9744: (279, 275) -> 1963 (b'lika') has 222 occurance
merge 1709/9744: (272, 669) -> 1964 (b' upra') has 222 occurance
merge 1710/9744: (77, 101) -> 1965 (b'Me') has 222 occurance
merge 1711/9744: (107, 279) -> 1966 (b'kli') has 222 occurance
merge 1712/9744: (383, 1267) -> 1967 (b' mudro') has 222 occurance
merge 1713/9744: (73, 757) -> 1968 (b'IKA') has 222 occurance
merge 1714/9744: (1124, 451) -> 1969 (b' Hristo') has 222 occurance
merge 1715/9744: (105, 291) -> 1970 (b'ima') has 221 occurance
merge 1716/9744: (263, 841) -> 1971 (b' onijeh') has 220 occurance
merge 1717/9744: (299, 111) -> 1972 (b'gao') has 220 occurance
merge 1718/9744: (725, 287) -> 1973 (b' eto') has 219 occurance
merge 1719/9744: (263, 772) -> 1974 (b' opro') has 219 occurance
merge 1720/9744: (329, 256) -> 1975 (b' tje') has 219 occurance
merge 1721/9744: (263, 337) -> 1976 (b' onu') has 219 occurance
merge 1722/9744: (654, 296) -> 1977 (b' la\xc5\xbe') has 219 occurance
merge 1723/9744: (302, 103) -> 1978 (b'nog') has 219 occurance
merge 1724/9744: (337, 111) -> 1979 (b'nuo') has 219 occurance
merge 1725/9744: (722, 109) -> 1980 (b'zum') has 219 occurance
merge 1726/9744: (538, 436) -> 1981 (b' du\xc5\xa1a') has 218 occurance
merge 1727/9744: (575, 337) -> 1982 (b' \xc5\xbeenu') has 218 occurance
merge 1728/9744: (307, 261) -> 1983 (b'di\xc5\xa1') has 218 occurance
merge 1729/9744: (263, 1441) -> 1984 (b' okre') has 218 occurance
merge 1730/9744: (638, 267) -> 1985 (b' govoriti') has 218 occurance
merge 1731/9744: (83, 105) -> 1986 (b'Si') has 218 occurance
merge 1732/9744: (452, 109) -> 1987 (b'hom') has 218 occurance
merge 1733/9744: (375, 105) -> 1988 (b' Pi') has 218 occurance
merge 1734/9744: (290, 788) -> 1989 (b' pogla') has 218 occurance
merge 1735/9744: (556, 275) -> 1990 (b' velika') has 217 occurance
merge 1736/9744: (285, 110) -> 1991 (b'lan') has 217 occurance
merge 1737/9744: (389, 314) -> 1992 (b' pade') has 217 occurance
merge 1738/9744: (894, 273) -> 1993 (b'Davi') has 217 occurance
merge 1739/9744: (277, 111) -> 1994 (b'rio') has 216 occurance
merge 1740/9744: (311, 1054) -> 1995 (b' zapita') has 216 occurance
merge 1741/9744: (468, 276) -> 1996 (b' puta') has 216 occurance
merge 1742/9744: (1517, 1896) -> 1997 (b'ERBU') has 216 occurance
merge 1743/9744: (1997, 1945) -> 1998 (b'ERBULI\xc4\x86') has 216 occurance
merge 1744/9744: (422, 268) -> 1999 (b' Ovo') has 215 occurance
merge 1745/9744: (356, 572) -> 2000 (b'dovima') has 215 occurance
merge 1746/9744: (680, 261) -> 2001 (b' ne\xc4\x87e\xc5\xa1') has 215 occurance
merge 1747/9744: (317, 993) -> 2002 (b' do\xc5\xa1ao') has 215 occurance
merge 1748/9744: (520, 271) -> 2003 (b' no\xc4\x87') has 214 occurance
merge 1749/9744: (1045, 1469) -> 2004 (b'*Jezek') has 214 occurance
merge 1750/9744: (258, 303) -> 2005 (b' nju') has 214 occurance
merge 1751/9744: (979, 318) -> 2006 (b' gospodaru') has 214 occurance
merge 1752/9744: (263, 1779) -> 2007 (b' oru\xc5\xbe') has 214 occurance
merge 1753/9744: (74, 69) -> 2008 (b'JE') has 213 occurance
merge 1754/9744: (98, 279) -> 2009 (b'bli') has 213 occurance
merge 1755/9744: (714, 100) -> 2010 (b'grad') has 213 occurance
merge 1756/9744: (277, 267) -> 2011 (b'riti') has 213 occurance
merge 1757/9744: (538, 767) -> 2012 (b' du\xc5\xa1u') has 213 occurance
merge 1758/9744: (552, 1568) -> 2013 (b' bra\xc4\x87o') has 213 occurance
merge 1759/9744: (264, 282) -> 2014 (b'rani') has 213 occurance
merge 1760/9744: (371, 612) -> 2015 (b' viso') has 213 occurance
merge 1761/9744: (367, 267) -> 2016 (b'siti') has 213 occurance
merge 1762/9744: (799, 275) -> 2017 (b' junaka') has 213 occurance
merge 1763/9744: (483, 1998) -> 2018 (b'\xc5\xa0ERBULI\xc4\x86') has 213 occurance
merge 1764/9744: (1406, 361) -> 2019 (b' Srbi') has 212 occurance
merge 1765/9744: (556, 265) -> 2020 (b' veliko') has 212 occurance
merge 1766/9744: (886, 256) -> 2021 (b'svoje') has 212 occurance
merge 1767/9744: (288, 291) -> 2022 (b'jima') has 212 occurance
merge 1768/9744: (404, 264) -> 2023 (b'bora') has 212 occurance
merge 1769/9744: (1124, 351) -> 2024 (b' Hrista') has 212 occurance
merge 1770/9744: (621, 117) -> 2025 (b' Ru') has 211 occurance
merge 1771/9744: (52, 54) -> 2026 (b'46') has 211 occurance
merge 1772/9744: (407, 261) -> 2027 (b' va\xc5\xa1') has 211 occurance
merge 1773/9744: (259, 1484) -> 2028 (b' istrije') has 210 occurance
merge 1774/9744: (267, 109) -> 2029 (b'tim') has 210 occurance
merge 1775/9744: (106, 314) -> 2030 (b'jde') has 210 occurance
merge 1776/9744: (446, 299) -> 2031 (b' maga') has 210 occurance
merge 1777/9744: (563, 122) -> 2032 (b' praz') has 210 occurance
merge 1778/9744: (290, 283) -> 2033 (b' poja') has 210 occurance
merge 1779/9744: (888, 291) -> 2034 (b' vratima') has 209 occurance
merge 1780/9744: (263, 1639) -> 2035 (b' osim') has 209 occurance
merge 1781/9744: (527, 296) -> 2036 (b' slu\xc5\xbe') has 209 occurance
merge 1782/9744: (52, 52) -> 2037 (b'44') has 208 occurance
merge 1783/9744: (475, 273) -> 2038 (b' njegovi') has 208 occurance
merge 1784/9744: (573, 1809) -> 2039 (b' \xc4\x8detiri') has 208 occurance
merge 1785/9744: (265, 305) -> 2040 (b'ko\xc5\xa1e') has 208 occurance
merge 1786/9744: (115, 282) -> 2041 (b'sni') has 208 occurance
merge 1787/9744: (692, 273) -> 2042 (b' Izrailjevi') has 208 occurance
merge 1788/9744: (1007, 321) -> 2043 (b' otaca') has 208 occurance
merge 1789/9744: (34, 44) -> 2044 (b'",') has 208 occurance
merge 1790/9744: (116, 306) -> 2045 (b'tne') has 207 occurance
merge 1791/9744: (1003, 346) -> 2046 (b' \xc5\xa1est') has 207 occurance
merge 1792/9744: (356, 107) -> 2047 (b'dok') has 207 occurance
merge 1793/9744: (116, 270) -> 2048 (b'tva') has 207 occurance
merge 1794/9744: (107, 268) -> 2049 (b'kvo') has 207 occurance
merge 1795/9744: (429, 102) -> 2050 (b' Jef') has 207 occurance
merge 1796/9744: (301, 380) -> 2051 (b' neki') has 207 occurance
merge 1797/9744: (652, 724) -> 2052 (b' mjestu') has 206 occurance
merge 1798/9744: (1284, 294) -> 2053 (b' vojvoda') has 206 occurance
merge 1799/9744: (467, 320) -> 2054 (b' bole') has 206 occurance
merge 1800/9744: (347, 1439) -> 2055 (b' MOJ') has 205 occurance
merge 1801/9744: (431, 1912) -> 2056 (b'IJEVA') has 205 occurance
merge 1802/9744: (973, 353) -> 2057 (b' podi\xc5\xbee') has 205 occurance
merge 1803/9744: (726, 362) -> 2058 (b' dr\xc5\xbei') has 205 occurance
merge 1804/9744: (407, 401) -> 2059 (b' valja') has 205 occurance
merge 1805/9744: (282, 1043) -> 2060 (b'ni\xc4\x8dki') has 205 occurance
merge 1806/9744: (116, 265) -> 2061 (b'tko') has 205 occurance
merge 1807/9744: (389, 378) -> 2062 (b' pasti') has 204 occurance
merge 1808/9744: (371, 367) -> 2063 (b' visi') has 204 occurance
merge 1809/9744: (279, 416) -> 2064 (b'lice') has 204 occurance
merge 1810/9744: (292, 305) -> 2065 (b'go\xc5\xa1e') has 204 occurance
merge 1811/9744: (434, 275) -> 2066 (b'vojka') has 204 occurance
merge 1812/9744: (52, 51) -> 2067 (b'43') has 204 occurance
merge 1813/9744: (2055, 83) -> 2068 (b' MOJS') has 203 occurance
merge 1814/9744: (2068, 2056) -> 2069 (b' MOJSIJEVA') has 203 occurance
merge 1815/9744: (308, 1626) -> 2070 (b' kov\xc4\x8de') has 203 occurance
merge 1816/9744: (83, 289) -> 2071 (b'Sve') has 203 occurance
merge 1817/9744: (819, 114) -> 2072 (b' Cr') has 203 occurance
merge 1818/9744: (342, 289) -> 2073 (b' izve') has 202 occurance
merge 1819/9744: (1404, 291) -> 2074 (b' narodima') has 202 occurance
merge 1820/9744: (118, 320) -> 2075 (b'vle') has 202 occurance
merge 1821/9744: (77, 82) -> 2076 (b'MR') has 202 occurance
merge 1822/9744: (512, 1296) -> 2077 (b' Janko') has 202 occurance
merge 1823/9744: (118, 281) -> 2078 (b'vna') has 201 occurance
merge 1824/9744: (443, 432) -> 2079 (b' Gospodnja') has 201 occurance
merge 1825/9744: (509, 118) -> 2080 (b' \xc5\xbeiv') has 201 occurance
merge 1826/9744: (483, 287) -> 2081 (b'\xc5\xa0to') has 201 occurance
merge 1827/9744: (410, 370) -> 2082 (b'baci') has 201 occurance
merge 1828/9744: (610, 256) -> 2083 (b' pije') has 201 occurance
merge 1829/9744: (263, 669) -> 2084 (b' opra') has 201 occurance
merge 1830/9744: (109, 114) -> 2085 (b'mr') has 201 occurance
merge 1831/9744: (482, 305) -> 2086 (b'\xc5\xbea\xc5\xa1e') has 200 occurance
merge 1832/9744: (1096, 110) -> 2087 (b' kamen') has 200 occurance
merge 1833/9744: (270, 307) -> 2088 (b'vadi') has 200 occurance
merge 1834/9744: (329, 106) -> 2089 (b' tj') has 200 occurance
merge 1835/9744: (534, 100) -> 2090 (b' rod') has 199 occurance
merge 1836/9744: (82, 97) -> 2091 (b'Ra') has 199 occurance
merge 1837/9744: (1959, 103) -> 2092 (b' natrag') has 199 occurance
merge 1838/9744: (720, 326) -> 2093 (b' onome') has 199 occurance
merge 1839/9744: (1023, 299) -> 2094 (b' na\xc5\xa1ega') has 199 occurance
merge 1840/9744: (109, 607) -> 2095 (b'mrt') has 199 occurance
merge 1841/9744: (320, 265) -> 2096 (b'leko') has 199 occurance
merge 1842/9744: (472, 452) -> 2097 (b'njiho') has 199 occurance
merge 1843/9744: (80, 298) -> 2098 (b'Pro') has 198 occurance
merge 1844/9744: (1132, 402) -> 2099 (b' pokaza') has 198 occurance
merge 1845/9744: (301, 1220) -> 2100 (b' nemoj') has 198 occurance
merge 1846/9744: (263, 1634) -> 2101 (b' oganj') has 198 occurance
merge 1847/9744: (1689, 102) -> 2102 (b' Josif') has 198 occurance
merge 1848/9744: (84, 111) -> 2103 (b'To') has 198 occurance
merge 1849/9744: (280, 1352) -> 2104 (b' napisa') has 198 occurance
merge 1850/9744: (69, 84) -> 2105 (b'ET') has 198 occurance
merge 1851/9744: (525, 320) -> 2106 (b' posle') has 198 occurance
merge 1852/9744: (272, 402) -> 2107 (b' uza') has 197 occurance
merge 1853/9744: (615, 100) -> 2108 (b'spod') has 197 occurance
merge 1854/9744: (403, 114) -> 2109 (b' tar') has 197 occurance
merge 1855/9744: (324, 267) -> 2110 (b'\xc4\x8diti') has 197 occurance
merge 1856/9744: (281, 100) -> 2111 (b'nad') has 196 occurance
merge 1857/9744: (1604, 321) -> 2112 (b' mjeseca') has 196 occurance
merge 1858/9744: (432, 305) -> 2113 (b'nja\xc5\xa1e') has 196 occurance
merge 1859/9744: (326, 970) -> 2114 (b'metnu') has 196 occurance
merge 1860/9744: (336, 952) -> 2115 (b' bijelo') has 196 occurance
merge 1861/9744: (115, 273) -> 2116 (b'svi') has 196 occurance
merge 1862/9744: (937, 104) -> 2117 (b' rekoh') has 196 occurance
merge 1863/9744: (270, 281) -> 2118 (b'vana') has 196 occurance
merge 1864/9744: (561, 306) -> 2119 (b' ostane') has 196 occurance
merge 1865/9744: (261, 275) -> 2120 (b'\xc5\xa1ka') has 196 occurance
merge 1866/9744: (378, 267) -> 2121 (b'stiti') has 195 occurance
merge 1867/9744: (798, 291) -> 2122 (b' ljudima') has 195 occurance
merge 1868/9744: (289, 110) -> 2123 (b'ven') has 195 occurance
merge 1869/9744: (477, 442) -> 2124 (b' kupi') has 195 occurance
merge 1870/9744: (391, 1243) -> 2125 (b' sunce') has 195 occurance
merge 1871/9744: (311, 619) -> 2126 (b' zakle') has 195 occurance
merge 1872/9744: (103, 114) -> 2127 (b'gr') has 195 occurance
merge 1873/9744: (63, 945) -> 2128 (b'?"\n') has 195 occurance
merge 1874/9744: (678, 10) -> 2129 (b' -\n') has 195 occurance
merge 1875/9744: (418, 117) -> 2130 (b' hu') has 194 occurance
merge 1876/9744: (279, 267) -> 2131 (b'liti') has 194 occurance
merge 1877/9744: (706, 306) -> 2132 (b' \xc4\x8dine') has 194 occurance
merge 1878/9744: (975, 374) -> 2133 (b' spase') has 194 occurance
merge 1879/9744: (65, 108) -> 2134 (b'Al') has 194 occurance
merge 1880/9744: (52, 53) -> 2135 (b'45') has 193 occurance
merge 1881/9744: (280, 880) -> 2136 (b' namje') has 193 occurance
merge 1882/9744: (282, 305) -> 2137 (b'ni\xc5\xa1e') has 193 occurance
merge 1883/9744: (327, 264) -> 2138 (b' Ara') has 193 occurance
merge 1884/9744: (324, 111) -> 2139 (b'\xc4\x8dio') has 193 occurance
merge 1885/9744: (404, 340) -> 2140 (b'bolje') has 193 occurance
merge 1886/9744: (260, 318) -> 2141 (b' pru') has 192 occurance
merge 1887/9744: (473, 277) -> 2142 (b' stari') has 192 occurance
merge 1888/9744: (323, 320) -> 2143 (b' kle') has 192 occurance
merge 1889/9744: (306, 367) -> 2144 (b'nesi') has 192 occurance
merge 1890/9744: (624, 390) -> 2145 (b'Gospodu') has 192 occurance
merge 1891/9744: (1012, 462) -> 2146 (b' knjigu') has 192 occurance
merge 1892/9744: (272, 1054) -> 2147 (b' upita') has 192 occurance
merge 1893/9744: (337, 267) -> 2148 (b'nuti') has 192 occurance
merge 1894/9744: (116, 546) -> 2149 (b'tvr') has 191 occurance
merge 1895/9744: (385, 101) -> 2150 (b' Be') has 191 occurance
merge 1896/9744: (1011, 103) -> 2151 (b'Bog') has 191 occurance
merge 1897/9744: (654, 1460) -> 2152 (b' lakata') has 191 occurance
merge 1898/9744: (279, 109) -> 2153 (b'lim') has 191 occurance
merge 1899/9744: (310, 332) -> 2154 (b'\xc4\x87emo') has 191 occurance
merge 1900/9744: (97, 118) -> 2155 (b'av') has 191 occurance
merge 1901/9744: (34, 79) -> 2156 (b'"O') has 191 occurance
merge 1902/9744: (673, 365) -> 2157 (b' \xc4\x8dovjeku') has 190 occurance
merge 1903/9744: (265, 256) -> 2158 (b'koje') has 190 occurance
merge 1904/9744: (560, 732) -> 2159 (b' tvojega') has 190 occurance
merge 1905/9744: (270, 285) -> 2160 (b'vala') has 190 occurance
merge 1906/9744: (641, 105) -> 2161 (b' Li') has 190 occurance
merge 1907/9744: (73, 648) -> 2162 (b'IMA') has 190 occurance
merge 1908/9744: (709, 273) -> 2163 (b' krvi') has 189 occurance
merge 1909/9744: (341, 108) -> 2164 (b' sil') has 189 occurance
merge 1910/9744: (327, 291) -> 2165 (b' Ama') has 189 occurance
merge 1911/9744: (613, 400) -> 2166 (b' njihovu') has 189 occurance
merge 1912/9744: (263, 435) -> 2167 (b' obe') has 189 occurance
merge 1913/9744: (264, 291) -> 2168 (b'rama') has 189 occurance
merge 1914/9744: (300, 114) -> 2169 (b' dar') has 189 occurance
merge 1915/9744: (706, 276) -> 2170 (b' \xc4\x8dita') has 189 occurance
merge 1916/9744: (1162, 388) -> 2171 (b'nijami') has 189 occurance
merge 1917/9744: (796, 291) -> 2172 (b' o\xc4\x8dima') has 189 occurance
merge 1918/9744: (258, 783) -> 2173 (b' njom') has 188 occurance
merge 1919/9744: (1183, 1463) -> 2174 (b' govora\xc5\xa1e') has 188 occurance
merge 1920/9744: (1285, 289) -> 2175 (b' zove') has 188 occurance
merge 1921/9744: (629, 256) -> 2176 (b' obje') has 188 occurance
merge 1922/9744: (610, 352) -> 2177 (b' pisa') has 188 occurance
merge 1923/9744: (302, 378) -> 2178 (b'nosti') has 188 occurance
merge 1924/9744: (80, 277) -> 2179 (b'Pri') has 187 occurance
merge 1925/9744: (41, 46) -> 2180 (b').') has 187 occurance
merge 1926/9744: (344, 283) -> 2181 (b' svoja') has 187 occurance
merge 1927/9744: (263, 309) -> 2182 (b' opo') has 187 occurance
merge 1928/9744: (115, 593) -> 2183 (b'svijem') has 187 occurance
merge 1929/9744: (114, 521) -> 2184 (b'rski') has 187 occurance
merge 1930/9744: (342, 294) -> 2185 (b' izda') has 187 occurance
merge 1931/9744: (272, 289) -> 2186 (b' uve') has 187 occurance
merge 1932/9744: (272, 388) -> 2187 (b' umi') has 187 occurance
merge 1933/9744: (481, 935) -> 2188 (b' svakoga') has 186 occurance
merge 1934/9744: (311, 386) -> 2189 (b' zapa') has 186 occurance
merge 1935/9744: (418, 933) -> 2190 (b' hvali') has 186 occurance
merge 1936/9744: (307, 306) -> 2191 (b'dine') has 186 occurance
merge 1937/9744: (324, 281) -> 2192 (b'\xc4\x8dina') has 186 occurance
merge 1938/9744: (82, 69) -> 2193 (b'RE') has 186 occurance
merge 1939/9744: (879, 276) -> 2194 (b' \xc5\xbeivota') has 185 occurance
merge 1940/9744: (103, 281) -> 2195 (b'gna') has 185 occurance
merge 1941/9744: (260, 313) -> 2196 (b' plo') has 185 occurance
merge 1942/9744: (285, 109) -> 2197 (b'lam') has 185 occurance
merge 1943/9744: (290, 1122) -> 2198 (b' pobje') has 185 occurance
merge 1944/9744: (290, 340) -> 2199 (b' polje') has 185 occurance
merge 1945/9744: (286, 427) -> 2200 (b' zvije') has 184 occurance
merge 1946/9744: (538, 305) -> 2201 (b' du\xc5\xa1e') has 184 occurance
merge 1947/9744: (327, 289) -> 2202 (b' Ave') has 184 occurance
merge 1948/9744: (46, 73) -> 2203 (b'.I') has 184 occurance
merge 1949/9744: (417, 270) -> 2204 (b'ziva') has 184 occurance
merge 1950/9744: (317, 895) -> 2205 (b' dolazi') has 184 occurance
merge 1951/9744: (263, 905) -> 2206 (b' osam') has 183 occurance
merge 1952/9744: (1150, 265) -> 2207 (b' jednako') has 183 occurance
merge 1953/9744: (385, 740) -> 2208 (b' Blago') has 183 occurance
merge 1954/9744: (279, 365) -> 2209 (b'liku') has 183 occurance
merge 1955/9744: (406, 858) -> 2210 (b' toliko') has 183 occurance
merge 1956/9744: (290, 261) -> 2211 (b' po\xc5\xa1') has 183 occurance
merge 1957/9744: (276, 99) -> 2212 (b'tac') has 183 occurance
merge 1958/9744: (116, 302) -> 2213 (b'tno') has 183 occurance
merge 1959/9744: (393, 114) -> 2214 (b' mir') has 183 occurance
merge 1960/9744: (273, 416) -> 2215 (b'vice') has 182 occurance
merge 1961/9744: (301, 581) -> 2216 (b' ne\xc5\xa1to') has 182 occurance
merge 1962/9744: (985, 285) -> 2217 (b' krila') has 181 occurance
merge 1963/9744: (430, 619) -> 2218 (b' prokle') has 181 occurance
merge 1964/9744: (272, 1723) -> 2219 (b' uzima') has 181 occurance
merge 1965/9744: (296, 607) -> 2220 (b'\xc5\xbert') has 181 occurance
merge 1966/9744: (341, 337) -> 2221 (b' sinu') has 181 occurance
merge 1967/9744: (42, 1711) -> 2222 (b'*Djela') has 181 occurance
merge 1968/9744: (319, 278) -> 2223 (b' odre') has 181 occurance
merge 1969/9744: (749, 400) -> 2224 (b' slavu') has 181 occurance
merge 1970/9744: (302, 289) -> 2225 (b'nove') has 180 occurance
merge 1971/9744: (979, 114) -> 2226 (b' gospodar') has 180 occurance
merge 1972/9744: (534, 294) -> 2227 (b' roda') has 180 occurance
merge 1973/9744: (301, 351) -> 2228 (b' nesta') has 180 occurance
merge 1974/9744: (334, 745) -> 2229 (b' sa\xc4\x8du') has 180 occurance
merge 1975/9744: (657, 388) -> 2230 (b' uzmi') has 180 occurance
merge 1976/9744: (308, 535) -> 2231 (b' kojoj') has 180 occurance
merge 1977/9744: (338, 515) -> 2232 (b' Sad') has 180 occurance
merge 1978/9744: (552, 474) -> 2233 (b' bra\xc4\x87a') has 180 occurance
merge 1979/9744: (264, 458) -> 2234 (b'rahu') has 180 occurance
merge 1980/9744: (573, 275) -> 2235 (b' \xc4\x8deka') has 180 occurance
merge 1981/9744: (1694, 686) -> 2236 (b' nasljedstvo') has 180 occurance
merge 1982/9744: (323, 318) -> 2237 (b' kru') has 180 occurance
merge 1983/9744: (1315, 1500) -> 2238 (b'PR\xc5\xa0I\xc4\x86') has 180 occurance
merge 1984/9744: (84, 69) -> 2239 (b'TE') has 179 occurance
merge 1985/9744: (835, 1226) -> 2240 (b' ispred') has 179 occurance
merge 1986/9744: (426, 296) -> 2241 (b' Bo\xc5\xbe') has 179 occurance
merge 1987/9744: (290, 581) -> 2242 (b' po\xc5\xa1to') has 179 occurance
merge 1988/9744: (323, 278) -> 2243 (b' kre') has 179 occurance
merge 1989/9744: (635, 367) -> 2244 (b' Misi') has 179 occurance
merge 1990/9744: (635, 955) -> 2245 (b' Misir') has 179 occurance
merge 1991/9744: (317, 994) -> 2246 (b' donese') has 179 occurance
merge 1992/9744: (473, 820) -> 2247 (b' stado\xc5\xa1e') has 179 occurance
merge 1993/9744: (85, 544) -> 2248 (b'UTI') has 179 occurance
merge 1994/9744: (1623, 107) -> 2249 (b' \xc4\x8dovek') has 179 occurance
merge 1995/9744: (265, 270) -> 2250 (b'kova') has 178 occurance
merge 1996/9744: (290, 324) -> 2251 (b' po\xc4\x8di') has 178 occurance
merge 1997/9744: (747, 337) -> 2252 (b' imenu') has 178 occurance
merge 1998/9744: (731, 104) -> 2253 (b'\xc4\x91oh') has 178 occurance
merge 1999/9744: (272, 292) -> 2254 (b' ugo') has 178 occurance
merge 2000/9744: (288, 321) -> 2255 (b'jica') has 178 occurance
merge 2001/9744: (287, 299) -> 2256 (b'toga') has 178 occurance
merge 2002/9744: (261, 401) -> 2257 (b'\xc5\xa1lja') has 178 occurance
merge 2003/9744: (277, 416) -> 2258 (b'rice') has 178 occurance
merge 2004/9744: (850, 421) -> 2259 (b'OVAN') has 178 occurance
merge 2005/9744: (33, 34) -> 2260 (b'!"') has 178 occurance
merge 2006/9744: (1265, 2238) -> 2261 (b'LEPR\xc5\xa0I\xc4\x86') has 178 occurance
merge 2007/9744: (52, 56) -> 2262 (b'48') has 177 occurance
merge 2008/9744: (652, 351) -> 2263 (b' mjesta') has 177 occurance
merge 2009/9744: (632, 291) -> 2264 (b'prema') has 177 occurance
merge 2010/9744: (257, 303) -> 2265 (b' sju') has 177 occurance
merge 2011/9744: (352, 291) -> 2266 (b'sama') has 177 occurance
merge 2012/9744: (341, 306) -> 2267 (b' sine') has 177 occurance
merge 2013/9744: (278, 109) -> 2268 (b'rem') has 177 occurance
merge 2014/9744: (345, 533) -> 2269 (b' Njemu') has 177 occurance
merge 2015/9744: (324, 295) -> 2270 (b'\xc4\x8dite') has 177 occurance
merge 2016/9744: (302, 346) -> 2271 (b'nost') has 177 occurance
merge 2017/9744: (301, 309) -> 2272 (b' nepo') has 177 occurance
merge 2018/9744: (1219, 46) -> 2273 (b'...') has 177 occurance
merge 2019/9744: (550, 305) -> 2274 (b' ima\xc5\xa1e') has 176 occurance
merge 2020/9744: (335, 320) -> 2275 (b' Gle') has 176 occurance
merge 2021/9744: (477, 474) -> 2276 (b' ku\xc4\x87a') has 176 occurance
merge 2022/9744: (1515, 722) -> 2277 (b' blizu') has 176 occurance
merge 2023/9744: (319, 111) -> 2278 (b' odo') has 176 occurance
merge 2024/9744: (286, 117) -> 2279 (b' zu') has 176 occurance
merge 2025/9744: (827, 289) -> 2280 (b' Njegove') has 176 occurance
merge 2026/9744: (892, 109) -> 2281 (b'rusalim') has 176 occurance
merge 2027/9744: (52, 57) -> 2282 (b'49') has 175 occurance
merge 2028/9744: (122, 314) -> 2283 (b'zde') has 175 occurance
merge 2029/9744: (296, 294) -> 2284 (b'\xc5\xbeda') has 175 occurance
merge 2030/9744: (418, 101) -> 2285 (b' he') has 175 occurance
merge 2031/9744: (526, 698) -> 2286 (b' pedeset') has 175 occurance
merge 2032/9744: (865, 277) -> 2287 (b' pokri') has 175 occurance
merge 2033/9744: (430, 363) -> 2288 (b' pro\xc4\x91e') has 175 occurance
merge 2034/9744: (446, 269) -> 2289 (b' ma\xc4\x8d') has 175 occurance
merge 2035/9744: (292, 273) -> 2290 (b'govi') has 175 occurance
merge 2036/9744: (409, 988) -> 2291 (b' carova') has 175 occurance
merge 2037/9744: (257, 380) -> 2292 (b' ski') has 174 occurance
merge 2038/9744: (281, 115) -> 2293 (b'nas') has 174 occurance
merge 2039/9744: (284, 277) -> 2294 (b' bri') has 174 occurance
merge 2040/9744: (339, 268) -> 2295 (b' gvo') has 173 occurance
merge 2041/9744: (1083, 875) -> 2296 (b' zapovjedio') has 173 occurance
merge 2042/9744: (762, 261) -> 2297 (b' vidi\xc5\xa1') has 173 occurance
merge 2043/9744: (396, 1126) -> 2298 (b' rados') has 173 occurance
merge 2044/9744: (1081, 378) -> 2299 (b' milosti') has 173 occurance
merge 2045/9744: (348, 318) -> 2300 (b' goru') has 173 occurance
merge 2046/9744: (629, 537) -> 2301 (b' obrati') has 173 occurance
merge 2047/9744: (1100, 291) -> 2302 (b' pesma') has 173 occurance
merge 2048/9744: (2076, 68) -> 2303 (b'MRD') has 173 occurance
merge 2049/9744: (2303, 494) -> 2304 (b'MRDI\xc4\x86') has 173 occurance
merge 2050/9744: (446, 267) -> 2305 (b' mati') has 172 occurance
merge 2051/9744: (621, 111) -> 2306 (b' Ro') has 172 occurance
merge 2052/9744: (289, 114) -> 2307 (b'ver') has 172 occurance
merge 2053/9744: (782, 270) -> 2308 (b' careva') has 172 occurance
merge 2054/9744: (391, 307) -> 2309 (b' sudi') has 172 occurance
merge 2055/9744: (956, 267) -> 2310 (b' kazati') has 172 occurance
merge 2056/9744: (306, 612) -> 2311 (b'neso') has 172 occurance
merge 2057/9744: (282, 288) -> 2312 (b'niji') has 172 occurance
merge 2058/9744: (539, 905) -> 2313 (b' nijesam') has 172 occurance
merge 2059/9744: (538, 292) -> 2314 (b' dugo') has 172 occurance
merge 2060/9744: (313, 289) -> 2315 (b'love') has 172 occurance
merge 2061/9744: (345, 597) -> 2316 (b' Njim') has 172 occurance
merge 2062/9744: (301, 636) -> 2317 (b' nezna') has 172 occurance
merge 2063/9744: (999, 271) -> 2318 (b' pomo\xc4\x87') has 172 occurance
merge 2064/9744: (424, 1894) -> 2319 (b' veoma') has 171 occurance
merge 2065/9744: (115, 386) -> 2320 (b'spa') has 171 occurance
merge 2066/9744: (565, 287) -> 2321 (b' Eto') has 171 occurance
merge 2067/9744: (279, 321) -> 2322 (b'lica') has 171 occurance
merge 2068/9744: (327, 332) -> 2323 (b' Amo') has 171 occurance
merge 2069/9744: (257, 1262) -> 2324 (b' skupi') has 171 occurance
merge 2070/9744: (1107, 1618) -> 2325 (b' smrti') has 171 occurance
merge 2071/9744: (1041, 1601) -> 2326 (b' Filiste') has 171 occurance
merge 2072/9744: (112, 401) -> 2327 (b'plja') has 171 occurance
merge 2073/9744: (1409, 108) -> 2328 (b' Saul') has 171 occurance
merge 2074/9744: (270, 109) -> 2329 (b'vam') has 171 occurance
merge 2075/9744: (107, 546) -> 2330 (b'kvr') has 171 occurance
merge 2076/9744: (327, 856) -> 2331 (b' Ahi') has 171 occurance
merge 2077/9744: (475, 640) -> 2332 (b' njegovijeh') has 170 occurance
merge 2078/9744: (361, 256) -> 2333 (b'bije') has 170 occurance
merge 2079/9744: (272, 295) -> 2334 (b' ute') has 170 occurance
merge 2080/9744: (1438, 313) -> 2335 (b'okolo') has 170 occurance
merge 2081/9744: (267, 267) -> 2336 (b'titi') has 170 occurance
merge 2082/9744: (568, 261) -> 2337 (b' zna\xc5\xa1') has 170 occurance
merge 2083/9744: (692, 593) -> 2338 (b' Izrailjevijem') has 170 occurance
merge 2084/9744: (488, 370) -> 2339 (b' ruci') has 170 occurance
merge 2085/9744: (315, 279) -> 2340 (b' Ili') has 170 occurance
merge 2086/9744: (503, 100) -> 2341 (b' ljud') has 170 occurance
merge 2087/9744: (375, 79) -> 2342 (b' PO') has 170 occurance
merge 2088/9744: (83, 2304) -> 2343 (b'SMRDI\xc4\x86') has 170 occurance
merge 2089/9744: (117, 457) -> 2344 (b'u\xc4\x8dini') has 169 occurance
merge 2090/9744: (385, 105) -> 2345 (b' Bi') has 169 occurance
merge 2091/9744: (613, 268) -> 2346 (b' njihovo') has 169 occurance
merge 2092/9744: (771, 314) -> 2347 (b' sjede') has 169 occurance
merge 2093/9744: (122, 285) -> 2348 (b'zla') has 169 occurance
merge 2094/9744: (271, 953) -> 2349 (b'\xc4\x87om') has 169 occurance
merge 2095/9744: (86, 105) -> 2350 (b'Vi') has 169 occurance
merge 2096/9744: (86, 73) -> 2351 (b'VI') has 169 occurance
merge 2097/9744: (308, 954) -> 2352 (b' konj') has 169 occurance
merge 2098/9744: (838, 355) -> 2353 (b' tre\xc4\x87i') has 168 occurance
merge 2099/9744: (871, 273) -> 2354 (b' postavi') has 168 occurance
merge 2100/9744: (267, 321) -> 2355 (b'tica') has 168 occurance
merge 2101/9744: (426, 1077) -> 2356 (b' Bogom') has 168 occurance
merge 2102/9744: (312, 362) -> 2357 (b' ka\xc5\xbei') has 168 occurance
merge 2103/9744: (117, 122) -> 2358 (b'uz') has 168 occurance
merge 2104/9744: (568, 295) -> 2359 (b' znate') has 168 occurance
merge 2105/9744: (115, 337) -> 2360 (b'snu') has 168 occurance
merge 2106/9744: (272, 281) -> 2361 (b' una') has 168 occurance
merge 2107/9744: (1100, 326) -> 2362 (b' pesme') has 168 occurance
merge 2108/9744: (290, 1685) -> 2363 (b' pobrati') has 168 occurance
merge 2109/9744: (2248, 1301) -> 2364 (b'UTILOV') has 168 occurance
merge 2110/9744: (1196, 384) -> 2365 (b'zemlju') has 167 occurance
merge 2111/9744: (258, 328) -> 2366 (b' nos') has 167 occurance
merge 2112/9744: (42, 79) -> 2367 (b'*O') has 167 occurance
merge 2113/9744: (317, 351) -> 2368 (b' dosta') has 167 occurance
merge 2114/9744: (309, 100) -> 2369 (b'pod') has 167 occurance
merge 2115/9744: (356, 118) -> 2370 (b'dov') has 167 occurance
merge 2116/9744: (1592, 294) -> 2371 (b'povijeda') has 167 occurance
merge 2117/9744: (882, 265) -> 2372 (b' soko') has 167 occurance
merge 2118/9744: (333, 108) -> 2373 (b' al') has 167 occurance
merge 2119/9744: (1082, 10) -> 2374 (b' \n\n\n') has 166 occurance
merge 2120/9744: (1005, 307) -> 2375 (b' mladi') has 166 occurance
merge 2121/9744: (419, 101) -> 2376 (b' De') has 166 occurance
merge 2122/9744: (103, 279) -> 2377 (b'gli') has 166 occurance
merge 2123/9744: (1576, 398) -> 2378 (b'grije\xc5\xa1i') has 166 occurance
merge 2124/9744: (300, 106) -> 2379 (b' daj') has 166 occurance
merge 2125/9744: (467, 114) -> 2380 (b' bor') has 166 occurance
merge 2126/9744: (290, 388) -> 2381 (b' pomi') has 166 occurance
merge 2127/9744: (257, 326) -> 2382 (b' sme') has 166 occurance
merge 2128/9744: (68, 1410) -> 2383 (b'DRU') has 166 occurance
merge 2129/9744: (301, 425) -> 2384 (b' nevje') has 166 occurance
merge 2130/9744: (32, 416) -> 2385 (b' ce') has 166 occurance
merge 2131/9744: (74, 85) -> 2386 (b'JU') has 166 occurance
merge 2132/9744: (34, 46) -> 2387 (b'".') has 166 occurance
merge 2133/9744: (499, 2364) -> 2388 (b'\xc5\xbdUTILOV') has 166 occurance
merge 2134/9744: (575, 282) -> 2389 (b' \xc5\xbeeni') has 165 occurance
merge 2135/9744: (259, 307) -> 2390 (b' idi') has 165 occurance
merge 2136/9744: (834, 267) -> 2391 (b' \xc4\x8diniti') has 165 occurance
merge 2137/9744: (281, 107) -> 2392 (b'nak') has 165 occurance
merge 2138/9744: (268, 97) -> 2393 (b'voa') has 165 occurance
merge 2139/9744: (1301, 494) -> 2394 (b'LOVI\xc4\x86') has 165 occurance
merge 2140/9744: (603, 737) -> 2395 (b'AVRI') has 165 occurance
merge 2141/9744: (1122, 305) -> 2396 (b'bje\xc5\xa1e') has 164 occurance
merge 2142/9744: (59, 331) -> 2397 (b';\n\n') has 164 occurance
merge 2143/9744: (1389, 915) -> 2398 (b' usred') has 164 occurance
merge 2144/9744: (2028, 361) -> 2399 (b' istrijebi') has 164 occurance
merge 2145/9744: (482, 458) -> 2400 (b'\xc5\xbeahu') has 164 occurance
merge 2146/9744: (1280, 111) -> 2401 (b' mogao') has 164 occurance
merge 2147/9744: (664, 261) -> 2402 (b' stra\xc5\xa1') has 164 occurance
merge 2148/9744: (940, 416) -> 2403 (b' ovce') has 164 occurance
merge 2149/9744: (472, 291) -> 2404 (b'njima') has 164 occurance
merge 2150/9744: (613, 640) -> 2405 (b' njihovijeh') has 164 occurance
merge 2151/9744: (1265, 78) -> 2406 (b'LEN') has 164 occurance
merge 2152/9744: (1019, 294) -> 2407 (b' vlada') has 163 occurance
merge 2153/9744: (293, 378) -> 2408 (b' jesti') has 163 occurance
merge 2154/9744: (704, 504) -> 2409 (b' srcu') has 163 occurance
merge 2155/9744: (309, 115) -> 2410 (b'pos') has 163 occurance
merge 2156/9744: (357, 288) -> 2411 (b' moji') has 163 occurance
merge 2157/9744: (261, 279) -> 2412 (b'\xc5\xa1li') has 163 occurance
merge 2158/9744: (706, 451) -> 2413 (b' \xc4\x8disto') has 163 occurance
merge 2159/9744: (324, 306) -> 2414 (b'\xc4\x8dine') has 163 occurance
merge 2160/9744: (1097, 275) -> 2415 (b' majka') has 163 occurance
merge 2161/9744: (2395, 2394) -> 2416 (b'AVRILOVI\xc4\x86') has 163 occurance
merge 2162/9744: (502, 445) -> 2417 (b' stvori') has 162 occurance
merge 2163/9744: (261, 474) -> 2418 (b'\xc5\xa1\xc4\x87a') has 162 occurance
merge 2164/9744: (1254, 398) -> 2419 (b'pla\xc5\xa1i') has 162 occurance
merge 2165/9744: (448, 302) -> 2420 (b' prino') has 162 occurance
merge 2166/9744: (326, 282) -> 2421 (b'meni') has 162 occurance
merge 2167/9744: (256, 314) -> 2422 (b'jede') has 162 occurance
merge 2168/9744: (448, 1461) -> 2423 (b' pristupi') has 162 occurance
merge 2169/9744: (523, 352) -> 2424 (b' glasa') has 162 occurance
merge 2170/9744: (269, 282) -> 2425 (b'\xc4\x8dni') has 162 occurance
merge 2171/9744: (270, 458) -> 2426 (b'vahu') has 162 occurance
merge 2172/9744: (984, 2171) -> 2427 (b' Venijami') has 162 occurance
merge 2173/9744: (1532, 364) -> 2428 (b' svojijem') has 162 occurance
merge 2174/9744: (106, 69) -> 2429 (b'jE') has 161 occurance
merge 2175/9744: (116, 1076) -> 2430 (b'tkr') has 161 occurance
merge 2176/9744: (743, 820) -> 2431 (b' otido\xc5\xa1e') has 161 occurance
merge 2177/9744: (274, 264) -> 2432 (b' mra') has 161 occurance
merge 2178/9744: (1194, 546) -> 2433 (b' utvr') has 161 occurance
merge 2179/9744: (1044, 114) -> 2434 (b' zbor') has 161 occurance
merge 2180/9744: (301, 410) -> 2435 (b' neba') has 160 occurance
merge 2181/9744: (538, 104) -> 2436 (b' duh') has 160 occurance
merge 2182/9744: (261, 472) -> 2437 (b'\xc5\xa1nji') has 160 occurance
merge 2183/9744: (114, 536) -> 2438 (b'r\xc4\x91a') has 160 occurance
merge 2184/9744: (302, 640) -> 2439 (b'novijeh') has 160 occurance
merge 2185/9744: (299, 291) -> 2440 (b'gama') has 160 occurance
merge 2186/9744: (65, 279) -> 2441 (b'Ali') has 160 occurance
merge 2187/9744: (692, 640) -> 2442 (b' Izrailjevijeh') has 160 occurance
merge 2188/9744: (348, 114) -> 2443 (b' gor') has 160 occurance
merge 2189/9744: (342, 1143) -> 2444 (b' izgubi') has 160 occurance
merge 2190/9744: (853, 275) -> 2445 (b' Marka') has 160 occurance
merge 2191/9744: (334, 1047) -> 2446 (b' sakri') has 159 occurance
merge 2192/9744: (256, 366) -> 2447 (b'jelu') has 159 occurance
merge 2193/9744: (620, 355) -> 2448 (b'vore\xc4\x87i') has 159 occurance
merge 2194/9744: (319, 289) -> 2449 (b' odve') has 159 occurance
merge 2195/9744: (399, 109) -> 2450 (b' kojim') has 159 occurance
merge 2196/9744: (116, 281) -> 2451 (b'tna') has 159 occurance
merge 2197/9744: (98, 401) -> 2452 (b'blja') has 159 occurance
merge 2198/9744: (403, 109) -> 2453 (b' tam') has 159 occurance
merge 2199/9744: (1016, 110) -> 2454 (b' zakon') has 159 occurance
merge 2200/9744: (380, 283) -> 2455 (b'kija') has 159 occurance
merge 2201/9744: (53, 48) -> 2456 (b'50') has 158 occurance
merge 2202/9744: (52, 55) -> 2457 (b'47') has 158 occurance
merge 2203/9744: (256, 524) -> 2458 (b'jedan') has 158 occurance
merge 2204/9744: (263, 504) -> 2459 (b' ocu') has 158 occurance
merge 2205/9744: (473, 298) -> 2460 (b' staro') has 158 occurance
merge 2206/9744: (1394, 410) -> 2461 (b' hljeba') has 158 occurance
merge 2207/9744: (641, 303) -> 2462 (b' Lju') has 158 occurance
merge 2208/9744: (637, 666) -> 2463 (b' vojske') has 158 occurance
merge 2209/9744: (823, 390) -> 2464 (b' Davidu') has 158 occurance
merge 2210/9744: (718, 1961) -> 2465 (b' Turaka') has 158 occurance
merge 2211/9744: (1315, 1519) -> 2466 (b'PRVA') has 157 occurance
merge 2212/9744: (98, 740) -> 2467 (b'blago') has 157 occurance
merge 2213/9744: (894, 110) -> 2468 (b'Dan') has 157 occurance
merge 2214/9744: (669, 289) -> 2469 (b'prave') has 157 occurance
merge 2215/9744: (520, 355) -> 2470 (b' no\xc4\x87i') has 157 occurance
merge 2216/9744: (118, 298) -> 2471 (b'vro') has 157 occurance
merge 2217/9744: (486, 386) -> 2472 (b'skopa') has 157 occurance
merge 2218/9744: (855, 109) -> 2473 (b' drugom') has 157 occurance
merge 2219/9744: (539, 437) -> 2474 (b' nijesu') has 157 occurance
merge 2220/9744: (317, 285) -> 2475 (b' dola') has 157 occurance
merge 2221/9744: (527, 462) -> 2476 (b' slugu') has 157 occurance
merge 2222/9744: (118, 306) -> 2477 (b'vne') has 157 occurance
merge 2223/9744: (105, 276) -> 2478 (b'ita') has 157 occurance
merge 2224/9744: (819, 531) -> 2479 (b' Car') has 157 occurance
merge 2225/9744: (262, 353) -> 2480 (b' d\xc5\xbee') has 157 occurance
merge 2226/9744: (32, 39) -> 2481 (b" '") has 157 occurance
merge 2227/9744: (71, 2416) -> 2482 (b'GAVRILOVI\xc4\x86') has 157 occurance
merge 2228/9744: (525, 289) -> 2483 (b' posve') has 156 occurance
merge 2229/9744: (293, 307) -> 2484 (b' jedi') has 156 occurance
merge 2230/9744: (770, 289) -> 2485 (b' prve') has 156 occurance
merge 2231/9744: (396, 402) -> 2486 (b' raza') has 156 occurance
merge 2232/9744: (342, 627) -> 2487 (b' izbro') has 156 occurance
merge 2233/9744: (323, 101) -> 2488 (b' ke') has 156 occurance
merge 2234/9744: (1596, 100) -> 2489 (b'Sud') has 156 occurance
merge 2235/9744: (466, 314) -> 2490 (b' narode') has 156 occurance
merge 2236/9744: (967, 472) -> 2491 (b' pustinji') has 156 occurance
merge 2237/9744: (613, 118) -> 2492 (b' njihov') has 156 occurance
merge 2238/9744: (480, 281) -> 2493 (b' Zna') has 156 occurance
merge 2239/9744: (83, 1873) -> 2494 (b'SVE') has 155 occurance
merge 2240/9744: (84, 105) -> 2495 (b'Ti') has 155 occurance
merge 2241/9744: (784, 282) -> 2496 (b' Meni') has 155 occurance
merge 2242/9744: (311, 1377) -> 2497 (b' zahva') has 155 occurance
merge 2243/9744: (284, 366) -> 2498 (b' blu') has 155 occurance
merge 2244/9744: (402, 114) -> 2499 (b'zar') has 155 occurance
merge 2245/9744: (74, 117) -> 2500 (b'Ju') has 155 occurance
merge 2246/9744: (273, 283) -> 2501 (b'vija') has 155 occurance
merge 2247/9744: (973, 1293) -> 2502 (b' podignu') has 155 occurance
merge 2248/9744: (338, 270) -> 2503 (b' Sva') has 155 occurance
merge 2249/9744: (368, 275) -> 2504 (b' nika') has 155 occurance
merge 2250/9744: (708, 111) -> 2505 (b' Kao') has 155 occurance
merge 2251/9744: (989, 318) -> 2506 (b' dvoru') has 155 occurance
merge 2252/9744: (302, 965) -> 2507 (b'novi\xc4\x87') has 154 occurance
merge 2253/9744: (375, 328) -> 2508 (b' Pos') has 154 occurance
merge 2254/9744: (403, 107) -> 2509 (b' tak') has 154 occurance
merge 2255/9744: (746, 458) -> 2510 (b'vljahu') has 154 occurance
merge 2256/9744: (270, 321) -> 2511 (b'vaca') has 154 occurance
merge 2257/9744: (722, 256) -> 2512 (b'zuje') has 154 occurance
merge 2258/9744: (100, 270) -> 2513 (b'dva') has 154 occurance
merge 2259/9744: (276, 265) -> 2514 (b'tako') has 154 occurance
merge 2260/9744: (311, 2023) -> 2515 (b' zabora') has 154 occurance
merge 2261/9744: (1253, 273) -> 2516 (b' izbavi') has 154 occurance
merge 2262/9744: (677, 283) -> 2517 (b' kraja') has 154 occurance
merge 2263/9744: (433, 367) -> 2518 (b' lisi') has 154 occurance
merge 2264/9744: (1308, 384) -> 2519 (b' sablju') has 154 occurance
merge 2265/9744: (334, 110) -> 2520 (b' san') has 153 occurance
merge 2266/9744: (560, 288) -> 2521 (b' tvoji') has 153 occurance
merge 2267/9744: (117, 351) -> 2522 (b'usta') has 153 occurance
merge 2268/9744: (315, 291) -> 2523 (b' Ima') has 153 occurance
merge 2269/9744: (279, 382) -> 2524 (b'like') has 153 occurance
merge 2270/9744: (679, 114) -> 2525 (b' Jor') has 153 occurance
merge 2271/9744: (926, 1589) -> 2526 (b' \xc4\x8covje') has 152 occurance
merge 2272/9744: (618, 265) -> 2527 (b' onako') has 152 occurance
merge 2273/9744: (956, 111) -> 2528 (b' kazao') has 152 occurance
merge 2274/9744: (290, 299) -> 2529 (b' poga') has 152 occurance
merge 2275/9744: (550, 109) -> 2530 (b' imam') has 152 occurance
merge 2276/9744: (979, 264) -> 2531 (b' gospodara') has 152 occurance
merge 2277/9744: (280, 436) -> 2532 (b' na\xc5\xa1a') has 152 occurance
merge 2278/9744: (402, 110) -> 2533 (b'zan') has 152 occurance
merge 2279/9744: (342, 264) -> 2534 (b' izra') has 152 occurance
merge 2280/9744: (891, 451) -> 2535 (b' prijesto') has 152 occurance
merge 2281/9744: (692, 270) -> 2536 (b' Izrailjeva') has 152 occurance
merge 2282/9744: (114, 276) -> 2537 (b'rta') has 152 occurance
merge 2283/9744: (348, 287) -> 2538 (b' goto') has 152 occurance
merge 2284/9744: (1579, 294) -> 2539 (b'Onda') has 152 occurance
merge 2285/9744: (288, 110) -> 2540 (b'jin') has 151 occurance
merge 2286/9744: (280, 551) -> 2541 (b' napu') has 151 occurance
merge 2287/9744: (115, 434) -> 2542 (b'svoj') has 151 occurance
merge 2288/9744: (332, 462) -> 2543 (b'mogu') has 151 occurance
merge 2289/9744: (560, 597) -> 2544 (b' tvojim') has 151 occurance
merge 2290/9744: (747, 281) -> 2545 (b' imena') has 151 occurance
merge 2291/9744: (111, 118) -> 2546 (b'ov') has 151 occurance
merge 2292/9744: (275, 114) -> 2547 (b'kar') has 151 occurance
merge 2293/9744: (322, 275) -> 2548 (b'\xc4\x8deka') has 151 occurance
merge 2294/9744: (534, 112) -> 2549 (b' rop') has 151 occurance
merge 2295/9744: (268, 307) -> 2550 (b'vodi') has 151 occurance
merge 2296/9744: (410, 110) -> 2551 (b'ban') has 151 occurance
merge 2297/9744: (84, 101) -> 2552 (b'Te') has 151 occurance
merge 2298/9744: (1269, 116) -> 2553 (b' zavjet') has 150 occurance
merge 2299/9744: (938, 256) -> 2554 (b' Bo\xc5\xbeije') has 150 occurance
merge 2300/9744: (335, 101) -> 2555 (b' Ge') has 150 occurance
merge 2301/9744: (1677, 299) -> 2556 (b' blaga') has 150 occurance
merge 2302/9744: (108, 783) -> 2557 (b'ljom') has 150 occurance
merge 2303/9744: (443, 397) -> 2558 (b' Gospodnje') has 150 occurance
merge 2304/9744: (529, 351) -> 2559 (b' Usta') has 150 occurance
merge 2305/9744: (1050, 101) -> 2560 (b' fe') has 150 occurance
merge 2306/9744: (1079, 353) -> 2561 (b' br\xc5\xbee') has 150 occurance
merge 2307/9744: (1574, 295) -> 2562 (b' dijete') has 150 occurance
merge 2308/9744: (342, 895) -> 2563 (b' izlazi') has 150 occurance
merge 2309/9744: (405, 267) -> 2564 (b' sveti') has 150 occurance
merge 2310/9744: (301, 1303) -> 2565 (b' nesre') has 150 occurance
merge 2311/9744: (327, 567) -> 2566 (b' Aha') has 150 occurance
merge 2312/9744: (1399, 1500) -> 2567 (b'MI\xc5\xa0I\xc4\x86') has 150 occurance
merge 2313/9744: (317, 1040) -> 2568 (b' dovede') has 149 occurance
merge 2314/9744: (116, 382) -> 2569 (b'tke') has 149 occurance
merge 2315/9744: (375, 117) -> 2570 (b' Pu') has 149 occurance
merge 2316/9744: (529, 122) -> 2571 (b' Uz') has 149 occurance
merge 2317/9744: (281, 110) -> 2572 (b'nan') has 149 occurance
merge 2318/9744: (300, 340) -> 2573 (b' dalje') has 149 occurance
merge 2319/9744: (290, 1904) -> 2574 (b' pogre') has 149 occurance
merge 2320/9744: (448, 351) -> 2575 (b' prista') has 149 occurance
merge 2321/9744: (2311, 305) -> 2576 (b'neso\xc5\xa1e') has 149 occurance
merge 2322/9744: (1375, 118) -> 2577 (b' ljubav') has 149 occurance
merge 2323/9744: (265, 289) -> 2578 (b'kove') has 149 occurance
merge 2324/9744: (505, 1060) -> 2579 (b' besje') has 149 occurance
merge 2325/9744: (272, 398) -> 2580 (b' u\xc5\xa1i') has 149 occurance
merge 2326/9744: (448, 291) -> 2581 (b' prima') has 149 occurance
merge 2327/9744: (407, 436) -> 2582 (b' va\xc5\xa1a') has 149 occurance
merge 2328/9744: (32, 88) -> 2583 (b' X') has 149 occurance
merge 2329/9744: (842, 854) -> 2584 (b' Turcima') has 149 occurance
merge 2330/9744: (375, 278) -> 2585 (b' Pre') has 148 occurance
merge 2331/9744: (448, 994) -> 2586 (b' prinese') has 148 occurance
merge 2332/9744: (393, 277) -> 2587 (b' miri') has 148 occurance
merge 2333/9744: (105, 104) -> 2588 (b'ih') has 148 occurance
merge 2334/9744: (290, 1363) -> 2589 (b' povrati') has 148 occurance
merge 2335/9744: (317, 352) -> 2590 (b' dosa') has 148 occurance
merge 2336/9744: (116, 320) -> 2591 (b'tle') has 148 occurance
merge 2337/9744: (443, 1230) -> 2592 (b' Gospodnjega') has 148 occurance
merge 2338/9744: (309, 425) -> 2593 (b'povje') has 147 occurance
merge 2339/9744: (346, 114) -> 2594 (b'str') has 147 occurance
merge 2340/9744: (1575, 273) -> 2595 (b' knezovi') has 147 occurance
merge 2341/9744: (429, 1401) -> 2596 (b' Jevre') has 147 occurance
merge 2342/9744: (1430, 291) -> 2597 (b' rukama') has 147 occurance
merge 2343/9744: (86, 97) -> 2598 (b'Va') has 147 occurance
merge 2344/9744: (312, 294) -> 2599 (b' kada') has 147 occurance
merge 2345/9744: (334, 388) -> 2600 (b' sami') has 147 occurance
merge 2346/9744: (1307, 291) -> 2601 (b' siroma') has 147 occurance
merge 2347/9744: (290, 580) -> 2602 (b' po\xc5\xa1te') has 146 occurance
merge 2348/9744: (277, 281) -> 2603 (b'rina') has 146 occurance
merge 2349/9744: (360, 109) -> 2604 (b' tem') has 146 occurance
merge 2350/9744: (940, 463) -> 2605 (b' ovdje') has 146 occurance
merge 2351/9744: (264, 307) -> 2606 (b'radi') has 146 occurance
merge 2352/9744: (290, 285) -> 2607 (b' pola') has 146 occurance
merge 2353/9744: (293, 485) -> 2608 (b' jeze') has 146 occurance
merge 2354/9744: (546, 305) -> 2609 (b'vr\xc5\xa1e') has 146 occurance
merge 2355/9744: (793, 437) -> 2610 (b' Isusu') has 146 occurance
merge 2356/9744: (308, 1405) -> 2611 (b' koplje') has 146 occurance
merge 2357/9744: (345, 732) -> 2612 (b' Njega') has 146 occurance
merge 2358/9744: (2494, 444) -> 2613 (b'SVETO') has 145 occurance
merge 2359/9744: (546, 104) -> 2614 (b'vrh') has 145 occurance
merge 2360/9744: (563, 273) -> 2615 (b' pravi') has 145 occurance
merge 2361/9744: (560, 303) -> 2616 (b' tvoju') has 145 occurance
merge 2362/9744: (292, 270) -> 2617 (b'gova') has 145 occurance
merge 2363/9744: (283, 107) -> 2618 (b'jak') has 145 occurance
merge 2364/9744: (508, 299) -> 2619 (b'dnoga') has 145 occurance
merge 2365/9744: (714, 294) -> 2620 (b'grada') has 145 occurance
merge 2366/9744: (550, 303) -> 2621 (b' imaju') has 145 occurance
merge 2367/9744: (297, 285) -> 2622 (b' sela') has 145 occurance
merge 2368/9744: (302, 326) -> 2623 (b'nome') has 145 occurance
merge 2369/9744: (1050, 111) -> 2624 (b' fo') has 145 occurance
merge 2370/9744: (256, 282) -> 2625 (b'jeni') has 145 occurance
merge 2371/9744: (110, 495) -> 2626 (b'n\xc4\x8da') has 145 occurance
merge 2372/9744: (309, 451) -> 2627 (b'posto') has 145 occurance
merge 2373/9744: (804, 117) -> 2628 (b' \xc5\xbeu') has 145 occurance
merge 2374/9744: (79, 100) -> 2629 (b'Od') has 145 occurance
merge 2375/9744: (344, 326) -> 2630 (b' svome') has 145 occurance
merge 2376/9744: (314, 109) -> 2631 (b'dem') has 144 occurance
merge 2377/9744: (2241, 288) -> 2632 (b' Bo\xc5\xbeji') has 144 occurance
merge 2378/9744: (557, 374) -> 2633 (b' dese') has 144 occurance
merge 2379/9744: (83, 111) -> 2634 (b'So') has 144 occurance
merge 2380/9744: (109, 285) -> 2635 (b'mla') has 144 occurance
merge 2381/9744: (395, 896) -> 2636 (b' prevari') has 144 occurance
merge 2382/9744: (313, 103) -> 2637 (b'log') has 144 occurance
merge 2383/9744: (265, 283) -> 2638 (b'koja') has 144 occurance
merge 2384/9744: (729, 306) -> 2639 (b' jedne') has 144 occurance
merge 2385/9744: (667, 365) -> 2640 (b' otku') has 144 occurance
merge 2386/9744: (405, 116) -> 2641 (b' svet') has 144 occurance
merge 2387/9744: (407, 1707) -> 2642 (b' vavilon') has 144 occurance
merge 2388/9744: (1458, 107) -> 2643 (b' Vuk') has 144 occurance
merge 2389/9744: (45, 331) -> 2644 (b'-\n\n') has 143 occurance
merge 2390/9744: (726, 268) -> 2645 (b' drvo') has 143 occurance
merge 2391/9744: (520, 392) -> 2646 (b' no\xc4\x87u') has 143 occurance
merge 2392/9744: (46, 84) -> 2647 (b'.T') has 143 occurance
merge 2393/9744: (273, 321) -> 2648 (b'vica') has 143 occurance
merge 2394/9744: (441, 273) -> 2649 (b' javi') has 143 occurance
merge 2395/9744: (1187, 282) -> 2650 (b'kloni') has 143 occurance
merge 2396/9744: (978, 696) -> 2651 (b' izabra') has 143 occurance
merge 2397/9744: (679, 261) -> 2652 (b' Jo\xc5\xa1') has 143 occurance
merge 2398/9744: (359, 105) -> 2653 (b' Ki') has 143 occurance
merge 2399/9744: (430, 294) -> 2654 (b' proda') has 143 occurance
merge 2400/9744: (386, 314) -> 2655 (b'pade') has 143 occurance
merge 2401/9744: (668, 110) -> 2656 (b' Sin') has 143 occurance
merge 2402/9744: (282, 281) -> 2657 (b'nina') has 143 occurance
merge 2403/9744: (664, 337) -> 2658 (b' stranu') has 143 occurance
merge 2404/9744: (290, 278) -> 2659 (b' pore') has 143 occurance
merge 2405/9744: (338, 287) -> 2660 (b' Sto') has 143 occurance
merge 2406/9744: (72, 277) -> 2661 (b'Hri') has 143 occurance
merge 2407/9744: (429, 278) -> 2662 (b' Jere') has 142 occurance
merge 2408/9744: (334, 417) -> 2663 (b' sazi') has 142 occurance
merge 2409/9744: (78, 111) -> 2664 (b'No') has 142 occurance
merge 2410/9744: (534, 363) -> 2665 (b' ro\xc4\x91e') has 142 occurance
merge 2411/9744: (1206, 114) -> 2666 (b' k\xc4\x87er') has 142 occurance
merge 2412/9744: (279, 111) -> 2667 (b'lio') has 142 occurance
merge 2413/9744: (106, 521) -> 2668 (b'jski') has 142 occurance
merge 2414/9744: (317, 528) -> 2669 (b' do\xc4\x91u') has 142 occurance
merge 2415/9744: (724, 386) -> 2670 (b'stupa') has 142 occurance
merge 2416/9744: (122, 282) -> 2671 (b'zni') has 142 occurance
merge 2417/9744: (279, 110) -> 2672 (b'lin') has 142 occurance
merge 2418/9744: (377, 434) -> 2673 (b' Tvoj') has 142 occurance
merge 2419/9744: (284, 531) -> 2674 (b' bar') has 142 occurance
merge 2420/9744: (790, 309) -> 2675 (b' lepo') has 142 occurance
merge 2421/9744: (481, 1415) -> 2676 (b' svagda') has 141 occurance
merge 2422/9744: (117, 485) -> 2677 (b'uze') has 141 occurance
merge 2423/9744: (315, 307) -> 2678 (b' Idi') has 141 occurance
merge 2424/9744: (818, 109) -> 2679 (b' idem') has 141 occurance
merge 2425/9744: (441, 547) -> 2680 (b' jabu') has 141 occurance
merge 2426/9744: (257, 275) -> 2681 (b' ska') has 141 occurance
merge 2427/9744: (277, 110) -> 2682 (b'rin') has 141 occurance
merge 2428/9744: (313, 388) -> 2683 (b'lomi') has 141 occurance
merge 2429/9744: (1828, 1453) -> 2684 (b' Kraljevi\xc4\x87u') has 141 occurance
merge 2430/9744: (523, 273) -> 2685 (b' glavi') has 140 occurance
merge 2431/9744: (311, 745) -> 2686 (b' za\xc4\x8du') has 140 occurance
merge 2432/9744: (395, 351) -> 2687 (b' presta') has 140 occurance
merge 2433/9744: (263, 353) -> 2688 (b' o\xc5\xbee') has 140 occurance
merge 2434/9744: (539, 367) -> 2689 (b' nijesi') has 140 occurance
merge 2435/9744: (321, 264) -> 2690 (b'cara') has 140 occurance
merge 2436/9744: (292, 100) -> 2691 (b'god') has 140 occurance
merge 2437/9744: (368, 935) -> 2692 (b' nikoga') has 140 occurance
merge 2438/9744: (771, 307) -> 2693 (b' sjedi') has 140 occurance
merge 2439/9744: (791, 474) -> 2694 (b' sre\xc4\x87a') has 140 occurance
merge 2440/9744: (98, 285) -> 2695 (b'bla') has 140 occurance
merge 2441/9744: (751, 281) -> 2696 (b' Mana') has 140 occurance
merge 2442/9744: (368, 122) -> 2697 (b' niz') has 140 occurance
merge 2443/9744: (280, 294) -> 2698 (b' nada') has 140 occurance
merge 2444/9744: (842, 1558) -> 2699 (b' Tur\xc4\x8din') has 140 occurance
merge 2445/9744: (659, 460) -> 2700 (b' Samu') has 139 occurance
merge 2446/9744: (481, 674) -> 2701 (b' svakom') has 139 occurance
merge 2447/9744: (435, 122) -> 2702 (b'bez') has 139 occurance
merge 2448/9744: (360, 1171) -> 2703 (b' te\xc5\xa1ko') has 139 occurance
merge 2449/9744: (762, 109) -> 2704 (b' vidim') has 139 occurance
merge 2450/9744: (495, 106) -> 2705 (b'\xc4\x8daj') has 139 occurance
merge 2451/9744: (610, 305) -> 2706 (b' pi\xc5\xa1e') has 139 occurance
merge 2452/9744: (300, 2096) -> 2707 (b' daleko') has 139 occurance
merge 2453/9744: (321, 277) -> 2708 (b'cari') has 139 occurance
merge 2454/9744: (84, 1125) -> 2709 (b'Tako') has 139 occurance
merge 2455/9744: (115, 1332) -> 2710 (b'srce') has 139 occurance
merge 2456/9744: (464, 111) -> 2711 (b' Vo') has 139 occurance
merge 2457/9744: (269, 674) -> 2712 (b'\xc4\x8dkom') has 139 occurance
merge 2458/9744: (842, 382) -> 2713 (b' Turke') has 139 occurance
merge 2459/9744: (257, 572) -> 2714 (b' svima') has 138 occurance
merge 2460/9744: (1014, 326) -> 2715 (b' pleme') has 138 occurance
merge 2461/9744: (307, 291) -> 2716 (b'dima') has 138 occurance
merge 2462/9744: (2007, 256) -> 2717 (b' oru\xc5\xbeje') has 138 occurance
merge 2463/9744: (1426, 118) -> 2718 (b' gnjev') has 138 occurance
merge 2464/9744: (550, 111) -> 2719 (b' imao') has 138 occurance
merge 2465/9744: (341, 285) -> 2720 (b' sila') has 138 occurance
merge 2466/9744: (782, 118) -> 2721 (b' carev') has 138 occurance
merge 2467/9744: (42, 1821) -> 2722 (b'*Jovan') has 137 occurance
merge 2468/9744: (556, 382) -> 2723 (b' velike') has 137 occurance
merge 2469/9744: (774, 287) -> 2724 (b' zlato') has 137 occurance
merge 2470/9744: (1282, 1724) -> 2725 (b' farao') has 137 occurance
merge 2471/9744: (782, 273) -> 2726 (b' carevi') has 137 occurance
merge 2472/9744: (430, 723) -> 2727 (b' progovori') has 137 occurance
merge 2473/9744: (110, 533) -> 2728 (b'njemu') has 137 occurance
merge 2474/9744: (311, 1237) -> 2729 (b' zakla') has 137 occurance
merge 2475/9744: (311, 273) -> 2730 (b' zavi') has 137 occurance
merge 2476/9744: (398, 267) -> 2731 (b'\xc5\xa1iti') has 137 occurance
merge 2477/9744: (1651, 858) -> 2732 (b' nekoliko') has 137 occurance
merge 2478/9744: (261, 111) -> 2733 (b'\xc5\xa1o') has 137 occurance
merge 2479/9744: (465, 291) -> 2734 (b'ljima') has 137 occurance
merge 2480/9744: (2383, 830) -> 2735 (b'DRUGA') has 137 occurance
merge 2481/9744: (309, 289) -> 2736 (b'pove') has 137 occurance
merge 2482/9744: (355, 291) -> 2737 (b'\xc4\x87ima') has 137 occurance
merge 2483/9744: (263, 114) -> 2738 (b' or') has 137 occurance
merge 2484/9744: (749, 289) -> 2739 (b' slave') has 137 occurance
merge 2485/9744: (368, 898) -> 2740 (b' nikad') has 137 occurance
merge 2486/9744: (845, 1257) -> 2741 (b' crkve') has 137 occurance
merge 2487/9744: (803, 363) -> 2742 (b'van\xc4\x91e') has 137 occurance
merge 2488/9744: (1005, 294) -> 2743 (b' mlada') has 137 occurance
merge 2489/9744: (497, 1968) -> 2744 (b'\xc4\x8cIKA') has 137 occurance
merge 2490/9744: (270, 401) -> 2745 (b'valja') has 136 occurance
merge 2491/9744: (2070, 103) -> 2746 (b' kov\xc4\x8deg') has 136 occurance
merge 2492/9744: (667, 1047) -> 2747 (b' otkri') has 136 occurance
merge 2493/9744: (280, 442) -> 2748 (b' napi') has 136 occurance
merge 2494/9744: (367, 281) -> 2749 (b'sina') has 136 occurance
merge 2495/9744: (361, 111) -> 2750 (b'bio') has 136 occurance
merge 2496/9744: (275, 285) -> 2751 (b'kala') has 136 occurance
merge 2497/9744: (290, 401) -> 2752 (b' polja') has 136 occurance
merge 2498/9744: (290, 1306) -> 2753 (b' polovi') has 136 occurance
merge 2499/9744: (269, 365) -> 2754 (b'\xc4\x8dku') has 136 occurance
merge 2500/9744: (772, 298) -> 2755 (b'proro') has 136 occurance
merge 2501/9744: (366, 363) -> 2756 (b'lu\xc4\x91e') has 136 occurance
merge 2502/9744: (670, 410) -> 2757 (b' baba') has 136 occurance
merge 2503/9744: (105, 285) -> 2758 (b'ila') has 135 occurance
merge 2504/9744: (298, 100) -> 2759 (b'rod') has 135 occurance
merge 2505/9744: (112, 320) -> 2760 (b'ple') has 135 occurance
merge 2506/9744: (71, 111) -> 2761 (b'Go') has 135 occurance
merge 2507/9744: (886, 732) -> 2762 (b'svojega') has 135 occurance
merge 2508/9744: (42, 1935) -> 2763 (b'*Luka') has 135 occurance
merge 2509/9744: (542, 1291) -> 2764 (b' gradove') has 135 occurance
merge 2510/9744: (110, 521) -> 2765 (b'nski') has 135 occurance
merge 2511/9744: (989, 264) -> 2766 (b' dvora') has 135 occurance
merge 2512/9744: (75, 79) -> 2767 (b'KO') has 135 occurance
merge 2513/9744: (1505, 1449) -> 2768 (b' sastanka') has 135 occurance
merge 2514/9744: (1021, 326) -> 2769 (b' vreme') has 134 occurance
merge 2515/9744: (111, 324) -> 2770 (b'o\xc4\x8di') has 134 occurance
merge 2516/9744: (42, 1329) -> 2771 (b'*Isus') has 134 occurance
merge 2517/9744: (791, 696) -> 2772 (b' srebra') has 134 occurance
merge 2518/9744: (776, 434) -> 2773 (b' djevoj') has 134 occurance
merge 2519/9744: (272, 1275) -> 2774 (b' ukra') has 134 occurance
merge 2520/9744: (100, 744) -> 2775 (b'dnik') has 134 occurance
merge 2521/9744: (561, 279) -> 2776 (b' ostali') has 134 occurance
merge 2522/9744: (750, 100) -> 2777 (b' gospod') has 134 occurance
merge 2523/9744: (308, 378) -> 2778 (b' kosti') has 134 occurance
merge 2524/9744: (473, 1617) -> 2779 (b' stanov') has 134 occurance
merge 2525/9744: (823, 294) -> 2780 (b' Davida') has 134 occurance
merge 2526/9744: (670, 261) -> 2781 (b' ba\xc5\xa1') has 134 occurance
merge 2527/9744: (1012, 353) -> 2782 (b' knji\xc5\xbee') has 134 occurance
merge 2528/9744: (41, 58) -> 2783 (b'):') has 134 occurance
merge 2529/9744: (117, 107) -> 2784 (b'uk') has 133 occurance
merge 2530/9744: (267, 416) -> 2785 (b'tice') has 133 occurance
merge 2531/9744: (510, 310) -> 2786 (b' Ne\xc4\x87e') has 133 occurance
merge 2532/9744: (332, 273) -> 2787 (b'movi') has 133 occurance
merge 2533/9744: (82, 1147) -> 2788 (b'Rim') has 133 occurance
merge 2534/9744: (311, 1563) -> 2789 (b' zajedno') has 133 occurance
merge 2535/9744: (923, 285) -> 2790 (b' Vala') has 133 occurance
merge 2536/9744: (280, 355) -> 2791 (b' na\xc4\x87i') has 133 occurance
merge 2537/9744: (334, 291) -> 2792 (b' sama') has 133 occurance
merge 2538/9744: (1288, 401) -> 2793 (b' neprijatelja') has 133 occurance
merge 2539/9744: (116, 282) -> 2794 (b'tni') has 133 occurance
merge 2540/9744: (852, 104) -> 2795 (b' vidjeh') has 133 occurance
merge 2541/9744: (98, 318) -> 2796 (b'bru') has 133 occurance
merge 2542/9744: (1010, 278) -> 2797 (b' potre') has 133 occurance
merge 2543/9744: (523, 896) -> 2798 (b' glavari') has 133 occurance
merge 2544/9744: (349, 295) -> 2799 (b' \xc5\xa1te') has 133 occurance
merge 2545/9744: (559, 69) -> 2800 (b'\xc4\x90E') has 133 occurance
merge 2546/9744: (515, 482) -> 2801 (b'ad\xc5\xbea') has 133 occurance
merge 2547/9744: (837, 698) -> 2802 (b' trdeset') has 132 occurance
merge 2548/9744: (277, 303) -> 2803 (b'riju') has 132 occurance
merge 2549/9744: (103, 463) -> 2804 (b'gdje') has 132 occurance
merge 2550/9744: (632, 388) -> 2805 (b'premi') has 132 occurance
merge 2551/9744: (446, 495) -> 2806 (b' ma\xc4\x8da') has 132 occurance
merge 2552/9744: (1295, 298) -> 2807 (b' \xc5\xa1iro') has 132 occurance
merge 2553/9744: (103, 313) -> 2808 (b'glo') has 132 occurance
merge 2554/9744: (749, 270) -> 2809 (b' slava') has 132 occurance
merge 2555/9744: (1663, 110) -> 2810 (b' Solomun') has 132 occurance
merge 2556/9744: (71, 79) -> 2811 (b'GO') has 132 occurance
merge 2557/9744: (1103, 275) -> 2812 (b' proroka') has 131 occurance
merge 2558/9744: (301, 404) -> 2813 (b' nebo') has 131 occurance
merge 2559/9744: (263, 365) -> 2814 (b' oku') has 131 occurance
merge 2560/9744: (1672, 114) -> 2815 (b' dobar') has 131 occurance
merge 2561/9744: (475, 434) -> 2816 (b' njegovoj') has 131 occurance
merge 2562/9744: (323, 355) -> 2817 (b' k\xc4\x87i') has 131 occurance
merge 2563/9744: (263, 273) -> 2818 (b' ovi') has 131 occurance
merge 2564/9744: (342, 2088) -> 2819 (b' izvadi') has 131 occurance
merge 2565/9744: (71, 97) -> 2820 (b'Ga') has 131 occurance
merge 2566/9744: (1772, 397) -> 2821 (b' bezakonje') has 131 occurance
merge 2567/9744: (386, 294) -> 2822 (b'pada') has 131 occurance
merge 2568/9744: (272, 915) -> 2823 (b' ured') has 131 occurance
merge 2569/9744: (259, 714) -> 2824 (b' igra') has 131 occurance
merge 2570/9744: (1334, 942) -> 2825 (b' Leviti') has 131 occurance
merge 2571/9744: (482, 110) -> 2826 (b'\xc5\xbean') has 131 occurance
merge 2572/9744: (464, 285) -> 2827 (b' Vla') has 131 occurance
merge 2573/9744: (1508, 275) -> 2828 (b' vijeka') has 130 occurance
merge 2574/9744: (762, 111) -> 2829 (b' vidio') has 130 occurance
merge 2575/9744: (410, 114) -> 2830 (b'bar') has 130 occurance
merge 2576/9744: (317, 1212) -> 2831 (b' dozva') has 130 occurance
merge 2577/9744: (272, 303) -> 2832 (b' uju') has 130 occurance
merge 2578/9744: (912, 115) -> 2833 (b' \xc4\x8das') has 130 occurance
merge 2579/9744: (425, 356) -> 2834 (b'vjedo') has 130 occurance
merge 2580/9744: (1391, 114) -> 2835 (b' oltar') has 130 occurance
merge 2581/9744: (264, 303) -> 2836 (b'raju') has 130 occurance
merge 2582/9744: (281, 276) -> 2837 (b'nata') has 130 occurance
merge 2583/9744: (1159, 281) -> 2838 (b' istina') has 129 occurance
merge 2584/9744: (1004, 256) -> 2839 (b' ubije') has 129 occurance
merge 2585/9744: (342, 522) -> 2840 (b' izgi') has 129 occurance
merge 2586/9744: (115, 326) -> 2841 (b'sme') has 129 occurance
merge 2587/9744: (257, 634) -> 2842 (b' slije') has 129 occurance
merge 2588/9744: (111, 116) -> 2843 (b'ot') has 129 occurance
merge 2589/9744: (510, 1220) -> 2844 (b' Nemoj') has 129 occurance
merge 2590/9744: (272, 874) -> 2845 (b' ugleda') has 129 occurance
merge 2591/9744: (111, 267) -> 2846 (b'oti') has 129 occurance
merge 2592/9744: (361, 305) -> 2847 (b'bi\xc5\xa1e') has 129 occurance
merge 2593/9744: (545, 111) -> 2848 (b' \xc4\x8duo') has 129 occurance
merge 2594/9744: (270, 278) -> 2849 (b'vare') has 129 occurance
merge 2595/9744: (459, 459) -> 2850 (b' \n \n') has 129 occurance
merge 2596/9744: (329, 445) -> 2851 (b' tvori') has 129 occurance
merge 2597/9744: (79, 68) -> 2852 (b'OD') has 129 occurance
merge 2598/9744: (2361, 2335) -> 2853 (b' unaokolo') has 129 occurance
merge 2599/9744: (268, 609) -> 2854 (b'volj') has 129 occurance
merge 2600/9744: (794, 307) -> 2855 (b' hodi') has 129 occurance
merge 2601/9744: (782, 109) -> 2856 (b' carem') has 129 occurance
merge 2602/9744: (45, 97) -> 2857 (b'-a') has 129 occurance
merge 2603/9744: (373, 324) -> 2858 (b' re\xc4\x8di') has 129 occurance
merge 2604/9744: (1403, 365) -> 2859 (b' \xc4\x91evojku') has 129 occurance
merge 2605/9744: (53, 49) -> 2860 (b'51') has 128 occurance
merge 2606/9744: (433, 321) -> 2861 (b' lica') has 128 occurance
merge 2607/9744: (268, 294) -> 2862 (b'voda') has 128 occurance
merge 2608/9744: (272, 337) -> 2863 (b' unu') has 128 occurance
merge 2609/9744: (474, 305) -> 2864 (b'\xc4\x87a\xc5\xa1e') has 128 occurance
merge 2610/9744: (115, 388) -> 2865 (b'smi') has 128 occurance
merge 2611/9744: (306, 310) -> 2866 (b'ne\xc4\x87e') has 128 occurance
merge 2612/9744: (506, 462) -> 2867 (b' drugu') has 128 occurance
merge 2613/9744: (1662, 306) -> 2868 (b' starje\xc5\xa1ine') has 128 occurance
merge 2614/9744: (430, 296) -> 2869 (b' pro\xc5\xbe') has 128 occurance
merge 2615/9744: (791, 627) -> 2870 (b' srebro') has 128 occurance
merge 2616/9744: (308, 397) -> 2871 (b' konje') has 128 occurance
merge 2617/9744: (99, 114) -> 2872 (b'cr') has 128 occurance
merge 2618/9744: (273, 281) -> 2873 (b'vina') has 127 occurance
merge 2619/9744: (1189, 104) -> 2874 (b' Duh') has 127 occurance
merge 2620/9744: (712, 289) -> 2875 (b'zove') has 127 occurance
merge 2621/9744: (362, 267) -> 2876 (b'\xc5\xbeiti') has 127 occurance
merge 2622/9744: (542, 2000) -> 2877 (b' gradovima') has 127 occurance
merge 2623/9744: (990, 122) -> 2878 (b' knez') has 127 occurance
merge 2624/9744: (1312, 118) -> 2879 (b' Jakov') has 127 occurance
merge 2625/9744: (341, 320) -> 2880 (b' sile') has 127 occurance
merge 2626/9744: (65, 483) -> 2881 (b'A\xc5\xa0') has 127 occurance
merge 2627/9744: (473, 1351) -> 2882 (b' starac') has 127 occurance
merge 2628/9744: (99, 111) -> 2883 (b'co') has 127 occurance
merge 2629/9744: (423, 326) -> 2884 (b' njime') has 127 occurance
merge 2630/9744: (1396, 366) -> 2885 (b' bijelu') has 127 occurance
merge 2631/9744: (338, 295) -> 2886 (b' Ste') has 126 occurance
merge 2632/9744: (746, 303) -> 2887 (b'vljaju') has 126 occurance
merge 2633/9744: (547, 314) -> 2888 (b'bude') has 126 occurance
merge 2634/9744: (962, 435) -> 2889 (b' Tebe') has 126 occurance
merge 2635/9744: (290, 352) -> 2890 (b' posa') has 126 occurance
merge 2636/9744: (42, 1709) -> 2891 (b'*Mar') has 126 occurance
merge 2637/9744: (623, 278) -> 2892 (b' vjere') has 126 occurance
merge 2638/9744: (111, 361) -> 2893 (b'obi') has 126 occurance
merge 2639/9744: (1888, 275) -> 2894 (b' povika') has 126 occurance
merge 2640/9744: (265, 100) -> 2895 (b'kod') has 126 occurance
merge 2641/9744: (1138, 1042) -> 2896 (b' ognjem') has 126 occurance
merge 2642/9744: (279, 303) -> 2897 (b'liju') has 126 occurance
merge 2643/9744: (513, 282) -> 2898 (b' Dani') has 125 occurance
merge 2644/9744: (770, 268) -> 2899 (b' prvo') has 125 occurance
merge 2645/9744: (46, 1251) -> 2900 (b'.Ko') has 125 occurance
merge 2646/9744: (367, 401) -> 2901 (b'silja') has 125 occurance
merge 2647/9744: (118, 321) -> 2902 (b'vca') has 125 occurance
merge 2648/9744: (661, 305) -> 2903 (b' u\xc4\x8dini\xc5\xa1e') has 125 occurance
merge 2649/9744: (668, 281) -> 2904 (b' Sina') has 125 occurance
merge 2650/9744: (385, 117) -> 2905 (b' Bu') has 125 occurance
merge 2651/9744: (545, 314) -> 2906 (b' \xc4\x8dude') has 125 occurance
merge 2652/9744: (706, 109) -> 2907 (b' \xc4\x8dim') has 125 occurance
merge 2653/9744: (510, 291) -> 2908 (b' Nema') has 125 occurance
merge 2654/9744: (505, 1980) -> 2909 (b' bezum') has 125 occurance
merge 2655/9744: (67, 531) -> 2910 (b'Car') has 125 occurance
merge 2656/9744: (947, 484) -> 2911 (b' svijetu') has 125 occurance
merge 2657/9744: (498, 494) -> 2912 (b'EVI\xc4\x86') has 125 occurance
merge 2658/9744: (73, 497) -> 2913 (b'I\xc4\x8c') has 124 occurance
merge 2659/9744: (293, 390) -> 2914 (b' jedu') has 124 occurance
merge 2660/9744: (2900, 114) -> 2915 (b'.Kor') has 124 occurance
merge 2661/9744: (621, 105) -> 2916 (b' Ri') has 124 occurance
merge 2662/9744: (1289, 390) -> 2917 (b' pravdu') has 124 occurance
merge 2663/9744: (419, 105) -> 2918 (b' Di') has 124 occurance
merge 2664/9744: (45, 65) -> 2919 (b'-A') has 124 occurance
merge 2665/9744: (341, 366) -> 2920 (b' silu') has 124 occurance
merge 2666/9744: (309, 351) -> 2921 (b'posta') has 124 occurance
merge 2667/9744: (466, 711) -> 2922 (b' narodom') has 124 occurance
merge 2668/9744: (270, 115) -> 2923 (b'vas') has 124 occurance
merge 2669/9744: (961, 283) -> 2924 (b' Tvoja') has 124 occurance
merge 2670/9744: (297, 313) -> 2925 (b' selo') has 124 occurance
merge 2671/9744: (66, 69) -> 2926 (b'BE') has 124 occurance
merge 2672/9744: (394, 106) -> 2927 (b' mej') has 124 occurance
merge 2673/9744: (828, 116) -> 2928 (b' jo\xc5\xa1t') has 124 occurance
merge 2674/9744: (269, 1589) -> 2929 (b'\xc4\x8dovje') has 123 occurance
merge 2675/9744: (785, 261) -> 2930 (b' mo\xc5\xbee\xc5\xa1') has 123 occurance
merge 2676/9744: (664, 104) -> 2931 (b' strah') has 123 occurance
merge 2677/9744: (1974, 378) -> 2932 (b' oprosti') has 123 occurance
merge 2678/9744: (446, 1840) -> 2933 (b' ma\xc4\x8dem') has 123 occurance
merge 2679/9744: (114, 306) -> 2934 (b'rne') has 123 occurance
merge 2680/9744: (1284, 314) -> 2935 (b' vojvode') has 123 occurance
merge 2681/9744: (263, 437) -> 2936 (b' osu') has 123 occurance
merge 2682/9744: (776, 313) -> 2937 (b' djelo') has 123 occurance
merge 2683/9744: (835, 551) -> 2938 (b' ispu') has 123 occurance
merge 2684/9744: (2317, 404) -> 2939 (b' neznabo') has 123 occurance
merge 2685/9744: (467, 462) -> 2940 (b' bogu') has 123 occurance
merge 2686/9744: (1105, 522) -> 2941 (b' dragi') has 123 occurance
merge 2687/9744: (404, 299) -> 2942 (b'boga') has 123 occurance
merge 2688/9744: (294, 116) -> 2943 (b'dat') has 123 occurance
merge 2689/9744: (308, 681) -> 2944 (b' konju') has 123 occurance
merge 2690/9744: (421, 2800) -> 2945 (b'AN\xc4\x90E') has 123 occurance
merge 2691/9744: (347, 2801) -> 2946 (b' Mad\xc5\xbea') has 123 occurance
merge 2692/9744: (80, 101) -> 2947 (b'Pe') has 122 occurance
merge 2693/9744: (114, 273) -> 2948 (b'rvi') has 122 occurance
merge 2694/9744: (327, 352) -> 2949 (b' Asa') has 122 occurance
merge 2695/9744: (1138, 397) -> 2950 (b' ognje') has 122 occurance
merge 2696/9744: (480, 531) -> 2951 (b' Zar') has 122 occurance
merge 2697/9744: (1929, 416) -> 2952 (b' novce') has 122 occurance
merge 2698/9744: (794, 1026) -> 2953 (b' ho\xc4\x87e\xc5\xa1') has 122 occurance
merge 2699/9744: (1204, 310) -> 2954 (b' tisu\xc4\x87e') has 122 occurance
merge 2700/9744: (265, 118) -> 2955 (b'kov') has 122 occurance
merge 2701/9744: (422, 2212) -> 2956 (b' Otac') has 122 occurance
merge 2702/9744: (2050, 278) -> 2957 (b' Jefre') has 122 occurance
merge 2703/9744: (1391, 318) -> 2958 (b' oltaru') has 122 occurance
merge 2704/9744: (657, 294) -> 2959 (b' uzda') has 122 occurance
merge 2705/9744: (77, 85) -> 2960 (b'MU') has 122 occurance
merge 2706/9744: (375, 541) -> 2961 (b' POS') has 121 occurance
merge 2707/9744: (524, 314) -> 2962 (b'dande') has 121 occurance
merge 2708/9744: (1638, 322) -> 2963 (b' obu\xc4\x8de') has 121 occurance
merge 2709/9744: (836, 580) -> 2964 (b'sve\xc5\xa1te') has 121 occurance
merge 2710/9744: (353, 109) -> 2965 (b'\xc5\xbeem') has 121 occurance
merge 2711/9744: (302, 268) -> 2966 (b'novo') has 121 occurance
merge 2712/9744: (552, 392) -> 2967 (b' bra\xc4\x87u') has 121 occurance
merge 2713/9744: (380, 109) -> 2968 (b'kim') has 121 occurance
merge 2714/9744: (448, 495) -> 2969 (b' pri\xc4\x8da') has 121 occurance
merge 2715/9744: (1100, 388) -> 2970 (b' pesmi') has 121 occurance
merge 2716/9744: (498, 1703) -> 2971 (b'EVICA') has 121 occurance
merge 2717/9744: (746, 305) -> 2972 (b'vlja\xc5\xa1e') has 120 occurance
merge 2718/9744: (332, 114) -> 2973 (b'mor') has 120 occurance
merge 2719/9744: (384, 256) -> 2974 (b'ljuje') has 120 occurance
merge 2720/9744: (402, 267) -> 2975 (b'zati') has 120 occurance
merge 2721/9744: (938, 732) -> 2976 (b' Bo\xc5\xbeijega') has 120 occurance
merge 2722/9744: (319, 1040) -> 2977 (b' odvede') has 120 occurance
merge 2723/9744: (375, 264) -> 2978 (b' Pra') has 120 occurance
merge 2724/9744: (263, 295) -> 2979 (b' ote') has 120 occurance
merge 2725/9744: (1235, 100) -> 2980 (b'prijed') has 120 occurance
merge 2726/9744: (276, 277) -> 2981 (b'tari') has 120 occurance
merge 2727/9744: (260, 634) -> 2982 (b' plije') has 120 occurance
merge 2728/9744: (277, 305) -> 2983 (b'ri\xc5\xa1e') has 120 occurance
merge 2729/9744: (623, 988) -> 2984 (b' vjerova') has 120 occurance
merge 2730/9744: (263, 275) -> 2985 (b' oka') has 120 occurance
merge 2731/9744: (312, 264) -> 2986 (b' kara') has 120 occurance
merge 2732/9744: (468, 451) -> 2987 (b' pusto') has 120 occurance
merge 2733/9744: (845, 1555) -> 2988 (b' crkvu') has 120 occurance
merge 2734/9744: (495, 107) -> 2989 (b'\xc4\x8dak') has 120 occurance
merge 2735/9744: (290, 101) -> 2990 (b' poe') has 120 occurance
merge 2736/9744: (330, 69) -> 2991 (b' JE') has 119 occurance
merge 2737/9744: (1012, 299) -> 2992 (b' knjiga') has 119 occurance
merge 2738/9744: (333, 332) -> 2993 (b' amo') has 119 occurance
merge 2739/9744: (100, 397) -> 2994 (b'dnje') has 119 occurance
merge 2740/9744: (659, 291) -> 2995 (b' Sama') has 119 occurance
merge 2741/9744: (388, 303) -> 2996 (b'miju') has 119 occurance
merge 2742/9744: (348, 289) -> 2997 (b' gove') has 119 occurance
merge 2743/9744: (110, 370) -> 2998 (b'nci') has 119 occurance
merge 2744/9744: (385, 264) -> 2999 (b' Bra') has 119 occurance
merge 2745/9744: (290, 452) -> 3000 (b' poho') has 119 occurance
merge 2746/9744: (1880, 810) -> 3001 (b' odgovaraju\xc4\x87i') has 119 occurance
merge 2747/9744: (263, 307) -> 3002 (b' odi') has 119 occurance
merge 2748/9744: (962, 361) -> 3003 (b' Tebi') has 119 occurance
merge 2749/9744: (321, 278) -> 3004 (b'care') has 119 occurance
merge 2750/9744: (326, 306) -> 3005 (b'mene') has 119 occurance
merge 2751/9744: (110, 535) -> 3006 (b'njoj') has 119 occurance
merge 2752/9744: (448, 1229) -> 3007 (b' prinosi') has 119 occurance
merge 2753/9744: (613, 273) -> 3008 (b' njihovi') has 119 occurance
merge 2754/9744: (926, 101) -> 3009 (b' \xc4\x8ce') has 119 occurance
merge 2755/9744: (290, 1695) -> 3010 (b' po\xc4\x8dne') has 119 occurance
merge 2756/9744: (73, 78) -> 3011 (b'IN') has 119 occurance
merge 2757/9744: (330, 498) -> 3012 (b' JEV') has 119 occurance
merge 2758/9744: (3012, 2945) -> 3013 (b' JEVAN\xc4\x90E') has 119 occurance
merge 2759/9744: (538, 1460) -> 3014 (b' dukata') has 119 occurance
merge 2760/9744: (429, 485) -> 3015 (b' Jeze') has 118 occurance
merge 2761/9744: (561, 267) -> 3016 (b' ostati') has 118 occurance
merge 2762/9744: (903, 322) -> 3017 (b'sije\xc4\x8de') has 118 occurance
merge 2763/9744: (301, 107) -> 3018 (b' nek') has 118 occurance
merge 2764/9744: (526, 355) -> 3019 (b' pe\xc4\x87i') has 118 occurance
merge 2765/9744: (312, 1170) -> 3020 (b' kakav') has 118 occurance
merge 2766/9744: (442, 267) -> 3021 (b'piti') has 118 occurance
merge 2767/9744: (361, 279) -> 3022 (b'bili') has 118 occurance
merge 2768/9744: (1719, 451) -> 3023 (b' ne\xc4\x8disto') has 118 occurance
merge 2769/9744: (289, 279) -> 3024 (b'veli') has 118 occurance
merge 2770/9744: (1612, 572) -> 3025 (b' bogovima') has 118 occurance
merge 2771/9744: (881, 693) -> 3026 (b' sve\xc5\xa1tenici') has 118 occurance
merge 2772/9744: (735, 103) -> 3027 (b' jednog') has 118 occurance
merge 2773/9744: (100, 278) -> 3028 (b'dre') has 118 occurance
merge 2774/9744: (313, 118) -> 3029 (b'lov') has 118 occurance
merge 2775/9744: (1016, 281) -> 3030 (b' zakona') has 118 occurance
merge 2776/9744: (969, 270) -> 3031 (b'\xc5\xa1tva') has 118 occurance
merge 2777/9744: (282, 303) -> 3032 (b'niju') has 118 occurance
merge 2778/9744: (641, 2429) -> 3033 (b' LjE') has 118 occurance
merge 2779/9744: (1299, 291) -> 3034 (b' slugama') has 117 occurance
merge 2780/9744: (1270, 306) -> 3035 (b' stotine') has 117 occurance
merge 2781/9744: (477, 294) -> 3036 (b' kuda') has 117 occurance
merge 2782/9744: (371, 275) -> 3037 (b' vika') has 117 occurance
merge 2783/9744: (422, 351) -> 3038 (b' Osta') has 117 occurance
merge 2784/9744: (338, 787) -> 3039 (b' Stra') has 117 occurance
merge 2785/9744: (574, 860) -> 3040 (b' tu\xc4\x91i') has 117 occurance
merge 2786/9744: (259, 2108) -> 3041 (b' ispod') has 117 occurance
merge 2787/9744: (388, 110) -> 3042 (b'min') has 117 occurance
merge 2788/9744: (269, 288) -> 3043 (b'\xc4\x8dji') has 117 occurance
merge 2789/9744: (361, 283) -> 3044 (b'bija') has 117 occurance
merge 2790/9744: (349, 310) -> 3045 (b' \xc5\xa1\xc4\x87e') has 117 occurance
merge 2791/9744: (99, 256) -> 3046 (b'cje') has 117 occurance
merge 2792/9744: (1394, 98) -> 3047 (b' hljeb') has 116 occurance
merge 2793/9744: (886, 303) -> 3048 (b'svoju') has 116 occurance
merge 2794/9744: (1127, 326) -> 3049 (b' svakome') has 116 occurance
merge 2795/9744: (122, 292) -> 3050 (b'zgo') has 116 occurance
merge 2796/9744: (317, 279) -> 3051 (b' doli') has 116 occurance
merge 2797/9744: (556, 365) -> 3052 (b' veliku') has 116 occurance
merge 2798/9744: (629, 278) -> 3053 (b' obre') has 116 occurance
merge 2799/9744: (291, 313) -> 3054 (b'malo') has 116 occurance
merge 2800/9744: (298, 289) -> 3055 (b'rove') has 116 occurance
merge 2801/9744: (300, 282) -> 3056 (b' dani') has 116 occurance
merge 2802/9744: (294, 107) -> 3057 (b'dak') has 116 occurance
merge 2803/9744: (363, 109) -> 3058 (b'\xc4\x91em') has 116 occurance
merge 2804/9744: (612, 118) -> 3059 (b'sov') has 116 occurance
merge 2805/9744: (75, 1125) -> 3060 (b'Kako') has 116 occurance
merge 2806/9744: (76, 421) -> 3061 (b'LAN') has 116 occurance
merge 2807/9744: (74, 2259) -> 3062 (b'JOVAN') has 116 occurance
merge 2808/9744: (114, 270) -> 3063 (b'rva') has 115 occurance
merge 2809/9744: (267, 397) -> 3064 (b'tinje') has 115 occurance
merge 2810/9744: (283, 275) -> 3065 (b'jaka') has 115 occurance
merge 2811/9744: (312, 802) -> 3066 (b' kamena') has 115 occurance
merge 2812/9744: (324, 109) -> 3067 (b'\xc4\x8dim') has 115 occurance
merge 2813/9744: (360, 320) -> 3068 (b' tele') has 115 occurance
merge 2814/9744: (1312, 934) -> 3069 (b' Jakovlje') has 115 occurance
merge 2815/9744: (111, 337) -> 3070 (b'onu') has 115 occurance
merge 2816/9744: (107, 318) -> 3071 (b'kru') has 115 occurance
merge 2817/9744: (261, 484) -> 3072 (b'\xc5\xa1tu') has 115 occurance
merge 2818/9744: (404, 114) -> 3073 (b'bor') has 115 occurance
merge 2819/9744: (637, 1001) -> 3074 (b' vojskom') has 115 occurance
merge 2820/9744: (770, 566) -> 3075 (b' prste') has 115 occurance
merge 2821/9744: (557, 434) -> 3076 (b' devoj') has 115 occurance
merge 2822/9744: (2386, 1173) -> 3077 (b'JUCA') has 115 occurance
merge 2823/9744: (630, 1531) -> 3078 (b' jutro') has 114 occurance
merge 2824/9744: (425, 116) -> 3079 (b'vjet') has 114 occurance
merge 2825/9744: (270, 291) -> 3080 (b'vama') has 114 occurance
merge 2826/9744: (279, 504) -> 3081 (b'licu') has 114 occurance
merge 2827/9744: (1588, 282) -> 3082 (b' pokloni') has 114 occurance
merge 2828/9744: (65, 265) -> 3083 (b'Ako') has 114 occurance
merge 2829/9744: (1013, 627) -> 3084 (b' Dobro') has 114 occurance
merge 2830/9744: (98, 465) -> 3085 (b'blji') has 114 occurance
merge 2831/9744: (1079, 712) -> 3086 (b' brzo') has 114 occurance
merge 2832/9744: (639, 1469) -> 3087 (b'Jezek') has 114 occurance
merge 2833/9744: (263, 612) -> 3088 (b' oso') has 114 occurance
merge 2834/9744: (1386, 465) -> 3089 (b' nevolji') has 114 occurance
merge 2835/9744: (738, 314) -> 3090 (b' Jude') has 114 occurance
merge 2836/9744: (315, 1179) -> 3091 (b' Ilija') has 114 occurance
merge 2837/9744: (277, 374) -> 3092 (b'rise') has 114 occurance
merge 2838/9744: (90, 69) -> 3093 (b'ZE') has 114 occurance
merge 2839/9744: (418, 295) -> 3094 (b' hte') has 114 occurance
merge 2840/9744: (517, 465) -> 3095 (b' volji') has 113 occurance
merge 2841/9744: (299, 536) -> 3096 (b'ga\xc4\x91a') has 113 occurance
merge 2842/9744: (1774, 111) -> 3097 (b' an\xc4\x91eo') has 113 occurance
merge 2843/9744: (1183, 2234) -> 3098 (b' govorahu') has 113 occurance
merge 2844/9744: (332, 707) -> 3099 (b'mojte') has 113 occurance
merge 2845/9744: (1103, 107) -> 3100 (b' prorok') has 113 occurance
merge 2846/9744: (293, 346) -> 3101 (b' jest') has 113 occurance
merge 2847/9744: (418, 1664) -> 3102 (b' htje') has 113 occurance
merge 2848/9744: (354, 364) -> 3103 (b' tijem') has 113 occurance
merge 2849/9744: (773, 285) -> 3104 (b' Gala') has 113 occurance
merge 2850/9744: (115, 370) -> 3105 (b'sci') has 113 occurance
merge 2851/9744: (357, 318) -> 3106 (b' moru') has 113 occurance
merge 2852/9744: (668, 1002) -> 3107 (b' Sinova') has 113 occurance
merge 2853/9744: (526, 270) -> 3108 (b' peva') has 113 occurance
merge 2854/9744: (1225, 281) -> 3109 (b' njezina') has 112 occurance
merge 2855/9744: (116, 686) -> 3110 (b'tstvo') has 112 occurance
merge 2856/9744: (852, 305) -> 3111 (b' vidje\xc5\xa1e') has 112 occurance
merge 2857/9744: (643, 351) -> 3112 (b' trista') has 112 occurance
merge 2858/9744: (560, 833) -> 3113 (b' tvojih') has 112 occurance
merge 2859/9744: (302, 355) -> 3114 (b'no\xc4\x87i') has 112 occurance
merge 2860/9744: (2497, 108) -> 3115 (b' zahval') has 112 occurance
merge 2861/9744: (111, 282) -> 3116 (b'oni') has 112 occurance
merge 2862/9744: (272, 452) -> 3117 (b' uho') has 112 occurance
merge 2863/9744: (308, 767) -> 3118 (b' ko\xc5\xa1u') has 112 occurance
merge 2864/9744: (396, 116) -> 3119 (b' rat') has 112 occurance
merge 2865/9744: (261, 365) -> 3120 (b'\xc5\xa1ku') has 112 occurance
merge 2866/9744: (298, 626) -> 3121 (b'rovati') has 112 occurance
merge 2867/9744: (257, 1234) -> 3122 (b' smije') has 112 occurance
merge 2868/9744: (269, 281) -> 3123 (b'\xc4\x8dna') has 112 occurance
merge 2869/9744: (107, 298) -> 3124 (b'kro') has 112 occurance
merge 2870/9744: (313, 299) -> 3125 (b'loga') has 112 occurance
merge 2871/9744: (506, 362) -> 3126 (b' dru\xc5\xbei') has 112 occurance
merge 2872/9744: (75, 117) -> 3127 (b'Ku') has 112 occurance
merge 2873/9744: (1969, 115) -> 3128 (b' Hristos') has 112 occurance
merge 2874/9744: (1844, 294) -> 3129 (b' hiljada') has 112 occurance
merge 2875/9744: (1764, 261) -> 3130 (b' Milo\xc5\xa1') has 112 occurance
merge 2876/9744: (769, 571) -> 3131 (b' mnoge') has 111 occurance
merge 2877/9744: (1786, 324) -> 3132 (b' sko\xc4\x8di') has 111 occurance
merge 2878/9744: (552, 484) -> 3133 (b' bratu') has 111 occurance
merge 2879/9744: (308, 533) -> 3134 (b' kojemu') has 111 occurance
merge 2880/9744: (879, 484) -> 3135 (b' \xc5\xbeivotu') has 111 occurance
merge 2881/9744: (117, 115) -> 3136 (b'us') has 111 occurance
merge 2882/9744: (1041, 97) -> 3137 (b' Fa') has 111 occurance
merge 2883/9744: (1282, 264) -> 3138 (b' fara') has 111 occurance
merge 2884/9744: (308, 340) -> 3139 (b' kolje') has 111 occurance
merge 2885/9744: (122, 278) -> 3140 (b'zre') has 111 occurance
merge 2886/9744: (1175, 98) -> 3141 (b' grob') has 111 occurance
merge 2887/9744: (320, 355) -> 3142 (b'le\xc4\x87i') has 111 occurance
merge 2888/9744: (1540, 294) -> 3143 (b'pravda') has 111 occurance
merge 2889/9744: (2525, 1216) -> 3144 (b' Jordana') has 111 occurance
merge 2890/9744: (638, 111) -> 3145 (b' govorio') has 111 occurance
merge 2891/9744: (312, 1070) -> 3146 (b' ka\xc5\xbeu') has 111 occurance
merge 2892/9744: (692, 109) -> 3147 (b' Izrailjem') has 111 occurance
merge 2893/9744: (728, 353) -> 3148 (b' tra\xc5\xbee') has 111 occurance
merge 2894/9744: (100, 482) -> 3149 (b'd\xc5\xbea') has 111 occurance
merge 2895/9744: (314, 346) -> 3150 (b'dest') has 111 occurance
merge 2896/9744: (307, 256) -> 3151 (b'dije') has 110 occurance
merge 2897/9744: (109, 381) -> 3152 (b'mrije') has 110 occurance
merge 2898/9744: (383, 382) -> 3153 (b' muke') has 110 occurance
merge 2899/9744: (105, 326) -> 3154 (b'ime') has 110 occurance
merge 2900/9744: (393, 279) -> 3155 (b' mili') has 110 occurance
merge 2901/9744: (76, 97) -> 3156 (b'La') has 110 occurance
merge 2902/9744: (267, 281) -> 3157 (b'tina') has 110 occurance
merge 2903/9744: (388, 285) -> 3158 (b'mila') has 110 occurance
merge 2904/9744: (308, 320) -> 3159 (b' kole') has 110 occurance
merge 2905/9744: (294, 264) -> 3160 (b'dara') has 110 occurance
merge 2906/9744: (502, 1504) -> 3161 (b' stvar') has 110 occurance
merge 2907/9744: (845, 289) -> 3162 (b' crve') has 110 occurance
merge 2908/9744: (270, 337) -> 3163 (b'vanu') has 110 occurance
merge 2909/9744: (111, 289) -> 3164 (b'ove') has 110 occurance
merge 2910/9744: (2036, 547) -> 3165 (b' slu\xc5\xbebu') has 110 occurance
merge 2911/9744: (367, 110) -> 3166 (b'sin') has 110 occurance
merge 2912/9744: (664, 482) -> 3167 (b' stra\xc5\xbea') has 110 occurance
merge 2913/9744: (762, 295) -> 3168 (b' vidite') has 110 occurance
merge 2914/9744: (977, 109) -> 3169 (b' drugim') has 110 occurance
merge 2915/9744: (342, 292) -> 3170 (b' izgo') has 110 occurance
merge 2916/9744: (545, 356) -> 3171 (b' \xc4\x8dudo') has 110 occurance
merge 2917/9744: (1745, 289) -> 3172 (b' svatove') has 110 occurance
merge 2918/9744: (3061, 1703) -> 3173 (b'LANICA') has 110 occurance
merge 2919/9744: (713, 1338) -> 3174 (b'SARA') has 110 occurance
merge 2920/9744: (83, 84) -> 3175 (b'ST') has 109 occurance
merge 2921/9744: (2913, 494) -> 3176 (b'I\xc4\x8cI\xc4\x86') has 109 occurance
merge 2922/9744: (1196, 465) -> 3177 (b'zemlji') has 109 occurance
merge 2923/9744: (509, 270) -> 3178 (b' \xc5\xbeiva') has 109 occurance
merge 2924/9744: (914, 883) -> 3179 (b' izi\xc4\x91o\xc5\xa1e') has 109 occurance
merge 2925/9744: (1587, 314) -> 3180 (b' stude') has 109 occurance
merge 2926/9744: (467, 256) -> 3181 (b' boje') has 109 occurance
merge 2927/9744: (552, 310) -> 3182 (b' bra\xc4\x87e') has 109 occurance
merge 2928/9744: (276, 106) -> 3183 (b'taj') has 109 occurance
merge 2929/9744: (404, 270) -> 3184 (b'bova') has 109 occurance
merge 2930/9744: (446, 279) -> 3185 (b' mali') has 109 occurance
merge 2931/9744: (326, 320) -> 3186 (b'mele') has 109 occurance
merge 2932/9744: (663, 634) -> 3187 (b' naslije') has 109 occurance
merge 2933/9744: (118, 337) -> 3188 (b'vnu') has 109 occurance
merge 2934/9744: (324, 337) -> 3189 (b'\xc4\x8dinu') has 109 occurance
merge 2935/9744: (279, 107) -> 3190 (b'lik') has 109 occurance
merge 2936/9744: (290, 256) -> 3191 (b' poje') has 109 occurance
merge 2937/9744: (115, 442) -> 3192 (b'spi') has 109 occurance
merge 2938/9744: (482, 267) -> 3193 (b'\xc5\xbeati') has 109 occurance
merge 2939/9744: (1427, 402) -> 3194 (b' pomaza') has 109 occurance
merge 2940/9744: (827, 400) -> 3195 (b' Njegovu') has 109 occurance
merge 2941/9744: (356, 302) -> 3196 (b'dono') has 109 occurance
merge 2942/9744: (110, 324) -> 3197 (b'n\xc4\x8di') has 109 occurance
merge 2943/9744: (427, 107) -> 3198 (b'vijek') has 109 occurance
merge 2944/9744: (1097, 451) -> 3199 (b' majsto') has 109 occurance
merge 2945/9744: (1403, 275) -> 3200 (b' \xc4\x91evojka') has 109 occurance
merge 2946/9744: (2179, 322) -> 3201 (b'Pri\xc4\x8de') has 108 occurance
merge 2947/9744: (267, 432) -> 3202 (b'tinja') has 108 occurance
merge 2948/9744: (2366, 101) -> 3203 (b' nose') has 108 occurance
merge 2949/9744: (383, 296) -> 3204 (b' mu\xc5\xbe') has 108 occurance
merge 2950/9744: (556, 107) -> 3205 (b' velik') has 108 occurance
merge 2951/9744: (318, 382) -> 3206 (b'ruke') has 108 occurance
merge 2952/9744: (264, 321) -> 3207 (b'raca') has 108 occurance
merge 2953/9744: (342, 1040) -> 3208 (b' izvede') has 108 occurance
merge 2954/9744: (300, 109) -> 3209 (b' dam') has 108 occurance
merge 2955/9744: (543, 307) -> 3210 (b' budi') has 108 occurance
merge 2956/9744: (269, 337) -> 3211 (b'\xc4\x8dnu') has 108 occurance
merge 2957/9744: (261, 281) -> 3212 (b'\xc5\xa1na') has 108 occurance
merge 2958/9744: (502, 381) -> 3213 (b' strije') has 108 occurance
merge 2959/9744: (357, 533) -> 3214 (b' mojemu') has 108 occurance
merge 2960/9744: (855, 326) -> 3215 (b' drugome') has 108 occurance
merge 2961/9744: (313, 362) -> 3216 (b'lo\xc5\xbei') has 108 occurance
merge 2962/9744: (312, 1178) -> 3217 (b' kakva') has 108 occurance
merge 2963/9744: (1614, 686) -> 3218 (b'\xc4\x8danstvo') has 108 occurance
merge 2964/9744: (311, 2708) -> 3219 (b' zacari') has 108 occurance
merge 2965/9744: (351, 110) -> 3220 (b'stan') has 108 occurance
merge 2966/9744: (523, 861) -> 3221 (b' glavom') has 108 occurance
merge 2967/9744: (520, 462) -> 3222 (b' nogu') has 108 occurance
merge 2968/9744: (323, 634) -> 3223 (b' klije') has 108 occurance
merge 2969/9744: (347, 564) -> 3224 (b' Mnom') has 108 occurance
merge 2970/9744: (629, 283) -> 3225 (b' obja') has 108 occurance
merge 2971/9744: (100, 361) -> 3226 (b'dbi') has 108 occurance
merge 2972/9744: (1019, 307) -> 3227 (b' vladi') has 108 occurance
merge 2973/9744: (41, 331) -> 3228 (b')\n\n') has 108 occurance
merge 2974/9744: (2302, 291) -> 3229 (b' pesmama') has 108 occurance
merge 2975/9744: (2560, 1523) -> 3230 (b' feuda') has 108 occurance
merge 2976/9744: (963, 278) -> 3231 (b' umre') has 107 occurance
merge 2977/9744: (481, 382) -> 3232 (b' svake') has 107 occurance
merge 2978/9744: (326, 114) -> 3233 (b'mer') has 107 occurance
merge 2979/9744: (276, 267) -> 3234 (b'tati') has 107 occurance
merge 2980/9744: (300, 392) -> 3235 (b' da\xc4\x87u') has 107 occurance
merge 2981/9744: (649, 111) -> 3236 (b' dio') has 107 occurance
merge 2982/9744: (963, 302) -> 3237 (b' umno') has 107 occurance
merge 2983/9744: (416, 109) -> 3238 (b'cem') has 107 occurance
merge 2984/9744: (2167, 474) -> 3239 (b' obe\xc4\x87a') has 107 occurance
merge 2985/9744: (669, 273) -> 3240 (b'pravi') has 107 occurance
merge 2986/9744: (480, 101) -> 3241 (b' Ze') has 107 occurance
merge 2987/9744: (796, 378) -> 3242 (b' o\xc4\x8disti') has 107 occurance
merge 2988/9744: (881, 859) -> 3243 (b' sve\xc5\xa1tenika') has 107 occurance
merge 2989/9744: (1166, 294) -> 3244 (b' zida') has 107 occurance
merge 2990/9744: (290, 282) -> 3245 (b' poni') has 107 occurance
merge 2991/9744: (334, 696) -> 3246 (b' sabra') has 107 occurance
merge 2992/9744: (116, 289) -> 3247 (b'tve') has 107 occurance
merge 2993/9744: (673, 3043) -> 3248 (b' \xc4\x8dovje\xc4\x8dji') has 107 occurance
merge 2994/9744: (466, 508) -> 3249 (b' narodno') has 107 occurance
merge 2995/9744: (368, 437) -> 3250 (b' nisu') has 107 occurance
merge 2996/9744: (298, 2393) -> 3251 (b'rovoa') has 107 occurance
merge 2997/9744: (32, 479) -> 3252 (b' \xc4\x86') has 107 occurance
merge 2998/9744: (317, 636) -> 3253 (b' dozna') has 106 occurance
merge 2999/9744: (1556, 1615) -> 3254 (b' porodicama') has 106 occurance
merge 3000/9744: (1759, 107) -> 3255 (b' jezik') has 106 occurance
merge 3001/9744: (1233, 2030) -> 3256 (b' Hajde') has 106 occurance
merge 3002/9744: (782, 289) -> 3257 (b' careve') has 106 occurance
merge 3003/9744: (1011, 299) -> 3258 (b'Boga') has 106 occurance
merge 3004/9744: (287, 273) -> 3259 (b'tovi') has 106 occurance
merge 3005/9744: (404, 103) -> 3260 (b'bog') has 106 occurance
merge 3006/9744: (477, 275) -> 3261 (b' kuka') has 106 occurance
merge 3007/9744: (389, 1080) -> 3262 (b' padne') has 106 occurance
merge 3008/9744: (115, 2095) -> 3263 (b'smrt') has 106 occurance
merge 3009/9744: (104, 264) -> 3264 (b'hra') has 106 occurance
merge 3010/9744: (1820, 1084) -> 3265 (b' paljenicu') has 106 occurance
merge 3011/9744: (342, 1456) -> 3266 (b' izvr\xc5\xa1i') has 106 occurance
merge 3012/9744: (262, 285) -> 3267 (b' dla') has 106 occurance
merge 3013/9744: (1357, 279) -> 3268 (b' veseli') has 106 occurance
merge 3014/9744: (528, 256) -> 3269 (b'\xc4\x91uje') has 106 occurance
merge 3015/9744: (538, 452) -> 3270 (b' duho') has 106 occurance
merge 3016/9744: (433, 1198) -> 3271 (b' li\xc4\x8dno') has 106 occurance
merge 3017/9744: (75, 73) -> 3272 (b'KI') has 106 occurance
merge 3018/9744: (2961, 3173) -> 3273 (b' POSLANICA') has 106 occurance
merge 3019/9744: (494, 757) -> 3274 (b'I\xc4\x86KA') has 106 occurance
merge 3020/9744: (499, 3176) -> 3275 (b'\xc5\xbdI\xc4\x8cI\xc4\x86') has 106 occurance
merge 3021/9744: (375, 1089) -> 3276 (b' Psal') has 105 occurance
merge 3022/9744: (357, 833) -> 3277 (b' mojih') has 105 occurance
merge 3023/9744: (525, 366) -> 3278 (b' poslu') has 105 occurance
merge 3024/9744: (259, 1468) -> 3279 (b' i\xc4\x91a\xc5\xa1e') has 105 occurance
merge 3025/9744: (422, 282) -> 3280 (b' Oni') has 105 occurance
merge 3026/9744: (311, 1666) -> 3281 (b' zatvori') has 105 occurance
merge 3027/9744: (115, 114) -> 3282 (b'sr') has 105 occurance
merge 3028/9744: (2410, 634) -> 3283 (b'poslije') has 105 occurance
merge 3029/9744: (362, 268) -> 3284 (b'\xc5\xbeivo') has 105 occurance
merge 3030/9744: (107, 381) -> 3285 (b'krije') has 105 occurance
merge 3031/9744: (624, 314) -> 3286 (b'Gospode') has 105 occurance
merge 3032/9744: (664, 567) -> 3287 (b' straha') has 105 occurance
merge 3033/9744: (467, 288) -> 3288 (b' boji') has 105 occurance
merge 3034/9744: (1194, 256) -> 3289 (b' utje') has 105 occurance
merge 3035/9744: (105, 108) -> 3290 (b'il') has 105 occurance
merge 3036/9744: (83, 276) -> 3291 (b'Sta') has 105 occurance
merge 3037/9744: (557, 1530) -> 3292 (b' desne') has 105 occurance
merge 3038/9744: (283, 397) -> 3293 (b'janje') has 105 occurance
merge 3039/9744: (520, 2440) -> 3294 (b' nogama') has 105 occurance
merge 3040/9744: (1289, 294) -> 3295 (b' pravda') has 105 occurance
merge 3041/9744: (257, 283) -> 3296 (b' sja') has 105 occurance
merge 3042/9744: (394, 451) -> 3297 (b' mesto') has 105 occurance
merge 3043/9744: (464, 1136) -> 3298 (b' Vuka') has 105 occurance
merge 3044/9744: (109, 404) -> 3299 (b'mbo') has 105 occurance
merge 3045/9744: (1414, 294) -> 3300 (b'Kada') has 105 occurance
merge 3046/9744: (2406, 3274) -> 3301 (b'LENI\xc4\x86KA') has 105 occurance
merge 3047/9744: (2367, 2430) -> 3302 (b'*Otkr') has 104 occurance
merge 3048/9744: (1452, 101) -> 3303 (b' \xc5\xbde') has 104 occurance
merge 3049/9744: (354, 2447) -> 3304 (b' tijelu') has 104 occurance
merge 3050/9744: (277, 337) -> 3305 (b'rinu') has 104 occurance
merge 3051/9744: (467, 283) -> 3306 (b' boja') has 104 occurance
merge 3052/9744: (263, 442) -> 3307 (b' opi') has 104 occurance
merge 3053/9744: (851, 305) -> 3308 (b' uze\xc5\xa1e') has 104 occurance
merge 3054/9744: (268, 264) -> 3309 (b'vora') has 104 occurance
merge 3055/9744: (1115, 355) -> 3310 (b' doma\xc4\x87i') has 104 occurance
merge 3056/9744: (272, 2419) -> 3311 (b' upla\xc5\xa1i') has 104 occurance
merge 3057/9744: (1368, 322) -> 3312 (b' Re\xc4\x8de') has 104 occurance
merge 3058/9744: (550, 261) -> 3313 (b' ima\xc5\xa1') has 104 occurance
merge 3059/9744: (287, 270) -> 3314 (b'tova') has 104 occurance
merge 3060/9744: (277, 504) -> 3315 (b'ricu') has 104 occurance
merge 3061/9744: (1027, 567) -> 3316 (b' grijeha') has 104 occurance
merge 3062/9744: (292, 289) -> 3317 (b'gove') has 104 occurance
merge 3063/9744: (516, 1024) -> 3318 (b' carstva') has 104 occurance
merge 3064/9744: (1993, 100) -> 3319 (b'David') has 104 occurance
merge 3065/9744: (117, 322) -> 3320 (b'u\xc4\x8de') has 104 occurance
merge 3066/9744: (3093, 3301) -> 3321 (b'ZELENI\xc4\x86KA') has 104 occurance
merge 3067/9744: (53, 53) -> 3322 (b'55') has 103 occurance
merge 3068/9744: (396, 536) -> 3323 (b' ra\xc4\x91a') has 103 occurance
merge 3069/9744: (324, 256) -> 3324 (b'\xc4\x8dije') has 103 occurance
merge 3070/9744: (886, 597) -> 3325 (b'svojim') has 103 occurance
merge 3071/9744: (547, 307) -> 3326 (b'budi') has 103 occurance
merge 3072/9744: (742, 321) -> 3327 (b' ovaca') has 103 occurance
merge 3073/9744: (472, 104) -> 3328 (b'njih') has 103 occurance
merge 3074/9744: (1649, 666) -> 3329 (b' misirske') has 103 occurance
merge 3075/9744: (451, 109) -> 3330 (b'stom') has 103 occurance
merge 3076/9744: (306, 122) -> 3331 (b'nez') has 103 occurance
merge 3077/9744: (1128, 109) -> 3332 (b' molim') has 103 occurance
merge 3078/9744: (834, 295) -> 3333 (b' \xc4\x8dinite') has 103 occurance
merge 3079/9744: (692, 289) -> 3334 (b' Izrailjeve') has 103 occurance
merge 3080/9744: (557, 115) -> 3335 (b' des') has 103 occurance
merge 3081/9744: (268, 256) -> 3336 (b'voje') has 103 occurance
merge 3082/9744: (1514, 404) -> 3337 (b' Subo') has 103 occurance
merge 3083/9744: (341, 256) -> 3338 (b' sije') has 103 occurance
merge 3084/9744: (261, 285) -> 3339 (b'\xc5\xa1la') has 103 occurance
merge 3085/9744: (468, 295) -> 3340 (b' pute') has 103 occurance
merge 3086/9744: (80, 79) -> 3341 (b'PO') has 103 occurance
merge 3087/9744: (1382, 265) -> 3342 (b' opko') has 103 occurance
merge 3088/9744: (417, 283) -> 3343 (b'zija') has 103 occurance
merge 3089/9744: (761, 400) -> 3344 (b' Navu') has 103 occurance
merge 3090/9744: (853, 365) -> 3345 (b' Marku') has 103 occurance
merge 3091/9744: (1335, 402) -> 3346 (b' Laza') has 103 occurance
merge 3092/9744: (312, 2756) -> 3347 (b' kalu\xc4\x91e') has 103 occurance
merge 3093/9744: (370, 283) -> 3348 (b'cija') has 102 occurance
merge 3094/9744: (481, 365) -> 3349 (b' svaku') has 102 occurance
merge 3095/9744: (263, 2962) -> 3350 (b' odande') has 102 occurance
merge 3096/9744: (360, 322) -> 3351 (b' te\xc4\x8de') has 102 occurance
merge 3097/9744: (568, 107) -> 3352 (b' znak') has 102 occurance
merge 3098/9744: (320, 110) -> 3353 (b'len') has 102 occurance
merge 3099/9744: (348, 264) -> 3354 (b' gora') has 102 occurance
merge 3100/9744: (477, 366) -> 3355 (b' kulu') has 102 occurance
merge 3101/9744: (699, 109) -> 3356 (b' ovom') has 102 occurance
merge 3102/9744: (278, 355) -> 3357 (b're\xc4\x87i') has 102 occurance
merge 3103/9744: (316, 328) -> 3358 (b'\xc4\x91os') has 102 occurance
merge 3104/9744: (290, 1584) -> 3359 (b' pomisli') has 102 occurance
merge 3105/9744: (290, 1891) -> 3360 (b' posao') has 102 occurance
merge 3106/9744: (354, 927) -> 3361 (b' tijeh') has 102 occurance
merge 3107/9744: (497, 117) -> 3362 (b'\xc4\x8cu') has 102 occurance
merge 3108/9744: (881, 2060) -> 3363 (b' sve\xc5\xa1teni\xc4\x8dki') has 102 occurance
merge 3109/9744: (394, 100) -> 3364 (b' med') has 102 occurance
merge 3110/9744: (272, 309) -> 3365 (b' upo') has 102 occurance
merge 3111/9744: (1096, 397) -> 3366 (b' kamenje') has 102 occurance
merge 3112/9744: (389, 1507) -> 3367 (b' pamet') has 102 occurance
merge 3113/9744: (77, 117) -> 3368 (b'Mu') has 102 occurance
merge 3114/9744: (333, 2627) -> 3369 (b' aposto') has 102 occurance
merge 3115/9744: (889, 2075) -> 3370 (b' Pavle') has 102 occurance
merge 3116/9744: (2926, 71) -> 3371 (b'BEG') has 102 occurance
merge 3117/9744: (310, 386) -> 3372 (b'\xc4\x87epa') has 102 occurance
merge 3118/9744: (561, 942) -> 3373 (b' ostaviti') has 101 occurance
merge 3119/9744: (367, 111) -> 3374 (b'sio') has 101 occurance
merge 3120/9744: (314, 355) -> 3375 (b'de\xc4\x87i') has 101 occurance
merge 3121/9744: (353, 281) -> 3376 (b'\xc5\xbeena') has 101 occurance
merge 3122/9744: (1176, 309) -> 3377 (b' lijepo') has 101 occurance
merge 3123/9744: (1133, 281) -> 3378 (b' Judina') has 101 occurance
merge 3124/9744: (1556, 321) -> 3379 (b' porodica') has 101 occurance
merge 3125/9744: (281, 294) -> 3380 (b'nada') has 101 occurance
merge 3126/9744: (280, 895) -> 3381 (b' nalazi') has 101 occurance
merge 3127/9744: (1565, 264) -> 3382 (b' ve\xc4\x8dera') has 101 occurance
merge 3128/9744: (346, 278) -> 3383 (b'stre') has 101 occurance
merge 3129/9744: (542, 1185) -> 3384 (b' gradova') has 101 occurance
merge 3130/9744: (705, 714) -> 3385 (b' podgra') has 101 occurance
merge 3131/9744: (78, 105) -> 3386 (b'Ni') has 101 occurance
merge 3132/9744: (845, 1712) -> 3387 (b' crkvi') has 101 occurance
merge 3133/9744: (1745, 273) -> 3388 (b' svatovi') has 101 occurance
merge 3134/9744: (1410, 3275) -> 3389 (b'RU\xc5\xbdI\xc4\x8cI\xc4\x86') has 101 occurance
merge 3135/9744: (73, 76) -> 3390 (b'IL') has 100 occurance
merge 3136/9744: (938, 283) -> 3391 (b' Bo\xc5\xbeija') has 100 occurance
merge 3137/9744: (2136, 378) -> 3392 (b' namjesti') has 100 occurance
merge 3138/9744: (356, 363) -> 3393 (b'do\xc4\x91e') has 100 occurance
merge 3139/9744: (114, 337) -> 3394 (b'rnu') has 100 occurance
merge 3140/9744: (1429, 314) -> 3395 (b' hajde') has 100 occurance
merge 3141/9744: (105, 115) -> 3396 (b'is') has 100 occurance
merge 3142/9744: (277, 106) -> 3397 (b'rij') has 100 occurance
merge 3143/9744: (357, 535) -> 3398 (b' mojoj') has 100 occurance
merge 3144/9744: (311, 298) -> 3399 (b' zaro') has 100 occurance
merge 3145/9744: (42, 2489) -> 3400 (b'*Sud') has 100 occurance
merge 3146/9744: (292, 1535) -> 3401 (b'govor') has 100 occurance
merge 3147/9744: (618, 332) -> 3402 (b' onamo') has 100 occurance
merge 3148/9744: (819, 97) -> 3403 (b' Ca') has 100 occurance
merge 3149/9744: (957, 404) -> 3404 (b'slobo') has 100 occurance
merge 3150/9744: (2202, 352) -> 3405 (b' Avesa') has 100 occurance
merge 3151/9744: (1675, 404) -> 3406 (b' Grbo') has 100 occurance
merge 3152/9744: (32, 2273) -> 3407 (b' ...') has 100 occurance
merge 3153/9744: (383, 275) -> 3408 (b' muka') has 99 occurance
merge 3154/9744: (2571, 388) -> 3409 (b' Uzmi') has 99 occurance
merge 3155/9744: (967, 267) -> 3410 (b' pustiti') has 99 occurance
merge 3156/9744: (776, 504) -> 3411 (b' djecu') has 99 occurance
merge 3157/9744: (396, 960) -> 3412 (b' raditi') has 99 occurance
merge 3158/9744: (396, 802) -> 3413 (b' ramena') has 99 occurance
merge 3159/9744: (1506, 936) -> 3414 (b' pravedni') has 99 occurance
merge 3160/9744: (279, 370) -> 3415 (b'lici') has 99 occurance
merge 3161/9744: (432, 267) -> 3416 (b'njati') has 99 occurance
merge 3162/9744: (441, 1475) -> 3417 (b' jagnje') has 99 occurance
merge 3163/9744: (352, 332) -> 3418 (b'samo') has 99 occurance
merge 3164/9744: (277, 109) -> 3419 (b'rim') has 99 occurance
merge 3165/9744: (838, 310) -> 3420 (b' tre\xc4\x87e') has 99 occurance
merge 3166/9744: (327, 281) -> 3421 (b' Ana') has 99 occurance
merge 3167/9744: (403, 110) -> 3422 (b' tan') has 99 occurance
merge 3168/9744: (525, 295) -> 3423 (b' poste') has 99 occurance
merge 3169/9744: (1316, 880) -> 3424 (b' razumje') has 99 occurance
merge 3170/9744: (363, 302) -> 3425 (b'\xc4\x91eno') has 99 occurance
merge 3171/9744: (610, 267) -> 3426 (b' piti') has 99 occurance
merge 3172/9744: (300, 306) -> 3427 (b' dane') has 99 occurance
merge 3173/9744: (1016, 337) -> 3428 (b' zakonu') has 99 occurance
merge 3174/9744: (116, 100) -> 3429 (b'td') has 99 occurance
merge 3175/9744: (272, 340) -> 3430 (b' ulje') has 99 occurance
merge 3176/9744: (823, 2370) -> 3431 (b' Davidov') has 99 occurance
merge 3177/9744: (1012, 571) -> 3432 (b' knjige') has 99 occurance
merge 3178/9744: (422, 321) -> 3433 (b' Oca') has 99 occurance
merge 3179/9744: (940, 314) -> 3434 (b' ovde') has 99 occurance
merge 3180/9744: (368, 905) -> 3435 (b' nisam') has 99 occurance
merge 3181/9744: (467, 353) -> 3436 (b' bo\xc5\xbee') has 99 occurance
merge 3182/9744: (610, 832) -> 3437 (b' pismo') has 98 occurance
merge 3183/9744: (287, 289) -> 3438 (b'tove') has 98 occurance
merge 3184/9744: (298, 118) -> 3439 (b'rov') has 98 occurance
merge 3185/9744: (2295, 296) -> 3440 (b' gvo\xc5\xbe') has 98 occurance
merge 3186/9744: (1038, 698) -> 3441 (b' sedamdeset') has 98 occurance
merge 3187/9744: (557, 289) -> 3442 (b' deve') has 98 occurance
merge 3188/9744: (794, 392) -> 3443 (b' ho\xc4\x87u') has 98 occurance
merge 3189/9744: (473, 1214) -> 3444 (b' staja\xc5\xa1e') has 98 occurance
merge 3190/9744: (111, 386) -> 3445 (b'opa') has 98 occurance
merge 3191/9744: (1984, 337) -> 3446 (b' okrenu') has 98 occurance
merge 3192/9744: (706, 2113) -> 3447 (b' \xc4\x8dinja\xc5\xa1e') has 98 occurance
merge 3193/9744: (292, 2448) -> 3448 (b'govore\xc4\x87i') has 98 occurance
merge 3194/9744: (306, 109) -> 3449 (b'nem') has 98 occurance
merge 3195/9744: (791, 1835) -> 3450 (b' srebr') has 98 occurance
merge 3196/9744: (346, 256) -> 3451 (b'stje') has 98 occurance
merge 3197/9744: (336, 270) -> 3452 (b' biva') has 98 occurance
merge 3198/9744: (714, 390) -> 3453 (b'gradu') has 98 occurance
merge 3199/9744: (114, 666) -> 3454 (b'rske') has 98 occurance
merge 3200/9744: (388, 111) -> 3455 (b'mio') has 98 occurance
merge 3201/9744: (481, 275) -> 3456 (b' svaka') has 98 occurance
merge 3202/9744: (273, 116) -> 3457 (b'vit') has 98 occurance
merge 3203/9744: (1172, 384) -> 3458 (b' krvlju') has 98 occurance
merge 3204/9744: (1820, 1028) -> 3459 (b' paljenice') has 98 occurance
merge 3205/9744: (329, 381) -> 3460 (b' trije') has 98 occurance
merge 3206/9744: (272, 265) -> 3461 (b' uko') has 98 occurance
merge 3207/9744: (276, 281) -> 3462 (b'tana') has 98 occurance
merge 3208/9744: (679, 803) -> 3463 (b' Jovan') has 98 occurance
merge 3209/9744: (1860, 268) -> 3464 (b' Kosovo') has 98 occurance
merge 3210/9744: (257, 1456) -> 3465 (b' svr\xc5\xa1i') has 97 occurance
merge 3211/9744: (354, 1036) -> 3466 (b' tijela') has 97 occurance
merge 3212/9744: (259, 650) -> 3467 (b' iska') has 97 occurance
merge 3213/9744: (1567, 401) -> 3468 (b' do\xc5\xa1lja') has 97 occurance
merge 3214/9744: (473, 114) -> 3469 (b' star') has 97 occurance
merge 3215/9744: (370, 256) -> 3470 (b'cije') has 97 occurance
merge 3216/9744: (573, 378) -> 3471 (b' \xc4\x8desti') has 97 occurance
merge 3217/9744: (110, 504) -> 3472 (b'ncu') has 97 occurance
merge 3218/9744: (302, 400) -> 3473 (b'novu') has 97 occurance
merge 3219/9744: (357, 291) -> 3474 (b' moma') has 97 occurance
merge 3220/9744: (764, 1072) -> 3475 (b' najvi\xc5\xa1e') has 97 occurance
merge 3221/9744: (634, 104) -> 3476 (b'lijeh') has 97 occurance
merge 3222/9744: (280, 278) -> 3477 (b' nare') has 97 occurance
merge 3223/9744: (324, 287) -> 3478 (b'\xc4\x8dito') has 97 occurance
merge 3224/9744: (1545, 110) -> 3479 (b' Aron') has 97 occurance
merge 3225/9744: (692, 400) -> 3480 (b' Izrailjevu') has 97 occurance
merge 3226/9744: (473, 337) -> 3481 (b' stanu') has 97 occurance
merge 3227/9744: (290, 295) -> 3482 (b' pote') has 97 occurance
merge 3228/9744: (294, 111) -> 3483 (b'dao') has 97 occurance
merge 3229/9744: (319, 2082) -> 3484 (b' odbaci') has 97 occurance
merge 3230/9744: (467, 296) -> 3485 (b' bo\xc5\xbe') has 97 occurance
merge 3231/9744: (912, 107) -> 3486 (b' \xc4\x8dak') has 97 occurance
merge 3232/9744: (617, 1843) -> 3487 (b' \xc4\x90ur') has 97 occurance
merge 3233/9744: (32, 731) -> 3488 (b' \xc4\x91o') has 97 occurance
merge 3234/9744: (53, 50) -> 3489 (b'52') has 96 occurance
merge 3235/9744: (293, 313) -> 3490 (b' jelo') has 96 occurance
merge 3236/9744: (335, 463) -> 3491 (b' Gdje') has 96 occurance
merge 3237/9744: (261, 1230) -> 3492 (b'\xc5\xa1njega') has 96 occurance
merge 3238/9744: (996, 376) -> 3493 (b' tvojoj') has 96 occurance
merge 3239/9744: (775, 283) -> 3494 (b' Moja') has 96 occurance
merge 3240/9744: (561, 285) -> 3495 (b' ostala') has 96 occurance
merge 3241/9744: (668, 326) -> 3496 (b' Sime') has 96 occurance
merge 3242/9744: (2498, 936) -> 3497 (b' bludni') has 96 occurance
merge 3243/9744: (1253, 942) -> 3498 (b' izbaviti') has 96 occurance
merge 3244/9744: (336, 566) -> 3499 (b' biste') has 96 occurance
merge 3245/9744: (2696, 367) -> 3500 (b' Manasi') has 96 occurance
merge 3246/9744: (633, 256) -> 3501 (b' stoje') has 96 occurance
merge 3247/9744: (270, 306) -> 3502 (b'vane') has 96 occurance
merge 3248/9744: (293, 2281) -> 3503 (b' jerusalim') has 96 occurance
merge 3249/9744: (1281, 352) -> 3504 (b' nebesa') has 96 occurance
merge 3250/9744: (267, 110) -> 3505 (b'tin') has 96 occurance
merge 3251/9744: (477, 100) -> 3506 (b' kud') has 96 occurance
merge 3252/9744: (677, 609) -> 3507 (b' kralj') has 96 occurance
merge 3253/9744: (517, 711) -> 3508 (b' vodom') has 95 occurance
merge 3254/9744: (115, 283) -> 3509 (b'sja') has 95 occurance
merge 3255/9744: (1630, 273) -> 3510 (b' blagoslovi') has 95 occurance
merge 3256/9744: (1210, 346) -> 3511 (b' zapovijest') has 95 occurance
merge 3257/9744: (654, 107) -> 3512 (b' lak') has 95 occurance
merge 3258/9744: (556, 935) -> 3513 (b' velikoga') has 95 occurance
merge 3259/9744: (348, 366) -> 3514 (b' golu') has 95 occurance
merge 3260/9744: (265, 110) -> 3515 (b'kon') has 95 occurance
merge 3261/9744: (1148, 337) -> 3516 (b' poginu') has 95 occurance
merge 3262/9744: (356, 291) -> 3517 (b'doma') has 95 occurance
merge 3263/9744: (353, 306) -> 3518 (b'\xc5\xbeene') has 95 occurance
merge 3264/9744: (818, 261) -> 3519 (b' ide\xc5\xa1') has 95 occurance
merge 3265/9744: (272, 404) -> 3520 (b' ubo') has 95 occurance
merge 3266/9744: (565, 294) -> 3521 (b' Eda') has 95 occurance
merge 3267/9744: (263, 434) -> 3522 (b' ovoj') has 95 occurance
merge 3268/9744: (391, 109) -> 3523 (b' sum') has 95 occurance
merge 3269/9744: (975, 270) -> 3524 (b' spava') has 95 occurance
merge 3270/9744: (334, 2183) -> 3525 (b' sasvijem') has 95 occurance
merge 3271/9744: (298, 110) -> 3526 (b'ron') has 95 occurance
merge 3272/9744: (971, 267) -> 3527 (b' poznati') has 95 occurance
merge 3273/9744: (76, 101) -> 3528 (b'Le') has 95 occurance
merge 3274/9744: (473, 264) -> 3529 (b' stara') has 95 occurance
merge 3275/9744: (1307, 991) -> 3530 (b' siromah') has 95 occurance
merge 3276/9744: (1967, 346) -> 3531 (b' mudrost') has 95 occurance
merge 3277/9744: (1043, 104) -> 3532 (b'\xc4\x8dkih') has 95 occurance
merge 3278/9744: (502, 278) -> 3533 (b' stre') has 95 occurance
merge 3279/9744: (390, 256) -> 3534 (b'duje') has 95 occurance
merge 3280/9744: (280, 386) -> 3535 (b' napa') has 95 occurance
merge 3281/9744: (84, 1498) -> 3536 (b'TAR') has 95 occurance
merge 3282/9744: (1832, 1823) -> 3537 (b' Crnogor') has 95 occurance
merge 3283/9744: (2700, 1182) -> 3538 (b' Samuilo') has 94 occurance
merge 3284/9744: (268, 314) -> 3539 (b'vode') has 94 occurance
merge 3285/9744: (1196, 401) -> 3540 (b'zemlja') has 94 occurance
merge 3286/9744: (317, 1620) -> 3541 (b' dogodi') has 94 occurance
merge 3287/9744: (362, 425) -> 3542 (b'\xc5\xbeivje') has 94 occurance
merge 3288/9744: (406, 106) -> 3543 (b' toj') has 94 occurance
merge 3289/9744: (1041, 101) -> 3544 (b' Fe') has 94 occurance
merge 3290/9744: (399, 104) -> 3545 (b' kojih') has 94 occurance
merge 3291/9744: (389, 294) -> 3546 (b' pada') has 94 occurance
merge 3292/9744: (717, 474) -> 3547 (b' vra\xc4\x87a') has 94 occurance
merge 3293/9744: (301, 547) -> 3548 (b' nebu') has 94 occurance
merge 3294/9744: (32, 2438) -> 3549 (b' r\xc4\x91a') has 94 occurance
merge 3295/9744: (311, 356) -> 3550 (b' zado') has 94 occurance
merge 3296/9744: (259, 110) -> 3551 (b' in') has 94 occurance
merge 3297/9744: (1103, 365) -> 3552 (b' proroku') has 94 occurance
merge 3298/9744: (738, 1771) -> 3553 (b' Judej') has 94 occurance
merge 3299/9744: (317, 1688) -> 3554 (b' dobri') has 94 occurance
merge 3300/9744: (320, 267) -> 3555 (b'leti') has 94 occurance
merge 3301/9744: (1201, 1372) -> 3556 (b' Petar') has 94 occurance
merge 3302/9744: (311, 1350) -> 3557 (b' zatru') has 93 occurance
merge 3303/9744: (275, 402) -> 3558 (b'kaza') has 93 occurance
merge 3304/9744: (307, 1238) -> 3559 (b'dijeli') has 93 occurance
merge 3305/9744: (289, 264) -> 3560 (b'vera') has 93 occurance
merge 3306/9744: (263, 500) -> 3561 (b' ope') has 93 occurance
merge 3307/9744: (425, 351) -> 3562 (b'vjesta') has 93 occurance
merge 3308/9744: (430, 1109) -> 3563 (b' prosla') has 93 occurance
merge 3309/9744: (527, 1885) -> 3564 (b' slu\xc5\xa1ki') has 93 occurance
merge 3310/9744: (509, 425) -> 3565 (b' \xc5\xbeivje') has 93 occurance
merge 3311/9744: (614, 1632) -> 3566 (b' Zaista') has 93 occurance
merge 3312/9744: (342, 306) -> 3567 (b' izne') has 93 occurance
merge 3313/9744: (764, 289) -> 3568 (b' najve') has 93 occurance
merge 3314/9744: (53, 51) -> 3569 (b'53') has 93 occurance
merge 3315/9744: (1567, 279) -> 3570 (b' do\xc5\xa1li') has 93 occurance
merge 3316/9744: (1583, 268) -> 3571 (b' zdravo') has 93 occurance
merge 3317/9744: (272, 278) -> 3572 (b' ure') has 93 occurance
merge 3318/9744: (284, 278) -> 3573 (b' bre') has 93 occurance
merge 3319/9744: (1166, 100) -> 3574 (b' zid') has 93 occurance
merge 3320/9744: (1496, 256) -> 3575 (b' vjeruje') has 93 occurance
merge 3321/9744: (261, 302) -> 3576 (b'\xc5\xa1no') has 93 occurance
merge 3322/9744: (1019, 346) -> 3577 (b' vlast') has 93 occurance
merge 3323/9744: (256, 118) -> 3578 (b'jev') has 93 occurance
merge 3324/9744: (538, 296) -> 3579 (b' du\xc5\xbe') has 93 occurance
merge 3325/9744: (270, 107) -> 3580 (b'vak') has 93 occurance
merge 3326/9744: (111, 114) -> 3581 (b'or') has 93 occurance
merge 3327/9744: (573, 451) -> 3582 (b' \xc4\x8desto') has 93 occurance
merge 3328/9744: (391, 485) -> 3583 (b' suze') has 93 occurance
merge 3329/9744: (424, 275) -> 3584 (b' veka') has 93 occurance
merge 3330/9744: (46, 945) -> 3585 (b'."\n') has 93 occurance
merge 3331/9744: (497, 101) -> 3586 (b'\xc4\x8ce') has 92 occurance
merge 3332/9744: (111, 410) -> 3587 (b'oba') has 92 occurance
merge 3333/9744: (633, 365) -> 3588 (b' stoku') has 92 occurance
merge 3334/9744: (264, 116) -> 3589 (b'rat') has 92 occurance
merge 3335/9744: (1379, 397) -> 3590 (b'ricanje') has 92 occurance
merge 3336/9744: (388, 288) -> 3591 (b'miji') has 92 occurance
merge 3337/9744: (107, 310) -> 3592 (b'k\xc4\x87e') has 92 occurance
merge 3338/9744: (668, 1169) -> 3593 (b' Sinovi') has 92 occurance
merge 3339/9744: (298, 294) -> 3594 (b'roda') has 92 occurance
merge 3340/9744: (2997, 294) -> 3595 (b' goveda') has 92 occurance
merge 3341/9744: (332, 289) -> 3596 (b'move') has 92 occurance
merge 3342/9744: (338, 285) -> 3597 (b' Sla') has 92 occurance
merge 3343/9744: (1616, 337) -> 3598 (b' planinu') has 92 occurance
merge 3344/9744: (359, 101) -> 3599 (b' Ke') has 92 occurance
merge 3345/9744: (195, 162) -> 3600 (b'\xc3\xa2') has 92 occurance
merge 3346/9744: (468, 484) -> 3601 (b' putu') has 92 occurance
merge 3347/9744: (317, 1416) -> 3602 (b' do\xc5\xa1av\xc5\xa1i') has 92 occurance
merge 3348/9744: (42, 2788) -> 3603 (b'*Rim') has 92 occurance
merge 3349/9744: (668, 306) -> 3604 (b' Sine') has 92 occurance
merge 3350/9744: (259, 356) -> 3605 (b' ido') has 92 occurance
merge 3351/9744: (290, 98) -> 3606 (b' pob') has 92 occurance
merge 3352/9744: (393, 398) -> 3607 (b' mi\xc5\xa1i') has 92 occurance
merge 3353/9744: (621, 1425) -> 3608 (b' Rije') has 92 occurance
merge 3354/9744: (312, 417) -> 3609 (b' kazi') has 92 occurance
merge 3355/9744: (539, 524) -> 3610 (b' nijedan') has 92 occurance
merge 3356/9744: (1126, 267) -> 3611 (b'dosti') has 92 occurance
merge 3357/9744: (638, 109) -> 3612 (b' govorim') has 92 occurance
merge 3358/9744: (999, 355) -> 3613 (b' pomo\xc4\x87i') has 92 occurance
merge 3359/9744: (68, 101) -> 3614 (b'De') has 92 occurance
merge 3360/9744: (1608, 2330) -> 3615 (b' oskvr') has 92 occurance
merge 3361/9744: (259, 3429) -> 3616 (b' itd') has 92 occurance
merge 3362/9744: (324, 276) -> 3617 (b'\xc4\x8dita') has 92 occurance
merge 3363/9744: (468, 281) -> 3618 (b' puna') has 92 occurance
merge 3364/9744: (1628, 279) -> 3619 (b'Veli') has 92 occurance
merge 3365/9744: (78, 756) -> 3620 (b'Njego') has 92 occurance
merge 3366/9744: (107, 472) -> 3621 (b'knji') has 92 occurance
merge 3367/9744: (452, 3196) -> 3622 (b'hodono') has 92 occurance
merge 3368/9744: (73, 68) -> 3623 (b'ID') has 91 occurance
merge 3369/9744: (75, 1439) -> 3624 (b'KOJ') has 91 occurance
merge 3370/9744: (273, 463) -> 3625 (b'vidje') has 91 occurance
merge 3371/9744: (367, 295) -> 3626 (b'site') has 91 occurance
merge 3372/9744: (323, 384) -> 3627 (b' klju') has 91 occurance
merge 3373/9744: (2244, 264) -> 3628 (b' Misira') has 91 occurance
merge 3374/9744: (264, 276) -> 3629 (b'rata') has 91 occurance
merge 3375/9744: (306, 291) -> 3630 (b'nema') has 91 occurance
merge 3376/9744: (404, 305) -> 3631 (b'bo\xc5\xa1e') has 91 occurance
merge 3377/9744: (552, 355) -> 3632 (b' bra\xc4\x87i') has 91 occurance
merge 3378/9744: (319, 994) -> 3633 (b' odnese') has 91 occurance
merge 3379/9744: (308, 277) -> 3634 (b' kori') has 91 occurance
merge 3380/9744: (545, 305) -> 3635 (b' \xc4\x8du\xc5\xa1e') has 91 occurance
merge 3381/9744: (436, 305) -> 3636 (b'\xc5\xa1a\xc5\xa1e') has 91 occurance
merge 3382/9744: (1375, 273) -> 3637 (b' ljubavi') has 91 occurance
merge 3383/9744: (122, 356) -> 3638 (b'zdo') has 91 occurance
merge 3384/9744: (938, 303) -> 3639 (b' Bo\xc5\xbeiju') has 91 occurance
merge 3385/9744: (1515, 296) -> 3640 (b' bli\xc5\xbe') has 91 occurance
merge 3386/9744: (320, 276) -> 3641 (b'leta') has 91 occurance
merge 3387/9744: (312, 307) -> 3642 (b' kadi') has 91 occurance
merge 3388/9744: (443, 1042) -> 3643 (b' Gospodnjem') has 91 occurance
merge 3389/9744: (990, 402) -> 3644 (b' kneza') has 91 occurance
merge 3390/9744: (396, 306) -> 3645 (b' rane') has 91 occurance
merge 3391/9744: (349, 267) -> 3646 (b' \xc5\xa1ti') has 91 occurance
merge 3392/9744: (1657, 792) -> 3647 (b'osafa') has 91 occurance
merge 3393/9744: (347, 82) -> 3648 (b' MR') has 91 occurance
merge 3394/9744: (517, 401) -> 3649 (b' volja') has 90 occurance
merge 3395/9744: (104, 337) -> 3650 (b'hnu') has 90 occurance
merge 3396/9744: (341, 363) -> 3651 (b' si\xc4\x91e') has 90 occurance
merge 3397/9744: (332, 353) -> 3652 (b'mo\xc5\xbee') has 90 occurance
merge 3398/9744: (1010, 114) -> 3653 (b' potr') has 90 occurance
merge 3399/9744: (860, 295) -> 3654 (b'\xc4\x91ite') has 90 occurance
merge 3400/9744: (726, 270) -> 3655 (b' drva') has 90 occurance
merge 3401/9744: (726, 353) -> 3656 (b' dr\xc5\xbee') has 90 occurance
merge 3402/9744: (263, 564) -> 3657 (b' onom') has 90 occurance
merge 3403/9744: (311, 1632) -> 3658 (b' zaista') has 90 occurance
merge 3404/9744: (1408, 380) -> 3659 (b'svaki') has 90 occurance
merge 3405/9744: (394, 612) -> 3660 (b' meso') has 90 occurance
merge 3406/9744: (1225, 306) -> 3661 (b' njezine') has 90 occurance
merge 3407/9744: (336, 1036) -> 3662 (b' bijela') has 90 occurance
merge 3408/9744: (410, 291) -> 3663 (b'bama') has 90 occurance
merge 3409/9744: (259, 580) -> 3664 (b' i\xc5\xa1te') has 90 occurance
merge 3410/9744: (263, 788) -> 3665 (b' ogla') has 90 occurance
merge 3411/9744: (277, 285) -> 3666 (b'rila') has 90 occurance
merge 3412/9744: (321, 318) -> 3667 (b'caru') has 90 occurance
merge 3413/9744: (962, 1171) -> 3668 (b' Te\xc5\xa1ko') has 90 occurance
merge 3414/9744: (1570, 693) -> 3669 (b' u\xc4\x8denici') has 90 occurance
merge 3415/9744: (429, 2742) -> 3670 (b' Jevan\xc4\x91e') has 90 occurance
merge 3416/9744: (105, 451) -> 3671 (b'isto') has 89 occurance
merge 3417/9744: (419, 270) -> 3672 (b' Dva') has 89 occurance
merge 3418/9744: (307, 281) -> 3673 (b'dina') has 89 occurance
merge 3419/9744: (401, 282) -> 3674 (b'ljani') has 89 occurance
merge 3420/9744: (765, 265) -> 3675 (b' sinko') has 89 occurance
merge 3421/9744: (527, 417) -> 3676 (b' sluzi') has 89 occurance
merge 3422/9744: (290, 289) -> 3677 (b' pove') has 89 occurance
merge 3423/9744: (404, 273) -> 3678 (b'bovi') has 89 occurance
merge 3424/9744: (394, 536) -> 3679 (b' me\xc4\x91a') has 89 occurance
merge 3425/9744: (340, 270) -> 3680 (b'ljeva') has 89 occurance
merge 3426/9744: (290, 508) -> 3681 (b' podno') has 89 occurance
merge 3427/9744: (568, 111) -> 3682 (b' znao') has 89 occurance
merge 3428/9744: (700, 322) -> 3683 (b' pla\xc4\x8de') has 89 occurance
merge 3429/9744: (317, 451) -> 3684 (b' dosto') has 89 occurance
merge 3430/9744: (654, 265) -> 3685 (b' lako') has 89 occurance
merge 3431/9744: (3622, 612) -> 3686 (b'hodonoso') has 89 occurance
merge 3432/9744: (78, 421) -> 3687 (b'NAN') has 89 occurance
merge 3433/9744: (84, 65) -> 3688 (b'TA') has 88 occurance
merge 3434/9744: (396, 351) -> 3689 (b' rasta') has 88 occurance
merge 3435/9744: (42, 2468) -> 3690 (b'*Dan') has 88 occurance
merge 3436/9744: (851, 592) -> 3691 (b' uzev\xc5\xa1i') has 88 occurance
merge 3437/9744: (659, 332) -> 3692 (b' Samo') has 88 occurance
merge 3438/9744: (105, 402) -> 3693 (b'iza') has 88 occurance
merge 3439/9744: (371, 322) -> 3694 (b' vi\xc4\x8de') has 88 occurance
merge 3440/9744: (290, 451) -> 3695 (b' posto') has 88 occurance
merge 3441/9744: (827, 268) -> 3696 (b' Njegovo') has 88 occurance
merge 3442/9744: (118, 314) -> 3697 (b'vde') has 88 occurance
merge 3443/9744: (743, 1416) -> 3698 (b' oti\xc5\xa1av\xc5\xa1i') has 88 occurance
merge 3444/9744: (396, 356) -> 3699 (b' rado') has 88 occurance
merge 3445/9744: (263, 322) -> 3700 (b' o\xc4\x8de') has 88 occurance
merge 3446/9744: (845, 302) -> 3701 (b' crno') has 88 occurance
merge 3447/9744: (308, 291) -> 3702 (b' koma') has 88 occurance
merge 3448/9744: (495, 305) -> 3703 (b'\xc4\x8da\xc5\xa1e') has 88 occurance
merge 3449/9744: (272, 1472) -> 3704 (b' udovi') has 88 occurance
merge 3450/9744: (290, 264) -> 3705 (b' pora') has 88 occurance
merge 3451/9744: (122, 313) -> 3706 (b'zlo') has 88 occurance
merge 3452/9744: (317, 2548) -> 3707 (b' do\xc4\x8deka') has 88 occurance
merge 3453/9744: (293, 566) -> 3708 (b' jeste') has 88 occurance
merge 3454/9744: (1636, 106) -> 3709 (b' broj') has 88 occurance
merge 3455/9744: (306, 107) -> 3710 (b'nek') has 88 occurance
merge 3456/9744: (259, 766) -> 3711 (b' isku') has 88 occurance
merge 3457/9744: (261, 340) -> 3712 (b'\xc5\xa1lje') has 88 occurance
merge 3458/9744: (992, 291) -> 3713 (b'nicama') has 88 occurance
merge 3459/9744: (534, 1665) -> 3714 (b' roblje') has 88 occurance
merge 3460/9744: (290, 386) -> 3715 (b' popa') has 88 occurance
merge 3461/9744: (273, 306) -> 3716 (b'vine') has 88 occurance
merge 3462/9744: (290, 378) -> 3717 (b' posti') has 88 occurance
merge 3463/9744: (66, 97) -> 3718 (b'Ba') has 88 occurance
merge 3464/9744: (1056, 291) -> 3719 (b' Jerusalima') has 88 occurance
merge 3465/9744: (775, 109) -> 3720 (b' Mom') has 88 occurance
merge 3466/9744: (46, 34) -> 3721 (b'."') has 88 occurance
merge 3467/9744: (1264, 666) -> 3722 (b' turske') has 88 occurance
merge 3468/9744: (1264, 521) -> 3723 (b' turski') has 88 occurance
merge 3469/9744: (1607, 3299) -> 3724 (b' Stambo') has 88 occurance
merge 3470/9744: (1513, 256) -> 3725 (b' cije') has 87 occurance
merge 3471/9744: (2141, 362) -> 3726 (b' pru\xc5\xbei') has 87 occurance
merge 3472/9744: (290, 484) -> 3727 (b' potu') has 87 occurance
merge 3473/9744: (301, 2745) -> 3728 (b' nevalja') has 87 occurance
merge 3474/9744: (111, 268) -> 3729 (b'ovo') has 87 occurance
merge 3475/9744: (352, 100) -> 3730 (b'sad') has 87 occurance
merge 3476/9744: (103, 282) -> 3731 (b'gni') has 87 occurance
merge 3477/9744: (742, 332) -> 3732 (b' ovamo') has 87 occurance
merge 3478/9744: (318, 365) -> 3733 (b'ruku') has 87 occurance
merge 3479/9744: (272, 780) -> 3734 (b' usli') has 87 occurance
merge 3480/9744: (705, 306) -> 3735 (b' podne') has 87 occurance
merge 3481/9744: (285, 99) -> 3736 (b'lac') has 87 occurance
merge 3482/9744: (318, 324) -> 3737 (b'ru\xc4\x8di') has 87 occurance
merge 3483/9744: (429, 367) -> 3738 (b' Jesi') has 87 occurance
merge 3484/9744: (584, 1475) -> 3739 (b' razgnje') has 87 occurance
merge 3485/9744: (1662, 281) -> 3740 (b' starje\xc5\xa1ina') has 87 occurance
merge 3486/9744: (417, 267) -> 3741 (b'ziti') has 87 occurance
merge 3487/9744: (263, 370) -> 3742 (b' oci') has 87 occurance
merge 3488/9744: (565, 320) -> 3743 (b' Ele') has 87 occurance
merge 3489/9744: (495, 267) -> 3744 (b'\xc4\x8dati') has 87 occurance
merge 3490/9744: (1035, 305) -> 3745 (b' na\xc4\x8dini\xc5\xa1e') has 87 occurance
merge 3491/9744: (573, 2149) -> 3746 (b' \xc4\x8detvr') has 87 occurance
merge 3492/9744: (290, 112) -> 3747 (b' pop') has 87 occurance
merge 3493/9744: (700, 267) -> 3748 (b' plati') has 87 occurance
merge 3494/9744: (311, 1670) -> 3749 (b' zapali') has 87 occurance
merge 3495/9744: (373, 390) -> 3750 (b' redu') has 87 occurance
merge 3496/9744: (1426, 270) -> 3751 (b' gnjeva') has 87 occurance
merge 3497/9744: (764, 1235) -> 3752 (b' najprije') has 87 occurance
merge 3498/9744: (361, 285) -> 3753 (b'bila') has 87 occurance
merge 3499/9744: (919, 261) -> 3754 (b'rje\xc5\xa1') has 87 occurance
merge 3500/9744: (827, 273) -> 3755 (b' Njegovi') has 87 occurance
merge 3501/9744: (282, 116) -> 3756 (b'nit') has 87 occurance
merge 3502/9744: (799, 370) -> 3757 (b' junaci') has 87 occurance
merge 3503/9744: (272, 486) -> 3758 (b' usko') has 87 occurance
merge 3504/9744: (623, 264) -> 3759 (b' vjera') has 87 occurance
merge 3505/9744: (2583, 2351) -> 3760 (b' XVI') has 87 occurance
merge 3506/9744: (335, 318) -> 3761 (b' Gru') has 87 occurance
merge 3507/9744: (625, 3372) -> 3762 (b' \xc5\xa0\xc4\x87epa') has 87 occurance
merge 3508/9744: (565, 279) -> 3763 (b' Eli') has 86 occurance
merge 3509/9744: (281, 306) -> 3764 (b'nane') has 86 occurance
merge 3510/9744: (336, 832) -> 3765 (b' bismo') has 86 occurance
merge 3511/9744: (288, 267) -> 3766 (b'jiti') has 86 occurance
merge 3512/9744: (307, 285) -> 3767 (b'dila') has 86 occurance
merge 3513/9744: (106, 766) -> 3768 (b'jsku') has 86 occurance
merge 3514/9744: (301, 111) -> 3769 (b' neo') has 86 occurance
merge 3515/9744: (398, 111) -> 3770 (b'\xc5\xa1io') has 86 occurance
merge 3516/9744: (1349, 104) -> 3771 (b'Zah') has 86 occurance
merge 3517/9744: (381, 104) -> 3772 (b'rijeh') has 86 occurance
merge 3518/9744: (880, 277) -> 3773 (b'mjeri') has 86 occurance
merge 3519/9744: (398, 281) -> 3774 (b'\xc5\xa1ina') has 86 occurance
merge 3520/9744: (738, 294) -> 3775 (b' Juda') has 86 occurance
merge 3521/9744: (261, 397) -> 3776 (b'\xc5\xa1nje') has 86 occurance
merge 3522/9744: (406, 114) -> 3777 (b' tor') has 86 occurance
merge 3523/9744: (367, 298) -> 3778 (b'siro') has 86 occurance
merge 3524/9744: (941, 294) -> 3779 (b'onda') has 86 occurance
merge 3525/9744: (319, 114) -> 3780 (b' odr') has 86 occurance
merge 3526/9744: (1004, 111) -> 3781 (b' ubio') has 86 occurance
merge 3527/9744: (332, 572) -> 3782 (b'movima') has 86 occurance
merge 3528/9744: (361, 310) -> 3783 (b'bi\xc4\x87e') has 86 occurance
merge 3529/9744: (296, 432) -> 3784 (b'\xc5\xbenja') has 86 occurance
merge 3530/9744: (1011, 362) -> 3785 (b'Bo\xc5\xbei') has 86 occurance
merge 3531/9744: (98, 376) -> 3786 (b'boj') has 86 occurance
merge 3532/9744: (1427, 353) -> 3787 (b' poma\xc5\xbee') has 86 occurance
merge 3533/9744: (333, 299) -> 3788 (b' aga') has 86 occurance
merge 3534/9744: (3088, 361) -> 3789 (b' osobi') has 86 occurance
merge 3535/9744: (429, 3251) -> 3790 (b' Jerovoa') has 86 occurance
merge 3536/9744: (371, 285) -> 3791 (b' vila') has 86 occurance
merge 3537/9744: (819, 101) -> 3792 (b' Ce') has 86 occurance
merge 3538/9744: (670, 306) -> 3793 (b' bane') has 86 occurance
merge 3539/9744: (679, 400) -> 3794 (b' Jovu') has 85 occurance
merge 3540/9744: (424, 310) -> 3795 (b' ve\xc4\x87e') has 85 occurance
merge 3541/9744: (1176, 386) -> 3796 (b' lijepa') has 85 occurance
merge 3542/9744: (1127, 283) -> 3797 (b' svakoja') has 85 occurance
merge 3543/9744: (275, 116) -> 3798 (b'kat') has 85 occurance
merge 3544/9744: (394, 352) -> 3799 (b' mesa') has 85 occurance
merge 3545/9744: (287, 114) -> 3800 (b'tor') has 85 occurance
merge 3546/9744: (338, 273) -> 3801 (b' Svi') has 85 occurance
merge 3547/9744: (940, 281) -> 3802 (b' ovna') has 85 occurance
merge 3548/9744: (263, 854) -> 3803 (b' ocima') has 85 occurance
merge 3549/9744: (534, 361) -> 3804 (b' robi') has 85 occurance
merge 3550/9744: (100, 859) -> 3805 (b'dnika') has 85 occurance
merge 3551/9744: (834, 111) -> 3806 (b' \xc4\x8dinio') has 85 occurance
merge 3552/9744: (430, 451) -> 3807 (b' prosto') has 85 occurance
merge 3553/9744: (103, 298) -> 3808 (b'gro') has 85 occurance
merge 3554/9744: (441, 460) -> 3809 (b' jamu') has 85 occurance
merge 3555/9744: (1133, 110) -> 3810 (b' Judin') has 85 occurance
merge 3556/9744: (612, 270) -> 3811 (b'sova') has 85 occurance
merge 3557/9744: (787, 362) -> 3812 (b'tra\xc5\xbei') has 85 occurance
merge 3558/9744: (290, 294) -> 3813 (b' poda') has 85 occurance
merge 3559/9744: (272, 1760) -> 3814 (b' ustima') has 85 occurance
merge 3560/9744: (1027, 1345) -> 3815 (b' grijehe') has 85 occurance
merge 3561/9744: (432, 107) -> 3816 (b'njak') has 85 occurance
merge 3562/9744: (394, 2045) -> 3817 (b' metne') has 85 occurance
merge 3563/9744: (290, 117) -> 3818 (b' pou') has 85 occurance
merge 3564/9744: (291, 106) -> 3819 (b'maj') has 85 occurance
merge 3565/9744: (363, 110) -> 3820 (b'\xc4\x91en') has 85 occurance
merge 3566/9744: (69, 77) -> 3821 (b'EM') has 85 occurance
merge 3567/9744: (1124, 724) -> 3822 (b' Hristu') has 85 occurance
merge 3568/9744: (842, 2192) -> 3823 (b' Tur\xc4\x8dina') has 85 occurance
merge 3569/9744: (385, 328) -> 3824 (b' Bos') has 85 occurance
merge 3570/9744: (505, 374) -> 3825 (b' bese') has 85 occurance
merge 3571/9744: (477, 114) -> 3826 (b' kur') has 85 occurance
merge 3572/9744: (1916, 2478) -> 3827 (b'.Pita') has 85 occurance
merge 3573/9744: (1160, 111) -> 3828 (b' \xc5\xbeao') has 84 occurance
merge 3574/9744: (118, 693) -> 3829 (b'vnici') has 84 occurance
merge 3575/9744: (761, 106) -> 3830 (b' Naj') has 84 occurance
merge 3576/9744: (1741, 521) -> 3831 (b' zemaljski') has 84 occurance
merge 3577/9744: (790, 353) -> 3832 (b' le\xc5\xbee') has 84 occurance
merge 3578/9744: (1050, 1601) -> 3833 (b' filiste') has 84 occurance
merge 3579/9744: (341, 2751) -> 3834 (b' sikala') has 84 occurance
merge 3580/9744: (319, 1363) -> 3835 (b' odvrati') has 84 occurance
merge 3581/9744: (708, 362) -> 3836 (b' Ka\xc5\xbei') has 84 occurance
merge 3582/9744: (102, 117) -> 3837 (b'fu') has 84 occurance
merge 3583/9744: (827, 118) -> 3838 (b' Njegov') has 84 occurance
merge 3584/9744: (309, 109) -> 3839 (b'pom') has 84 occurance
merge 3585/9744: (561, 313) -> 3840 (b' ostalo') has 84 occurance
merge 3586/9744: (110, 666) -> 3841 (b'nske') has 84 occurance
merge 3587/9744: (568, 324) -> 3842 (b' zna\xc4\x8di') has 84 occurance
merge 3588/9744: (989, 114) -> 3843 (b' dvor') has 84 occurance
merge 3589/9744: (105, 306) -> 3844 (b'ine') has 84 occurance
merge 3590/9744: (289, 302) -> 3845 (b'veno') has 84 occurance
merge 3591/9744: (80, 328) -> 3846 (b'Pos') has 84 occurance
merge 3592/9744: (312, 500) -> 3847 (b' kape') has 84 occurance
merge 3593/9744: (1189, 567) -> 3848 (b' Duha') has 84 occurance
merge 3594/9744: (311, 1352) -> 3849 (b' zapisa') has 84 occurance
merge 3595/9744: (381, 269) -> 3850 (b'rije\xc4\x8d') has 84 occurance
merge 3596/9744: (984, 116) -> 3851 (b' Vet') has 84 occurance
merge 3597/9744: (990, 353) -> 3852 (b' kne\xc5\xbee') has 84 occurance
merge 3598/9744: (292, 306) -> 3853 (b'gone') has 84 occurance
merge 3599/9744: (290, 435) -> 3854 (b' pobe') has 84 occurance
merge 3600/9744: (371, 295) -> 3855 (b' vite') has 84 occurance
merge 3601/9744: (393, 264) -> 3856 (b' mira') has 83 occurance
merge 3602/9744: (356, 627) -> 3857 (b'dobro') has 83 occurance
merge 3603/9744: (122, 698) -> 3858 (b'zdeset') has 83 occurance
merge 3604/9744: (422, 1483) -> 3859 (b' Ovaj') has 83 occurance
merge 3605/9744: (261, 953) -> 3860 (b'\xc5\xa1om') has 83 occurance
merge 3606/9744: (1667, 109) -> 3861 (b' va\xc5\xa1im') has 83 occurance
merge 3607/9744: (282, 645) -> 3862 (b'ni\xc5\xa1ta') has 83 occurance
merge 3608/9744: (272, 285) -> 3863 (b' ula') has 83 occurance
merge 3609/9744: (837, 292) -> 3864 (b' trgo') has 83 occurance
merge 3610/9744: (317, 1669) -> 3865 (b' dobre') has 83 occurance
merge 3611/9744: (769, 1825) -> 3866 (b' mno\xc5\xa1tvo') has 83 occurance
merge 3612/9744: (404, 289) -> 3867 (b'bove') has 83 occurance
merge 3613/9744: (388, 2257) -> 3868 (b'mi\xc5\xa1lja') has 83 occurance
merge 3614/9744: (280, 2980) -> 3869 (b' naprijed') has 83 occurance
merge 3615/9744: (115, 427) -> 3870 (b'svije') has 83 occurance
merge 3616/9744: (1386, 340) -> 3871 (b' nevolje') has 83 occurance
merge 3617/9744: (317, 2796) -> 3872 (b' dobru') has 83 occurance
merge 3618/9744: (764, 2140) -> 3873 (b' najbolje') has 83 occurance
merge 3619/9744: (1396, 320) -> 3874 (b' bijele') has 83 occurance
merge 3620/9744: (311, 105) -> 3875 (b' zai') has 83 occurance
merge 3621/9744: (709, 270) -> 3876 (b' krva') has 83 occurance
merge 3622/9744: (1033, 270) -> 3877 (b' \xc5\xbertva') has 83 occurance
merge 3623/9744: (342, 546) -> 3878 (b' izvr') has 83 occurance
merge 3624/9744: (84, 117) -> 3879 (b'Tu') has 83 occurance
merge 3625/9744: (280, 367) -> 3880 (b' nasi') has 83 occurance
merge 3626/9744: (398, 295) -> 3881 (b'\xc5\xa1ite') has 83 occurance
merge 3627/9744: (1148, 435) -> 3882 (b' pogibe') has 83 occurance
merge 3628/9744: (272, 482) -> 3883 (b' u\xc5\xbea') has 83 occurance
merge 3629/9744: (80, 2105) -> 3884 (b'PET') has 83 occurance
merge 3630/9744: (473, 278) -> 3885 (b' stare') has 83 occurance
merge 3631/9744: (389, 326) -> 3886 (b' pame') has 83 occurance
merge 3632/9744: (299, 110) -> 3887 (b'gan') has 83 occurance
merge 3633/9744: (562, 101) -> 3888 (b' \xc4\x8doe') has 83 occurance
merge 3634/9744: (3687, 2744) -> 3889 (b'NAN\xc4\x8cIKA') has 83 occurance
merge 3635/9744: (310, 109) -> 3890 (b'\xc4\x87em') has 82 occurance
merge 3636/9744: (563, 104) -> 3891 (b' prah') has 82 occurance
merge 3637/9744: (267, 306) -> 3892 (b'tine') has 82 occurance
merge 3638/9744: (262, 3562) -> 3893 (b' dvjesta') has 82 occurance
merge 3639/9744: (32, 492) -> 3894 (b' jo') has 82 occurance
merge 3640/9744: (743, 355) -> 3895 (b' oti\xc4\x87i') has 82 occurance
merge 3641/9744: (473, 1801) -> 3896 (b' stajahu') has 82 occurance
merge 3642/9744: (286, 292) -> 3897 (b' zgo') has 82 occurance
merge 3643/9744: (2298, 116) -> 3898 (b' radost') has 82 occurance
merge 3644/9744: (396, 302) -> 3899 (b' rano') has 82 occurance
merge 3645/9744: (1941, 100) -> 3900 (b'narod') has 82 occurance
merge 3646/9744: (796, 303) -> 3901 (b' o\xc4\x8diju') has 82 occurance
merge 3647/9744: (1019, 378) -> 3902 (b' vlasti') has 82 occurance
merge 3648/9744: (280, 632) -> 3903 (b' napre') has 82 occurance
merge 3649/9744: (386, 267) -> 3904 (b'pati') has 82 occurance
merge 3650/9744: (341, 1025) -> 3905 (b' silom') has 82 occurance
merge 3651/9744: (1341, 256) -> 3906 (b' pobije') has 82 occurance
merge 3652/9744: (550, 295) -> 3907 (b' imate') has 82 occurance
merge 3653/9744: (1975, 320) -> 3908 (b' tjele') has 82 occurance
merge 3654/9744: (881, 282) -> 3909 (b' sve\xc5\xa1teni') has 82 occurance
merge 3655/9744: (530, 903) -> 3910 (b'Mojsije') has 82 occurance
merge 3656/9744: (276, 291) -> 3911 (b'tama') has 82 occurance
merge 3657/9744: (443, 681) -> 3912 (b' Gospodnju') has 82 occurance
merge 3658/9744: (267, 291) -> 3913 (b'tima') has 82 occurance
merge 3659/9744: (322, 110) -> 3914 (b'\xc4\x8den') has 82 occurance
merge 3660/9744: (410, 111) -> 3915 (b'bao') has 82 occurance
merge 3661/9744: (1078, 281) -> 3916 (b'\xc5\xa1tina') has 82 occurance
merge 3662/9744: (670, 321) -> 3917 (b' baca') has 82 occurance
merge 3663/9744: (2518, 321) -> 3918 (b' lisica') has 82 occurance
merge 3664/9744: (297, 366) -> 3919 (b' selu') has 82 occurance
merge 3665/9744: (84, 1843) -> 3920 (b'Tur') has 82 occurance
merge 3666/9744: (411, 531) -> 3921 (b' \xc4\x8dar') has 82 occurance
merge 3667/9744: (643, 3150) -> 3922 (b' tridest') has 82 occurance
merge 3668/9744: (2239, 2852) -> 3923 (b'TEOD') has 82 occurance
merge 3669/9744: (3923, 541) -> 3924 (b'TEODOS') has 82 occurance
merge 3670/9744: (3924, 447) -> 3925 (b'TEODOSIJA') has 82 occurance
merge 3671/9744: (3648, 3624) -> 3926 (b' MRKOJ') has 82 occurance
merge 3672/9744: (3926, 2912) -> 3927 (b' MRKOJEVI\xc4\x86') has 82 occurance
merge 3673/9744: (850, 73) -> 3928 (b'OVI') has 81 occurance
merge 3674/9744: (332, 299) -> 3929 (b'moga') has 81 occurance
merge 3675/9744: (1803, 508) -> 3930 (b' slobodno') has 81 occurance
merge 3676/9744: (2663, 294) -> 3931 (b' sazida') has 81 occurance
merge 3677/9744: (1196, 340) -> 3932 (b'zemlje') has 81 occurance
merge 3678/9744: (1032, 451) -> 3933 (b'naesto') has 81 occurance
merge 3679/9744: (320, 275) -> 3934 (b'leka') has 81 occurance
merge 3680/9744: (116, 380) -> 3935 (b'tki') has 81 occurance
merge 3681/9744: (774, 739) -> 3936 (b' zlatom') has 81 occurance
merge 3682/9744: (1784, 340) -> 3937 (b' napolje') has 81 occurance
merge 3683/9744: (1698, 278) -> 3938 (b' matere') has 81 occurance
merge 3684/9744: (1384, 482) -> 3939 (b'dr\xc5\xbea') has 81 occurance
merge 3685/9744: (527, 353) -> 3940 (b' slu\xc5\xbee') has 81 occurance
merge 3686/9744: (516, 521) -> 3941 (b' carski') has 81 occurance
merge 3687/9744: (441, 746) -> 3942 (b' javlja') has 81 occurance
merge 3688/9744: (301, 1540) -> 3943 (b' neprav') has 81 occurance
merge 3689/9744: (446, 281) -> 3944 (b' mana') has 81 occurance
merge 3690/9744: (312, 722) -> 3945 (b' kazu') has 81 occurance
merge 3691/9744: (912, 346) -> 3946 (b' \xc4\x8dast') has 81 occurance
merge 3692/9744: (378, 264) -> 3947 (b'stira') has 81 occurance
merge 3693/9744: (68, 117) -> 3948 (b'Du') has 81 occurance
merge 3694/9744: (1397, 324) -> 3949 (b' nau\xc4\x8di') has 81 occurance
merge 3695/9744: (417, 256) -> 3950 (b'zije') has 81 occurance
merge 3696/9744: (391, 1086) -> 3951 (b' sulta') has 81 occurance
merge 3697/9744: (557, 2066) -> 3952 (b' devojka') has 81 occurance
merge 3698/9744: (617, 101) -> 3953 (b' \xc4\x90e') has 81 occurance
merge 3699/9744: (401, 305) -> 3954 (b'lja\xc5\xa1e') has 80 occurance
merge 3700/9744: (888, 267) -> 3955 (b' vratiti') has 80 occurance
merge 3701/9744: (280, 883) -> 3956 (b' na\xc4\x91o\xc5\xa1e') has 80 occurance
merge 3702/9744: (560, 533) -> 3957 (b' tvojemu') has 80 occurance
merge 3703/9744: (277, 295) -> 3958 (b'rite') has 80 occurance
merge 3704/9744: (327, 402) -> 3959 (b' Aza') has 80 occurance
merge 3705/9744: (677, 303) -> 3960 (b' kraju') has 80 occurance
merge 3706/9744: (1194, 298) -> 3961 (b' utro') has 80 occurance
merge 3707/9744: (107, 861) -> 3962 (b'kvom') has 80 occurance
merge 3708/9744: (315, 913) -> 3963 (b' Idite') has 80 occurance
merge 3709/9744: (283, 281) -> 3964 (b'jana') has 80 occurance
merge 3710/9744: (912, 767) -> 3965 (b' \xc4\x8da\xc5\xa1u') has 80 occurance
merge 3711/9744: (105, 114) -> 3966 (b'ir') has 80 occurance
merge 3712/9744: (272, 287) -> 3967 (b' uto') has 80 occurance
merge 3713/9744: (1583, 934) -> 3968 (b' zdravlje') has 80 occurance
merge 3714/9744: (270, 432) -> 3969 (b'vanja') has 80 occurance
merge 3715/9744: (1890, 264) -> 3970 (b' \xc5\xa0atora') has 80 occurance
merge 3716/9744: (556, 674) -> 3971 (b' velikom') has 80 occurance
merge 3717/9744: (1480, 417) -> 3972 (b' opazi') has 80 occurance
merge 3718/9744: (379, 295) -> 3973 (b' \xc4\x87ete') has 80 occurance
merge 3719/9744: (280, 417) -> 3974 (b' nazi') has 80 occurance
merge 3720/9744: (105, 378) -> 3975 (b'isti') has 80 occurance
merge 3721/9744: (363, 282) -> 3976 (b'\xc4\x91eni') has 80 occurance
merge 3722/9744: (360, 326) -> 3977 (b' teme') has 80 occurance
merge 3723/9744: (776, 1343) -> 3978 (b' djelima') has 80 occurance
merge 3724/9744: (560, 299) -> 3979 (b' tvoga') has 80 occurance
merge 3725/9744: (330, 3647) -> 3980 (b' Josafa') has 80 occurance
merge 3726/9744: (352, 2197) -> 3981 (b'salam') has 80 occurance
merge 3727/9744: (2138, 442) -> 3982 (b' Arapi') has 80 occurance
merge 3728/9744: (366, 107) -> 3983 (b'luk') has 80 occurance
merge 3729/9744: (1399, 3536) -> 3984 (b'MITAR') has 80 occurance
merge 3730/9744: (86, 2784) -> 3985 (b'Vuk') has 79 occurance
merge 3731/9744: (2526, 324) -> 3986 (b' \xc4\x8covje\xc4\x8di') has 79 occurance
merge 3732/9744: (735, 106) -> 3987 (b' jednoj') has 79 occurance
merge 3733/9744: (272, 355) -> 3988 (b' u\xc4\x87i') has 79 occurance
merge 3734/9744: (78, 450) -> 3989 (b'Nem') has 79 occurance
merge 3735/9744: (294, 314) -> 3990 (b'dade') has 79 occurance
merge 3736/9744: (259, 913) -> 3991 (b' idite') has 79 occurance
merge 3737/9744: (1698, 277) -> 3992 (b' materi') has 79 occurance
merge 3738/9744: (1518, 417) -> 3993 (b' mrzi') has 79 occurance
merge 3739/9744: (1312, 270) -> 3994 (b' Jakova') has 79 occurance
merge 3740/9744: (357, 2155) -> 3995 (b' moav') has 79 occurance
merge 3741/9744: (374, 114) -> 3996 (b'ser') has 79 occurance
merge 3742/9744: (2220, 400) -> 3997 (b'\xc5\xbertvu') has 79 occurance
merge 3743/9744: (2906, 352) -> 3998 (b' \xc4\x8dudesa') has 79 occurance
merge 3744/9744: (311, 1187) -> 3999 (b' zaklo') has 79 occurance
merge 3745/9744: (290, 366) -> 4000 (b' polu') has 79 occurance
merge 3746/9744: (263, 874) -> 4001 (b' ogleda') has 79 occurance
merge 3747/9744: (333, 114) -> 4002 (b' ar') has 79 occurance
merge 3748/9744: (804, 1798) -> 4003 (b' \xc5\xbedrije') has 79 occurance
merge 3749/9744: (772, 116) -> 4004 (b'prot') has 79 occurance
merge 3750/9744: (263, 551) -> 4005 (b' opu') has 79 occurance
merge 3751/9744: (391, 1291) -> 4006 (b' sudove') has 79 occurance
merge 3752/9744: (1116, 352) -> 4007 (b'Isusa') has 79 occurance
merge 3753/9744: (819, 1498) -> 4008 (b' CAR') has 79 occurance
merge 3754/9744: (684, 303) -> 4009 (b' sviju') has 79 occurance
merge 3755/9744: (333, 955) -> 4010 (b' asir') has 79 occurance
merge 3756/9744: (380, 256) -> 4011 (b'kije') has 79 occurance
merge 3757/9744: (110, 100) -> 4012 (b'nd') has 79 occurance
merge 3758/9744: (2939, 261) -> 4013 (b' neznabo\xc5\xa1') has 79 occurance
merge 3759/9744: (1829, 283) -> 4014 (b'd\xc5\xbeija') has 79 occurance
merge 3760/9744: (1860, 400) -> 4015 (b' Kosovu') has 79 occurance
merge 3761/9744: (625, 531) -> 4016 (b' \xc5\xa0ar') has 79 occurance
merge 3762/9744: (75, 3331) -> 4017 (b'Knez') has 79 occurance
merge 3763/9744: (2285, 318) -> 4018 (b' heru') has 78 occurance
merge 3764/9744: (565, 302) -> 4019 (b' Eno') has 78 occurance
merge 3765/9744: (1772, 432) -> 4020 (b' bezakonja') has 78 occurance
merge 3766/9744: (472, 109) -> 4021 (b'njim') has 78 occurance
merge 3767/9744: (72, 97) -> 4022 (b'Ha') has 78 occurance
merge 3768/9744: (573, 460) -> 4023 (b' \xc4\x8demu') has 78 occurance
merge 3769/9744: (430, 355) -> 4024 (b' pro\xc4\x87i') has 78 occurance
merge 3770/9744: (545, 592) -> 4025 (b' \xc4\x8duv\xc5\xa1i') has 78 occurance
merge 3771/9744: (53, 55) -> 4026 (b'57') has 78 occurance
merge 3772/9744: (776, 321) -> 4027 (b' djeca') has 78 occurance
merge 3773/9744: (308, 783) -> 4028 (b' kojom') has 78 occurance
merge 3774/9744: (424, 355) -> 4029 (b' ve\xc4\x87i') has 78 occurance
merge 3775/9744: (632, 265) -> 4030 (b'preko') has 78 occurance
merge 3776/9744: (122, 306) -> 4031 (b'zne') has 78 occurance
merge 3777/9744: (697, 382) -> 4032 (b' rijeke') has 78 occurance
merge 3778/9744: (280, 264) -> 4033 (b' nara') has 78 occurance
merge 3779/9744: (1160, 1915) -> 4034 (b' \xc5\xbealosti') has 78 occurance
merge 3780/9744: (463, 285) -> 4035 (b'djela') has 78 occurance
merge 3781/9744: (346, 318) -> 4036 (b'stru') has 78 occurance
merge 3782/9744: (791, 100) -> 4037 (b' sred') has 78 occurance
merge 3783/9744: (308, 109) -> 4038 (b' kom') has 78 occurance
merge 3784/9744: (320, 310) -> 4039 (b'le\xc4\x87e') has 78 occurance
merge 3785/9744: (282, 285) -> 4040 (b'nila') has 78 occurance
merge 3786/9744: (339, 278) -> 4041 (b' gre') has 78 occurance
merge 3787/9744: (276, 264) -> 4042 (b'tara') has 78 occurance
merge 3788/9744: (699, 326) -> 4043 (b' ovome') has 78 occurance
merge 3789/9744: (281, 1925) -> 4044 (b'natan') has 78 occurance
merge 3790/9744: (1159, 337) -> 4045 (b' istinu') has 78 occurance
merge 3791/9744: (1105, 299) -> 4046 (b' draga') has 78 occurance
merge 3792/9744: (262, 620) -> 4047 (b' dvore') has 78 occurance
merge 3793/9744: (1076, 374) -> 4048 (b'krse') has 78 occurance
merge 3794/9744: (526, 2266) -> 4049 (b' pesama') has 78 occurance
merge 3795/9744: (95, 95) -> 4050 (b'__') has 78 occurance
merge 3796/9744: (422, 778) -> 4051 (b' Opet') has 77 occurance
merge 3797/9744: (327, 294) -> 4052 (b' Ada') has 77 occurance
merge 3798/9744: (286, 1933) -> 4053 (b' zmija') has 77 occurance
merge 3799/9744: (280, 933) -> 4054 (b' navali') has 77 occurance
merge 3800/9744: (1123, 291) -> 4055 (b' ve\xc4\x87ma') has 77 occurance
merge 3801/9744: (300, 1782) -> 4056 (b' dadoh') has 77 occurance
merge 3802/9744: (923, 1707) -> 4057 (b' Vavilon') has 77 occurance
merge 3803/9744: (320, 107) -> 4058 (b'lek') has 77 occurance
merge 3804/9744: (436, 458) -> 4059 (b'\xc5\xa1ahu') has 77 occurance
merge 3805/9744: (1528, 267) -> 4060 (b' slu\xc5\xbeiti') has 77 occurance
merge 3806/9744: (256, 264) -> 4061 (b'jera') has 77 occurance
merge 3807/9744: (852, 592) -> 4062 (b' vidjev\xc5\xa1i') has 77 occurance
merge 3808/9744: (2458, 1725) -> 4063 (b'jedanput') has 77 occurance
merge 3809/9744: (309, 1109) -> 4064 (b'posla') has 77 occurance
merge 3810/9744: (352, 289) -> 4065 (b'save') has 77 occurance
merge 3811/9744: (307, 310) -> 4066 (b'di\xc4\x87e') has 77 occurance
merge 3812/9744: (422, 281) -> 4067 (b' Ona') has 77 occurance
merge 3813/9744: (630, 296) -> 4068 (b' ju\xc5\xbe') has 77 occurance
merge 3814/9744: (112, 305) -> 4069 (b'p\xc5\xa1e') has 77 occurance
merge 3815/9744: (2186, 322) -> 4070 (b' uve\xc4\x8de') has 77 occurance
merge 3816/9744: (342, 285) -> 4071 (b' izla') has 77 occurance
merge 3817/9744: (122, 337) -> 4072 (b'znu') has 77 occurance
merge 3818/9744: (393, 285) -> 4073 (b' mila') has 77 occurance
merge 3819/9744: (555, 1170) -> 4074 (b' nekakav') has 77 occurance
merge 3820/9744: (800, 1485) -> 4075 (b' Mojsija') has 77 occurance
merge 3821/9744: (1545, 337) -> 4076 (b' Aronu') has 77 occurance
merge 3822/9744: (538, 398) -> 4077 (b' du\xc5\xa1i') has 77 occurance
merge 3823/9744: (637, 3105) -> 4078 (b' vojsci') has 77 occurance
merge 3824/9744: (115, 1242) -> 4079 (b'slu\xc5\xa1a') has 77 occurance
merge 3825/9744: (280, 767) -> 4080 (b' na\xc5\xa1u') has 77 occurance
merge 3826/9744: (1412, 356) -> 4081 (b' tvrdo') has 77 occurance
merge 3827/9744: (886, 288) -> 4082 (b'svoji') has 77 occurance
merge 3828/9744: (311, 109) -> 4083 (b' zam') has 77 occurance
merge 3829/9744: (354, 432) -> 4084 (b' tinja') has 77 occurance
merge 3830/9744: (1428, 305) -> 4085 (b' metnu\xc5\xa1e') has 77 occurance
merge 3831/9744: (405, 484) -> 4086 (b' svetu') has 77 occurance
merge 3832/9744: (1750, 273) -> 4087 (b'zdravi') has 77 occurance
merge 3833/9744: (2334, 322) -> 4088 (b' ute\xc4\x8de') has 77 occurance
merge 3834/9744: (467, 303) -> 4089 (b' boju') has 77 occurance
merge 3835/9744: (354, 291) -> 4090 (b' tima') has 77 occurance
merge 3836/9744: (332, 271) -> 4091 (b'mo\xc4\x87') has 77 occurance
merge 3837/9744: (1532, 927) -> 4092 (b' svojijeh') has 77 occurance
merge 3838/9744: (1282, 3092) -> 4093 (b' farise') has 77 occurance
merge 3839/9744: (750, 1849) -> 4094 (b' gospodin') has 77 occurance
merge 3840/9744: (279, 269) -> 4095 (b'li\xc4\x8d') has 76 occurance
merge 3841/9744: (852, 313) -> 4096 (b' vidjelo') has 76 occurance
merge 3842/9744: (105, 314) -> 4097 (b'ide') has 76 occurance
merge 3843/9744: (267, 681) -> 4098 (b'tinju') has 76 occurance
merge 3844/9744: (275, 592) -> 4099 (b'kav\xc5\xa1i') has 76 occurance
merge 3845/9744: (568, 267) -> 4100 (b' znati') has 76 occurance
merge 3846/9744: (296, 100) -> 4101 (b'\xc5\xbed') has 76 occurance
merge 3847/9744: (510, 392) -> 4102 (b' Ne\xc4\x87u') has 76 occurance
merge 3848/9744: (1539, 337) -> 4103 (b' zelenu') has 76 occurance
merge 3849/9744: (668, 332) -> 4104 (b' Simo') has 76 occurance
merge 3850/9744: (569, 117) -> 4105 (b' Hu') has 76 occurance
merge 3851/9744: (394, 363) -> 4106 (b' me\xc4\x91e') has 76 occurance
merge 3852/9744: (1822, 465) -> 4107 (b' Zemlji') has 76 occurance
merge 3853/9744: (1787, 109) -> 4108 (b' Avram') has 76 occurance
merge 3854/9744: (290, 883) -> 4109 (b' po\xc4\x91o\xc5\xa1e') has 76 occurance
merge 3855/9744: (333, 291) -> 4110 (b' ama') has 76 occurance
merge 3856/9744: (104, 340) -> 4111 (b'hlje') has 76 occurance
merge 3857/9744: (274, 634) -> 4112 (b' mlije') has 76 occurance
merge 3858/9744: (442, 305) -> 4113 (b'pi\xc5\xa1e') has 76 occurance
merge 3859/9744: (410, 273) -> 4114 (b'bavi') has 76 occurance
merge 3860/9744: (300, 820) -> 4115 (b' dado\xc5\xa1e') has 76 occurance
merge 3861/9744: (865, 285) -> 4116 (b' pokla') has 76 occurance
merge 3862/9744: (926, 105) -> 4117 (b' \xc4\x8ci') has 76 occurance
merge 3863/9744: (520, 2511) -> 4118 (b' novaca') has 76 occurance
merge 3864/9744: (1225, 110) -> 4119 (b' njezin') has 76 occurance
merge 3865/9744: (282, 495) -> 4120 (b'ni\xc4\x8da') has 76 occurance
merge 3866/9744: (1667, 104) -> 4121 (b' va\xc5\xa1ih') has 76 occurance
merge 3867/9744: (2982, 110) -> 4122 (b' plijen') has 76 occurance
merge 3868/9744: (1386, 401) -> 4123 (b' nevolja') has 76 occurance
merge 3869/9744: (354, 681) -> 4124 (b' tinju') has 76 occurance
merge 3870/9744: (503, 435) -> 4125 (b' ljube') has 76 occurance
merge 3871/9744: (78, 73) -> 4126 (b'NI') has 76 occurance
merge 3872/9744: (290, 374) -> 4127 (b' pose') has 76 occurance
merge 3873/9744: (257, 382) -> 4128 (b' ske') has 76 occurance
merge 3874/9744: (383, 324) -> 4129 (b' mu\xc4\x8di') has 76 occurance
merge 3875/9744: (3340, 109) -> 4130 (b' putem') has 76 occurance
merge 3876/9744: (856, 283) -> 4131 (b'hija') has 76 occurance
merge 3877/9744: (338, 65) -> 4132 (b' SA') has 76 occurance
merge 3878/9744: (359, 114) -> 4133 (b' Kr') has 76 occurance
merge 3879/9744: (359, 79) -> 4134 (b' KO') has 76 occurance
merge 3880/9744: (298, 965) -> 4135 (b'rovi\xc4\x87') has 76 occurance
merge 3881/9744: (1308, 401) -> 4136 (b' sablja') has 76 occurance
merge 3882/9744: (557, 279) -> 4137 (b' deli') has 76 occurance
merge 3883/9744: (1832, 292) -> 4138 (b' Crnogo') has 76 occurance
merge 3884/9744: (559, 101) -> 4139 (b'\xc4\x90e') has 76 occurance
merge 3885/9744: (870, 351) -> 4140 (b' vrsta') has 75 occurance
merge 3886/9744: (633, 382) -> 4141 (b' stoke') has 75 occurance
merge 3887/9744: (2417, 111) -> 4142 (b' stvorio') has 75 occurance
merge 3888/9744: (268, 270) -> 4143 (b'vova') has 75 occurance
merge 3889/9744: (317, 3096) -> 4144 (b' doga\xc4\x91a') has 75 occurance
merge 3890/9744: (2229, 270) -> 4145 (b' sa\xc4\x8duva') has 75 occurance
merge 3891/9744: (353, 110) -> 4146 (b'\xc5\xbeen') has 75 occurance
merge 3892/9744: (3138, 941) -> 4147 (b' faraon') has 75 occurance
merge 3893/9744: (865, 1841) -> 4148 (b' pokraj') has 75 occurance
merge 3894/9744: (486, 324) -> 4149 (b'sko\xc4\x8di') has 75 occurance
merge 3895/9744: (53, 52) -> 4150 (b'54') has 75 occurance
merge 3896/9744: (53, 54) -> 4151 (b'56') has 75 occurance
merge 3897/9744: (384, 361) -> 4152 (b'ljubi') has 75 occurance
merge 3898/9744: (105, 417) -> 4153 (b'izi') has 75 occurance
merge 3899/9744: (550, 332) -> 4154 (b' imamo') has 75 occurance
merge 3900/9744: (296, 302) -> 4155 (b'\xc5\xbeno') has 75 occurance
merge 3901/9744: (286, 2378) -> 4156 (b' zgrije\xc5\xa1i') has 75 occurance
merge 3902/9744: (509, 287) -> 4157 (b' \xc5\xbeito') has 75 occurance
merge 3903/9744: (274, 278) -> 4158 (b' mre') has 75 occurance
merge 3904/9744: (775, 732) -> 4159 (b' Mojega') has 75 occurance
merge 3905/9744: (729, 270) -> 4160 (b' jedva') has 75 occurance
merge 3906/9744: (928, 265) -> 4161 (b' Niko') has 75 occurance
merge 3907/9744: (542, 307) -> 4162 (b' gradi') has 75 occurance
merge 3908/9744: (730, 427) -> 4163 (b' cvije') has 75 occurance
merge 3909/9744: (517, 340) -> 4164 (b' volje') has 75 occurance
merge 3910/9744: (1550, 292) -> 4165 (b'drugo') has 75 occurance
merge 3911/9744: (302, 374) -> 4166 (b'nose') has 75 occurance
merge 3912/9744: (116, 620) -> 4167 (b'tvore') has 75 occurance
merge 3913/9744: (360, 107) -> 4168 (b' tek') has 75 occurance
merge 3914/9744: (749, 273) -> 4169 (b' slavi') has 75 occurance
merge 3915/9744: (2549, 686) -> 4170 (b' ropstvo') has 75 occurance
merge 3916/9744: (1616, 306) -> 4171 (b' planine') has 75 occurance
merge 3917/9744: (2295, 2283) -> 4172 (b' gvozde') has 75 occurance
merge 3918/9744: (268, 103) -> 4173 (b'vog') has 75 occurance
merge 3919/9744: (111, 112) -> 4174 (b'op') has 75 occurance
merge 3920/9744: (388, 267) -> 4175 (b'miti') has 75 occurance
merge 3921/9744: (1097, 265) -> 4176 (b' majko') has 75 occurance
merge 3922/9744: (460, 1267) -> 4177 (b'mudro') has 75 occurance
merge 3923/9744: (516, 1648) -> 4178 (b' carstvu') has 75 occurance
merge 3924/9744: (491, 65) -> 4179 (b'NjA') has 75 occurance
merge 3925/9744: (677, 401) -> 4180 (b' kralja') has 75 occurance
merge 3926/9744: (3537, 370) -> 4181 (b' Crnogorci') has 75 occurance
merge 3927/9744: (315, 803) -> 4182 (b' Ivan') has 75 occurance
merge 3928/9744: (925, 351) -> 4183 (b' Musta') has 75 occurance
merge 3929/9744: (373, 1652) -> 4184 (b' rekne') has 75 occurance
merge 3930/9744: (1132, 353) -> 4185 (b' poka\xc5\xbee') has 74 occurance
merge 3931/9744: (924, 463) -> 4186 (b' Vidje') has 74 occurance
merge 3932/9744: (1603, 355) -> 4187 (b' vide\xc4\x87i') has 74 occurance
merge 3933/9744: (362, 111) -> 4188 (b'\xc5\xbeio') has 74 occurance
merge 3934/9744: (297, 1161) -> 4189 (b' sestra') has 74 occurance
merge 3935/9744: (673, 324) -> 4190 (b' \xc4\x8dovje\xc4\x8di') has 74 occurance
merge 3936/9744: (402, 107) -> 4191 (b'zak') has 74 occurance
merge 3937/9744: (289, 281) -> 4192 (b'vena') has 74 occurance
merge 3938/9744: (513, 106) -> 4193 (b' Daj') has 74 occurance
merge 3939/9744: (985, 313) -> 4194 (b' krilo') has 74 occurance
merge 3940/9744: (550, 267) -> 4195 (b' imati') has 74 occurance
merge 3941/9744: (357, 597) -> 4196 (b' mojim') has 74 occurance
merge 3942/9744: (510, 410) -> 4197 (b' Neba') has 74 occurance
merge 3943/9744: (272, 332) -> 4198 (b' umo') has 74 occurance
merge 3944/9744: (1550, 522) -> 4199 (b'drugi') has 74 occurance
merge 3945/9744: (402, 111) -> 4200 (b'zao') has 74 occurance
merge 3946/9744: (1013, 107) -> 4201 (b' Dok') has 74 occurance
merge 3947/9744: (426, 340) -> 4202 (b' Bolje') has 74 occurance
merge 3948/9744: (259, 1921) -> 4203 (b' i\xc4\x91ahu') has 74 occurance
merge 3949/9744: (352, 107) -> 4204 (b'sak') has 74 occurance
merge 3950/9744: (827, 593) -> 4205 (b' Njegovijem') has 74 occurance
merge 3951/9744: (407, 1350) -> 4206 (b' vatru') has 74 occurance
merge 3952/9744: (1474, 640) -> 4207 (b' mrtvijeh') has 74 occurance
merge 3953/9744: (667, 1461) -> 4208 (b' otstupi') has 74 occurance
merge 3954/9744: (83, 515) -> 4209 (b'Sad') has 74 occurance
merge 3955/9744: (725, 112) -> 4210 (b' ep') has 74 occurance
merge 3956/9744: (2674, 2618) -> 4211 (b' barjak') has 74 occurance
merge 3957/9744: (1403, 382) -> 4212 (b' \xc4\x91evojke') has 74 occurance
merge 3958/9744: (32, 271) -> 4213 (b' \xc4\x87') has 74 occurance
merge 3959/9744: (2624, 2682) -> 4214 (b' forin') has 74 occurance
merge 3960/9744: (83, 3390) -> 4215 (b'SIL') has 74 occurance
merge 3961/9744: (4215, 1471) -> 4216 (b'SILIJE') has 74 occurance
merge 3962/9744: (324, 271) -> 4217 (b'\xc4\x8di\xc4\x87') has 73 occurance
merge 3963/9744: (2886, 792) -> 4218 (b' Stefa') has 73 occurance
merge 3964/9744: (66, 101) -> 4219 (b'Be') has 73 occurance
merge 3965/9744: (728, 400) -> 4220 (b' travu') has 73 occurance
merge 3966/9744: (311, 114) -> 4221 (b' zar') has 73 occurance
merge 3967/9744: (684, 264) -> 4222 (b' svira') has 73 occurance
merge 3968/9744: (652, 307) -> 4223 (b' mjedi') has 73 occurance
merge 3969/9744: (311, 1221) -> 4224 (b' zatre') has 73 occurance
merge 3970/9744: (706, 378) -> 4225 (b' \xc4\x8disti') has 73 occurance
merge 3971/9744: (2220, 289) -> 4226 (b'\xc5\xbertve') has 73 occurance
merge 3972/9744: (299, 114) -> 4227 (b'gar') has 73 occurance
merge 3973/9744: (2198, 353) -> 4228 (b' pobje\xc5\xbee') has 73 occurance
merge 3974/9744: (339, 101) -> 4229 (b' ge') has 73 occurance
merge 3975/9744: (78, 1425) -> 4230 (b'Nije') has 73 occurance
merge 3976/9744: (638, 295) -> 4231 (b' govorite') has 73 occurance
merge 3977/9744: (272, 1899) -> 4232 (b' uljem') has 73 occurance
merge 3978/9744: (338, 386) -> 4233 (b' Spa') has 73 occurance
merge 3979/9744: (567, 116) -> 4234 (b'hat') has 73 occurance
merge 3980/9744: (118, 370) -> 4235 (b'vci') has 73 occurance
merge 3981/9744: (111, 302) -> 4236 (b'ono') has 73 occurance
merge 3982/9744: (312, 2049) -> 4237 (b' kakvo') has 73 occurance
merge 3983/9744: (357, 2377) -> 4238 (b' mogli') has 73 occurance
merge 3984/9744: (272, 895) -> 4239 (b' ulazi') has 73 occurance
merge 3985/9744: (279, 305) -> 4240 (b'li\xc5\xa1e') has 73 occurance
merge 3986/9744: (356, 400) -> 4241 (b'dovu') has 73 occurance
merge 3987/9744: (2265, 787) -> 4242 (b' sjutra') has 73 occurance
merge 3988/9744: (114, 320) -> 4243 (b'rle') has 73 occurance
merge 3989/9744: (1560, 118) -> 4244 (b'Izrailjev') has 73 occurance
merge 3990/9744: (958, 291) -> 4245 (b' rije\xc4\x8dima') has 73 occurance
merge 3991/9744: (363, 281) -> 4246 (b'\xc4\x91ena') has 73 occurance
merge 3992/9744: (2063, 306) -> 4247 (b' visine') has 73 occurance
merge 3993/9744: (267, 256) -> 4248 (b'tije') has 73 occurance
merge 3994/9744: (262, 289) -> 4249 (b' dve') has 73 occurance
merge 3995/9744: (477, 285) -> 4250 (b' kula') has 73 occurance
merge 3996/9744: (312, 1905) -> 4251 (b' kamoli') has 73 occurance
merge 3997/9744: (308, 265) -> 4252 (b' koko') has 73 occurance
merge 3998/9744: (111, 314) -> 4253 (b'ode') has 73 occurance
merge 3999/9744: (122, 291) -> 4254 (b'zma') has 73 occurance
merge 4000/9744: (2291, 432) -> 4255 (b' carovanja') has 73 occurance
merge 4001/9744: (1539, 281) -> 4256 (b' zelena') has 73 occurance
merge 4002/9744: (3344, 3686) -> 4257 (b' Navuhodonoso') has 73 occurance
merge 4003/9744: (290, 281) -> 4258 (b' pona') has 73 occurance
merge 4004/9744: (75, 850) -> 4259 (b'KOV') has 73 occurance
merge 4005/9744: (2661, 451) -> 4260 (b'Hristo') has 73 occurance
merge 4006/9744: (308, 313) -> 4261 (b' kolo') has 73 occurance
merge 4007/9744: (297, 401) -> 4262 (b' selja') has 73 occurance
merge 4008/9744: (73, 73) -> 4263 (b'II') has 73 occurance
merge 4009/9744: (34, 65) -> 4264 (b'"A') has 73 occurance
merge 4010/9744: (1288, 609) -> 4265 (b' neprijatelj') has 72 occurance
merge 4011/9744: (280, 1914) -> 4266 (b' naseli') has 72 occurance
merge 4012/9744: (1003, 3858) -> 4267 (b' \xc5\xa1ezdeset') has 72 occurance
merge 4013/9744: (263, 3050) -> 4268 (b' ozgo') has 72 occurance
merge 4014/9744: (1373, 109) -> 4269 (b' licem') has 72 occurance
merge 4015/9744: (298, 273) -> 4270 (b'rovi') has 72 occurance
merge 4016/9744: (327, 114) -> 4271 (b' Ar') has 72 occurance
merge 4017/9744: (108, 1771) -> 4272 (b'ldej') has 72 occurance
merge 4018/9744: (661, 392) -> 4273 (b' u\xc4\x8dini\xc4\x87u') has 72 occurance
merge 4019/9744: (720, 106) -> 4274 (b' onoj') has 72 occurance
merge 4020/9744: (2559, 282) -> 4275 (b' Ustani') has 72 occurance
merge 4021/9744: (484, 294) -> 4276 (b'tuda') has 72 occurance
merge 4022/9744: (279, 281) -> 4277 (b'lina') has 72 occurance
merge 4023/9744: (1783, 114) -> 4278 (b' \xc5\xa1ator') has 72 occurance
merge 4024/9744: (400, 322) -> 4279 (b'vu\xc4\x8de') has 72 occurance
merge 4025/9744: (388, 320) -> 4280 (b'mile') has 72 occurance
merge 4026/9744: (54, 48) -> 4281 (b'60') has 72 occurance
merge 4027/9744: (299, 267) -> 4282 (b'gati') has 72 occurance
merge 4028/9744: (3358, 332) -> 4283 (b'\xc4\x91osmo') has 72 occurance
merge 4029/9744: (963, 298) -> 4284 (b' umro') has 72 occurance
merge 4030/9744: (432, 458) -> 4285 (b'njahu') has 72 occurance
merge 4031/9744: (256, 1279) -> 4286 (b'jedna') has 72 occurance
merge 4032/9744: (108, 282) -> 4287 (b'lni') has 72 occurance
merge 4033/9744: (430, 367) -> 4288 (b' prosi') has 72 occurance
merge 4034/9744: (1773, 292) -> 4289 (b'mnogo') has 72 occurance
merge 4035/9744: (429, 524) -> 4290 (b' Jedan') has 72 occurance
merge 4036/9744: (3743, 97) -> 4291 (b' Elea') has 72 occurance
merge 4037/9744: (296, 256) -> 4292 (b'\xc5\xbeje') has 72 occurance
merge 4038/9744: (664, 282) -> 4293 (b' strani') has 72 occurance
merge 4039/9744: (73, 122) -> 4294 (b'Iz') has 72 occurance
merge 4040/9744: (296, 361) -> 4295 (b'\xc5\xbebi') has 72 occurance
merge 4041/9744: (724, 112) -> 4296 (b'stup') has 72 occurance
merge 4042/9744: (339, 3754) -> 4297 (b' grje\xc5\xa1') has 72 occurance
merge 4043/9744: (756, 305) -> 4298 (b'jego\xc5\xa1e') has 72 occurance
merge 4044/9744: (279, 1615) -> 4299 (b'licama') has 72 occurance
merge 4045/9744: (525, 1272) -> 4300 (b' posljed') has 72 occurance
merge 4046/9744: (279, 320) -> 4301 (b'lile') has 72 occurance
merge 4047/9744: (270, 320) -> 4302 (b'vale') has 72 occurance
merge 4048/9744: (526, 114) -> 4303 (b' per') has 72 occurance
merge 4049/9744: (110, 314) -> 4304 (b'nde') has 72 occurance
merge 4050/9744: (66, 65) -> 4305 (b'BA') has 72 occurance
merge 4051/9744: (46, 41) -> 4306 (b'.)') has 72 occurance
merge 4052/9744: (3720, 324) -> 4307 (b' Mom\xc4\x8di') has 72 occurance
merge 4053/9744: (1519, 4216) -> 4308 (b'VASILIJE') has 72 occurance
merge 4054/9744: (375, 82) -> 4309 (b' PR') has 71 occurance
merge 4055/9744: (1004, 283) -> 4310 (b' ubija') has 71 occurance
merge 4056/9744: (276, 109) -> 4311 (b'tam') has 71 occurance
merge 4057/9744: (1532, 291) -> 4312 (b' svojima') has 71 occurance
merge 4058/9744: (770, 1407) -> 4313 (b' prvoga') has 71 occurance
merge 4059/9744: (65, 968) -> 4314 (b'Avra') has 71 occurance
merge 4060/9744: (257, 320) -> 4315 (b' sle') has 71 occurance
merge 4061/9744: (888, 305) -> 4316 (b' vrati\xc5\xa1e') has 71 occurance
merge 4062/9744: (788, 115) -> 4317 (b'glas') has 71 occurance
merge 4063/9744: (290, 355) -> 4318 (b' po\xc4\x87i') has 71 occurance
merge 4064/9744: (2593, 307) -> 4319 (b'povjedi') has 71 occurance
merge 4065/9744: (279, 261) -> 4320 (b'li\xc5\xa1') has 71 occurance
merge 4066/9744: (263, 969) -> 4321 (b' o\xc5\xa1t') has 71 occurance
merge 4067/9744: (700, 275) -> 4322 (b' plaka') has 71 occurance
merge 4068/9744: (2725, 337) -> 4323 (b' faraonu') has 71 occurance
merge 4069/9744: (1316, 109) -> 4324 (b' razum') has 71 occurance
merge 4070/9744: (920, 863) -> 4325 (b' Tobom') has 71 occurance
merge 4071/9744: (302, 593) -> 4326 (b'novijem') has 71 occurance
merge 4072/9744: (971, 310) -> 4327 (b' pozna\xc4\x87e') has 71 occurance
merge 4073/9744: (80, 278) -> 4328 (b'Pre') has 71 occurance
merge 4074/9744: (397, 110) -> 4329 (b'njen') has 71 occurance
merge 4075/9744: (276, 111) -> 4330 (b'tao') has 71 occurance
merge 4076/9744: (1906, 401) -> 4331 (b' prijatelja') has 71 occurance
merge 4077/9744: (495, 303) -> 4332 (b'\xc4\x8daju') has 71 occurance
merge 4078/9744: (1719, 346) -> 4333 (b' ne\xc4\x8dist') has 71 occurance
merge 4079/9744: (354, 109) -> 4334 (b' tim') has 71 occurance
merge 4080/9744: (269, 935) -> 4335 (b'\xc4\x8dkoga') has 71 occurance
merge 4081/9744: (272, 437) -> 4336 (b' usu') has 71 occurance
merge 4082/9744: (745, 355) -> 4337 (b'\xc4\x8du\xc4\x87i') has 71 occurance
merge 4083/9744: (69, 268) -> 4338 (b'Evo') has 71 occurance
merge 4084/9744: (467, 1077) -> 4339 (b' bogom') has 71 occurance
merge 4085/9744: (410, 436) -> 4340 (b'ba\xc5\xa1a') has 71 occurance
merge 4086/9744: (1808, 1808) -> 4341 (b'                                ') has 71 occurance
merge 4087/9744: (1594, 104) -> 4342 (b' na\xc5\xa1ih') has 70 occurance
merge 4088/9744: (335, 264) -> 4343 (b' Gra') has 70 occurance
merge 4089/9744: (2541, 282) -> 4344 (b' napuni') has 70 occurance
merge 4090/9744: (362, 337) -> 4345 (b'\xc5\xbeinu') has 70 occurance
merge 4091/9744: (294, 337) -> 4346 (b'danu') has 70 occurance
merge 4092/9744: (1547, 270) -> 4347 (b'njegova') has 70 occurance
merge 4093/9744: (736, 2572) -> 4348 (b' hanan') has 70 occurance
merge 4094/9744: (278, 106) -> 4349 (b'rej') has 70 occurance
merge 4095/9744: (584, 361) -> 4350 (b' razbi') has 70 occurance
merge 4096/9744: (1288, 340) -> 4351 (b' neprijatelje') has 70 occurance
merge 4097/9744: (703, 581) -> 4352 (b' Po\xc5\xa1to') has 70 occurance
merge 4098/9744: (446, 397) -> 4353 (b' manje') has 70 occurance
merge 4099/9744: (667, 1261) -> 4354 (b' otpusti') has 70 occurance
merge 4100/9744: (265, 303) -> 4355 (b'koju') has 70 occurance
merge 4101/9744: (561, 1110) -> 4356 (b' ostavio') has 70 occurance
merge 4102/9744: (1250, 1734) -> 4357 (b' spomen') has 70 occurance
merge 4103/9744: (114, 370) -> 4358 (b'rci') has 70 occurance
merge 4104/9744: (335, 651) -> 4359 (b' Gleda') has 70 occurance
merge 4105/9744: (1156, 109) -> 4360 (b' srcem') has 70 occurance
merge 4106/9744: (395, 384) -> 4361 (b' prelju') has 70 occurance
merge 4107/9744: (557, 435) -> 4362 (b' debe') has 70 occurance
merge 4108/9744: (389, 417) -> 4363 (b' pazi') has 70 occurance
merge 4109/9744: (268, 288) -> 4364 (b'voji') has 70 occurance
merge 4110/9744: (442, 111) -> 4365 (b'pio') has 70 occurance
merge 4111/9744: (270, 261) -> 4366 (b'va\xc5\xa1') has 70 occurance
merge 4112/9744: (366, 100) -> 4367 (b'lud') has 70 occurance
merge 4113/9744: (305, 281) -> 4368 (b'\xc5\xa1ena') has 70 occurance
merge 4114/9744: (264, 107) -> 4369 (b'rak') has 70 occurance
merge 4115/9744: (327, 3042) -> 4370 (b' Amin') has 70 occurance
merge 4116/9744: (491, 69) -> 4371 (b'NjE') has 70 occurance
merge 4117/9744: (277, 452) -> 4372 (b'riho') has 70 occurance
merge 4118/9744: (280, 1558) -> 4373 (b' na\xc4\x8din') has 70 occurance
merge 4119/9744: (290, 1229) -> 4374 (b' ponosi') has 70 occurance
merge 4120/9744: (80, 541) -> 4375 (b'POS') has 70 occurance
merge 4121/9744: (677, 384) -> 4376 (b' kralju') has 70 occurance
merge 4122/9744: (1551, 118) -> 4377 (b' Joav') has 70 occurance
merge 4123/9744: (1128, 116) -> 4378 (b' molit') has 70 occurance
merge 4124/9744: (1189, 436) -> 4379 (b' Du\xc5\xa1a') has 70 occurance
merge 4125/9744: (629, 1529) -> 4380 (b' obraz') has 70 occurance
merge 4126/9744: (45, 435) -> 4381 (b'-be') has 70 occurance
merge 4127/9744: (398, 271) -> 4382 (b'\xc5\xa1i\xc4\x87') has 70 occurance
merge 4128/9744: (315, 268) -> 4383 (b' Ivo') has 70 occurance
merge 4129/9744: (39, 116) -> 4384 (b"'t") has 70 occurance
merge 4130/9744: (407, 298) -> 4385 (b' varo') has 70 occurance
merge 4131/9744: (502, 114) -> 4386 (b' str') has 69 occurance
merge 4132/9744: (2467, 957) -> 4387 (b'blagoslo') has 69 occurance
merge 4133/9744: (110, 322) -> 4388 (b'n\xc4\x8de') has 69 occurance
merge 4134/9744: (1035, 111) -> 4389 (b' na\xc4\x8dinio') has 69 occurance
merge 4135/9744: (430, 3326) -> 4390 (b' probudi') has 69 occurance
merge 4136/9744: (508, 109) -> 4391 (b'dnom') has 69 occurance
merge 4137/9744: (509, 2510) -> 4392 (b' \xc5\xbeivljahu') has 69 occurance
merge 4138/9744: (477, 320) -> 4393 (b' kule') has 69 occurance
merge 4139/9744: (314, 374) -> 4394 (b'dese') has 69 occurance
merge 4140/9744: (771, 1468) -> 4395 (b' sje\xc4\x91a\xc5\xa1e') has 69 occurance
merge 4141/9744: (554, 362) -> 4396 (b' bje\xc5\xbei') has 69 occurance
merge 4142/9744: (985, 268) -> 4397 (b' krivo') has 69 occurance
merge 4143/9744: (292, 104) -> 4398 (b'goh') has 69 occurance
merge 4144/9744: (677, 256) -> 4399 (b' kraje') has 69 occurance
merge 4145/9744: (322, 397) -> 4400 (b'\xc4\x8denje') has 69 occurance
merge 4146/9744: (1649, 1129) -> 4401 (b' misirskoj') has 69 occurance
merge 4147/9744: (290, 1262) -> 4402 (b' pokupi') has 69 occurance
merge 4148/9744: (306, 437) -> 4403 (b'nesu') has 69 occurance
merge 4149/9744: (568, 332) -> 4404 (b' znamo') has 69 occurance
merge 4150/9744: (545, 294) -> 4405 (b' \xc4\x8duda') has 69 occurance
merge 4151/9744: (276, 279) -> 4406 (b'tali') has 69 occurance
merge 4152/9744: (301, 382) -> 4407 (b' neke') has 69 occurance
merge 4153/9744: (311, 112) -> 4408 (b' zap') has 69 occurance
merge 4154/9744: (2823, 435) -> 4409 (b' uredbe') has 69 occurance
merge 4155/9744: (287, 626) -> 4410 (b'tovati') has 69 occurance
merge 4156/9744: (272, 788) -> 4411 (b' ugla') has 69 occurance
merge 4157/9744: (1967, 378) -> 4412 (b' mudrosti') has 69 occurance
merge 4158/9744: (1479, 294) -> 4413 (b' svuda') has 69 occurance
merge 4159/9744: (407, 1361) -> 4414 (b' vazda') has 69 occurance
merge 4160/9744: (403, 1170) -> 4415 (b' takav') has 69 occurance
merge 4161/9744: (403, 285) -> 4416 (b' tala') has 69 occurance
merge 4162/9744: (468, 645) -> 4417 (b' pu\xc5\xa1ta') has 69 occurance
merge 4163/9744: (1183, 114) -> 4418 (b' govor') has 69 occurance
merge 4164/9744: (2104, 302) -> 4419 (b' napisano') has 69 occurance
merge 4165/9744: (4008, 498) -> 4420 (b' CAREV') has 69 occurance
merge 4166/9744: (418, 531) -> 4421 (b' har') has 69 occurance
merge 4167/9744: (2133, 397) -> 4422 (b' spasenje') has 69 occurance
merge 4168/9744: (286, 289) -> 4423 (b' zve') has 69 occurance
merge 4169/9744: (333, 2284) -> 4424 (b' a\xc5\xbeda') has 69 occurance
merge 4170/9744: (557, 295) -> 4425 (b' dete') has 69 occurance
merge 4171/9744: (529, 3226) -> 4426 (b' Udbi') has 69 occurance
merge 4172/9744: (1094, 712) -> 4427 (b'Pozo') has 69 occurance
merge 4173/9744: (90, 450) -> 4428 (b'Zem') has 68 occurance
merge 4174/9744: (543, 913) -> 4429 (b' budite') has 68 occurance
merge 4175/9744: (116, 1087) -> 4430 (b'trija') has 68 occurance
merge 4176/9744: (3592, 277) -> 4431 (b'k\xc4\x87eri') has 68 occurance
merge 4177/9744: (332, 264) -> 4432 (b'mora') has 68 occurance
merge 4178/9744: (97, 1305) -> 4433 (b'an\xc4\x91e') has 68 occurance
merge 4179/9744: (280, 993) -> 4434 (b' na\xc5\xa1ao') has 68 occurance
merge 4180/9744: (2115, 299) -> 4435 (b' bijeloga') has 68 occurance
merge 4181/9744: (1138, 432) -> 4436 (b' ognja') has 68 occurance
merge 4182/9744: (473, 283) -> 4437 (b' staja') has 68 occurance
merge 4183/9744: (402, 287) -> 4438 (b'zato') has 68 occurance
merge 4184/9744: (818, 332) -> 4439 (b' idemo') has 68 occurance
merge 4185/9744: (292, 615) -> 4440 (b'gospo') has 68 occurance
merge 4186/9744: (523, 307) -> 4441 (b' gladi') has 68 occurance
merge 4187/9744: (337, 305) -> 4442 (b'nu\xc5\xa1e') has 68 occurance
merge 4188/9744: (2326, 288) -> 4443 (b' Filisteji') has 68 occurance
merge 4189/9744: (282, 306) -> 4444 (b'nine') has 68 occurance
merge 4190/9744: (114, 275) -> 4445 (b'rka') has 68 occurance
merge 4191/9744: (422, 1701) -> 4446 (b' Onaj') has 68 occurance
merge 4192/9744: (610, 303) -> 4447 (b' piju') has 68 occurance
merge 4193/9744: (889, 115) -> 4448 (b' Pas') has 68 occurance
merge 4194/9744: (477, 436) -> 4449 (b' ku\xc5\xa1a') has 68 occurance
merge 4195/9744: (523, 1875) -> 4450 (b' glasom') has 68 occurance
merge 4196/9744: (976, 264) -> 4451 (b' udara') has 68 occurance
merge 4197/9744: (1890, 318) -> 4452 (b' \xc5\xa0atoru') has 68 occurance
merge 4198/9744: (1890, 114) -> 4453 (b' \xc5\xa0ator') has 68 occurance
merge 4199/9744: (352, 267) -> 4454 (b'sati') has 68 occurance
merge 4200/9744: (1889, 484) -> 4455 (b' sramotu') has 68 occurance
merge 4201/9744: (448, 636) -> 4456 (b' prizna') has 68 occurance
merge 4202/9744: (275, 294) -> 4457 (b'kada') has 68 occurance
merge 4203/9744: (1474, 270) -> 4458 (b' mrtva') has 68 occurance
merge 4204/9744: (396, 2472) -> 4459 (b' raskopa') has 68 occurance
merge 4205/9744: (270, 318) -> 4460 (b'varu') has 68 occurance
merge 4206/9744: (45, 1030) -> 4461 (b'-Ja') has 68 occurance
merge 4207/9744: (1159, 282) -> 4462 (b' istini') has 68 occurance
merge 4208/9744: (356, 114) -> 4463 (b'dor') has 68 occurance
merge 4209/9744: (467, 465) -> 4464 (b' bolji') has 68 occurance
merge 4210/9744: (844, 116) -> 4465 (b' zet') has 68 occurance
merge 4211/9744: (1041, 1055) -> 4466 (b' Fili') has 68 occurance
merge 4212/9744: (418, 695) -> 4467 (b' hod') has 68 occurance
merge 4213/9744: (409, 1379) -> 4468 (b' carica') has 68 occurance
merge 4214/9744: (277, 306) -> 4469 (b'rine') has 68 occurance
merge 4215/9744: (406, 893) -> 4470 (b' tovara') has 68 occurance
merge 4216/9744: (80, 713) -> 4471 (b'PSA') has 68 occurance
merge 4217/9744: (4471, 76) -> 4472 (b'PSAL') has 68 occurance
merge 4218/9744: (4472, 1399) -> 4473 (b'PSALMI') has 68 occurance
merge 4219/9744: (419, 603) -> 4474 (b' DAV') has 68 occurance
merge 4220/9744: (4474, 3623) -> 4475 (b' DAVID') has 68 occurance
merge 4221/9744: (4475, 3928) -> 4476 (b' DAVIDOVI') has 68 occurance
merge 4222/9744: (479, 69) -> 4477 (b'\xc4\x86E') has 68 occurance
merge 4223/9744: (677, 340) -> 4478 (b' kralje') has 68 occurance
merge 4224/9744: (280, 1212) -> 4479 (b' nazva') has 67 occurance
merge 4225/9744: (290, 609) -> 4480 (b' polj') has 67 occurance
merge 4226/9744: (1127, 106) -> 4481 (b' svakoj') has 67 occurance
merge 4227/9744: (1585, 256) -> 4482 (b' oboje') has 67 occurance
merge 4228/9744: (363, 397) -> 4483 (b'\xc4\x91enje') has 67 occurance
merge 4229/9744: (320, 281) -> 4484 (b'lena') has 67 occurance
merge 4230/9744: (407, 767) -> 4485 (b' va\xc5\xa1u') has 67 occurance
merge 4231/9744: (390, 355) -> 4486 (b'du\xc4\x87i') has 67 occurance
merge 4232/9744: (679, 270) -> 4487 (b' Jova') has 67 occurance
merge 4233/9744: (978, 355) -> 4488 (b' iza\xc4\x87i') has 67 occurance
merge 4234/9744: (1774, 285) -> 4489 (b' an\xc4\x91ela') has 67 occurance
merge 4235/9744: (385, 114) -> 4490 (b' Br') has 67 occurance
merge 4236/9744: (2287, 270) -> 4491 (b' pokriva') has 67 occurance
merge 4237/9744: (299, 432) -> 4492 (b'ganja') has 67 occurance
merge 4238/9744: (441, 1072) -> 4493 (b' javi\xc5\xa1e') has 67 occurance
merge 4239/9744: (1275, 106) -> 4494 (b'kraj') has 67 occurance
merge 4240/9744: (257, 1261) -> 4495 (b' spusti') has 67 occurance
merge 4241/9744: (336, 305) -> 4496 (b' bi\xc5\xa1e') has 67 occurance
merge 4242/9744: (276, 118) -> 4497 (b'tav') has 67 occurance
merge 4243/9744: (1160, 313) -> 4498 (b' \xc5\xbealo') has 67 occurance
merge 4244/9744: (1013, 619) -> 4499 (b' Dokle') has 67 occurance
merge 4245/9744: (272, 551) -> 4500 (b' upu') has 67 occurance
merge 4246/9744: (552, 2349) -> 4501 (b' bra\xc4\x87om') has 67 occurance
merge 4247/9744: (561, 746) -> 4502 (b' ostavlja') has 67 occurance
merge 4248/9744: (288, 504) -> 4503 (b'jicu') has 67 occurance
merge 4249/9744: (1288, 465) -> 4504 (b' neprijatelji') has 67 occurance
merge 4250/9744: (1786, 298) -> 4505 (b' skoro') has 67 occurance
merge 4251/9744: (881, 1525) -> 4506 (b' sve\xc5\xa1teniku') has 67 occurance
merge 4252/9744: (278, 410) -> 4507 (b'reba') has 67 occurance
merge 4253/9744: (573, 1342) -> 4508 (b' \xc4\x8detr') has 67 occurance
merge 4254/9744: (115, 500) -> 4509 (b'spe') has 67 occurance
merge 4255/9744: (285, 107) -> 4510 (b'lak') has 67 occurance
merge 4256/9744: (430, 895) -> 4511 (b' prolazi') has 67 occurance
merge 4257/9744: (317, 1229) -> 4512 (b' donosi') has 67 occurance
merge 4258/9744: (465, 268) -> 4513 (b'ljivo') has 67 occurance
merge 4259/9744: (781, 1725) -> 4514 (b' jedanput') has 67 occurance
merge 4260/9744: (363, 432) -> 4515 (b'\xc4\x91enja') has 67 occurance
merge 4261/9744: (307, 279) -> 4516 (b'dili') has 67 occurance
merge 4262/9744: (2608, 298) -> 4517 (b' jezero') has 67 occurance
merge 4263/9744: (2298, 267) -> 4518 (b' radosti') has 67 occurance
merge 4264/9744: (635, 567) -> 4519 (b' Miha') has 67 occurance
merge 4265/9744: (4420, 2162) -> 4520 (b' CAREVIMA') has 67 occurance
merge 4266/9744: (1167, 116) -> 4521 (b' svjet') has 67 occurance
merge 4267/9744: (295, 609) -> 4522 (b'telj') has 67 occurance
merge 4268/9744: (486, 326) -> 4523 (b'skome') has 67 occurance
merge 4269/9744: (837, 500) -> 4524 (b' trpe') has 67 occurance
merge 4270/9744: (517, 256) -> 4525 (b' voje') has 67 occurance
merge 4271/9744: (389, 436) -> 4526 (b' pa\xc5\xa1a') has 67 occurance
merge 4272/9744: (466, 3478) -> 4527 (b' naro\xc4\x8dito') has 67 occurance
merge 4273/9744: (2857, 299) -> 4528 (b'-aga') has 67 occurance
merge 4274/9744: (39, 44) -> 4529 (b"',") has 67 occurance
merge 4275/9744: (856, 256) -> 4530 (b'hije') has 66 occurance
merge 4276/9744: (117, 264) -> 4531 (b'ura') has 66 occurance
merge 4277/9744: (115, 400) -> 4532 (b'svu') has 66 occurance
merge 4278/9744: (389, 264) -> 4533 (b' para') has 66 occurance
merge 4279/9744: (989, 256) -> 4534 (b' dvoje') has 66 occurance
merge 4280/9744: (568, 810) -> 4535 (b' znaju\xc4\x87i') has 66 occurance
merge 4281/9744: (273, 285) -> 4536 (b'vila') has 66 occurance
merge 4282/9744: (294, 305) -> 4537 (b'da\xc5\xa1e') has 66 occurance
merge 4283/9744: (1783, 264) -> 4538 (b' \xc5\xa1atora') has 66 occurance
merge 4284/9744: (1266, 337) -> 4539 (b' haljinu') has 66 occurance
merge 4285/9744: (1631, 355) -> 4540 (b' idu\xc4\x87i') has 66 occurance
merge 4286/9744: (978, 363) -> 4541 (b' iza\xc4\x91e') has 66 occurance
merge 4287/9744: (1341, 305) -> 4542 (b' pobi\xc5\xa1e') has 66 occurance
merge 4288/9744: (263, 640) -> 4543 (b' ovijeh') has 66 occurance
merge 4289/9744: (309, 636) -> 4544 (b'pozna') has 66 occurance
merge 4290/9744: (1452, 105) -> 4545 (b' \xc5\xbdi') has 66 occurance
merge 4291/9744: (1142, 723) -> 4546 (b' Odgovori') has 66 occurance
merge 4292/9744: (776, 2066) -> 4547 (b' djevojka') has 66 occurance
merge 4293/9744: (276, 303) -> 4548 (b'taju') has 66 occurance
merge 4294/9744: (116, 434) -> 4549 (b'tvoj') has 66 occurance
merge 4295/9744: (110, 783) -> 4550 (b'njom') has 66 occurance
merge 4296/9744: (3739, 273) -> 4551 (b' razgnjevi') has 66 occurance
merge 4297/9744: (764, 2635) -> 4552 (b' najmla') has 66 occurance
merge 4298/9744: (660, 364) -> 4553 (b' onijem') has 66 occurance
merge 4299/9744: (309, 1850) -> 4554 (b'posle') has 66 occurance
merge 4300/9744: (263, 3404) -> 4555 (b' oslobo') has 66 occurance
merge 4301/9744: (897, 111) -> 4556 (b' poslao') has 66 occurance
merge 4302/9744: (747, 564) -> 4557 (b' imenom') has 66 occurance
merge 4303/9744: (429, 279) -> 4558 (b' Jeli') has 66 occurance
merge 4304/9744: (657, 273) -> 4559 (b' uzvi') has 66 occurance
merge 4305/9744: (443, 3006) -> 4560 (b' Gospodnjoj') has 66 occurance
merge 4306/9744: (114, 435) -> 4561 (b'rbe') has 66 occurance
merge 4307/9744: (1289, 314) -> 4562 (b' pravde') has 66 occurance
merge 4308/9744: (290, 437) -> 4563 (b' posu') has 66 occurance
merge 4309/9744: (339, 318) -> 4564 (b' gru') has 66 occurance
merge 4310/9744: (934, 110) -> 4565 (b'vljen') has 66 occurance
merge 4311/9744: (397, 281) -> 4566 (b'njena') has 66 occurance
merge 4312/9744: (273, 504) -> 4567 (b'vicu') has 66 occurance
merge 4313/9744: (32, 355) -> 4568 (b' \xc4\x87i') has 66 occurance
merge 4314/9744: (263, 362) -> 4569 (b' o\xc5\xbei') has 66 occurance
merge 4315/9744: (484, 256) -> 4570 (b'tuje') has 66 occurance
merge 4316/9744: (1575, 572) -> 4571 (b' knezovima') has 66 occurance
merge 4317/9744: (2372, 285) -> 4572 (b' sokola') has 66 occurance
merge 4318/9744: (280, 326) -> 4573 (b' name') has 66 occurance
merge 4319/9744: (267, 283) -> 4574 (b'tija') has 66 occurance
merge 4320/9744: (356, 1345) -> 4575 (b'dohe') has 66 occurance
merge 4321/9744: (938, 106) -> 4576 (b' Bo\xc5\xbeij') has 66 occurance
merge 4322/9744: (347, 1498) -> 4577 (b' MAR') has 66 occurance
merge 4323/9744: (738, 292) -> 4578 (b' Jugo') has 66 occurance
merge 4324/9744: (964, 432) -> 4579 (b' Senja') has 66 occurance
merge 4325/9744: (41, 412) -> 4580 (b'):\n') has 66 occurance
merge 4326/9744: (4427, 919) -> 4581 (b'Pozorje') has 66 occurance
merge 4327/9744: (285, 291) -> 4582 (b'lama') has 65 occurance
merge 4328/9744: (53, 56) -> 4583 (b'58') has 65 occurance
merge 4329/9744: (402, 305) -> 4584 (b'za\xc5\xa1e') has 65 occurance
merge 4330/9744: (1877, 388) -> 4585 (b' sedmi') has 65 occurance
merge 4331/9744: (42, 3201) -> 4586 (b'*Pri\xc4\x8de') has 65 occurance
merge 4332/9744: (1698, 114) -> 4587 (b' mater') has 65 occurance
merge 4333/9744: (311, 696) -> 4588 (b' zabra') has 65 occurance
merge 4334/9744: (100, 427) -> 4589 (b'dvije') has 65 occurance
merge 4335/9744: (374, 846) -> 4590 (b'sedam') has 65 occurance
merge 4336/9744: (295, 114) -> 4591 (b'ter') has 65 occurance
merge 4337/9744: (2244, 318) -> 4592 (b' Misiru') has 65 occurance
merge 4338/9744: (2596, 288) -> 4593 (b' Jevreji') has 65 occurance
merge 4339/9744: (545, 303) -> 4594 (b' \xc4\x8duju') has 65 occurance
merge 4340/9744: (352, 118) -> 4595 (b'sav') has 65 occurance
merge 4341/9744: (545, 104) -> 4596 (b' \xc4\x8duh') has 65 occurance
merge 4342/9744: (482, 279) -> 4597 (b'\xc5\xbeali') has 65 occurance
merge 4343/9744: (110, 382) -> 4598 (b'nke') has 65 occurance
merge 4344/9744: (418, 1680) -> 4599 (b' htio') has 65 occurance
merge 4345/9744: (717, 116) -> 4600 (b' vrat') has 65 occurance
merge 4346/9744: (260, 305) -> 4601 (b' p\xc5\xa1e') has 65 occurance
merge 4347/9744: (313, 110) -> 4602 (b'lon') has 65 occurance
merge 4348/9744: (111, 696) -> 4603 (b'obra') has 65 occurance
merge 4349/9744: (367, 1169) -> 4604 (b'sinovi') has 65 occurance
merge 4350/9744: (534, 875) -> 4605 (b' rodio') has 65 occurance
merge 4351/9744: (410, 99) -> 4606 (b'bac') has 65 occurance
merge 4352/9744: (276, 278) -> 4607 (b'tare') has 65 occurance
merge 4353/9744: (259, 281) -> 4608 (b' ina') has 65 occurance
merge 4354/9744: (2025, 273) -> 4609 (b' Ruvi') has 65 occurance
merge 4355/9744: (480, 111) -> 4610 (b' Zo') has 65 occurance
merge 4356/9744: (122, 100) -> 4611 (b'zd') has 65 occurance
merge 4357/9744: (389, 115) -> 4612 (b' pas') has 65 occurance
merge 4358/9744: (373, 365) -> 4613 (b' reku') has 65 occurance
merge 4359/9744: (283, 109) -> 4614 (b'jam') has 65 occurance
merge 4360/9744: (115, 460) -> 4615 (b'smu') has 65 occurance
merge 4361/9744: (517, 285) -> 4616 (b' vola') has 65 occurance
merge 4362/9744: (256, 936) -> 4617 (b'jedni') has 65 occurance
merge 4363/9744: (1391, 264) -> 4618 (b' oltara') has 65 occurance
merge 4364/9744: (712, 109) -> 4619 (b'zom') has 65 occurance
merge 4365/9744: (542, 306) -> 4620 (b' grane') has 65 occurance
merge 4366/9744: (310, 282) -> 4621 (b'\xc4\x87eni') has 65 occurance
merge 4367/9744: (2854, 302) -> 4622 (b'voljno') has 65 occurance
merge 4368/9744: (517, 384) -> 4623 (b' volju') has 65 occurance
merge 4369/9744: (340, 110) -> 4624 (b'ljen') has 65 occurance
merge 4370/9744: (1012, 417) -> 4625 (b' knjizi') has 65 occurance
merge 4371/9744: (334, 714) -> 4626 (b' sagra') has 65 occurance
merge 4372/9744: (368, 367) -> 4627 (b' nisi') has 65 occurance
merge 4373/9744: (819, 105) -> 4628 (b' Ci') has 65 occurance
merge 4374/9744: (770, 270) -> 4629 (b' prva') has 65 occurance
merge 4375/9744: (2015, 265) -> 4630 (b' visoko') has 65 occurance
merge 4376/9744: (391, 1679) -> 4631 (b' sunca') has 65 occurance
merge 4377/9744: (1128, 2048) -> 4632 (b' molitva') has 65 occurance
merge 4378/9744: (396, 390) -> 4633 (b' radu') has 65 occurance
merge 4379/9744: (419, 78) -> 4634 (b' DN') has 65 occurance
merge 4380/9744: (4634, 585) -> 4635 (b' DNEVN') has 65 occurance
merge 4381/9744: (4635, 1968) -> 4636 (b' DNEVNIKA') has 65 occurance
merge 4382/9744: (1245, 109) -> 4637 (b' mislim') has 65 occurance
merge 4383/9744: (492, 326) -> 4638 (b'jome') has 65 occurance
merge 4384/9744: (34, 1034) -> 4639 (b'"Ne') has 65 occurance
merge 4385/9744: (257, 118) -> 4640 (b' sv') has 64 occurance
merge 4386/9744: (280, 463) -> 4641 (b' nadje') has 64 occurance
merge 4387/9744: (2840, 337) -> 4642 (b' izginu') has 64 occurance
merge 4388/9744: (1616, 282) -> 4643 (b' planini') has 64 occurance
merge 4389/9744: (584, 3559) -> 4644 (b' razdijeli') has 64 occurance
merge 4390/9744: (111, 276) -> 4645 (b'ota') has 64 occurance
merge 4391/9744: (104, 933) -> 4646 (b'hvali') has 64 occurance
merge 4392/9744: (649, 353) -> 4647 (b' di\xc5\xbee') has 64 occurance
merge 4393/9744: (911, 2901) -> 4648 (b' blagosilja') has 64 occurance
merge 4394/9744: (1669, 402) -> 4649 (b'breza') has 64 occurance
merge 4395/9744: (1726, 267) -> 4650 (b' pogubiti') has 64 occurance
merge 4396/9744: (999, 279) -> 4651 (b' pomoli') has 64 occurance
merge 4397/9744: (383, 482) -> 4652 (b' mu\xc5\xbea') has 64 occurance
merge 4398/9744: (259, 2472) -> 4653 (b' iskopa') has 64 occurance
merge 4399/9744: (259, 302) -> 4654 (b' ino') has 64 occurance
merge 4400/9744: (111, 306) -> 4655 (b'one') has 64 occurance
merge 4401/9744: (791, 392) -> 4656 (b' sre\xc4\x87u') has 64 occurance
merge 4402/9744: (361, 1801) -> 4657 (b'bijahu') has 64 occurance
merge 4403/9744: (575, 564) -> 4658 (b' \xc5\xbeenom') has 64 occurance
merge 4404/9744: (393, 866) -> 4659 (b' mirom') has 64 occurance
merge 4405/9744: (403, 118) -> 4660 (b' tav') has 64 occurance
merge 4406/9744: (880, 451) -> 4661 (b'mjesto') has 64 occurance
merge 4407/9744: (338, 366) -> 4662 (b' Slu') has 64 occurance
merge 4408/9744: (513, 110) -> 4663 (b' Dan') has 64 occurance
merge 4409/9744: (677, 288) -> 4664 (b' kraji') has 64 occurance
merge 4410/9744: (348, 282) -> 4665 (b' goni') has 64 occurance
merge 4411/9744: (1608, 1249) -> 4666 (b' osramo') has 64 occurance
merge 4412/9744: (309, 273) -> 4667 (b'povi') has 64 occurance
merge 4413/9744: (115, 1140) -> 4668 (b'svako') has 64 occurance
merge 4414/9744: (378, 111) -> 4669 (b'stio') has 64 occurance
merge 4415/9744: (263, 264) -> 4670 (b' ora') has 64 occurance
merge 4416/9744: (275, 291) -> 4671 (b'kama') has 64 occurance
merge 4417/9744: (279, 380) -> 4672 (b'liki') has 64 occurance
merge 4418/9744: (259, 566) -> 4673 (b' iste') has 64 occurance
merge 4419/9744: (345, 106) -> 4674 (b' Nj') has 64 occurance
merge 4420/9744: (311, 351) -> 4675 (b' zasta') has 64 occurance
merge 4421/9744: (1888, 322) -> 4676 (b' povi\xc4\x8de') has 64 occurance
merge 4422/9744: (705, 318) -> 4677 (b' podru') has 64 occurance
merge 4423/9744: (1696, 281) -> 4678 (b' zlatna') has 64 occurance
merge 4424/9744: (561, 256) -> 4679 (b' ostaje') has 64 occurance
merge 4425/9744: (332, 640) -> 4680 (b'movijeh') has 64 occurance
merge 4426/9744: (2487, 256) -> 4681 (b' izbroje') has 64 occurance
merge 4427/9744: (1370, 122) -> 4682 (b' riz') has 64 occurance
merge 4428/9744: (464, 376) -> 4683 (b' Voj') has 64 occurance
merge 4429/9744: (502, 893) -> 4684 (b' stvara') has 64 occurance
merge 4430/9744: (2898, 313) -> 4685 (b' Danilo') has 64 occurance
merge 4431/9744: (1276, 270) -> 4686 (b' Nova') has 64 occurance
merge 4432/9744: (347, 65) -> 4687 (b' MA') has 64 occurance
merge 4433/9744: (1844, 390) -> 4688 (b' hiljadu') has 64 occurance
merge 4434/9744: (3039, 856) -> 4689 (b' Strahi') has 64 occurance
merge 4435/9744: (3488, 299) -> 4690 (b' \xc4\x91oga') has 64 occurance
merge 4436/9744: (114, 1434) -> 4691 (b'rdar') has 64 occurance
merge 4437/9744: (54, 54) -> 4692 (b'66') has 63 occurance
merge 4438/9744: (338, 69) -> 4693 (b' SE') has 63 occurance
merge 4439/9744: (393, 332) -> 4694 (b' mimo') has 63 occurance
merge 4440/9744: (293, 913) -> 4695 (b' jedite') has 63 occurance
merge 4441/9744: (441, 265) -> 4696 (b' jako') has 63 occurance
merge 4442/9744: (1280, 305) -> 4697 (b' moga\xc5\xa1e') has 63 occurance
merge 4443/9744: (391, 1303) -> 4698 (b' susre') has 63 occurance
merge 4444/9744: (290, 915) -> 4699 (b' pored') has 63 occurance
merge 4445/9744: (349, 2864) -> 4700 (b' \xc5\xa1\xc4\x87a\xc5\xa1e') has 63 occurance
merge 4446/9744: (1836, 378) -> 4701 (b' propasti') has 63 occurance
merge 4447/9744: (835, 370) -> 4702 (b' isci') has 63 occurance
merge 4448/9744: (1097, 382) -> 4703 (b' majke') has 63 occurance
merge 4449/9744: (280, 318) -> 4704 (b' naru') has 63 occurance
merge 4450/9744: (103, 277) -> 4705 (b'gri') has 63 occurance
merge 4451/9744: (396, 566) -> 4706 (b' raste') has 63 occurance
merge 4452/9744: (272, 313) -> 4707 (b' ulo') has 63 occurance
merge 4453/9744: (1870, 277) -> 4708 (b' sestri') has 63 occurance
merge 4454/9744: (301, 289) -> 4709 (b' neve') has 63 occurance
merge 4455/9744: (111, 270) -> 4710 (b'ova') has 63 occurance
merge 4456/9744: (971, 256) -> 4711 (b' poznaje') has 63 occurance
merge 4457/9744: (1417, 295) -> 4712 (b' bojte') has 63 occurance
merge 4458/9744: (365, 256) -> 4713 (b'kuje') has 63 occurance
merge 4459/9744: (1288, 2734) -> 4714 (b' neprijateljima') has 63 occurance
merge 4460/9744: (682, 107) -> 4715 (b' danak') has 63 occurance
merge 4461/9744: (1964, 1364) -> 4716 (b' upravite') has 63 occurance
merge 4462/9744: (374, 99) -> 4717 (b'sec') has 63 occurance
merge 4463/9744: (112, 321) -> 4718 (b'pca') has 63 occurance
merge 4464/9744: (418, 277) -> 4719 (b' hri') has 63 occurance
merge 4465/9744: (1576, 104) -> 4720 (b'grijeh') has 63 occurance
merge 4466/9744: (1989, 1504) -> 4721 (b' poglavar') has 63 occurance
merge 4467/9744: (291, 281) -> 4722 (b'mana') has 63 occurance
merge 4468/9744: (100, 410) -> 4723 (b'dba') has 63 occurance
merge 4469/9744: (86, 82) -> 4724 (b'VR') has 63 occurance
merge 4470/9744: (969, 400) -> 4725 (b'\xc5\xa1tvu') has 63 occurance
merge 4471/9744: (265, 273) -> 4726 (b'kovi') has 63 occurance
merge 4472/9744: (277, 322) -> 4727 (b'ri\xc4\x8de') has 63 occurance
merge 4473/9744: (263, 1408) -> 4728 (b' osva') has 63 occurance
merge 4474/9744: (1133, 1101) -> 4729 (b' Judinijem') has 63 occurance
merge 4475/9744: (327, 104) -> 4730 (b' Ah') has 63 occurance
merge 4476/9744: (679, 4044) -> 4731 (b' Jonatan') has 63 occurance
merge 4477/9744: (1301, 65) -> 4732 (b'LOVA') has 63 occurance
merge 4478/9744: (1452, 97) -> 4733 (b' \xc5\xbda') has 63 occurance
merge 4479/9744: (1062, 390) -> 4734 (b' Radu') has 63 occurance
merge 4480/9744: (110, 276) -> 4735 (b'nta') has 63 occurance
merge 4481/9744: (1709, 265) -> 4736 (b'Marko') has 63 occurance
merge 4482/9744: (115, 1213) -> 4737 (b'svim') has 63 occurance
merge 4483/9744: (373, 269) -> 4738 (b' re\xc4\x8d') has 63 occurance
merge 4484/9744: (1828, 1671) -> 4739 (b' Kraljevi\xc4\x87a') has 63 occurance
merge 4485/9744: (2260, 331) -> 4740 (b'!"\n\n') has 63 occurance
merge 4486/9744: (53, 57) -> 4741 (b'59') has 62 occurance
merge 4487/9744: (468, 351) -> 4742 (b' pusta') has 62 occurance
merge 4488/9744: (2647, 1147) -> 4743 (b'.Tim') has 62 occurance
merge 4489/9744: (2420, 115) -> 4744 (b' prinos') has 62 occurance
merge 4490/9744: (1131, 365) -> 4745 (b' istoku') has 62 occurance
merge 4491/9744: (306, 435) -> 4746 (b'nebe') has 62 occurance
merge 4492/9744: (42, 65) -> 4747 (b'*A') has 62 occurance
merge 4493/9744: (106, 666) -> 4748 (b'jske') has 62 occurance
merge 4494/9744: (292, 278) -> 4749 (b'gore') has 62 occurance
merge 4495/9744: (1787, 97) -> 4750 (b' Avraa') has 62 occurance
merge 4496/9744: (263, 593) -> 4751 (b' ovijem') has 62 occurance
merge 4497/9744: (384, 307) -> 4752 (b'ljudi') has 62 occurance
merge 4498/9744: (751, 107) -> 4753 (b' Mak') has 62 occurance
merge 4499/9744: (352, 281) -> 4754 (b'sana') has 62 occurance
merge 4500/9744: (1604, 99) -> 4755 (b' mjesec') has 62 occurance
merge 4501/9744: (1000, 278) -> 4756 (b' \xc5\xa1are') has 62 occurance
merge 4502/9744: (311, 1464) -> 4757 (b' zaslu') has 62 occurance
merge 4503/9744: (281, 305) -> 4758 (b'na\xc5\xa1e') has 62 occurance
merge 4504/9744: (386, 111) -> 4759 (b'pao') has 62 occurance
merge 4505/9744: (422, 273) -> 4760 (b' Ovi') has 62 occurance
merge 4506/9744: (733, 112) -> 4761 (b' \xc5\xa1tap') has 62 occurance
merge 4507/9744: (763, 261) -> 4762 (b' bude\xc5\xa1') has 62 occurance
merge 4508/9744: (985, 118) -> 4763 (b' kriv') has 62 occurance
merge 4509/9744: (882, 547) -> 4764 (b' sobu') has 62 occurance
merge 4510/9744: (273, 279) -> 4765 (b'vili') has 62 occurance
merge 4511/9744: (721, 337) -> 4766 (b' godinu') has 62 occurance
merge 4512/9744: (790, 362) -> 4767 (b' le\xc5\xbei') has 62 occurance
merge 4513/9744: (280, 380) -> 4768 (b' naki') has 62 occurance
merge 4514/9744: (258, 117) -> 4769 (b' nu') has 62 occurance
merge 4515/9744: (2832, 1350) -> 4770 (b' ujutru') has 62 occurance
merge 4516/9744: (436, 275) -> 4771 (b'\xc5\xa1aka') has 62 occurance
merge 4517/9744: (1614, 1024) -> 4772 (b'\xc4\x8danstva') has 62 occurance
merge 4518/9744: (290, 500) -> 4773 (b' pope') has 62 occurance
merge 4519/9744: (275, 353) -> 4774 (b'ka\xc5\xbee') has 62 occurance
merge 4520/9744: (290, 442) -> 4775 (b' popi') has 62 occurance
merge 4521/9744: (268, 283) -> 4776 (b'voja') has 62 occurance
merge 4522/9744: (968, 474) -> 4777 (b'vra\xc4\x87a') has 62 occurance
merge 4523/9744: (279, 282) -> 4778 (b'lini') has 62 occurance
merge 4524/9744: (257, 279) -> 4779 (b' sli') has 62 occurance
merge 4525/9744: (393, 1850) -> 4780 (b' misle') has 62 occurance
merge 4526/9744: (108, 281) -> 4781 (b'lna') has 62 occurance
merge 4527/9744: (910, 117) -> 4782 (b'Sau') has 62 occurance
merge 4528/9744: (263, 374) -> 4783 (b' ose') has 62 occurance
merge 4529/9744: (285, 116) -> 4784 (b'lat') has 62 occurance
merge 4530/9744: (1043, 109) -> 4785 (b'\xc4\x8dkim') has 62 occurance
merge 4531/9744: (3015, 2455) -> 4786 (b' Jezekija') has 62 occurance
merge 4532/9744: (1005, 356) -> 4787 (b' mlado') has 62 occurance
merge 4533/9744: (1859, 65) -> 4788 (b'LjA') has 62 occurance
merge 4534/9744: (1554, 103) -> 4789 (b'\xc4\x8dkog') has 62 occurance
merge 4535/9744: (110, 390) -> 4790 (b'ndu') has 62 occurance
merge 4536/9744: (106, 390) -> 4791 (b'jdu') has 62 occurance
merge 4537/9744: (310, 264) -> 4792 (b'\xc4\x87era') has 62 occurance
merge 4538/9744: (544, 1173) -> 4793 (b'TICA') has 62 occurance
merge 4539/9744: (708, 264) -> 4794 (b' Kara') has 61 occurance
merge 4540/9744: (329, 1862) -> 4795 (b' tlost') has 61 occurance
merge 4541/9744: (435, 278) -> 4796 (b'bere') has 61 occurance
merge 4542/9744: (69, 102) -> 4797 (b'Ef') has 61 occurance
merge 4543/9744: (2688, 282) -> 4798 (b' o\xc5\xbeeni') has 61 occurance
merge 4544/9744: (1228, 267) -> 4799 (b' nositi') has 61 occurance
merge 4545/9744: (357, 355) -> 4800 (b' mo\xc4\x87i') has 61 occurance
merge 4546/9744: (391, 960) -> 4801 (b' suditi') has 61 occurance
merge 4547/9744: (263, 714) -> 4802 (b' ogra') has 61 occurance
merge 4548/9744: (311, 267) -> 4803 (b' zati') has 61 occurance
merge 4549/9744: (728, 524) -> 4804 (b' tradan') has 61 occurance
merge 4550/9744: (775, 2155) -> 4805 (b' Moav') has 61 occurance
merge 4551/9744: (332, 118) -> 4806 (b'mov') has 61 occurance
merge 4552/9744: (1216, 115) -> 4807 (b'danas') has 61 occurance
merge 4553/9744: (82, 101) -> 4808 (b'Re') has 61 occurance
merge 4554/9744: (1312, 400) -> 4809 (b' Jakovu') has 61 occurance
merge 4555/9744: (430, 712) -> 4810 (b' prozo') has 61 occurance
merge 4556/9744: (112, 318) -> 4811 (b'pru') has 61 occurance
merge 4557/9744: (1923, 275) -> 4812 (b' potoka') has 61 occurance
merge 4558/9744: (82, 117) -> 4813 (b'Ru') has 61 occurance
merge 4559/9744: (574, 363) -> 4814 (b' tu\xc4\x91e') has 61 occurance
merge 4560/9744: (368, 1415) -> 4815 (b' nigda') has 61 occurance
merge 4561/9744: (1838, 432) -> 4816 (b' klanja') has 61 occurance
merge 4562/9744: (1005, 314) -> 4817 (b' mlade') has 61 occurance
merge 4563/9744: (700, 474) -> 4818 (b' pla\xc4\x87a') has 61 occurance
merge 4564/9744: (410, 118) -> 4819 (b'bav') has 61 occurance
merge 4565/9744: (334, 353) -> 4820 (b' sa\xc5\xbee') has 61 occurance
merge 4566/9744: (257, 2805) -> 4821 (b' spremi') has 61 occurance
merge 4567/9744: (799, 382) -> 4822 (b' junake') has 61 occurance
merge 4568/9744: (371, 1865) -> 4823 (b' vikati') has 61 occurance
merge 4569/9744: (539, 2619) -> 4824 (b' nijednoga') has 61 occurance
merge 4570/9744: (1274, 2010) -> 4825 (b' vinograd') has 61 occurance
merge 4571/9744: (272, 380) -> 4826 (b' uki') has 61 occurance
merge 4572/9744: (272, 401) -> 4827 (b' ulja') has 61 occurance
merge 4573/9744: (918, 261) -> 4828 (b' ka\xc5\xbee\xc5\xa1') has 61 occurance
merge 4574/9744: (623, 1198) -> 4829 (b' vje\xc4\x8dno') has 61 occurance
merge 4575/9744: (268, 118) -> 4830 (b'vov') has 61 occurance
merge 4576/9744: (268, 401) -> 4831 (b'volja') has 61 occurance
merge 4577/9744: (1205, 401) -> 4832 (b'Izrailja') has 61 occurance
merge 4578/9744: (961, 732) -> 4833 (b' Tvojega') has 61 occurance
merge 4579/9744: (264, 722) -> 4834 (b'razu') has 61 occurance
merge 4580/9744: (584, 279) -> 4835 (b' razli') has 61 occurance
merge 4581/9744: (314, 278) -> 4836 (b'dere') has 61 occurance
merge 4582/9744: (419, 264) -> 4837 (b' Dra') has 61 occurance
merge 4583/9744: (75, 85) -> 4838 (b'KU') has 61 occurance
merge 4584/9744: (258, 4638) -> 4839 (b' njome') has 61 occurance
merge 4585/9744: (394, 103) -> 4840 (b' meg') has 61 occurance
merge 4586/9744: (1623, 275) -> 4841 (b' \xc4\x8doveka') has 61 occurance
merge 4587/9744: (568, 314) -> 4842 (b' znade') has 61 occurance
merge 4588/9744: (2363, 326) -> 4843 (b' pobratime') has 61 occurance
merge 4589/9744: (335, 285) -> 4844 (b' Gla') has 60 occurance
merge 4590/9744: (947, 276) -> 4845 (b' svijeta') has 60 occurance
merge 4591/9744: (575, 110) -> 4846 (b' \xc5\xbeen') has 60 occurance
merge 4592/9744: (659, 294) -> 4847 (b' Sada') has 60 occurance
merge 4593/9744: (1046, 267) -> 4848 (b' gledati') has 60 occurance
merge 4594/9744: (865, 896) -> 4849 (b' pokvari') has 60 occurance
merge 4595/9744: (344, 364) -> 4850 (b' svojem') has 60 occurance
merge 4596/9744: (374, 320) -> 4851 (b'sele') has 60 occurance
merge 4597/9744: (474, 110) -> 4852 (b'\xc4\x87an') has 60 occurance
merge 4598/9744: (109, 328) -> 4853 (b'mos') has 60 occurance
merge 4599/9744: (264, 281) -> 4854 (b'rana') has 60 occurance
merge 4600/9744: (386, 305) -> 4855 (b'pa\xc5\xa1e') has 60 occurance
merge 4601/9744: (529, 457) -> 4856 (b' U\xc4\x8dini') has 60 occurance
merge 4602/9744: (552, 3212) -> 4857 (b' bra\xc5\xa1na') has 60 occurance
merge 4603/9744: (393, 256) -> 4858 (b' mije') has 60 occurance
merge 4604/9744: (775, 353) -> 4859 (b' Mo\xc5\xbee') has 60 occurance
merge 4605/9744: (808, 592) -> 4860 (b' ustav\xc5\xa1i') has 60 occurance
merge 4606/9744: (1964, 268) -> 4861 (b' upravo') has 60 occurance
merge 4607/9744: (302, 572) -> 4862 (b'novima') has 60 occurance
merge 4608/9744: (300, 390) -> 4863 (b' dadu') has 60 occurance
merge 4609/9744: (785, 332) -> 4864 (b' mo\xc5\xbeemo') has 60 occurance
merge 4610/9744: (294, 270) -> 4865 (b'dava') has 60 occurance
merge 4611/9744: (977, 104) -> 4866 (b' drugih') has 60 occurance
merge 4612/9744: (1334, 427) -> 4867 (b' Levije') has 60 occurance
merge 4613/9744: (665, 104) -> 4868 (b' bijah') has 60 occurance
merge 4614/9744: (307, 282) -> 4869 (b'dini') has 60 occurance
merge 4615/9744: (2144, 295) -> 4870 (b'nesite') has 60 occurance
merge 4616/9744: (367, 1002) -> 4871 (b'sinova') has 60 occurance
merge 4617/9744: (1509, 107) -> 4872 (b' oblak') has 60 occurance
merge 4618/9744: (483, 276) -> 4873 (b'\xc5\xa0ta') has 60 occurance
merge 4619/9744: (263, 287) -> 4874 (b' oto') has 60 occurance
merge 4620/9744: (407, 264) -> 4875 (b' vara') has 60 occurance
merge 4621/9744: (259, 261) -> 4876 (b' i\xc5\xa1') has 60 occurance
merge 4622/9744: (542, 1472) -> 4877 (b' gradovi') has 60 occurance
merge 4623/9744: (347, 114) -> 4878 (b' Mr') has 60 occurance
merge 4624/9744: (1148, 1979) -> 4879 (b' poginuo') has 60 occurance
merge 4625/9744: (3296, 106) -> 4880 (b' sjaj') has 60 occurance
merge 4626/9744: (107, 384) -> 4881 (b'klju') has 60 occurance
merge 4627/9744: (639, 2281) -> 4882 (b'Jerusalim') has 60 occurance
merge 4628/9744: (4132, 2960) -> 4883 (b' SAMU') has 60 occurance
merge 4629/9744: (409, 277) -> 4884 (b' cari') has 60 occurance
merge 4630/9744: (105, 283) -> 4885 (b'ija') has 60 occurance
merge 4631/9744: (3075, 110) -> 4886 (b' prsten') has 60 occurance
merge 4632/9744: (272, 282) -> 4887 (b' uni') has 60 occurance
merge 4633/9744: (75, 264) -> 4888 (b'Kra') has 60 occurance
merge 4634/9744: (368, 1340) -> 4889 (b' nikako') has 60 occurance
merge 4635/9744: (324, 392) -> 4890 (b'\xc4\x8di\xc4\x87u') has 60 occurance
merge 4636/9744: (509, 934) -> 4891 (b' \xc5\xbeivlje') has 60 occurance
merge 4637/9744: (330, 1517) -> 4892 (b' JER') has 60 occurance
merge 4638/9744: (4892, 3821) -> 4893 (b' JEREM') has 60 occurance
merge 4639/9744: (914, 355) -> 4894 (b' izi\xc4\x87i') has 60 occurance
merge 4640/9744: (503, 404) -> 4895 (b' ljubo') has 60 occurance
merge 4641/9744: (4430, 114) -> 4896 (b'trijar') has 60 occurance
merge 4642/9744: (497, 65) -> 4897 (b'\xc4\x8cA') has 60 occurance
merge 4643/9744: (32, 504) -> 4898 (b' cu') has 60 occurance
merge 4644/9744: (389, 278) -> 4899 (b' pare') has 60 occurance
merge 4645/9744: (32, 1219) -> 4900 (b' ..') has 60 occurance
merge 4646/9744: (391, 1326) -> 4901 (b' sudija') has 59 occurance
merge 4647/9744: (80, 285) -> 4902 (b'Pla') has 59 occurance
merge 4648/9744: (260, 2785) -> 4903 (b' ptice') has 59 occurance
merge 4649/9744: (260, 267) -> 4904 (b' pti') has 59 occurance
merge 4650/9744: (473, 294) -> 4905 (b' stada') has 59 occurance
merge 4651/9744: (968, 276) -> 4906 (b'vrata') has 59 occurance
merge 4652/9744: (623, 269) -> 4907 (b' vje\xc4\x8d') has 59 occurance
merge 4653/9744: (273, 302) -> 4908 (b'vino') has 59 occurance
merge 4654/9744: (1188, 116) -> 4909 (b' bogat') has 59 occurance
merge 4655/9744: (1822, 401) -> 4910 (b' Zemlja') has 59 occurance
merge 4656/9744: (265, 326) -> 4911 (b'kome') has 59 occurance
merge 4657/9744: (790, 536) -> 4912 (b' le\xc4\x91a') has 59 occurance
merge 4658/9744: (851, 111) -> 4913 (b' uzeo') has 59 occurance
merge 4659/9744: (339, 277) -> 4914 (b' gri') has 59 occurance
merge 4660/9744: (293, 285) -> 4915 (b' jela') has 59 occurance
merge 4661/9744: (1266, 281) -> 4916 (b' haljina') has 59 occurance
merge 4662/9744: (309, 307) -> 4917 (b'podi') has 59 occurance
merge 4663/9744: (317, 322) -> 4918 (b' do\xc4\x8de') has 59 occurance
merge 4664/9744: (3474, 107) -> 4919 (b' momak') has 59 occurance
merge 4665/9744: (259, 993) -> 4920 (b' i\xc5\xa1ao') has 59 occurance
merge 4666/9744: (268, 273) -> 4921 (b'vovi') has 59 occurance
merge 4667/9744: (307, 313) -> 4922 (b'dilo') has 59 occurance
merge 4668/9744: (290, 3737) -> 4923 (b' poru\xc4\x8di') has 59 occurance
merge 4669/9744: (1330, 267) -> 4924 (b' tra\xc5\xbeiti') has 59 occurance
merge 4670/9744: (1250, 100) -> 4925 (b' spod') has 59 occurance
merge 4671/9744: (430, 267) -> 4926 (b' proti') has 59 occurance
merge 4672/9744: (4128, 4243) -> 4927 (b' skerle') has 59 occurance
merge 4673/9744: (481, 107) -> 4928 (b' svak') has 59 occurance
merge 4674/9744: (551, 645) -> 4929 (b'pu\xc5\xa1ta') has 59 occurance
merge 4675/9744: (373, 711) -> 4930 (b' redom') has 59 occurance
merge 4676/9744: (83, 270) -> 4931 (b'Sva') has 59 occurance
merge 4677/9744: (289, 306) -> 4932 (b'vene') has 59 occurance
merge 4678/9744: (1023, 460) -> 4933 (b' na\xc5\xa1emu') has 59 occurance
merge 4679/9744: (575, 279) -> 4934 (b' \xc5\xbeeli') has 59 occurance
merge 4680/9744: (422, 966) -> 4935 (b' Onoga') has 59 occurance
merge 4681/9744: (488, 299) -> 4936 (b' ruga') has 59 occurance
merge 4682/9744: (767, 256) -> 4937 (b'\xc5\xa1uje') has 59 occurance
merge 4683/9744: (4883, 73) -> 4938 (b' SAMUI') has 59 occurance
merge 4684/9744: (4938, 4732) -> 4939 (b' SAMUILOVA') has 59 occurance
merge 4685/9744: (1128, 267) -> 4940 (b' moliti') has 59 occurance
merge 4686/9744: (292, 282) -> 4941 (b'goni') has 59 occurance
merge 4687/9744: (308, 264) -> 4942 (b' kora') has 59 occurance
merge 4688/9744: (67, 97) -> 4943 (b'Ca') has 59 occurance
merge 4689/9744: (380, 288) -> 4944 (b'kiji') has 59 occurance
merge 4690/9744: (108, 492) -> 4945 (b'ljo') has 59 occurance
merge 4691/9744: (322, 108) -> 4946 (b'\xc4\x8del') has 59 occurance
merge 4692/9744: (1569, 261) -> 4947 (b' Ba\xc5\xa1') has 59 occurance
merge 4693/9744: (77, 69) -> 4948 (b'ME') has 59 occurance
merge 4694/9744: (430, 2371) -> 4949 (b' propovijeda') has 59 occurance
merge 4695/9744: (421, 2162) -> 4950 (b'ANIMA') has 59 occurance
merge 4696/9744: (375, 2193) -> 4951 (b' PRE') has 59 occurance
merge 4697/9744: (1595, 504) -> 4952 (b'rancu') has 59 occurance
merge 4698/9744: (578, 351) -> 4953 (b' predsta') has 59 occurance
merge 4699/9744: (468, 1876) -> 4954 (b' pu\xc5\xa1ke') has 59 occurance
merge 4700/9744: (1308, 340) -> 4955 (b' sablje') has 59 occurance
merge 4701/9744: (343, 331) -> 4956 (b'\xe2\x80\x94\n\n') has 59 occurance
merge 4702/9744: (520, 2981) -> 4957 (b' notari') has 59 occurance
merge 4703/9744: (541, 84) -> 4958 (b'OST') has 58 occurance
merge 4704/9744: (771, 326) -> 4959 (b' sjeme') has 58 occurance
merge 4705/9744: (356, 619) -> 4960 (b'dokle') has 58 occurance
merge 4706/9744: (452, 273) -> 4961 (b'hovi') has 58 occurance
merge 4707/9744: (1250, 401) -> 4962 (b' spolja') has 58 occurance
merge 4708/9744: (341, 1991) -> 4963 (b' silan') has 58 occurance
merge 4709/9744: (385, 256) -> 4964 (b' Bje') has 58 occurance
merge 4710/9744: (923, 1359) -> 4965 (b' Vavilo') has 58 occurance
merge 4711/9744: (448, 2009) -> 4966 (b' pribli') has 58 occurance
merge 4712/9744: (393, 318) -> 4967 (b' miru') has 58 occurance
merge 4713/9744: (324, 283) -> 4968 (b'\xc4\x8dija') has 58 occurance
merge 4714/9744: (270, 310) -> 4969 (b'va\xc4\x87e') has 58 occurance
merge 4715/9744: (664, 281) -> 4970 (b' strana') has 58 occurance
merge 4716/9744: (289, 282) -> 4971 (b'veni') has 58 occurance
merge 4717/9744: (42, 3771) -> 4972 (b'*Zah') has 58 occurance
merge 4718/9744: (297, 1343) -> 4973 (b' selima') has 58 occurance
merge 4719/9744: (396, 314) -> 4974 (b' rade') has 58 occurance
merge 4720/9744: (281, 109) -> 4975 (b'nam') has 58 occurance
merge 4721/9744: (296, 397) -> 4976 (b'\xc5\xbenje') has 58 occurance
merge 4722/9744: (301, 3099) -> 4977 (b' nemojte') has 58 occurance
merge 4723/9744: (1005, 3611) -> 4978 (b' mladosti') has 58 occurance
merge 4724/9744: (117, 109) -> 4979 (b'um') has 58 occurance
merge 4725/9744: (395, 386) -> 4980 (b' prepa') has 58 occurance
merge 4726/9744: (1160, 1862) -> 4981 (b' \xc5\xbealost') has 58 occurance
merge 4727/9744: (257, 583) -> 4982 (b' snije') has 58 occurance
merge 4728/9744: (717, 495) -> 4983 (b' vra\xc4\x8da') has 58 occurance
merge 4729/9744: (1096, 1042) -> 4984 (b' kamenjem') has 58 occurance
merge 4730/9744: (1245, 295) -> 4985 (b' mislite') has 58 occurance
merge 4731/9744: (961, 833) -> 4986 (b' Tvojih') has 58 occurance
merge 4732/9744: (337, 313) -> 4987 (b'nulo') has 58 occurance
merge 4733/9744: (290, 114) -> 4988 (b' por') has 58 occurance
merge 4734/9744: (334, 313) -> 4989 (b' salo') has 58 occurance
merge 4735/9744: (2420, 374) -> 4990 (b' prinose') has 58 occurance
merge 4736/9744: (257, 880) -> 4991 (b' smje') has 58 occurance
merge 4737/9744: (311, 500) -> 4992 (b' zape') has 58 occurance
merge 4738/9744: (272, 299) -> 4993 (b' uga') has 58 occurance
merge 4739/9744: (484, 114) -> 4994 (b'tur') has 58 occurance
merge 4740/9744: (4702, 1238) -> 4995 (b' iscijeli') has 58 occurance
merge 4741/9744: (1397, 2139) -> 4996 (b' nau\xc4\x8dio') has 58 occurance
merge 4742/9744: (1097, 365) -> 4997 (b' majku') has 58 occurance
merge 4743/9744: (568, 303) -> 4998 (b' znaju') has 58 occurance
merge 4744/9744: (348, 2168) -> 4999 (b' gorama') has 58 occurance
merge 4745/9744: (773, 4301) -> 5000 (b' Galile') has 58 occurance
merge 4746/9744: (287, 106) -> 5001 (b'toj') has 58 occurance
merge 4747/9744: (473, 1597) -> 5002 (b' starca') has 58 occurance
merge 4748/9744: (1598, 310) -> 5003 (b' Ho\xc4\x87e') has 58 occurance
merge 4749/9744: (786, 109) -> 5004 (b' nemam') has 58 occurance
merge 4750/9744: (100, 693) -> 5005 (b'dnici') has 58 occurance
merge 4751/9744: (639, 892) -> 5006 (b'Jerusali') has 58 occurance
merge 4752/9744: (312, 118) -> 5007 (b' kav') has 58 occurance
merge 4753/9744: (396, 1180) -> 5008 (b' ravno') has 58 occurance
merge 4754/9744: (327, 4375) -> 5009 (b' APOS') has 58 occurance
merge 4755/9744: (5009, 444) -> 5010 (b' APOSTO') has 58 occurance
merge 4756/9744: (79, 76) -> 5011 (b'OL') has 58 occurance
merge 4757/9744: (845, 282) -> 5012 (b' crni') has 58 occurance
merge 4758/9744: (534, 356) -> 5013 (b' rodo') has 58 occurance
merge 4759/9744: (1308, 2557) -> 5014 (b' sabljom') has 58 occurance
merge 4760/9744: (34, 420) -> 5015 (b'".\n\n') has 58 occurance
merge 4761/9744: (279, 271) -> 5016 (b'li\xc4\x87') has 58 occurance
merge 4762/9744: (2927, 524) -> 5017 (b' mejdan') has 58 occurance
merge 4763/9744: (103, 363) -> 5018 (b'g\xc4\x91e') has 58 occurance
merge 4764/9744: (403, 291) -> 5019 (b' tama') has 57 occurance
merge 4765/9744: (886, 533) -> 5020 (b'svojemu') has 57 occurance
merge 4766/9744: (371, 1800) -> 5021 (b' viknu') has 57 occurance
merge 4767/9744: (1004, 267) -> 5022 (b' ubiti') has 57 occurance
merge 4768/9744: (280, 105) -> 5023 (b' nai') has 57 occurance
merge 4769/9744: (290, 3542) -> 5024 (b' po\xc5\xbeivje') has 57 occurance
merge 4770/9744: (625, 101) -> 5025 (b' \xc5\xa0e') has 57 occurance
merge 4771/9744: (2587, 115) -> 5026 (b' miris') has 57 occurance
merge 4772/9744: (764, 351) -> 5027 (b' najsta') has 57 occurance
merge 4773/9744: (2324, 305) -> 5028 (b' skupi\xc5\xa1e') has 57 occurance
merge 4774/9744: (776, 416) -> 5029 (b' djece') has 57 occurance
merge 4775/9744: (1454, 109) -> 5030 (b' velikim') has 57 occurance
merge 4776/9744: (1930, 3186) -> 5031 (b' Avimele') has 57 occurance
merge 4777/9744: (975, 279) -> 5032 (b' spali') has 57 occurance
merge 4778/9744: (66, 740) -> 5033 (b'Blago') has 57 occurance
merge 4779/9744: (1870, 278) -> 5034 (b' sestre') has 57 occurance
merge 4780/9744: (525, 256) -> 5035 (b' posje') has 57 occurance
merge 4781/9744: (452, 310) -> 5036 (b'ho\xc4\x87e') has 57 occurance
merge 4782/9744: (638, 261) -> 5037 (b' govori\xc5\xa1') has 57 occurance
merge 4783/9744: (388, 366) -> 5038 (b'milu') has 57 occurance
merge 4784/9744: (1594, 109) -> 5039 (b' na\xc5\xa1im') has 57 occurance
merge 4785/9744: (300, 264) -> 5040 (b' dara') has 57 occurance
merge 4786/9744: (346, 277) -> 5041 (b'stri') has 57 occurance
merge 4787/9744: (383, 840) -> 5042 (b' mudra') has 57 occurance
merge 4788/9744: (265, 858) -> 5043 (b'koliko') has 57 occurance
merge 4789/9744: (339, 366) -> 5044 (b' glu') has 57 occurance
merge 4790/9744: (111, 2695) -> 5045 (b'obla') has 57 occurance
merge 4791/9744: (280, 2016) -> 5046 (b' nasiti') has 57 occurance
merge 4792/9744: (3002, 952) -> 5047 (b' odijelo') has 57 occurance
merge 4793/9744: (1696, 306) -> 5048 (b' zlatne') has 57 occurance
merge 4794/9744: (267, 337) -> 5049 (b'tinu') has 57 occurance
merge 4795/9744: (115, 551) -> 5050 (b'spu') has 57 occurance
merge 4796/9744: (366, 256) -> 5051 (b'luje') has 57 occurance
merge 4797/9744: (465, 118) -> 5052 (b'ljiv') has 57 occurance
merge 4798/9744: (1270, 337) -> 5053 (b' stotinu') has 57 occurance
merge 4799/9744: (103, 340) -> 5054 (b'glje') has 57 occurance
merge 4800/9744: (1285, 400) -> 5055 (b' zovu') has 57 occurance
merge 4801/9744: (768, 472) -> 5056 (b'Gospodnji') has 57 occurance
merge 4802/9744: (441, 298) -> 5057 (b' jaro') has 57 occurance
merge 4803/9744: (108, 302) -> 5058 (b'lno') has 57 occurance
merge 4804/9744: (1133, 337) -> 5059 (b' Judinu') has 57 occurance
merge 4805/9744: (338, 278) -> 5060 (b' Sre') has 57 occurance
merge 4806/9744: (635, 114) -> 5061 (b' Mir') has 57 occurance
merge 4807/9744: (389, 305) -> 5062 (b' pa\xc5\xa1e') has 57 occurance
merge 4808/9744: (961, 303) -> 5063 (b' Tvoju') has 57 occurance
merge 4809/9744: (348, 320) -> 5064 (b' gole') has 57 occurance
merge 4810/9744: (396, 283) -> 5065 (b' raja') has 57 occurance
merge 4811/9744: (63, 34) -> 5066 (b'?"') has 57 occurance
merge 4812/9744: (2186, 107) -> 5067 (b' uvek') has 57 occurance
merge 4813/9744: (348, 316) -> 5068 (b' go\xc4\x91') has 57 occurance
merge 4814/9744: (2156, 106) -> 5069 (b'"Oj') has 57 occurance
merge 4815/9744: (357, 114) -> 5070 (b' mor') has 56 occurance
merge 4816/9744: (353, 282) -> 5071 (b'\xc5\xbeeni') has 56 occurance
merge 4817/9744: (285, 307) -> 5072 (b'ladi') has 56 occurance
merge 4818/9744: (422, 116) -> 5073 (b' Ot') has 56 occurance
merge 4819/9744: (396, 398) -> 5074 (b' ra\xc5\xa1i') has 56 occurance
merge 4820/9744: (659, 270) -> 5075 (b' Sava') has 56 occurance
merge 4821/9744: (361, 1214) -> 5076 (b'bija\xc5\xa1e') has 56 occurance
merge 4822/9744: (1577, 2471) -> 5077 (b' Hevro') has 56 occurance
merge 4823/9744: (1107, 114) -> 5078 (b' smr') has 56 occurance
merge 4824/9744: (311, 1342) -> 5079 (b' zatr') has 56 occurance
merge 4825/9744: (111, 321) -> 5080 (b'oca') has 56 occurance
merge 4826/9744: (520, 296) -> 5081 (b' no\xc5\xbe') has 56 occurance
merge 4827/9744: (1016, 306) -> 5082 (b' zakone') has 56 occurance
merge 4828/9744: (265, 104) -> 5083 (b'koh') has 56 occurance
merge 4829/9744: (1020, 107) -> 5084 (b' luk') has 56 occurance
merge 4830/9744: (1955, 256) -> 5085 (b'tvoje') has 56 occurance
merge 4831/9744: (771, 2307) -> 5086 (b' sjever') has 56 occurance
merge 4832/9744: (1393, 299) -> 5087 (b' va\xc5\xa1ega') has 56 occurance
merge 4833/9744: (294, 707) -> 5088 (b'dajte') has 56 occurance
merge 4834/9744: (342, 270) -> 5089 (b' izva') has 56 occurance
merge 4835/9744: (2869, 1798) -> 5090 (b' pro\xc5\xbedrije') has 56 occurance
merge 4836/9744: (396, 100) -> 5091 (b' rad') has 56 occurance
merge 4837/9744: (378, 114) -> 5092 (b'stir') has 56 occurance
merge 4838/9744: (1357, 340) -> 5093 (b' veselje') has 56 occurance
merge 4839/9744: (72, 111) -> 5094 (b'Ho') has 56 occurance
merge 4840/9744: (433, 107) -> 5095 (b' lik') has 56 occurance
merge 4841/9744: (323, 313) -> 5096 (b' klo') has 56 occurance
merge 4842/9744: (280, 915) -> 5097 (b' nared') has 56 occurance
merge 4843/9744: (111, 1086) -> 5098 (b'olta') has 56 occurance
merge 4844/9744: (342, 279) -> 5099 (b' izli') has 56 occurance
merge 4845/9744: (652, 314) -> 5100 (b' mjede') has 56 occurance
merge 4846/9744: (623, 1078) -> 5101 (b' vje\xc5\xa1ti') has 56 occurance
merge 4847/9744: (324, 474) -> 5102 (b'\xc4\x8di\xc4\x87a') has 56 occurance
merge 4848/9744: (565, 1179) -> 5103 (b' Elija') has 56 occurance
merge 4849/9744: (114, 362) -> 5104 (b'r\xc5\xbei') has 56 occurance
merge 4850/9744: (386, 303) -> 5105 (b'paju') has 56 occurance
merge 4851/9744: (259, 615) -> 5106 (b' ispo') has 56 occurance
merge 4852/9744: (261, 432) -> 5107 (b'\xc5\xa1nja') has 56 occurance
merge 4853/9744: (2105, 4724) -> 5108 (b'ETVR') has 56 occurance
merge 4854/9744: (1046, 303) -> 5109 (b' gledaju') has 56 occurance
merge 4855/9744: (285, 321) -> 5110 (b'laca') has 56 occurance
merge 4856/9744: (961, 288) -> 5111 (b' Tvoji') has 56 occurance
merge 4857/9744: (1148, 3915) -> 5112 (b' pogibao') has 56 occurance
merge 4858/9744: (3606, 4298) -> 5113 (b' pobjego\xc5\xa1e') has 56 occurance
merge 4859/9744: (46, 66) -> 5114 (b'.B') has 56 occurance
merge 4860/9744: (2202, 282) -> 5115 (b' Aveni') has 56 occurance
merge 4861/9744: (791, 271) -> 5116 (b' sre\xc4\x87') has 56 occurance
merge 4862/9744: (311, 390) -> 5117 (b' zadu') has 56 occurance
merge 4863/9744: (122, 390) -> 5118 (b'zdu') has 56 occurance
merge 4864/9744: (1663, 337) -> 5119 (b' Solomunu') has 56 occurance
merge 4865/9744: (417, 288) -> 5120 (b'ziji') has 56 occurance
merge 4866/9744: (669, 746) -> 5121 (b'pravlja') has 56 occurance
merge 4867/9744: (359, 328) -> 5122 (b' Kos') has 56 occurance
merge 4868/9744: (524, 303) -> 5123 (b'danju') has 56 occurance
merge 4869/9744: (853, 4575) -> 5124 (b' Mardohe') has 56 occurance
merge 4870/9744: (357, 788) -> 5125 (b' mogla') has 56 occurance
merge 4871/9744: (4946, 1525) -> 5126 (b'\xc4\x8delniku') has 56 occurance
merge 4872/9744: (505, 314) -> 5127 (b' bede') has 56 occurance
merge 4873/9744: (4893, 1471) -> 5128 (b' JEREMIJE') has 56 occurance
merge 4874/9744: (365, 285) -> 5129 (b'kula') has 56 occurance
merge 4875/9744: (330, 2259) -> 5130 (b' JOVAN') has 56 occurance
merge 4876/9744: (73, 86) -> 5131 (b'IV') has 56 occurance
merge 4877/9744: (3271, 346) -> 5132 (b' li\xc4\x8dnost') has 56 occurance
merge 4878/9744: (1264, 650) -> 5133 (b' turska') has 56 occurance
merge 4879/9744: (2999, 1296) -> 5134 (b' Branko') has 56 occurance
merge 4880/9744: (1795, 666) -> 5135 (b' srpske') has 56 occurance
merge 4881/9744: (562, 410) -> 5136 (b' \xc4\x8doba') has 56 occurance
merge 4882/9744: (34, 1011) -> 5137 (b'"Bo') has 56 occurance
merge 4883/9744: (468, 2120) -> 5138 (b' pu\xc5\xa1ka') has 56 occurance
merge 4884/9744: (4957, 3136) -> 5139 (b' notarius') has 56 occurance
merge 4885/9744: (834, 261) -> 5140 (b' \xc4\x8dini\xc5\xa1') has 55 occurance
merge 4886/9744: (1916, 101) -> 5141 (b'.Pe') has 55 occurance
merge 4887/9744: (538, 299) -> 5142 (b' duga') has 55 occurance
merge 4888/9744: (1822, 384) -> 5143 (b' Zemlju') has 55 occurance
merge 4889/9744: (348, 313) -> 5144 (b' golo') has 55 occurance
merge 4890/9744: (1556, 416) -> 5145 (b' porodice') has 55 occurance
merge 4891/9744: (1513, 952) -> 5146 (b' cijelo') has 55 occurance
merge 4892/9744: (430, 1212) -> 5147 (b' prozva') has 55 occurance
merge 4893/9744: (1554, 106) -> 5148 (b'\xc4\x8dkoj') has 55 occurance
merge 4894/9744: (649, 281) -> 5149 (b' dina') has 55 occurance
merge 4895/9744: (324, 416) -> 5150 (b'\xc4\x8dice') has 55 occurance
merge 4896/9744: (263, 1060) -> 5151 (b' osje') has 55 occurance
merge 4897/9744: (361, 264) -> 5152 (b'bira') has 55 occurance
merge 4898/9744: (288, 416) -> 5153 (b'jice') has 55 occurance
merge 4899/9744: (1085, 353) -> 5154 (b' sti\xc5\xbee') has 55 occurance
merge 4900/9744: (1612, 289) -> 5155 (b' bogove') has 55 occurance
merge 4901/9744: (452, 270) -> 5156 (b'hova') has 55 occurance
merge 4902/9744: (291, 264) -> 5157 (b'mara') has 55 occurance
merge 4903/9744: (257, 546) -> 5158 (b' svr') has 55 occurance
merge 4904/9744: (837, 547) -> 5159 (b' trbu') has 55 occurance
merge 4905/9744: (101, 268) -> 5160 (b'evo') has 55 occurance
merge 4906/9744: (317, 583) -> 5161 (b' donije') has 55 occurance
merge 4907/9744: (3894, 580) -> 5162 (b' jo\xc5\xa1te') has 55 occurance
merge 4908/9744: (482, 270) -> 5163 (b'\xc5\xbeava') has 55 occurance
merge 4909/9744: (881, 1348) -> 5164 (b' sve\xc5\xa1tenicima') has 55 occurance
merge 4910/9744: (2608, 264) -> 5165 (b' jezera') has 55 occurance
merge 4911/9744: (1221, 410) -> 5166 (b'treba') has 55 occurance
merge 4912/9744: (112, 256) -> 5167 (b'pje') has 55 occurance
merge 4913/9744: (675, 306) -> 5168 (b' narodne') has 55 occurance
merge 4914/9744: (290, 1212) -> 5169 (b' pozva') has 55 occurance
merge 4915/9744: (464, 256) -> 5170 (b' Vje') has 55 occurance
merge 4916/9744: (483, 97) -> 5171 (b'\xc5\xa0a') has 55 occurance
merge 4917/9744: (796, 1325) -> 5172 (b' o\xc4\x8di\xc5\xa1\xc4\x87e') has 55 occurance
merge 4918/9744: (312, 1555) -> 5173 (b' kakvu') has 55 occurance
merge 4919/9744: (257, 2330) -> 5174 (b' skvr') has 55 occurance
merge 4920/9744: (309, 581) -> 5175 (b'po\xc5\xa1to') has 55 occurance
merge 4921/9744: (563, 270) -> 5176 (b' prava') has 55 occurance
merge 4922/9744: (448, 1252) -> 5177 (b' prihvati') has 55 occurance
merge 4923/9744: (520, 268) -> 5178 (b' novo') has 55 occurance
merge 4924/9744: (407, 1221) -> 5179 (b' vatre') has 55 occurance
merge 4925/9744: (311, 410) -> 5180 (b' zaba') has 55 occurance
merge 4926/9744: (317, 386) -> 5181 (b' dopa') has 55 occurance
merge 4927/9744: (85, 68) -> 5182 (b'UD') has 55 occurance
merge 4928/9744: (289, 310) -> 5183 (b've\xc4\x87e') has 55 occurance
merge 4929/9744: (3789, 287) -> 5184 (b' osobito') has 55 occurance
merge 4930/9744: (827, 640) -> 5185 (b' Njegovijeh') has 55 occurance
merge 4931/9744: (2640, 294) -> 5186 (b' otkuda') has 55 occurance
merge 4932/9744: (103, 314) -> 5187 (b'gde') has 55 occurance
merge 4933/9744: (308, 2327) -> 5188 (b' koplja') has 55 occurance
merge 4934/9744: (1357, 313) -> 5189 (b' veselo') has 55 occurance
merge 4935/9744: (295, 277) -> 5190 (b'teri') has 55 occurance
merge 4936/9744: (312, 2512) -> 5191 (b' kazuje') has 55 occurance
merge 4937/9744: (1570, 1348) -> 5192 (b' u\xc4\x8denicima') has 55 occurance
merge 4938/9744: (1852, 370) -> 5193 (b' hajduci') has 55 occurance
merge 4939/9744: (308, 3059) -> 5194 (b' kosov') has 55 occurance
merge 4940/9744: (754, 289) -> 5195 (b' zapove') has 55 occurance
merge 4941/9744: (84, 515) -> 5196 (b'Tad') has 55 occurance
merge 4942/9744: (1577, 1332) -> 5197 (b' Herce') has 55 occurance
merge 4943/9744: (79, 281) -> 5198 (b'Ona') has 55 occurance
merge 4944/9744: (612, 110) -> 5199 (b'son') has 54 occurance
merge 4945/9744: (1758, 322) -> 5200 (b' vu\xc4\x8de') has 54 occurance
merge 4946/9744: (3512, 276) -> 5201 (b' lakta') has 54 occurance
merge 4947/9744: (2182, 1693) -> 5202 (b' opomenu') has 54 occurance
merge 4948/9744: (289, 322) -> 5203 (b've\xc4\x8de') has 54 occurance
merge 4949/9744: (315, 417) -> 5204 (b' Izi') has 54 occurance
merge 4950/9744: (475, 861) -> 5205 (b' njegovom') has 54 occurance
merge 4951/9744: (1804, 686) -> 5206 (b' potomstvo') has 54 occurance
merge 4952/9744: (870, 104) -> 5207 (b' vrh') has 54 occurance
merge 4953/9744: (388, 279) -> 5208 (b'mili') has 54 occurance
merge 4954/9744: (290, 1732) -> 5209 (b' pogle') has 54 occurance
merge 4955/9744: (500, 111) -> 5210 (b'peo') has 54 occurance
merge 4956/9744: (1148, 306) -> 5211 (b' pogine') has 54 occurance
merge 4957/9744: (4492, 321) -> 5212 (b'ganjaca') has 54 occurance
merge 4958/9744: (405, 402) -> 5213 (b' sveza') has 54 occurance
merge 4959/9744: (72, 101) -> 5214 (b'He') has 54 occurance
merge 4960/9744: (97, 294) -> 5215 (b'ada') has 54 occurance
merge 4961/9744: (300, 261) -> 5216 (b' da\xc5\xa1') has 54 occurance
merge 4962/9744: (656, 109) -> 5217 (b' do\xc4\x91em') has 54 occurance
merge 4963/9744: (104, 450) -> 5218 (b'hem') has 54 occurance
merge 4964/9744: (68, 105) -> 5219 (b'Di') has 54 occurance
merge 4965/9744: (1377, 276) -> 5220 (b'hvata') has 54 occurance
merge 4966/9744: (649, 1424) -> 5221 (b' digne') has 54 occurance
merge 4967/9744: (317, 1785) -> 5222 (b' domom') has 54 occurance
merge 4968/9744: (2176, 367) -> 5223 (b' objesi') has 54 occurance
merge 4969/9744: (286, 279) -> 5224 (b' zli') has 54 occurance
merge 4970/9744: (649, 1238) -> 5225 (b' dijeli') has 54 occurance
merge 4971/9744: (1060, 314) -> 5226 (b'sjede') has 54 occurance
merge 4972/9744: (675, 282) -> 5227 (b' narodni') has 54 occurance
merge 4973/9744: (436, 110) -> 5228 (b'\xc5\xa1an') has 54 occurance
merge 4974/9744: (2073, 111) -> 5229 (b' izveo') has 54 occurance
merge 4975/9744: (409, 3121) -> 5230 (b' carovati') has 54 occurance
merge 4976/9744: (277, 364) -> 5231 (b'rijem') has 54 occurance
merge 4977/9744: (437, 256) -> 5232 (b'suje') has 54 occurance
merge 4978/9744: (108, 306) -> 5233 (b'lne') has 54 occurance
merge 4979/9744: (110, 365) -> 5234 (b'nku') has 54 occurance
merge 4980/9744: (310, 306) -> 5235 (b'\xc4\x87ene') has 54 occurance
merge 4981/9744: (2182, 388) -> 5236 (b' opomi') has 54 occurance
merge 4982/9744: (1575, 289) -> 5237 (b' knezove') has 54 occurance
merge 4983/9744: (317, 340) -> 5238 (b' dolje') has 54 occurance
merge 4984/9744: (1906, 609) -> 5239 (b' prijatelj') has 54 occurance
merge 4985/9744: (292, 620) -> 5240 (b'govore') has 54 occurance
merge 4986/9744: (2272, 636) -> 5241 (b' nepozna') has 54 occurance
merge 4987/9744: (263, 416) -> 5242 (b' oce') has 54 occurance
merge 4988/9744: (623, 2425) -> 5243 (b' vje\xc4\x8dni') has 54 occurance
merge 4989/9744: (659, 109) -> 5244 (b' Sam') has 54 occurance
merge 4990/9744: (267, 285) -> 5245 (b'tila') has 54 occurance
merge 4991/9744: (436, 270) -> 5246 (b'\xc5\xa1ava') has 54 occurance
merge 4992/9744: (1409, 366) -> 5247 (b' Saulu') has 54 occurance
merge 4993/9744: (422, 452) -> 5248 (b' Oho') has 54 occurance
merge 4994/9744: (312, 108) -> 5249 (b' kal') has 54 occurance
merge 4995/9744: (2384, 114) -> 5250 (b' nevjer') has 54 occurance
merge 4996/9744: (262, 445) -> 5251 (b' dvori') has 54 occurance
merge 4997/9744: (534, 913) -> 5252 (b' rodite') has 54 occurance
merge 4998/9744: (480, 69) -> 5253 (b' ZE') has 54 occurance
merge 4999/9744: (679, 2118) -> 5254 (b' Jovana') has 54 occurance
merge 5000/9744: (709, 378) -> 5255 (b' krsti') has 54 occurance
merge 5001/9744: (725, 442) -> 5256 (b' epi') has 54 occurance
merge 5002/9744: (98, 320) -> 5257 (b'ble') has 54 occurance
merge 5003/9744: (74, 603) -> 5258 (b'JAV') has 54 occurance
merge 5004/9744: (5258, 2406) -> 5259 (b'JAVLEN') has 54 occurance
merge 5005/9744: (5259, 1471) -> 5260 (b'JAVLENIJE') has 54 occurance
merge 5006/9744: (757, 4793) -> 5261 (b'KATICA') has 54 occurance
merge 5007/9744: (1716, 1683) -> 5262 (b' pjesma') has 53 occurance
merge 5008/9744: (309, 322) -> 5263 (b'po\xc4\x8de') has 53 occurance
merge 5009/9744: (633, 275) -> 5264 (b' stoka') has 53 occurance
merge 5010/9744: (1630, 118) -> 5265 (b' blagoslov') has 53 occurance
merge 5011/9744: (2208, 957) -> 5266 (b' Blagoslo') has 53 occurance
merge 5012/9744: (107, 366) -> 5267 (b'klu') has 53 occurance
merge 5013/9744: (389, 820) -> 5268 (b' pado\xc5\xa1e') has 53 occurance
merge 5014/9744: (110, 492) -> 5269 (b'njo') has 53 occurance
merge 5015/9744: (105, 366) -> 5270 (b'ilu') has 53 occurance
merge 5016/9744: (725, 294) -> 5271 (b' eda') has 53 occurance
merge 5017/9744: (1204, 392) -> 5272 (b' tisu\xc4\x87u') has 53 occurance
merge 5018/9744: (110, 686) -> 5273 (b'nstvo') has 53 occurance
merge 5019/9744: (54, 51) -> 5274 (b'63') has 53 occurance
merge 5020/9744: (545, 106) -> 5275 (b' \xc4\x8duj') has 53 occurance
merge 5021/9744: (2126, 111) -> 5276 (b' zakleo') has 53 occurance
merge 5022/9744: (307, 392) -> 5277 (b'di\xc4\x87u') has 53 occurance
merge 5023/9744: (342, 2893) -> 5278 (b' izobi') has 53 occurance
merge 5024/9744: (956, 305) -> 5279 (b' kaza\xc5\xa1e') has 53 occurance
merge 5025/9744: (3284, 116) -> 5280 (b'\xc5\xbeivot') has 53 occurance
merge 5026/9744: (891, 363) -> 5281 (b' prije\xc4\x91e') has 53 occurance
merge 5027/9744: (292, 277) -> 5282 (b'gori') has 53 occurance
merge 5028/9744: (467, 597) -> 5283 (b' bojim') has 53 occurance
merge 5029/9744: (482, 111) -> 5284 (b'\xc5\xbeao') has 53 occurance
merge 5030/9744: (351, 1432) -> 5285 (b'starje\xc5\xa1i') has 53 occurance
merge 5031/9744: (74, 862) -> 5286 (b'Josi') has 53 occurance
merge 5032/9744: (361, 313) -> 5287 (b'bilo') has 53 occurance
merge 5033/9744: (1879, 322) -> 5288 (b' mom\xc4\x8de') has 53 occurance
merge 5034/9744: (545, 1521) -> 5289 (b' \xc4\x8duvaju') has 53 occurance
merge 5035/9744: (1092, 285) -> 5290 (b' rodila') has 53 occurance
merge 5036/9744: (85, 122) -> 5291 (b'Uz') has 53 occurance
merge 5037/9744: (300, 364) -> 5292 (b' dajem') has 53 occurance
merge 5038/9744: (2279, 361) -> 5293 (b' zubi') has 53 occurance
merge 5039/9744: (561, 1072) -> 5294 (b' ostavi\xc5\xa1e') has 53 occurance
merge 5040/9744: (324, 321) -> 5295 (b'\xc4\x8dica') has 53 occurance
merge 5041/9744: (107, 1407) -> 5296 (b'kvoga') has 53 occurance
merge 5042/9744: (3337, 484) -> 5297 (b' Subotu') has 53 occurance
merge 5043/9744: (277, 261) -> 5298 (b'ri\xc5\xa1') has 53 occurance
merge 5044/9744: (1612, 270) -> 5299 (b' bogova') has 53 occurance
merge 5045/9744: (1274, 2620) -> 5300 (b' vinograda') has 53 occurance
merge 5046/9744: (1770, 282) -> 5301 (b' bezbo\xc5\xbeni') has 53 occurance
merge 5047/9744: (360, 111) -> 5302 (b' teo') has 53 occurance
merge 5048/9744: (295, 401) -> 5303 (b'telja') has 53 occurance
merge 5049/9744: (115, 744) -> 5304 (b'snik') has 53 occurance
merge 5050/9744: (643, 364) -> 5305 (b' trijem') has 53 occurance
merge 5051/9744: (706, 346) -> 5306 (b' \xc4\x8dist') has 53 occurance
merge 5052/9744: (324, 291) -> 5307 (b'\xc4\x8dima') has 53 occurance
merge 5053/9744: (290, 2422) -> 5308 (b' pojede') has 53 occurance
merge 5054/9744: (1567, 285) -> 5309 (b' do\xc5\xa1la') has 53 occurance
merge 5055/9744: (310, 110) -> 5310 (b'\xc4\x87en') has 53 occurance
merge 5056/9744: (4681, 841) -> 5311 (b' izbrojenijeh') has 53 occurance
merge 5057/9744: (712, 273) -> 5312 (b'zovi') has 53 occurance
merge 5058/9744: (786, 303) -> 5313 (b' nemaju') has 53 occurance
merge 5059/9744: (114, 460) -> 5314 (b'rmu') has 53 occurance
merge 5060/9744: (86, 111) -> 5315 (b'Vo') has 53 occurance
merge 5061/9744: (1148, 2148) -> 5316 (b' poginuti') has 53 occurance
merge 5062/9744: (108, 299) -> 5317 (b'lga') has 53 occurance
merge 5063/9744: (567, 110) -> 5318 (b'han') has 53 occurance
merge 5064/9744: (1937, 686) -> 5319 (b'carstvo') has 53 occurance
merge 5065/9744: (395, 451) -> 5320 (b' presto') has 53 occurance
merge 5066/9744: (327, 110) -> 5321 (b' An') has 53 occurance
merge 5067/9744: (301, 388) -> 5322 (b' nemi') has 53 occurance
merge 5068/9744: (383, 1740) -> 5323 (b' mudri') has 53 occurance
merge 5069/9744: (728, 270) -> 5324 (b' trava') has 53 occurance
merge 5070/9744: (664, 294) -> 5325 (b' strada') has 53 occurance
merge 5071/9744: (1844, 314) -> 5326 (b' hiljade') has 53 occurance
merge 5072/9744: (3986, 106) -> 5327 (b' \xc4\x8covje\xc4\x8dij') has 53 occurance
merge 5073/9744: (1852, 275) -> 5328 (b' hajduka') has 53 occurance
merge 5074/9744: (448, 3233) -> 5329 (b' primer') has 53 occurance
merge 5075/9744: (1795, 521) -> 5330 (b' srpski') has 53 occurance
merge 5076/9744: (488, 2989) -> 5331 (b' ru\xc4\x8dak') has 53 occurance
merge 5077/9744: (3701, 1823) -> 5332 (b' crnogor') has 53 occurance
merge 5078/9744: (272, 626) -> 5333 (b' uvati') has 53 occurance
merge 5079/9744: (646, 326) -> 5334 (b' Bogme') has 53 occurance
merge 5080/9744: (359, 65) -> 5335 (b' KA') has 52 occurance
merge 5081/9744: (2200, 277) -> 5336 (b' zvijeri') has 52 occurance
merge 5082/9744: (122, 626) -> 5337 (b'zvati') has 52 occurance
merge 5083/9744: (430, 1234) -> 5338 (b' promije') has 52 occurance
merge 5084/9744: (360, 572) -> 5339 (b' tevima') has 52 occurance
merge 5085/9744: (315, 1683) -> 5340 (b' Isma') has 52 occurance
merge 5086/9744: (3237, 362) -> 5341 (b' umno\xc5\xbei') has 52 occurance
merge 5087/9744: (114, 495) -> 5342 (b'r\xc4\x8da') has 52 occurance
merge 5088/9744: (378, 281) -> 5343 (b'stina') has 52 occurance
merge 5089/9744: (764, 291) -> 5344 (b' najma') has 52 occurance
merge 5090/9744: (1289, 307) -> 5345 (b' pravdi') has 52 occurance
merge 5091/9744: (441, 5212) -> 5346 (b' jaganjaca') has 52 occurance
merge 5092/9744: (1924, 294) -> 5347 (b'Tada') has 52 occurance
merge 5093/9744: (317, 2576) -> 5348 (b' doneso\xc5\xa1e') has 52 occurance
merge 5094/9744: (282, 337) -> 5349 (b'ninu') has 52 occurance
merge 5095/9744: (473, 356) -> 5350 (b' stado') has 52 occurance
merge 5096/9744: (3496, 117) -> 5351 (b' Simeu') has 52 occurance
merge 5097/9744: (609, 275) -> 5352 (b'ljka') has 52 occurance
merge 5098/9744: (317, 294) -> 5353 (b' doda') has 52 occurance
merge 5099/9744: (1227, 314) -> 5354 (b' predade') has 52 occurance
merge 5100/9744: (2590, 100) -> 5355 (b' dosad') has 52 occurance
merge 5101/9744: (1523, 277) -> 5356 (b'udari') has 52 occurance
merge 5102/9744: (317, 860) -> 5357 (b' do\xc4\x91i') has 52 occurance
merge 5103/9744: (912, 436) -> 5358 (b' \xc4\x8da\xc5\xa1a') has 52 occurance
merge 5104/9744: (80, 117) -> 5359 (b'Pu') has 52 occurance
merge 5105/9744: (336, 320) -> 5360 (b' bile') has 52 occurance
merge 5106/9744: (709, 256) -> 5361 (b' krje') has 52 occurance
merge 5107/9744: (3640, 1230) -> 5362 (b' bli\xc5\xbenjega') has 52 occurance
merge 5108/9744: (317, 3782) -> 5363 (b' domovima') has 52 occurance
merge 5109/9744: (361, 281) -> 5364 (b'bina') has 52 occurance
merge 5110/9744: (289, 355) -> 5365 (b've\xc4\x87i') has 52 occurance
merge 5111/9744: (538, 404) -> 5366 (b' dubo') has 52 occurance
merge 5112/9744: (967, 681) -> 5367 (b' pustinju') has 52 occurance
merge 5113/9744: (263, 3071) -> 5368 (b' okru') has 52 occurance
merge 5114/9744: (834, 109) -> 5369 (b' \xc4\x8dinim') has 52 occurance
merge 5115/9744: (1382, 320) -> 5370 (b' ople') has 52 occurance
merge 5116/9744: (429, 1279) -> 5371 (b' Jedna') has 52 occurance
merge 5117/9744: (1846, 355) -> 5372 (b'laze\xc4\x87i') has 52 occurance
merge 5118/9744: (375, 381) -> 5373 (b' Prije') has 52 occurance
merge 5119/9744: (305, 110) -> 5374 (b'\xc5\xa1en') has 52 occurance
merge 5120/9744: (2054, 346) -> 5375 (b' bolest') has 52 occurance
merge 5121/9744: (881, 1256) -> 5376 (b' sve\xc5\xa1tenike') has 52 occurance
merge 5122/9744: (340, 397) -> 5377 (b'ljenje') has 52 occurance
merge 5123/9744: (273, 276) -> 5378 (b'vita') has 52 occurance
merge 5124/9744: (550, 397) -> 5379 (b' imanje') has 52 occurance
merge 5125/9744: (272, 417) -> 5380 (b' uzi') has 52 occurance
merge 5126/9744: (419, 318) -> 5381 (b' Dru') has 52 occurance
merge 5127/9744: (1205, 384) -> 5382 (b'Izrailju') has 52 occurance
merge 5128/9744: (106, 275) -> 5383 (b'jka') has 52 occurance
merge 5129/9744: (743, 291) -> 5384 (b' otima') has 52 occurance
merge 5130/9744: (86, 376) -> 5385 (b'Voj') has 52 occurance
merge 5131/9744: (108, 291) -> 5386 (b'lma') has 52 occurance
merge 5132/9744: (538, 2733) -> 5387 (b' du\xc5\xa1o') has 52 occurance
merge 5133/9744: (823, 1185) -> 5388 (b' Davidova') has 52 occurance
merge 5134/9744: (272, 1740) -> 5389 (b' udri') has 52 occurance
merge 5135/9744: (69, 287) -> 5390 (b'Eto') has 52 occurance
merge 5136/9744: (1097, 370) -> 5391 (b' majci') has 52 occurance
merge 5137/9744: (319, 117) -> 5392 (b' odu') has 52 occurance
merge 5138/9744: (77, 1182) -> 5393 (b'Milo') has 52 occurance
merge 5139/9744: (2634, 1388) -> 5394 (b'Solomu') has 52 occurance
merge 5140/9744: (499, 101) -> 5395 (b'\xc5\xbde') has 52 occurance
merge 5141/9744: (1126, 116) -> 5396 (b'dost') has 52 occurance
merge 5142/9744: (1549, 355) -> 5397 (b' budu\xc4\x87i') has 52 occurance
merge 5143/9744: (750, 536) -> 5398 (b' gospo\xc4\x91a') has 52 occurance
merge 5144/9744: (636, 324) -> 5399 (b'zna\xc4\x8di') has 52 occurance
merge 5145/9744: (69, 83) -> 5400 (b'ES') has 52 occurance
merge 5146/9744: (889, 1526) -> 5401 (b' Pavla') has 52 occurance
merge 5147/9744: (311, 2029) -> 5402 (b' zatim') has 52 occurance
merge 5148/9744: (79, 314) -> 5403 (b'Ode') has 52 occurance
merge 5149/9744: (32, 106) -> 5404 (b' j') has 52 occurance
merge 5150/9744: (365, 100) -> 5405 (b'kud') has 52 occurance
merge 5151/9744: (717, 103) -> 5406 (b' vrag') has 52 occurance
merge 5152/9744: (462, 1322) -> 5407 (b'guman') has 52 occurance
merge 5153/9744: (782, 572) -> 5408 (b' carevima') has 51 occurance
merge 5154/9744: (102, 111) -> 5409 (b'fo') has 51 occurance
merge 5155/9744: (1045, 546) -> 5410 (b'*Jevr') has 51 occurance
merge 5156/9744: (938, 533) -> 5411 (b' Bo\xc5\xbeijemu') has 51 occurance
merge 5157/9744: (2251, 337) -> 5412 (b' po\xc4\x8dinu') has 51 occurance
merge 5158/9744: (1313, 306) -> 5413 (b' hrane') has 51 occurance
merge 5159/9744: (265, 1626) -> 5414 (b'kov\xc4\x8de') has 51 occurance
merge 5160/9744: (584, 933) -> 5415 (b' razvali') has 51 occurance
merge 5161/9744: (1620, 306) -> 5416 (b'godine') has 51 occurance
merge 5162/9744: (1787, 460) -> 5417 (b' Avramu') has 51 occurance
merge 5163/9744: (259, 2412) -> 5418 (b' i\xc5\xa1li') has 51 occurance
merge 5164/9744: (292, 268) -> 5419 (b'govo') has 51 occurance
merge 5165/9744: (286, 626) -> 5420 (b' zvati') has 51 occurance
merge 5166/9744: (669, 268) -> 5421 (b'pravo') has 51 occurance
merge 5167/9744: (372, 381) -> 5422 (b' vrije') has 51 occurance
merge 5168/9744: (1010, 546) -> 5423 (b' potvr') has 51 occurance
merge 5169/9744: (436, 118) -> 5424 (b'\xc5\xa1av') has 51 occurance
merge 5170/9744: (774, 970) -> 5425 (b' zlatnu') has 51 occurance
merge 5171/9744: (317, 2253) -> 5426 (b' do\xc4\x91oh') has 51 occurance
merge 5172/9744: (2579, 307) -> 5427 (b' besjedi') has 51 occurance
merge 5173/9744: (263, 2085) -> 5428 (b' omr') has 51 occurance
merge 5174/9744: (317, 1632) -> 5429 (b' doista') has 51 occurance
merge 5175/9744: (799, 1043) -> 5430 (b' juna\xc4\x8dki') has 51 occurance
merge 5176/9744: (109, 264) -> 5431 (b'mra') has 51 occurance
merge 5177/9744: (897, 305) -> 5432 (b' posla\xc5\xa1e') has 51 occurance
merge 5178/9744: (1175, 296) -> 5433 (b' gro\xc5\xbe') has 51 occurance
merge 5179/9744: (293, 1401) -> 5434 (b' jevre') has 51 occurance
merge 5180/9744: (509, 276) -> 5435 (b' \xc5\xbeita') has 51 occurance
merge 5181/9744: (680, 332) -> 5436 (b' ne\xc4\x87emo') has 51 occurance
merge 5182/9744: (661, 279) -> 5437 (b' u\xc4\x8dinili') has 51 occurance
merge 5183/9744: (417, 295) -> 5438 (b'zite') has 51 occurance
merge 5184/9744: (658, 858) -> 5439 (b' Koliko') has 51 occurance
merge 5185/9744: (931, 313) -> 5440 (b'Malo') has 51 occurance
merge 5186/9744: (402, 291) -> 5441 (b'zama') has 51 occurance
merge 5187/9744: (341, 114) -> 5442 (b' sir') has 51 occurance
merge 5188/9744: (312, 1257) -> 5443 (b' kakve') has 51 occurance
merge 5189/9744: (667, 893) -> 5444 (b' otvara') has 51 occurance
merge 5190/9744: (468, 110) -> 5445 (b' pun') has 51 occurance
merge 5191/9744: (725, 1400) -> 5446 (b' efe') has 51 occurance
merge 5192/9744: (1085, 256) -> 5447 (b' stije') has 51 occurance
merge 5193/9744: (389, 111) -> 5448 (b' pao') has 51 occurance
merge 5194/9744: (4988, 1744) -> 5449 (b' porfi') has 51 occurance
merge 5195/9744: (1161, 306) -> 5450 (b'strane') has 51 occurance
merge 5196/9744: (389, 279) -> 5451 (b' pali') has 51 occurance
merge 5197/9744: (442, 416) -> 5452 (b'pice') has 51 occurance
merge 5198/9744: (281, 116) -> 5453 (b'nat') has 51 occurance
merge 5199/9744: (576, 65) -> 5454 (b'SKA') has 51 occurance
merge 5200/9744: (408, 2691) -> 5455 (b' \xc5\xa1togod') has 51 occurance
merge 5201/9744: (111, 1634) -> 5456 (b'oganj') has 51 occurance
merge 5202/9744: (1827, 320) -> 5457 (b' hvale') has 51 occurance
merge 5203/9744: (115, 1597) -> 5458 (b'srca') has 51 occurance
merge 5204/9744: (311, 111) -> 5459 (b' zao') has 51 occurance
merge 5205/9744: (1694, 1024) -> 5460 (b' nasljedstva') has 51 occurance
merge 5206/9744: (319, 1507) -> 5461 (b' odmet') has 51 occurance
merge 5207/9744: (332, 116) -> 5462 (b'mot') has 51 occurance
merge 5208/9744: (637, 693) -> 5463 (b' vojnici') has 51 occurance
merge 5209/9744: (663, 915) -> 5464 (b' nasred') has 51 occurance
merge 5210/9744: (1271, 273) -> 5465 (b'ostavi') has 51 occurance
merge 5211/9744: (45, 69) -> 5466 (b'-E') has 51 occurance
merge 5212/9744: (303, 281) -> 5467 (b'juna') has 51 occurance
merge 5213/9744: (630, 1771) -> 5468 (b' judej') has 51 occurance
merge 5214/9744: (295, 264) -> 5469 (b'tera') has 51 occurance
merge 5215/9744: (1813, 2712) -> 5470 (b' pjeva\xc4\x8dkom') has 51 occurance
merge 5216/9744: (333, 285) -> 5471 (b' ala') has 51 occurance
merge 5217/9744: (5253, 3272) -> 5472 (b' ZEKI') has 51 occurance
merge 5218/9744: (5472, 4788) -> 5473 (b' ZEKILjA') has 51 occurance
merge 5219/9744: (889, 118) -> 5474 (b' Pav') has 51 occurance
merge 5220/9744: (2881, 65) -> 5475 (b'A\xc5\xa0A') has 51 occurance
merge 5221/9744: (1406, 3085) -> 5476 (b' Srblji') has 51 occurance
merge 5222/9744: (2680, 365) -> 5477 (b' jabuku') has 51 occurance
merge 5223/9744: (4578, 1671) -> 5478 (b' Jugovi\xc4\x87a') has 51 occurance
merge 5224/9744: (515, 362) -> 5479 (b'ad\xc5\xbei') has 51 occurance
merge 5225/9744: (562, 2551) -> 5480 (b' \xc4\x8doban') has 51 occurance
merge 5226/9744: (79, 558) -> 5481 (b'OVO') has 50 occurance
merge 5227/9744: (68, 318) -> 5482 (b'Dru') has 50 occurance
merge 5228/9744: (1501, 114) -> 5483 (b' rasr') has 50 occurance
merge 5229/9744: (393, 111) -> 5484 (b' mio') has 50 occurance
merge 5230/9744: (3440, 536) -> 5485 (b' gvo\xc5\xbe\xc4\x91a') has 50 occurance
merge 5231/9744: (1598, 392) -> 5486 (b' Ho\xc4\x87u') has 50 occurance
merge 5232/9744: (1295, 3305) -> 5487 (b' \xc5\xa1irinu') has 50 occurance
merge 5233/9744: (300, 4101) -> 5488 (b' da\xc5\xbed') has 50 occurance
merge 5234/9744: (661, 104) -> 5489 (b' u\xc4\x8dinih') has 50 occurance
merge 5235/9744: (263, 2594) -> 5490 (b' ostr') has 50 occurance
merge 5236/9744: (1420, 291) -> 5491 (b' zemljama') has 50 occurance
merge 5237/9744: (1233, 3764) -> 5492 (b' Hanane') has 50 occurance
merge 5238/9744: (649, 109) -> 5493 (b' dim') has 50 occurance
merge 5239/9744: (4698, 116) -> 5494 (b' susret') has 50 occurance
merge 5240/9744: (464, 537) -> 5495 (b' Vrati') has 50 occurance
merge 5241/9744: (1046, 106) -> 5496 (b' gledaj') has 50 occurance
merge 5242/9744: (1016, 340) -> 5497 (b' zakolje') has 50 occurance
merge 5243/9744: (1237, 432) -> 5498 (b'klanja') has 50 occurance
merge 5244/9744: (111, 778) -> 5499 (b'opet') has 50 occurance
merge 5245/9744: (361, 306) -> 5500 (b'bine') has 50 occurance
merge 5246/9744: (1053, 445) -> 5501 (b' Govori') has 50 occurance
merge 5247/9744: (300, 310) -> 5502 (b' da\xc4\x87e') has 50 occurance
merge 5248/9744: (534, 390) -> 5503 (b' rodu') has 50 occurance
merge 5249/9744: (327, 367) -> 5504 (b' Asi') has 50 occurance
merge 5250/9744: (390, 436) -> 5505 (b'du\xc5\xa1a') has 50 occurance
merge 5251/9744: (354, 321) -> 5506 (b' tica') has 50 occurance
merge 5252/9744: (3734, 398) -> 5507 (b' usli\xc5\xa1i') has 50 occurance
merge 5253/9744: (1096, 432) -> 5508 (b' kamenja') has 50 occurance
merge 5254/9744: (677, 270) -> 5509 (b' krava') has 50 occurance
merge 5255/9744: (306, 332) -> 5510 (b'nemo') has 50 occurance
merge 5256/9744: (726, 1731) -> 5511 (b' dr\xc5\xbeite') has 50 occurance
merge 5257/9744: (273, 307) -> 5512 (b'vidi') has 50 occurance
merge 5258/9744: (488, 452) -> 5513 (b' ruho') has 50 occurance
merge 5259/9744: (293, 437) -> 5514 (b' jesu') has 50 occurance
merge 5260/9744: (477, 551) -> 5515 (b' kupu') has 50 occurance
merge 5261/9744: (394, 2794) -> 5516 (b' metni') has 50 occurance
merge 5262/9744: (1758, 107) -> 5517 (b' vuk') has 50 occurance
merge 5263/9744: (692, 1356) -> 5518 (b' Izrailjevih') has 50 occurance
merge 5264/9744: (1193, 410) -> 5519 (b' guba') has 50 occurance
merge 5265/9744: (1545, 281) -> 5520 (b' Arona') has 50 occurance
merge 5266/9744: (98, 328) -> 5521 (b'bos') has 50 occurance
merge 5267/9744: (1003, 451) -> 5522 (b' \xc5\xa1esto') has 50 occurance
merge 5268/9744: (290, 302) -> 5523 (b' pono') has 50 occurance
merge 5269/9744: (692, 1213) -> 5524 (b' Izrailjevim') has 50 occurance
merge 5270/9744: (112, 313) -> 5525 (b'plo') has 50 occurance
merge 5271/9744: (98, 302) -> 5526 (b'bno') has 50 occurance
merge 5272/9744: (1096, 337) -> 5527 (b' kamenu') has 50 occurance
merge 5273/9744: (290, 1818) -> 5528 (b' podaj') has 50 occurance
merge 5274/9744: (2503, 380) -> 5529 (b' Svaki') has 50 occurance
merge 5275/9744: (114, 324) -> 5530 (b'r\xc4\x8di') has 50 occurance
merge 5276/9744: (1889, 276) -> 5531 (b' sramota') has 50 occurance
merge 5277/9744: (1126, 276) -> 5532 (b'dosta') has 50 occurance
merge 5278/9744: (2987, 261) -> 5533 (b' pusto\xc5\xa1') has 50 occurance
merge 5279/9744: (1133, 841) -> 5534 (b' Judinijeh') has 50 occurance
merge 5280/9744: (448, 745) -> 5535 (b' pri\xc4\x8du') has 50 occurance
merge 5281/9744: (1180, 378) -> 5536 (b'vnosti') has 50 occurance
merge 5282/9744: (429, 374) -> 5537 (b' Jese') has 50 occurance
merge 5283/9744: (1210, 846) -> 5538 (b' zapovijedam') has 50 occurance
merge 5284/9744: (1827, 285) -> 5539 (b' hvala') has 50 occurance
merge 5285/9744: (309, 1187) -> 5540 (b'poklo') has 50 occurance
merge 5286/9744: (771, 380) -> 5541 (b' sjeki') has 50 occurance
merge 5287/9744: (103, 366) -> 5542 (b'glu') has 50 occurance
merge 5288/9744: (623, 997) -> 5543 (b' vjerno') has 50 occurance
merge 5289/9744: (323, 1147) -> 5544 (b' kim') has 50 occurance
merge 5290/9744: (1308, 285) -> 5545 (b' sabla') has 50 occurance
merge 5291/9744: (575, 401) -> 5546 (b' \xc5\xbeelja') has 50 occurance
merge 5292/9744: (762, 332) -> 5547 (b' vidimo') has 50 occurance
merge 5293/9744: (299, 417) -> 5548 (b'gazi') has 50 occurance
merge 5294/9744: (334, 425) -> 5549 (b' savje') has 50 occurance
merge 5295/9744: (703, 1750) -> 5550 (b' Pozdra') has 50 occurance
merge 5296/9744: (1061, 5126) -> 5551 (b'Na\xc4\x8delniku') has 50 occurance
merge 5297/9744: (69, 78) -> 5552 (b'EN') has 50 occurance
merge 5298/9744: (799, 365) -> 5553 (b' junaku') has 50 occurance
merge 5299/9744: (525, 1306) -> 5554 (b' poslovi') has 50 occurance
merge 5300/9744: (684, 320) -> 5555 (b' svile') has 50 occurance
merge 5301/9744: (710, 4048) -> 5556 (b' vaskrse') has 50 occurance
merge 5302/9744: (837, 1405) -> 5557 (b' trplje') has 50 occurance
merge 5303/9744: (561, 314) -> 5558 (b' ostade') has 50 occurance
merge 5304/9744: (1764, 436) -> 5559 (b' Milo\xc5\xa1a') has 50 occurance
merge 5305/9744: (3347, 114) -> 5560 (b' kalu\xc4\x91er') has 50 occurance
merge 5306/9744: (940, 363) -> 5561 (b' ov\xc4\x91e') has 50 occurance
merge 5307/9744: (274, 313) -> 5562 (b' mlo') has 50 occurance
merge 5308/9744: (2115, 326) -> 5563 (b' bijelome') has 50 occurance
merge 5309/9744: (1944, 114) -> 5564 (b' vezir') has 50 occurance
merge 5310/9744: (3371, 1265) -> 5565 (b'BEGLE') has 50 occurance
merge 5311/9744: (5565, 82) -> 5566 (b'BEGLER') has 50 occurance
merge 5312/9744: (5566, 3371) -> 5567 (b'BEGLERBEG') has 50 occurance
merge 5313/9744: (289, 111) -> 5568 (b'veo') has 49 occurance
merge 5314/9744: (2542, 376) -> 5569 (b'svojoj') has 49 occurance
merge 5315/9744: (353, 337) -> 5570 (b'\xc5\xbeenu') has 49 occurance
merge 5316/9744: (2570, 378) -> 5571 (b' Pusti') has 49 occurance
merge 5317/9744: (413, 968) -> 5572 (b' gavra') has 49 occurance
merge 5318/9744: (263, 388) -> 5573 (b' omi') has 49 occurance
merge 5319/9744: (264, 115) -> 5574 (b'ras') has 49 occurance
merge 5320/9744: (105, 110) -> 5575 (b'in') has 49 occurance
merge 5321/9744: (510, 102) -> 5576 (b' Nef') has 49 occurance
merge 5322/9744: (106, 650) -> 5577 (b'jska') has 49 occurance
merge 5323/9744: (659, 264) -> 5578 (b' Sara') has 49 occurance
merge 5324/9744: (941, 463) -> 5579 (b'ondje') has 49 occurance
merge 5325/9744: (1280, 458) -> 5580 (b' mogahu') has 49 occurance
merge 5326/9744: (613, 434) -> 5581 (b' njihovoj') has 49 occurance
merge 5327/9744: (657, 460) -> 5582 (b' uzmu') has 49 occurance
merge 5328/9744: (623, 277) -> 5583 (b' vjeri') has 49 occurance
merge 5329/9744: (383, 1885) -> 5584 (b' mu\xc5\xa1ki') has 49 occurance
merge 5330/9744: (964, 361) -> 5585 (b' Sebi') has 49 occurance
merge 5331/9744: (1784, 288) -> 5586 (b' napoji') has 49 occurance
merge 5332/9744: (871, 1110) -> 5587 (b' postavio') has 49 occurance
merge 5333/9744: (441, 1684) -> 5588 (b' jaram') has 49 occurance
merge 5334/9744: (1188, 3110) -> 5589 (b' bogatstvo') has 49 occurance
merge 5335/9744: (575, 451) -> 5590 (b' \xc5\xbeesto') has 49 occurance
merge 5336/9744: (361, 337) -> 5591 (b'binu') has 49 occurance
merge 5337/9744: (300, 681) -> 5592 (b' danju') has 49 occurance
merge 5338/9744: (865, 298) -> 5593 (b' pokro') has 49 occurance
merge 5339/9744: (307, 1214) -> 5594 (b'dija\xc5\xa1e') has 49 occurance
merge 5340/9744: (700, 2451) -> 5595 (b' platna') has 49 occurance
merge 5341/9744: (281, 261) -> 5596 (b'na\xc5\xa1') has 49 occurance
merge 5342/9744: (398, 416) -> 5597 (b'\xc5\xa1ice') has 49 occurance
merge 5343/9744: (2543, 310) -> 5598 (b'mogu\xc4\x87e') has 49 occurance
merge 5344/9744: (448, 386) -> 5599 (b' pripa') has 49 occurance
merge 5345/9744: (280, 340) -> 5600 (b' nalje') has 49 occurance
merge 5346/9744: (395, 1666) -> 5601 (b' pretvori') has 49 occurance
merge 5347/9744: (1011, 462) -> 5602 (b'Bogu') has 49 occurance
merge 5348/9744: (1759, 674) -> 5603 (b' jezikom') has 49 occurance
merge 5349/9744: (109, 267) -> 5604 (b'mti') has 49 occurance
merge 5350/9744: (1376, 111) -> 5605 (b' udario') has 49 occurance
merge 5351/9744: (1847, 370) -> 5606 (b' Izrailjci') has 49 occurance
merge 5352/9744: (1250, 388) -> 5607 (b' spomi') has 49 occurance
merge 5353/9744: (322, 281) -> 5608 (b'\xc4\x8dena') has 49 occurance
merge 5354/9744: (771, 289) -> 5609 (b' sjeve') has 49 occurance
merge 5355/9744: (643, 533) -> 5610 (b' trijemu') has 49 occurance
merge 5356/9744: (2033, 352) -> 5611 (b' pojasa') has 49 occurance
merge 5357/9744: (286, 268) -> 5612 (b' zvo') has 49 occurance
merge 5358/9744: (312, 875) -> 5613 (b' kadio') has 49 occurance
merge 5359/9744: (300, 303) -> 5614 (b' daju') has 49 occurance
merge 5360/9744: (968, 116) -> 5615 (b'vrat') has 49 occurance
merge 5361/9744: (435, 1358) -> 5616 (b'bezako') has 49 occurance
merge 5362/9744: (561, 320) -> 5617 (b' ostale') has 49 occurance
merge 5363/9744: (1827, 366) -> 5618 (b' hvalu') has 49 occurance
merge 5364/9744: (118, 277) -> 5619 (b'vri') has 49 occurance
merge 5365/9744: (338, 1242) -> 5620 (b' Slu\xc5\xa1a') has 49 occurance
merge 5366/9744: (1447, 299) -> 5621 (b' snaga') has 49 occurance
merge 5367/9744: (352, 337) -> 5622 (b'sanu') has 49 occurance
merge 5368/9744: (647, 48) -> 5623 (b'180') has 49 occurance
merge 5369/9744: (1010, 551) -> 5624 (b' potpu') has 49 occurance
merge 5370/9744: (279, 270) -> 5625 (b'liva') has 49 occurance
merge 5371/9744: (569, 105) -> 5626 (b' Hi') has 49 occurance
merge 5372/9744: (490, 101) -> 5627 (b'zrae') has 49 occurance
merge 5373/9744: (1020, 100) -> 5628 (b' lud') has 49 occurance
merge 5374/9744: (287, 326) -> 5629 (b'tome') has 49 occurance
merge 5375/9744: (964, 314) -> 5630 (b' Sede') has 49 occurance
merge 5376/9744: (380, 303) -> 5631 (b'kiju') has 49 occurance
merge 5377/9744: (333, 118) -> 5632 (b' av') has 49 occurance
merge 5378/9744: (340, 282) -> 5633 (b'ljeni') has 49 occurance
merge 5379/9744: (2662, 1933) -> 5634 (b' Jeremija') has 49 occurance
merge 5380/9744: (568, 397) -> 5635 (b' znanje') has 49 occurance
merge 5381/9744: (623, 2626) -> 5636 (b' vjen\xc4\x8da') has 49 occurance
merge 5382/9744: (654, 299) -> 5637 (b' laga') has 49 occurance
merge 5383/9744: (480, 515) -> 5638 (b' Zad') has 49 occurance
merge 5384/9744: (430, 261) -> 5639 (b' pro\xc5\xa1') has 49 occurance
merge 5385/9744: (315, 713) -> 5640 (b' ISA') has 49 occurance
merge 5386/9744: (5640, 1471) -> 5641 (b' ISAIJE') has 49 occurance
merge 5387/9744: (505, 3263) -> 5642 (b' besmrt') has 49 occurance
merge 5388/9744: (670, 404) -> 5643 (b' babo') has 49 occurance
merge 5389/9744: (2363, 291) -> 5644 (b' pobratima') has 49 occurance
merge 5390/9744: (45, 80) -> 5645 (b'-P') has 49 occurance
merge 5391/9744: (4134, 438) -> 5646 (b' KOLO') has 49 occurance
merge 5392/9744: (1399, 76) -> 5647 (b'MIL') has 49 occurance
merge 5393/9744: (5647, 2744) -> 5648 (b'MIL\xc4\x8cIKA') has 49 occurance
merge 5394/9744: (279, 306) -> 5649 (b'line') has 48 occurance
merge 5395/9744: (509, 2972) -> 5650 (b' \xc5\xbeivlja\xc5\xa1e') has 48 occurance
merge 5396/9744: (538, 4345) -> 5651 (b' du\xc5\xbeinu') has 48 occurance
merge 5397/9744: (383, 1171) -> 5652 (b' mu\xc5\xa1ko') has 48 occurance
merge 5398/9744: (906, 299) -> 5653 (b' samoga') has 48 occurance
merge 5399/9744: (1079, 356) -> 5654 (b' brdo') has 48 occurance
merge 5400/9744: (934, 302) -> 5655 (b'vljeno') has 48 occurance
merge 5401/9744: (667, 620) -> 5656 (b' otvore') has 48 occurance
merge 5402/9744: (388, 955) -> 5657 (b'misir') has 48 occurance
merge 5403/9744: (513, 291) -> 5658 (b' Dama') has 48 occurance
merge 5404/9744: (279, 337) -> 5659 (b'linu') has 48 occurance
merge 5405/9744: (273, 337) -> 5660 (b'vinu') has 48 occurance
merge 5406/9744: (290, 994) -> 5661 (b' ponese') has 48 occurance
merge 5407/9744: (3053, 402) -> 5662 (b' obreza') has 48 occurance
merge 5408/9744: (280, 1456) -> 5663 (b' navr\xc5\xa1i') has 48 occurance
merge 5409/9744: (518, 109) -> 5664 (b' sinom') has 48 occurance
merge 5410/9744: (2185, 3934) -> 5665 (b' izdaleka') has 48 occurance
merge 5411/9744: (342, 3773) -> 5666 (b' izmjeri') has 48 occurance
merge 5412/9744: (423, 400) -> 5667 (b' njivu') has 48 occurance
merge 5413/9744: (295, 435) -> 5668 (b'tebe') has 48 occurance
merge 5414/9744: (317, 2655) -> 5669 (b' dopade') has 48 occurance
merge 5415/9744: (396, 281) -> 5670 (b' rana') has 48 occurance
merge 5416/9744: (272, 353) -> 5671 (b' u\xc5\xbee') has 48 occurance
merge 5417/9744: (1386, 384) -> 5672 (b' nevolju') has 48 occurance
merge 5418/9744: (115, 2834) -> 5673 (b'svjedo') has 48 occurance
merge 5419/9744: (265, 400) -> 5674 (b'kovu') has 48 occurance
merge 5420/9744: (111, 547) -> 5675 (b'obu') has 48 occurance
merge 5421/9744: (380, 432) -> 5676 (b'kinja') has 48 occurance
merge 5422/9744: (441, 278) -> 5677 (b' jare') has 48 occurance
merge 5423/9744: (104, 2014) -> 5678 (b'hrani') has 48 occurance
merge 5424/9744: (317, 1261) -> 5679 (b' dopusti') has 48 occurance
merge 5425/9744: (1253, 746) -> 5680 (b' izbavlja') has 48 occurance
merge 5426/9744: (3139, 302) -> 5681 (b' koljeno') has 48 occurance
merge 5427/9744: (395, 417) -> 5682 (b' prezi') has 48 occurance
merge 5428/9744: (468, 306) -> 5683 (b' pune') has 48 occurance
merge 5429/9744: (1509, 275) -> 5684 (b' oblaka') has 48 occurance
merge 5430/9744: (667, 1262) -> 5685 (b' otkupi') has 48 occurance
merge 5431/9744: (752, 285) -> 5686 (b' okola') has 48 occurance
merge 5432/9744: (480, 65) -> 5687 (b' ZA') has 48 occurance
merge 5433/9744: (1831, 324) -> 5688 (b' svjedo\xc4\x8di') has 48 occurance
merge 5434/9744: (1585, 277) -> 5689 (b' obori') has 48 occurance
merge 5435/9744: (2033, 115) -> 5690 (b' pojas') has 48 occurance
merge 5436/9744: (526, 495) -> 5691 (b' pe\xc4\x8da') has 48 occurance
merge 5437/9744: (342, 803) -> 5692 (b' izvan') has 48 occurance
merge 5438/9744: (557, 1217) -> 5693 (b' desno') has 48 occurance
merge 5439/9744: (286, 366) -> 5694 (b' zlu') has 48 occurance
merge 5440/9744: (573, 299) -> 5695 (b' \xc4\x8dega') has 48 occurance
merge 5441/9744: (561, 305) -> 5696 (b' osta\xc5\xa1e') has 48 occurance
merge 5442/9744: (311, 4167) -> 5697 (b' zatvore') has 48 occurance
merge 5443/9744: (2487, 288) -> 5698 (b' izbroji') has 48 occurance
merge 5444/9744: (448, 267) -> 5699 (b' priti') has 48 occurance
merge 5445/9744: (1447, 571) -> 5700 (b' snage') has 48 occurance
merge 5446/9744: (667, 386) -> 5701 (b' otpa') has 48 occurance
merge 5447/9744: (388, 261) -> 5702 (b'mi\xc5\xa1') has 48 occurance
merge 5448/9744: (1386, 609) -> 5703 (b' nevolj') has 48 occurance
merge 5449/9744: (263, 452) -> 5704 (b' oho') has 48 occurance
merge 5450/9744: (290, 1620) -> 5705 (b' pogodi') has 48 occurance
merge 5451/9744: (1741, 1378) -> 5706 (b' zemaljskih') has 48 occurance
merge 5452/9744: (286, 291) -> 5707 (b' zma') has 48 occurance
merge 5453/9744: (936, 364) -> 5708 (b'dnijem') has 48 occurance
merge 5454/9744: (773, 270) -> 5709 (b' Gava') has 48 occurance
merge 5455/9744: (356, 110) -> 5710 (b'don') has 48 occurance
merge 5456/9744: (318, 256) -> 5711 (b'ruje') has 48 occurance
merge 5457/9744: (98, 3772) -> 5712 (b'brijeh') has 48 occurance
merge 5458/9744: (334, 3079) -> 5713 (b' savjet') has 48 occurance
merge 5459/9744: (326, 100) -> 5714 (b'med') has 48 occurance
merge 5460/9744: (272, 4299) -> 5715 (b' ulicama') has 48 occurance
merge 5461/9744: (2462, 307) -> 5716 (b' Ljudi') has 48 occurance
merge 5462/9744: (772, 1344) -> 5717 (b'protiv') has 48 occurance
merge 5463/9744: (326, 264) -> 5718 (b'mera') has 48 occurance
merge 5464/9744: (623, 866) -> 5719 (b' vjerom') has 48 occurance
merge 5465/9744: (41, 420) -> 5720 (b').\n\n') has 48 occurance
merge 5466/9744: (510, 107) -> 5721 (b' Nek') has 48 occurance
merge 5467/9744: (2782, 118) -> 5722 (b' knji\xc5\xbeev') has 48 occurance
merge 5468/9744: (263, 3143) -> 5723 (b' opravda') has 48 occurance
merge 5469/9744: (4012, 353) -> 5724 (b'nd\xc5\xbee') has 48 occurance
merge 5470/9744: (1829, 256) -> 5725 (b'd\xc5\xbeije') has 48 occurance
merge 5471/9744: (287, 103) -> 5726 (b'tog') has 48 occurance
merge 5472/9744: (359, 1338) -> 5727 (b' KRA') has 48 occurance
merge 5473/9744: (1264, 766) -> 5728 (b' tursku') has 48 occurance
merge 5474/9744: (5013, 384) -> 5729 (b' rodolju') has 48 occurance
merge 5475/9744: (1458, 322) -> 5730 (b' Vu\xc4\x8de') has 48 occurance
merge 5476/9744: (617, 4531) -> 5731 (b' \xc4\x90ura') has 47 occurance
merge 5477/9744: (336, 340) -> 5732 (b' bilje') has 47 occurance
merge 5478/9744: (473, 1790) -> 5733 (b' stajati') has 47 occurance
merge 5479/9744: (2508, 634) -> 5734 (b' Poslije') has 47 occurance
merge 5480/9744: (1145, 1259) -> 5735 (b' petnaest') has 47 occurance
merge 5481/9744: (1290, 305) -> 5736 (b' po\xc4\x8de\xc5\xa1e') has 47 occurance
merge 5482/9744: (374, 321) -> 5737 (b'seca') has 47 occurance
merge 5483/9744: (964, 435) -> 5738 (b' Sebe') has 47 occurance
merge 5484/9744: (281, 457) -> 5739 (b'na\xc4\x8dini') has 47 occurance
merge 5485/9744: (356, 460) -> 5740 (b'domu') has 47 occurance
merge 5486/9744: (2574, 435) -> 5741 (b' pogrebe') has 47 occurance
merge 5487/9744: (357, 108) -> 5742 (b' mol') has 47 occurance
merge 5488/9744: (332, 256) -> 5743 (b'moje') has 47 occurance
merge 5489/9744: (54, 49) -> 5744 (b'61') has 47 occurance
merge 5490/9744: (641, 1425) -> 5745 (b' Lije') has 47 occurance
merge 5491/9744: (104, 531) -> 5746 (b'har') has 47 occurance
merge 5492/9744: (502, 277) -> 5747 (b' stri') has 47 occurance
merge 5493/9744: (377, 277) -> 5748 (b' Tri') has 47 occurance
merge 5494/9744: (46, 899) -> 5749 (b'.)\n') has 47 occurance
merge 5495/9744: (309, 522) -> 5750 (b'pogi') has 47 occurance
merge 5496/9744: (2773, 382) -> 5751 (b' djevojke') has 47 occurance
merge 5497/9744: (1662, 1522) -> 5752 (b' starje\xc5\xa1inama') has 47 occurance
merge 5498/9744: (632, 351) -> 5753 (b'presta') has 47 occurance
merge 5499/9744: (289, 402) -> 5754 (b'veza') has 47 occurance
merge 5500/9744: (1929, 370) -> 5755 (b' novci') has 47 occurance
merge 5501/9744: (398, 109) -> 5756 (b'\xc5\xa1im') has 47 occurance
merge 5502/9744: (448, 669) -> 5757 (b' pripra') has 47 occurance
merge 5503/9744: (534, 98) -> 5758 (b' rob') has 47 occurance
merge 5504/9744: (446, 104) -> 5759 (b' mah') has 47 occurance
merge 5505/9744: (446, 322) -> 5760 (b' ma\xc4\x8de') has 47 occurance
merge 5506/9744: (1193, 283) -> 5761 (b' guja') has 47 occurance
merge 5507/9744: (1205, 609) -> 5762 (b'Izrailj') has 47 occurance
merge 5508/9744: (538, 567) -> 5763 (b' duha') has 47 occurance
merge 5509/9744: (286, 2996) -> 5764 (b' zmiju') has 47 occurance
merge 5510/9744: (1596, 404) -> 5765 (b'Subo') has 47 occurance
merge 5511/9744: (322, 432) -> 5766 (b'\xc4\x8denja') has 47 occurance
merge 5512/9744: (291, 116) -> 5767 (b'mat') has 47 occurance
merge 5513/9744: (433, 2578) -> 5768 (b' likove') has 47 occurance
merge 5514/9744: (2413, 299) -> 5769 (b' \xc4\x8distoga') has 47 occurance
merge 5515/9744: (649, 1293) -> 5770 (b' dignu') has 47 occurance
merge 5516/9744: (118, 384) -> 5771 (b'vlju') has 47 occurance
merge 5517/9744: (322, 282) -> 5772 (b'\xc4\x8deni') has 47 occurance
merge 5518/9744: (398, 306) -> 5773 (b'\xc5\xa1ine') has 47 occurance
merge 5519/9744: (623, 1595) -> 5774 (b' vjeran') has 47 occurance
merge 5520/9744: (668, 3070) -> 5775 (b' Sionu') has 47 occurance
merge 5521/9744: (362, 279) -> 5776 (b'\xc5\xbeili') has 47 occurance
merge 5522/9744: (111, 104) -> 5777 (b'oh') has 47 occurance
merge 5523/9744: (1409, 285) -> 5778 (b' Saula') has 47 occurance
merge 5524/9744: (285, 100) -> 5779 (b'lad') has 47 occurance
merge 5525/9744: (324, 580) -> 5780 (b'\xc4\x8di\xc5\xa1te') has 47 occurance
merge 5526/9744: (3385, 536) -> 5781 (b' podgra\xc4\x91a') has 47 occurance
merge 5527/9744: (1160, 279) -> 5782 (b' \xc5\xbeali') has 47 occurance
merge 5528/9744: (1255, 326) -> 5783 (b' nikome') has 47 occurance
merge 5529/9744: (296, 281) -> 5784 (b'\xc5\xbena') has 47 occurance
merge 5530/9744: (654, 536) -> 5785 (b' la\xc4\x91a') has 47 occurance
merge 5531/9744: (278, 110) -> 5786 (b'ren') has 47 occurance
merge 5532/9744: (961, 597) -> 5787 (b' Tvojim') has 47 occurance
merge 5533/9744: (264, 270) -> 5788 (b'rava') has 47 occurance
merge 5534/9744: (441, 380) -> 5789 (b' jaki') has 47 occurance
merge 5535/9744: (738, 711) -> 5790 (b' Judom') has 47 occurance
merge 5536/9744: (1518, 4497) -> 5791 (b' mrtav') has 47 occurance
merge 5537/9744: (276, 305) -> 5792 (b'ta\xc5\xa1e') has 47 occurance
merge 5538/9744: (477, 279) -> 5793 (b' kuli') has 47 occurance
merge 5539/9744: (550, 279) -> 5794 (b' imali') has 47 occurance
merge 5540/9744: (268, 100) -> 5795 (b'vod') has 47 occurance
merge 5541/9744: (261, 282) -> 5796 (b'\xc5\xa1ni') has 47 occurance
merge 5542/9744: (3405, 1025) -> 5797 (b' Avesalom') has 47 occurance
merge 5543/9744: (442, 115) -> 5798 (b'pis') has 47 occurance
merge 5544/9744: (799, 1858) -> 5799 (b' juna\xc4\x8dke') has 47 occurance
merge 5545/9744: (838, 337) -> 5800 (b' trenu') has 47 occurance
merge 5546/9744: (395, 4177) -> 5801 (b' premudro') has 47 occurance
merge 5547/9744: (284, 1657) -> 5802 (b' bosa') has 47 occurance
merge 5548/9744: (403, 380) -> 5803 (b' taki') has 47 occurance
merge 5549/9744: (402, 278) -> 5804 (b'zare') has 47 occurance
merge 5550/9744: (3670, 340) -> 5805 (b' Jevan\xc4\x91elje') has 47 occurance
merge 5551/9744: (379, 352) -> 5806 (b' \xc4\x87esa') has 47 occurance
merge 5552/9744: (342, 1818) -> 5807 (b' izdaj') has 47 occurance
merge 5553/9744: (4218, 110) -> 5808 (b' Stefan') has 47 occurance
merge 5554/9744: (308, 281) -> 5809 (b' kona') has 47 occurance
merge 5555/9744: (308, 110) -> 5810 (b' kon') has 47 occurance
merge 5556/9744: (384, 267) -> 5811 (b'ljuti') has 47 occurance
merge 5557/9744: (5197, 2290) -> 5812 (b' Hercegovi') has 47 occurance
merge 5558/9744: (106, 291) -> 5813 (b'jma') has 47 occurance
merge 5559/9744: (308, 361) -> 5814 (b' kobi') has 47 occurance
merge 5560/9744: (3888, 107) -> 5815 (b' \xc4\x8doek') has 47 occurance
merge 5561/9744: (75, 472) -> 5816 (b'Knji') has 46 occurance
merge 5562/9744: (54, 57) -> 5817 (b'69') has 46 occurance
merge 5563/9744: (879, 3064) -> 5818 (b' \xc5\xbeivotinje') has 46 occurance
merge 5564/9744: (855, 106) -> 5819 (b' drugoj') has 46 occurance
merge 5565/9744: (288, 337) -> 5820 (b'jinu') has 46 occurance
merge 5566/9744: (111, 98) -> 5821 (b'ob') has 46 occurance
merge 5567/9744: (286, 320) -> 5822 (b' zle') has 46 occurance
merge 5568/9744: (446, 780) -> 5823 (b' masli') has 46 occurance
merge 5569/9744: (318, 355) -> 5824 (b'ru\xc4\x87i') has 46 occurance
merge 5570/9744: (565, 108) -> 5825 (b' El') has 46 occurance
merge 5571/9744: (272, 264) -> 5826 (b' ura') has 46 occurance
merge 5572/9744: (42, 3989) -> 5827 (b'*Nem') has 46 occurance
merge 5573/9744: (114, 268) -> 5828 (b'rvo') has 46 occurance
merge 5574/9744: (278, 256) -> 5829 (b'reje') has 46 occurance
merge 5575/9744: (485, 114) -> 5830 (b'zer') has 46 occurance
merge 5576/9744: (703, 874) -> 5831 (b' Pogleda') has 46 occurance
merge 5577/9744: (301, 2469) -> 5832 (b' neprave') has 46 occurance
merge 5578/9744: (1079, 390) -> 5833 (b' brdu') has 46 occurance
merge 5579/9744: (257, 337) -> 5834 (b' snu') has 46 occurance
merge 5580/9744: (1010, 2865) -> 5835 (b' potsmi') has 46 occurance
merge 5581/9744: (292, 572) -> 5836 (b'govima') has 46 occurance
merge 5582/9744: (897, 267) -> 5837 (b' poslati') has 46 occurance
merge 5583/9744: (388, 1862) -> 5838 (b'milost') has 46 occurance
merge 5584/9744: (1870, 318) -> 5839 (b' sestru') has 46 occurance
merge 5585/9744: (441, 294) -> 5840 (b' jada') has 46 occurance
merge 5586/9744: (686, 109) -> 5841 (b'stvom') has 46 occurance
merge 5587/9744: (614, 400) -> 5842 (b' Zavu') has 46 occurance
merge 5588/9744: (656, 261) -> 5843 (b' do\xc4\x91e\xc5\xa1') has 46 occurance
merge 5589/9744: (293, 294) -> 5844 (b' jeda') has 46 occurance
merge 5590/9744: (117, 388) -> 5845 (b'umi') has 46 occurance
merge 5591/9744: (1248, 313) -> 5846 (b' trebalo') has 46 occurance
merge 5592/9744: (584, 1314) -> 5847 (b' razgovara') has 46 occurance
merge 5593/9744: (886, 833) -> 5848 (b'svojih') has 46 occurance
merge 5594/9744: (1475, 118) -> 5849 (b'gnjev') has 46 occurance
merge 5595/9744: (1560, 273) -> 5850 (b'Izrailjevi') has 46 occurance
merge 5596/9744: (1941, 294) -> 5851 (b'naroda') has 46 occurance
merge 5597/9744: (319, 696) -> 5852 (b' odbra') has 46 occurance
merge 5598/9744: (657, 307) -> 5853 (b' uzdi') has 46 occurance
merge 5599/9744: (2032, 744) -> 5854 (b' praznik') has 46 occurance
merge 5600/9744: (290, 122) -> 5855 (b' poz') has 46 occurance
merge 5601/9744: (303, 787) -> 5856 (b'jutra') has 46 occurance
merge 5602/9744: (561, 1381) -> 5857 (b' ostatak') has 46 occurance
merge 5603/9744: (752, 366) -> 5858 (b' okolu') has 46 occurance
merge 5604/9744: (308, 1343) -> 5859 (b' kolima') has 46 occurance
merge 5605/9744: (729, 282) -> 5860 (b' jedni') has 46 occurance
merge 5606/9744: (117, 267) -> 5861 (b'uti') has 46 occurance
merge 5607/9744: (751, 1087) -> 5862 (b' Marija') has 46 occurance
merge 5608/9744: (924, 913) -> 5863 (b' Vidite') has 46 occurance
merge 5609/9744: (3365, 1221) -> 5864 (b' upotre') has 46 occurance
merge 5610/9744: (306, 1113) -> 5865 (b'neprijate') has 46 occurance
merge 5611/9744: (386, 99) -> 5866 (b'pac') has 46 occurance
merge 5612/9744: (424, 485) -> 5867 (b' veze') has 46 occurance
merge 5613/9744: (624, 711) -> 5868 (b'Gospodom') has 46 occurance
merge 5614/9744: (312, 442) -> 5869 (b' kapi') has 46 occurance
merge 5615/9744: (2537, 270) -> 5870 (b'rtava') has 46 occurance
merge 5616/9744: (545, 626) -> 5871 (b' \xc4\x8duvati') has 46 occurance
merge 5617/9744: (788, 367) -> 5872 (b'glasi') has 46 occurance
merge 5618/9744: (319, 583) -> 5873 (b' odnije') has 46 occurance
merge 5619/9744: (437, 4004) -> 5874 (b'suprot') has 46 occurance
merge 5620/9744: (1070, 256) -> 5875 (b'\xc5\xbeuje') has 46 occurance
merge 5621/9744: (114, 291) -> 5876 (b'rma') has 46 occurance
merge 5622/9744: (377, 65) -> 5877 (b' TA') has 46 occurance
merge 5623/9744: (468, 302) -> 5878 (b' puno') has 46 occurance
merge 5624/9744: (298, 107) -> 5879 (b'rok') has 46 occurance
merge 5625/9744: (1431, 376) -> 5880 (b' na\xc5\xa1oj') has 46 occurance
merge 5626/9744: (775, 97) -> 5881 (b' Moa') has 46 occurance
merge 5627/9744: (3385, 3058) -> 5882 (b' podgra\xc4\x91em') has 46 occurance
merge 5628/9744: (289, 1914) -> 5883 (b'veseli') has 46 occurance
merge 5629/9744: (320, 410) -> 5884 (b'leba') has 46 occurance
merge 5630/9744: (110, 650) -> 5885 (b'nska') has 46 occurance
merge 5631/9744: (679, 2837) -> 5886 (b' Jonata') has 46 occurance
merge 5632/9744: (371, 320) -> 5887 (b' vile') has 46 occurance
merge 5633/9744: (272, 1377) -> 5888 (b' uhva') has 46 occurance
merge 5634/9744: (1053, 278) -> 5889 (b' Gore') has 46 occurance
merge 5635/9744: (705, 273) -> 5890 (b' podvi') has 46 occurance
merge 5636/9744: (782, 400) -> 5891 (b' carevu') has 46 occurance
merge 5637/9744: (1281, 1824) -> 5892 (b' nebesima') has 46 occurance
merge 5638/9744: (2642, 521) -> 5893 (b' vavilonski') has 46 occurance
merge 5639/9744: (1094, 581) -> 5894 (b'Po\xc5\xa1to') has 46 occurance
merge 5640/9744: (882, 287) -> 5895 (b' soto') has 46 occurance
merge 5641/9744: (525, 264) -> 5896 (b' posra') has 46 occurance
merge 5642/9744: (1793, 107) -> 5897 (b'Dok') has 46 occurance
merge 5643/9744: (377, 298) -> 5898 (b' Tro') has 46 occurance
merge 5644/9744: (80, 105) -> 5899 (b'Pi') has 46 occurance
merge 5645/9744: (684, 104) -> 5900 (b' svih') has 46 occurance
merge 5646/9744: (76, 73) -> 5901 (b'LI') has 46 occurance
merge 5647/9744: (67, 69) -> 5902 (b'CE') has 46 occurance
merge 5648/9744: (1713, 285) -> 5903 (b' \xc4\x91avola') has 46 occurance
merge 5649/9744: (290, 3211) -> 5904 (b' po\xc4\x8dnu') has 46 occurance
merge 5650/9744: (503, 276) -> 5905 (b' ljuta') has 46 occurance
merge 5651/9744: (3825, 307) -> 5906 (b' besedi') has 46 occurance
merge 5652/9744: (435, 114) -> 5907 (b'ber') has 46 occurance
merge 5653/9744: (1685, 326) -> 5908 (b'bratime') has 46 occurance
merge 5654/9744: (68, 2008) -> 5909 (b'DJE') has 45 occurance
merge 5655/9744: (2526, 107) -> 5910 (b' \xc4\x8covjek') has 45 occurance
merge 5656/9744: (260, 2355) -> 5911 (b' ptica') has 45 occurance
merge 5657/9744: (396, 303) -> 5912 (b' raju') has 45 occurance
merge 5658/9744: (1281, 666) -> 5913 (b' nebeske') has 45 occurance
merge 5659/9744: (309, 739) -> 5914 (b'potom') has 45 occurance
merge 5660/9744: (374, 361) -> 5915 (b'sebi') has 45 occurance
merge 5661/9744: (395, 363) -> 5916 (b' pre\xc4\x91e') has 45 occurance
merge 5662/9744: (280, 314) -> 5917 (b' nade') has 45 occurance
merge 5663/9744: (359, 531) -> 5918 (b' Kar') has 45 occurance
merge 5664/9744: (835, 256) -> 5919 (b' isje') has 45 occurance
merge 5665/9744: (627, 106) -> 5920 (b'broj') has 45 occurance
merge 5666/9744: (1474, 289) -> 5921 (b' mrtve') has 45 occurance
merge 5667/9744: (2543, 355) -> 5922 (b'mogu\xc4\x87i') has 45 occurance
merge 5668/9744: (365, 355) -> 5923 (b'ku\xc4\x87i') has 45 occurance
merge 5669/9744: (835, 500) -> 5924 (b' ispe') has 45 occurance
merge 5670/9744: (474, 115) -> 5925 (b'\xc4\x87as') has 45 occurance
merge 5671/9744: (319, 366) -> 5926 (b' odlu') has 45 occurance
merge 5672/9744: (284, 381) -> 5927 (b' brije') has 45 occurance
merge 5673/9744: (1175, 547) -> 5928 (b' grobu') has 45 occurance
merge 5674/9744: (268, 289) -> 5929 (b'vove') has 45 occurance
merge 5675/9744: (371, 564) -> 5930 (b' vinom') has 45 occurance
merge 5676/9744: (256, 332) -> 5931 (b'jemo') has 45 occurance
merge 5677/9744: (751, 313) -> 5932 (b' Malo') has 45 occurance
merge 5678/9744: (1565, 318) -> 5933 (b' ve\xc4\x8deru') has 45 occurance
merge 5679/9744: (517, 1706) -> 5934 (b' volova') has 45 occurance
merge 5680/9744: (924, 2591) -> 5935 (b' Vitle') has 45 occurance
merge 5681/9744: (109, 281) -> 5936 (b'mna') has 45 occurance
merge 5682/9744: (2617, 537) -> 5937 (b'govarati') has 45 occurance
merge 5683/9744: (3634, 346) -> 5938 (b' korist') has 45 occurance
merge 5684/9744: (3609, 626) -> 5939 (b' kazivati') has 45 occurance
merge 5685/9744: (4552, 860) -> 5940 (b' najmla\xc4\x91i') has 45 occurance
merge 5686/9744: (257, 1584) -> 5941 (b' smisli') has 45 occurance
merge 5687/9744: (279, 310) -> 5942 (b'li\xc4\x87e') has 45 occurance
merge 5688/9744: (716, 1526) -> 5943 (b' nadvla') has 45 occurance
merge 5689/9744: (654, 118) -> 5944 (b' lav') has 45 occurance
merge 5690/9744: (1074, 261) -> 5945 (b'Jo\xc5\xa1') has 45 occurance
merge 5691/9744: (373, 112) -> 5946 (b' rep') has 45 occurance
merge 5692/9744: (645, 114) -> 5947 (b'\xc5\xa1tar') has 45 occurance
merge 5693/9744: (65, 298) -> 5948 (b'Aro') has 45 occurance
merge 5694/9744: (1930, 283) -> 5949 (b' Avija') has 45 occurance
merge 5695/9744: (66, 105) -> 5950 (b'Bi') has 45 occurance
merge 5696/9744: (661, 109) -> 5951 (b' u\xc4\x8dinim') has 45 occurance
merge 5697/9744: (2535, 366) -> 5952 (b' prijestolu') has 45 occurance
merge 5698/9744: (281, 321) -> 5953 (b'naca') has 45 occurance
merge 5699/9744: (341, 279) -> 5954 (b' sili') has 45 occurance
merge 5700/9744: (2107, 4367) -> 5955 (b' uzalud') has 45 occurance
merge 5701/9744: (534, 103) -> 5956 (b' rog') has 45 occurance
merge 5702/9744: (311, 4617) -> 5957 (b' zajedni') has 45 occurance
merge 5703/9744: (407, 787) -> 5958 (b' vatra') has 45 occurance
merge 5704/9744: (1074, 118) -> 5959 (b'Jov') has 45 occurance
merge 5705/9744: (257, 669) -> 5960 (b' spra') has 45 occurance
merge 5706/9744: (538, 1987) -> 5961 (b' duhom') has 45 occurance
merge 5707/9744: (257, 381) -> 5962 (b' srije') has 45 occurance
merge 5708/9744: (405, 276) -> 5963 (b' sveta') has 45 occurance
merge 5709/9744: (118, 504) -> 5964 (b'vcu') has 45 occurance
merge 5710/9744: (322, 460) -> 5965 (b'\xc4\x8demu') has 45 occurance
merge 5711/9744: (257, 632) -> 5966 (b' spre') has 45 occurance
merge 5712/9744: (318, 275) -> 5967 (b'ruka') has 45 occurance
merge 5713/9744: (2825, 291) -> 5968 (b' Levitima') has 45 occurance
merge 5714/9744: (1007, 3532) -> 5969 (b' ota\xc4\x8dkih') has 45 occurance
merge 5715/9744: (296, 282) -> 5970 (b'\xc5\xbeni') has 45 occurance
merge 5716/9744: (298, 275) -> 5971 (b'roka') has 45 occurance
merge 5717/9744: (1682, 460) -> 5972 (b' \xc5\xa1umu') has 45 occurance
merge 5718/9744: (714, 361) -> 5973 (b'grabi') has 45 occurance
merge 5719/9744: (446, 2547) -> 5974 (b' makar') has 45 occurance
merge 5720/9744: (308, 270) -> 5975 (b' kova') has 45 occurance
merge 5721/9744: (391, 294) -> 5976 (b' suda') has 45 occurance
merge 5722/9744: (924, 1983) -> 5977 (b' Vidi\xc5\xa1') has 45 occurance
merge 5723/9744: (837, 324) -> 5978 (b' tr\xc4\x8di') has 45 occurance
merge 5724/9744: (357, 2808) -> 5979 (b' moglo') has 45 occurance
merge 5725/9744: (964, 291) -> 5980 (b' Sema') has 45 occurance
merge 5726/9744: (649, 1180) -> 5981 (b' divno') has 45 occurance
merge 5727/9744: (2662, 3591) -> 5982 (b' Jeremiji') has 45 occurance
merge 5728/9744: (658, 256) -> 5983 (b' Koje') has 45 occurance
merge 5729/9744: (911, 2943) -> 5984 (b' blagodat') has 45 occurance
merge 5730/9744: (467, 1991) -> 5985 (b' bolan') has 45 occurance
merge 5731/9744: (1559, 114) -> 5986 (b' kir') has 45 occurance
merge 5732/9744: (2552, 1171) -> 5987 (b'Te\xc5\xa1ko') has 45 occurance
merge 5733/9744: (3369, 285) -> 5988 (b' apostola') has 45 occurance
merge 5734/9744: (4719, 2418) -> 5989 (b' hri\xc5\xa1\xc4\x87a') has 45 occurance
merge 5735/9744: (3108, 269) -> 5990 (b' peva\xc4\x8d') has 45 occurance
merge 5736/9744: (406, 551) -> 5991 (b' topu') has 45 occurance
merge 5737/9744: (406, 382) -> 5992 (b' toke') has 45 occurance
merge 5738/9744: (677, 465) -> 5993 (b' kralji') has 45 occurance
merge 5739/9744: (106, 265) -> 5994 (b'jko') has 45 occurance
merge 5740/9744: (446, 3149) -> 5995 (b' mad\xc5\xbea') has 45 occurance
merge 5741/9744: (3827, 279) -> 5996 (b'.Pitali') has 45 occurance
merge 5742/9744: (559, 2881) -> 5997 (b'\xc4\x90A\xc5\xa0') has 45 occurance
merge 5743/9744: (5997, 78) -> 5998 (b'\xc4\x90A\xc5\xa0N') has 45 occurance
merge 5744/9744: (3884, 1498) -> 5999 (b'PETAR') has 45 occurance
merge 5745/9744: (46, 85) -> 6000 (b'.U') has 44 occurance
merge 5746/9744: (115, 425) -> 6001 (b'svje') has 44 occurance
merge 5747/9744: (301, 863) -> 6002 (b' nebom') has 44 occurance
merge 5748/9744: (308, 353) -> 6003 (b' ko\xc5\xbee') has 44 occurance
merge 5749/9744: (293, 111) -> 6004 (b' jeo') has 44 occurance
merge 5750/9744: (1547, 289) -> 6005 (b'njegove') has 44 occurance
merge 5751/9744: (273, 314) -> 6006 (b'vide') has 44 occurance
merge 5752/9744: (641, 117) -> 6007 (b' Lu') has 44 occurance
merge 5753/9744: (3769, 4649) -> 6008 (b' neobreza') has 44 occurance
merge 5754/9744: (308, 386) -> 6009 (b' kopa') has 44 occurance
merge 5755/9744: (1030, 107) -> 6010 (b'Jak') has 44 occurance
merge 5756/9744: (1598, 1026) -> 6011 (b' Ho\xc4\x87e\xc5\xa1') has 44 occurance
merge 5757/9744: (510, 3099) -> 6012 (b' Nemojte') has 44 occurance
merge 5758/9744: (259, 351) -> 6013 (b' ista') has 44 occurance
merge 5759/9744: (396, 1938) -> 6014 (b' ravni') has 44 occurance
merge 5760/9744: (354, 472) -> 6015 (b' tinji') has 44 occurance
merge 5761/9744: (106, 1129) -> 6016 (b'jskoj') has 44 occurance
merge 5762/9744: (1572, 378) -> 6017 (b' dovesti') has 44 occurance
merge 5763/9744: (267, 437) -> 6018 (b'tisu') has 44 occurance
merge 5764/9744: (54, 50) -> 6019 (b'62') has 44 occurance
merge 5765/9744: (293, 367) -> 6020 (b' jesi') has 44 occurance
merge 5766/9744: (473, 110) -> 6021 (b' stan') has 44 occurance
merge 5767/9744: (2433, 307) -> 6022 (b' utvrdi') has 44 occurance
merge 5768/9744: (76, 105) -> 6023 (b'Li') has 44 occurance
merge 5769/9744: (287, 572) -> 6024 (b'tovima') has 44 occurance
merge 5770/9744: (928, 267) -> 6025 (b' Niti') has 44 occurance
merge 5771/9744: (422, 270) -> 6026 (b' Ova') has 44 occurance
merge 5772/9744: (2449, 820) -> 6027 (b' odvedo\xc5\xa1e') has 44 occurance
merge 5773/9744: (360, 289) -> 6028 (b' teve') has 44 occurance
merge 5774/9744: (381, 324) -> 6029 (b'rije\xc4\x8di') has 44 occurance
merge 5775/9744: (272, 1234) -> 6030 (b' umije') has 44 occurance
merge 5776/9744: (394, 294) -> 6031 (b' meda') has 44 occurance
merge 5777/9744: (362, 273) -> 6032 (b'\xc5\xbeivi') has 44 occurance
merge 5778/9744: (327, 1305) -> 6033 (b' An\xc4\x91e') has 44 occurance
merge 5779/9744: (654, 363) -> 6034 (b' la\xc4\x91e') has 44 occurance
merge 5780/9744: (4112, 265) -> 6035 (b' mlijeko') has 44 occurance
merge 5781/9744: (280, 324) -> 6036 (b' na\xc4\x8di') has 44 occurance
merge 5782/9744: (1368, 370) -> 6037 (b' Reci') has 44 occurance
merge 5783/9744: (290, 404) -> 6038 (b' pobo') has 44 occurance
merge 5784/9744: (1508, 1590) -> 6039 (b' vijenac') has 44 occurance
merge 5785/9744: (770, 861) -> 6040 (b' prvom') has 44 occurance
merge 5786/9744: (276, 306) -> 6041 (b'tane') has 44 occurance
merge 5787/9744: (627, 256) -> 6042 (b'broje') has 44 occurance
merge 5788/9744: (2929, 107) -> 6043 (b'\xc4\x8dovjek') has 44 occurance
merge 5789/9744: (339, 105) -> 6044 (b' gi') has 44 occurance
merge 5790/9744: (283, 313) -> 6045 (b'jalo') has 44 occurance
merge 5791/9744: (306, 1220) -> 6046 (b'nemoj') has 44 occurance
merge 5792/9744: (396, 745) -> 6047 (b' ra\xc4\x8du') has 44 occurance
merge 5793/9744: (497, 5108) -> 6048 (b'\xc4\x8cETVR') has 44 occurance
merge 5794/9744: (3500, 1580) -> 6049 (b' Manasijina') has 44 occurance
merge 5795/9744: (1020, 356) -> 6050 (b' ludo') has 44 occurance
merge 5796/9744: (1074, 114) -> 6051 (b'Jor') has 44 occurance
merge 5797/9744: (294, 277) -> 6052 (b'dari') has 44 occurance
merge 5798/9744: (366, 283) -> 6053 (b'luja') has 44 occurance
merge 5799/9744: (1290, 1714) -> 6054 (b' po\xc4\x8detku') has 44 occurance
merge 5800/9744: (1004, 305) -> 6055 (b' ubi\xc5\xa1e') has 44 occurance
merge 5801/9744: (311, 326) -> 6056 (b' zame') has 44 occurance
merge 5802/9744: (560, 278) -> 6057 (b' tvore') has 44 occurance
merge 5803/9744: (714, 314) -> 6058 (b'grade') has 44 occurance
merge 5804/9744: (285, 390) -> 6059 (b'ladu') has 44 occurance
merge 5805/9744: (317, 306) -> 6060 (b' done') has 44 occurance
merge 5806/9744: (385, 79) -> 6061 (b' BO') has 44 occurance
merge 5807/9744: (285, 106) -> 6062 (b'laj') has 44 occurance
merge 5808/9744: (260, 537) -> 6063 (b' prati') has 44 occurance
merge 5809/9744: (4378, 400) -> 6064 (b' molitvu') has 44 occurance
merge 5810/9744: (1019, 566) -> 6065 (b' vlaste') has 44 occurance
merge 5811/9744: (366, 109) -> 6066 (b'lum') has 44 occurance
merge 5812/9744: (272, 326) -> 6067 (b' ume') has 44 occurance
merge 5813/9744: (1053, 2448) -> 6068 (b' Govore\xc4\x87i') has 44 occurance
merge 5814/9744: (430, 340) -> 6069 (b' prolje') has 44 occurance
merge 5815/9744: (502, 620) -> 6070 (b' stvore') has 44 occurance
merge 5816/9744: (2686, 307) -> 6071 (b' za\xc4\x8dudi') has 44 occurance
merge 5817/9744: (1201, 1531) -> 6072 (b' Petro') has 44 occurance
merge 5818/9744: (790, 112) -> 6073 (b' lep') has 44 occurance
merge 5819/9744: (2520, 390) -> 6074 (b' sandu') has 44 occurance
merge 5820/9744: (334, 4737) -> 6075 (b' sasvim') has 44 occurance
merge 5821/9744: (3230, 108) -> 6076 (b' feudal') has 44 occurance
merge 5822/9744: (45, 275) -> 6077 (b'-ka') has 44 occurance
merge 5823/9744: (66, 264) -> 6078 (b'Bra') has 44 occurance
merge 5824/9744: (2019, 110) -> 6079 (b' Srbin') has 44 occurance
merge 5825/9744: (1100, 460) -> 6080 (b' pesmu') has 44 occurance
merge 5826/9744: (505, 320) -> 6081 (b' bele') has 44 occurance
merge 5827/9744: (635, 392) -> 6082 (b' Mi\xc4\x87u') has 44 occurance
merge 5828/9744: (297, 114) -> 6083 (b' ser') has 44 occurance
merge 5829/9744: (941, 363) -> 6084 (b'on\xc4\x91e') has 44 occurance
merge 5830/9744: (3886, 267) -> 6085 (b' pameti') has 44 occurance
merge 5831/9744: (1900, 4691) -> 6086 (b'Serdar') has 44 occurance
merge 5832/9744: (327, 109) -> 6087 (b' Am') has 43 occurance
merge 5833/9744: (55, 56) -> 6088 (b'78') has 43 occurance
merge 5834/9744: (370, 288) -> 6089 (b'ciji') has 43 occurance
merge 5835/9744: (46, 83) -> 6090 (b'.S') has 43 occurance
merge 5836/9744: (397, 417) -> 6091 (b'njezi') has 43 occurance
merge 5837/9744: (429, 508) -> 6092 (b' Jedno') has 43 occurance
merge 5838/9744: (122, 427) -> 6093 (b'zvije') has 43 occurance
merge 5839/9744: (1020, 275) -> 6094 (b' luka') has 43 occurance
merge 5840/9744: (373, 4099) -> 6095 (b' rekav\xc5\xa1i') has 43 occurance
merge 5841/9744: (54, 53) -> 6096 (b'65') has 43 occurance
merge 5842/9744: (280, 2253) -> 6097 (b' na\xc4\x91oh') has 43 occurance
merge 5843/9744: (1079, 294) -> 6098 (b' brda') has 43 occurance
merge 5844/9744: (1878, 619) -> 6099 (b' Prokle') has 43 occurance
merge 5845/9744: (273, 303) -> 6100 (b'viju') has 43 occurance
merge 5846/9744: (292, 264) -> 6101 (b'gora') has 43 occurance
merge 5847/9744: (352, 270) -> 6102 (b'sava') has 43 occurance
merge 5848/9744: (464, 531) -> 6103 (b' Var') has 43 occurance
merge 5849/9744: (1032, 566) -> 6104 (b'naeste') has 43 occurance
merge 5850/9744: (526, 271) -> 6105 (b' pe\xc4\x87') has 43 occurance
merge 5851/9744: (1459, 905) -> 6106 (b' Nijesam') has 43 occurance
merge 5852/9744: (317, 1381) -> 6107 (b' dotak') has 43 occurance
merge 5853/9744: (1733, 305) -> 6108 (b' uhvati\xc5\xa1e') has 43 occurance
merge 5854/9744: (764, 404) -> 6109 (b' najbo') has 43 occurance
merge 5855/9744: (293, 820) -> 6110 (b' jedo\xc5\xa1e') has 43 occurance
merge 5856/9744: (2773, 365) -> 6111 (b' djevojku') has 43 occurance
merge 5857/9744: (2715, 1337) -> 6112 (b' plemenima') has 43 occurance
merge 5858/9744: (338, 256) -> 6113 (b' Sje') has 43 occurance
merge 5859/9744: (1050, 105) -> 6114 (b' fi') has 43 occurance
merge 5860/9744: (281, 363) -> 6115 (b'na\xc4\x91e') has 43 occurance
merge 5861/9744: (3069, 118) -> 6116 (b' Jakovljev') has 43 occurance
merge 5862/9744: (1428, 111) -> 6117 (b' metnuo') has 43 occurance
merge 5863/9744: (264, 460) -> 6118 (b'ramu') has 43 occurance
merge 5864/9744: (257, 1047) -> 6119 (b' skri') has 43 occurance
merge 5865/9744: (708, 1178) -> 6120 (b' Kakva') has 43 occurance
merge 5866/9744: (2694, 110) -> 6121 (b' sre\xc4\x87an') has 43 occurance
merge 5867/9744: (403, 1257) -> 6122 (b' takve') has 43 occurance
merge 5868/9744: (264, 100) -> 6123 (b'rad') has 43 occurance
merge 5869/9744: (319, 291) -> 6124 (b' odma') has 43 occurance
merge 5870/9744: (517, 2315) -> 6125 (b' volove') has 43 occurance
merge 5871/9744: (115, 583) -> 6126 (b'snije') has 43 occurance
merge 5872/9744: (1704, 267) -> 6127 (b' poslu\xc5\xa1ati') has 43 occurance
merge 5873/9744: (956, 104) -> 6128 (b' kazah') has 43 occurance
merge 5874/9744: (336, 303) -> 6129 (b' biju') has 43 occurance
merge 5875/9744: (784, 264) -> 6130 (b' Mera') has 43 occurance
merge 5876/9744: (969, 861) -> 6131 (b'\xc5\xa1tvom') has 43 occurance
merge 5877/9744: (404, 318) -> 6132 (b'boru') has 43 occurance
merge 5878/9744: (775, 597) -> 6133 (b' Mojim') has 43 occurance
merge 5879/9744: (451, 288) -> 6134 (b'stoji') has 43 occurance
merge 5880/9744: (386, 114) -> 6135 (b'par') has 43 occurance
merge 5881/9744: (763, 109) -> 6136 (b' budem') has 43 occurance
merge 5882/9744: (837, 397) -> 6137 (b' trnje') has 43 occurance
merge 5883/9744: (354, 306) -> 6138 (b' tine') has 43 occurance
merge 5884/9744: (311, 366) -> 6139 (b' zalu') has 43 occurance
merge 5885/9744: (106, 1158) -> 6140 (b'jskoga') has 43 occurance
merge 5886/9744: (308, 482) -> 6141 (b' ko\xc5\xbea') has 43 occurance
merge 5887/9744: (4508, 698) -> 6142 (b' \xc4\x8detrdeset') has 43 occurance
merge 5888/9744: (338, 388) -> 6143 (b' Smi') has 43 occurance
merge 5889/9744: (3561, 278) -> 6144 (b' opere') has 43 occurance
merge 5890/9744: (1534, 1198) -> 6145 (b' obi\xc4\x8dno') has 43 occurance
merge 5891/9744: (4003, 98) -> 6146 (b' \xc5\xbedrijeb') has 43 occurance
merge 5892/9744: (2779, 1256) -> 6147 (b' stanovnike') has 43 occurance
merge 5893/9744: (834, 305) -> 6148 (b' \xc4\x8dini\xc5\xa1e') has 43 occurance
merge 5894/9744: (1445, 111) -> 6149 (b' primio') has 43 occurance
merge 5895/9744: (1103, 370) -> 6150 (b' proroci') has 43 occurance
merge 5896/9744: (1365, 303) -> 6151 (b' slu\xc5\xa1aju') has 43 occurance
merge 5897/9744: (2007, 364) -> 6152 (b' oru\xc5\xbejem') has 43 occurance
merge 5898/9744: (3961, 435) -> 6153 (b' utrobe') has 43 occurance
merge 5899/9744: (347, 302) -> 6154 (b' Mno') has 43 occurance
merge 5900/9744: (116, 866) -> 6155 (b'trom') has 43 occurance
merge 5901/9744: (324, 310) -> 6156 (b'\xc4\x8di\xc4\x87e') has 43 occurance
merge 5902/9744: (5385, 2862) -> 6157 (b'Vojvoda') has 43 occurance
merge 5903/9744: (283, 306) -> 6158 (b'jane') has 43 occurance
merge 5904/9744: (480, 105) -> 6159 (b' Zi') has 43 occurance
merge 5905/9744: (3818, 1361) -> 6160 (b' pouzda') has 43 occurance
merge 5906/9744: (3553, 370) -> 6161 (b' Judejci') has 43 occurance
merge 5907/9744: (851, 267) -> 6162 (b' uzeti') has 43 occurance
merge 5908/9744: (2150, 122) -> 6163 (b' Bez') has 43 occurance
merge 5909/9744: (389, 117) -> 6164 (b' pau') has 43 occurance
merge 5910/9744: (497, 69) -> 6165 (b'\xc4\x8cE') has 43 occurance
merge 5911/9744: (285, 267) -> 6166 (b'lati') has 43 occurance
merge 5912/9744: (1856, 279) -> 6167 (b'Moli') has 43 occurance
merge 5913/9744: (506, 107) -> 6168 (b' druk') has 43 occurance
merge 5914/9744: (272, 307) -> 6169 (b' udi') has 43 occurance
merge 5915/9744: (1193, 361) -> 6170 (b' gubi') has 43 occurance
merge 5916/9744: (1283, 285) -> 6171 (b' grla') has 43 occurance
merge 5917/9744: (695, 991) -> 6172 (b'odmah') has 43 occurance
merge 5918/9744: (720, 103) -> 6173 (b' onog') has 43 occurance
merge 5919/9744: (333, 110) -> 6174 (b' an') has 43 occurance
merge 5920/9744: (275, 295) -> 6175 (b'kate') has 43 occurance
merge 5921/9744: (2019, 288) -> 6176 (b' Srbiji') has 43 occurance
merge 5922/9744: (67, 997) -> 6177 (b'Crno') has 43 occurance
merge 5923/9744: (419, 376) -> 6178 (b' Doj') has 43 occurance
merge 5924/9744: (6082, 2507) -> 6179 (b' Mi\xc4\x87unovi\xc4\x87') has 43 occurance
merge 5925/9744: (312, 1326) -> 6180 (b' kadija') has 43 occurance
merge 5926/9744: (1764, 767) -> 6181 (b' Milo\xc5\xa1u') has 43 occurance
merge 5927/9744: (750, 2191) -> 6182 (b' gospodine') has 43 occurance
merge 5928/9744: (301, 363) -> 6183 (b' ne\xc4\x91e') has 43 occurance
merge 5929/9744: (4951, 5998) -> 6184 (b' PRE\xc4\x90A\xc5\xa0N') has 43 occurance
merge 5930/9744: (311, 2320) -> 6185 (b' zaspa') has 42 occurance
merge 5931/9744: (1612, 273) -> 6186 (b' bogovi') has 42 occurance
merge 5932/9744: (300, 626) -> 6187 (b' davati') has 42 occurance
merge 5933/9744: (1506, 524) -> 6188 (b' pravedan') has 42 occurance
merge 5934/9744: (489, 2557) -> 6189 (b' zemljom') has 42 occurance
merge 5935/9744: (509, 400) -> 6190 (b' \xc5\xbeivu') has 42 occurance
merge 5936/9744: (1509, 382) -> 6191 (b' oblake') has 42 occurance
merge 5937/9744: (1658, 267) -> 6192 (b' pogledati') has 42 occurance
merge 5938/9744: (929, 939) -> 6193 (b'izme\xc4\x91u') has 42 occurance
merge 5939/9744: (523, 100) -> 6194 (b' glad') has 42 occurance
merge 5940/9744: (433, 504) -> 6195 (b' licu') has 42 occurance
merge 5941/9744: (280, 111) -> 6196 (b' nao') has 42 occurance
merge 5942/9744: (383, 365) -> 6197 (b' muku') has 42 occurance
merge 5943/9744: (71, 1360) -> 6198 (b'Gal') has 42 occurance
merge 5944/9744: (342, 723) -> 6199 (b' izgovori') has 42 occurance
merge 5945/9744: (580, 397) -> 6200 (b'\xc5\xa1tenje') has 42 occurance
merge 5946/9744: (317, 276) -> 6201 (b' dota') has 42 occurance
merge 5947/9744: (317, 264) -> 6202 (b' dora') has 42 occurance
merge 5948/9744: (943, 305) -> 6203 (b' odgovori\xc5\xa1e') has 42 occurance
merge 5949/9744: (295, 278) -> 6204 (b'tere') has 42 occurance
merge 5950/9744: (2574, 3631) -> 6205 (b' pogrebo\xc5\xa1e') has 42 occurance
merge 5951/9744: (761, 270) -> 6206 (b' Nava') has 42 occurance
merge 5952/9744: (1547, 400) -> 6207 (b'njegovu') has 42 occurance
merge 5953/9744: (1062, 856) -> 6208 (b' Rahi') has 42 occurance
merge 5954/9744: (272, 386) -> 6209 (b' upa') has 42 occurance
merge 5955/9744: (743, 993) -> 6210 (b' oti\xc5\xa1ao') has 42 occurance
merge 5956/9744: (105, 261) -> 6211 (b'i\xc5\xa1') has 42 occurance
merge 5957/9744: (764, 3283) -> 6212 (b' najposlije') has 42 occurance
merge 5958/9744: (668, 5218) -> 6213 (b' Sihem') has 42 occurance
merge 5959/9744: (397, 302) -> 6214 (b'njeno') has 42 occurance
merge 5960/9744: (738, 390) -> 6215 (b' Judu') has 42 occurance
merge 5961/9744: (451, 106) -> 6216 (b'stoj') has 42 occurance
merge 5962/9744: (54, 56) -> 6217 (b'68') has 42 occurance
merge 5963/9744: (2549, 1024) -> 6218 (b' ropstva') has 42 occurance
merge 5964/9744: (357, 2065) -> 6219 (b' mogo\xc5\xa1e') has 42 occurance
merge 5965/9744: (561, 111) -> 6220 (b' ostao') has 42 occurance
merge 5966/9744: (290, 3114) -> 6221 (b' pono\xc4\x87i') has 42 occurance
merge 5967/9744: (928, 645) -> 6222 (b' Ni\xc5\xa1ta') has 42 occurance
merge 5968/9744: (1211, 388) -> 6223 (b' slomi') has 42 occurance
merge 5969/9744: (410, 321) -> 6224 (b'baca') has 42 occurance
merge 5970/9744: (3563, 273) -> 6225 (b' proslavi') has 42 occurance
merge 5971/9744: (83, 287) -> 6226 (b'Sto') has 42 occurance
merge 5972/9744: (319, 895) -> 6227 (b' odlazi') has 42 occurance
merge 5973/9744: (1027, 398) -> 6228 (b' grije\xc5\xa1i') has 42 occurance
merge 5974/9744: (1035, 267) -> 6229 (b' na\xc4\x8diniti') has 42 occurance
merge 5975/9744: (2309, 256) -> 6230 (b' sudije') has 42 occurance
merge 5976/9744: (295, 355) -> 6231 (b'te\xc4\x87i') has 42 occurance
merge 5977/9744: (391, 404) -> 6232 (b' subo') has 42 occurance
merge 5978/9744: (282, 392) -> 6233 (b'ni\xc4\x87u') has 42 occurance
merge 5979/9744: (4416, 2837) -> 6234 (b' talanata') has 42 occurance
merge 5980/9744: (282, 313) -> 6235 (b'nilo') has 42 occurance
merge 5981/9744: (520, 270) -> 6236 (b' nova') has 42 occurance
merge 5982/9744: (931, 108) -> 6237 (b'Mal') has 42 occurance
merge 5983/9744: (347, 256) -> 6238 (b' Mje') has 42 occurance
merge 5984/9744: (550, 285) -> 6239 (b' imala') has 42 occurance
merge 5985/9744: (2380, 547) -> 6240 (b' borbu') has 42 occurance
merge 5986/9744: (973, 1972) -> 6241 (b' podigao') has 42 occurance
merge 5987/9744: (1263, 435) -> 6242 (b' trube') has 42 occurance
merge 5988/9744: (1923, 107) -> 6243 (b' potok') has 42 occurance
merge 5989/9744: (32, 474) -> 6244 (b' \xc4\x87a') has 42 occurance
merge 5990/9744: (3124, 122) -> 6245 (b'kroz') has 42 occurance
merge 5991/9744: (263, 4082) -> 6246 (b' osvoji') has 42 occurance
merge 5992/9744: (973, 1424) -> 6247 (b' podigne') has 42 occurance
merge 5993/9744: (300, 277) -> 6248 (b' dari') has 42 occurance
merge 5994/9744: (3104, 100) -> 6249 (b' Galad') has 42 occurance
merge 5995/9744: (1906, 465) -> 6250 (b' prijatelji') has 42 occurance
merge 5996/9744: (1253, 1110) -> 6251 (b' izbavio') has 42 occurance
merge 5997/9744: (610, 283) -> 6252 (b' pija') has 42 occurance
merge 5998/9744: (2054, 378) -> 6253 (b' bolesti') has 42 occurance
merge 5999/9744: (708, 294) -> 6254 (b' Kada') has 42 occurance
merge 6000/9744: (3213, 320) -> 6255 (b' strijele') has 42 occurance
merge 6001/9744: (2228, 306) -> 6256 (b' nestane') has 42 occurance
merge 6002/9744: (290, 314) -> 6257 (b' pode') has 42 occurance
merge 6003/9744: (517, 998) -> 6258 (b' vojeva') has 42 occurance
merge 6004/9744: (118, 564) -> 6259 (b'vnom') has 42 occurance
merge 6005/9744: (395, 442) -> 6260 (b' prepi') has 42 occurance
merge 6006/9744: (300, 285) -> 6261 (b' dala') has 42 occurance
merge 6007/9744: (383, 1434) -> 6262 (b' mudar') has 42 occurance
merge 6008/9744: (307, 288) -> 6263 (b'diji') has 42 occurance
merge 6009/9744: (46, 71) -> 6264 (b'.G') has 42 occurance
merge 6010/9744: (4257, 114) -> 6265 (b' Navuhodonosor') has 42 occurance
merge 6011/9744: (835, 442) -> 6266 (b' ispi') has 42 occurance
merge 6012/9744: (318, 305) -> 6267 (b'ru\xc5\xa1e') has 42 occurance
merge 6013/9744: (1803, 390) -> 6268 (b' slobodu') has 42 occurance
merge 6014/9744: (3445, 265) -> 6269 (b'opako') has 42 occurance
merge 6015/9744: (503, 287) -> 6270 (b' ljuto') has 42 occurance
merge 6016/9744: (527, 292) -> 6271 (b' slugo') has 42 occurance
merge 6017/9744: (791, 310) -> 6272 (b' sre\xc4\x87e') has 42 occurance
merge 6018/9744: (79, 82) -> 6273 (b'OR') has 42 occurance
merge 6019/9744: (3487, 363) -> 6274 (b' \xc4\x90ur\xc4\x91e') has 42 occurance
merge 6020/9744: (1603, 111) -> 6275 (b' video') has 42 occurance
merge 6021/9744: (256, 965) -> 6276 (b'jevi\xc4\x87') has 42 occurance
merge 6022/9744: (468, 3120) -> 6277 (b' pu\xc5\xa1ku') has 42 occurance
merge 6023/9744: (964, 1296) -> 6278 (b' Senko') has 42 occurance
merge 6024/9744: (2278, 305) -> 6279 (b' odo\xc5\xa1e') has 42 occurance
merge 6025/9744: (5645, 5475) -> 6280 (b'-PA\xc5\xa0A') has 42 occurance
merge 6026/9744: (308, 2547) -> 6281 (b' kokar') has 42 occurance
merge 6027/9744: (80, 256) -> 6282 (b'Pje') has 41 occurance
merge 6028/9744: (525, 915) -> 6283 (b' posred') has 41 occurance
merge 6029/9744: (879, 3202) -> 6284 (b' \xc5\xbeivotinja') has 41 occurance
merge 6030/9744: (1462, 4388) -> 6285 (b' \xc5\xbeivin\xc4\x8de') has 41 occurance
merge 6031/9744: (452, 289) -> 6286 (b'hove') has 41 occurance
merge 6032/9744: (2206, 698) -> 6287 (b' osamdeset') has 41 occurance
merge 6033/9744: (256, 273) -> 6288 (b'jevi') has 41 occurance
merge 6034/9744: (5414, 103) -> 6289 (b'kov\xc4\x8deg') has 41 occurance
merge 6035/9744: (1032, 378) -> 6290 (b'naesti') has 41 occurance
merge 6036/9744: (290, 3152) -> 6291 (b' pomrije') has 41 occurance
merge 6037/9744: (3115, 306) -> 6292 (b' zahvalne') has 41 occurance
merge 6038/9744: (298, 640) -> 6293 (b'rovijeh') has 41 occurance
merge 6039/9744: (2099, 267) -> 6294 (b' pokazati') has 41 occurance
merge 6040/9744: (2486, 500) -> 6295 (b' razape') has 41 occurance
merge 6041/9744: (1879, 370) -> 6296 (b' momci') has 41 occurance
merge 6042/9744: (290, 320) -> 6297 (b' pole') has 41 occurance
merge 6043/9744: (356, 355) -> 6298 (b'do\xc4\x87i') has 41 occurance
merge 6044/9744: (122, 3260) -> 6299 (b'zbog') has 41 occurance
merge 6045/9744: (808, 306) -> 6300 (b' ustane') has 41 occurance
merge 6046/9744: (292, 318) -> 6301 (b'goru') has 41 occurance
merge 6047/9744: (2493, 109) -> 6302 (b' Znam') has 41 occurance
merge 6048/9744: (1261, 472) -> 6303 (b'pustinji') has 41 occurance
merge 6049/9744: (610, 310) -> 6304 (b' pi\xc4\x87e') has 41 occurance
merge 6050/9744: (2084, 273) -> 6305 (b' opravi') has 41 occurance
merge 6051/9744: (775, 303) -> 6306 (b' Moju') has 41 occurance
merge 6052/9744: (46, 75) -> 6307 (b'.K') has 41 occurance
merge 6053/9744: (106, 1378) -> 6308 (b'jskih') has 41 occurance
merge 6054/9744: (1034, 275) -> 6309 (b'Neka') has 41 occurance
merge 6055/9744: (1793, 627) -> 6310 (b'Dobro') has 41 occurance
merge 6056/9744: (118, 275) -> 6311 (b'vka') has 41 occurance
merge 6057/9744: (1704, 305) -> 6312 (b' poslu\xc5\xa1a\xc5\xa1e') has 41 occurance
merge 6058/9744: (584, 1798) -> 6313 (b' razdrije') has 41 occurance
merge 6059/9744: (380, 104) -> 6314 (b'kih') has 41 occurance
merge 6060/9744: (761, 115) -> 6315 (b' Nas') has 41 occurance
merge 6061/9744: (700, 1865) -> 6316 (b' plakati') has 41 occurance
merge 6062/9744: (1126, 295) -> 6317 (b'doste') has 41 occurance
merge 6063/9744: (1046, 707) -> 6318 (b' gledajte') has 41 occurance
merge 6064/9744: (1133, 282) -> 6319 (b' Judini') has 41 occurance
merge 6065/9744: (402, 264) -> 6320 (b'zara') has 41 occurance
merge 6066/9744: (259, 1640) -> 6321 (b' ipak') has 41 occurance
merge 6067/9744: (295, 322) -> 6322 (b'te\xc4\x8de') has 41 occurance
merge 6068/9744: (377, 4507) -> 6323 (b' Treba') has 41 occurance
merge 6069/9744: (1016, 564) -> 6324 (b' zakonom') has 41 occurance
merge 6070/9744: (404, 320) -> 6325 (b'bole') has 41 occurance
merge 6071/9744: (768, 432) -> 6326 (b'Gospodnja') has 41 occurance
merge 6072/9744: (446, 320) -> 6327 (b' male') has 41 occurance
merge 6073/9744: (3778, 291) -> 6328 (b'siroma') has 41 occurance
merge 6074/9744: (4018, 273) -> 6329 (b' heruvi') has 41 occurance
merge 6075/9744: (342, 278) -> 6330 (b' izre') has 41 occurance
merge 6076/9744: (1560, 593) -> 6331 (b'Izrailjevijem') has 41 occurance
merge 6077/9744: (265, 285) -> 6332 (b'kola') has 41 occurance
merge 6078/9744: (804, 5870) -> 6333 (b' \xc5\xbertava') has 41 occurance
merge 6079/9744: (41, 59) -> 6334 (b');') has 41 occurance
merge 6080/9744: (111, 404) -> 6335 (b'obo') has 41 occurance
merge 6081/9744: (650, 291) -> 6336 (b'skama') has 41 occurance
merge 6082/9744: (1534, 4332) -> 6337 (b' obi\xc4\x8daju') has 41 occurance
merge 6083/9744: (1445, 267) -> 6338 (b' primiti') has 41 occurance
merge 6084/9744: (308, 352) -> 6339 (b' kosa') has 41 occurance
merge 6085/9744: (122, 302) -> 6340 (b'zno') has 41 occurance
merge 6086/9744: (396, 282) -> 6341 (b' rani') has 41 occurance
merge 6087/9744: (3440, 363) -> 6342 (b' gvo\xc5\xbe\xc4\x91e') has 41 occurance
merge 6088/9744: (2957, 332) -> 6343 (b' Jefremo') has 41 occurance
merge 6089/9744: (397, 282) -> 6344 (b'njeni') has 41 occurance
merge 6090/9744: (334, 326) -> 6345 (b' same') has 41 occurance
merge 6091/9744: (422, 309) -> 6346 (b' Opo') has 41 occurance
merge 6092/9744: (429, 4372) -> 6347 (b' Jeriho') has 41 occurance
merge 6093/9744: (897, 1256) -> 6348 (b' poslanike') has 41 occurance
merge 6094/9744: (1616, 281) -> 6349 (b' planina') has 41 occurance
merge 6095/9744: (1859, 69) -> 6350 (b'LjE') has 41 occurance
merge 6096/9744: (283, 322) -> 6351 (b'ja\xc4\x8de') has 41 occurance
merge 6097/9744: (510, 547) -> 6352 (b' Nebu') has 41 occurance
merge 6098/9744: (2196, 100) -> 6353 (b' plod') has 41 occurance
merge 6099/9744: (1307, 267) -> 6354 (b' siroti') has 41 occurance
merge 6100/9744: (997, 346) -> 6355 (b'rnost') has 41 occurance
merge 6101/9744: (328, 101) -> 6356 (b'ose') has 41 occurance
merge 6102/9744: (283, 111) -> 6357 (b'jao') has 41 occurance
merge 6103/9744: (344, 103) -> 6358 (b' svog') has 41 occurance
merge 6104/9744: (413, 417) -> 6359 (b' gazi') has 41 occurance
merge 6105/9744: (388, 114) -> 6360 (b'mir') has 41 occurance
merge 6106/9744: (609, 294) -> 6361 (b'ljda') has 41 occurance
merge 6107/9744: (287, 118) -> 6362 (b'tov') has 41 occurance
merge 6108/9744: (393, 2257) -> 6363 (b' mi\xc5\xa1lja') has 41 occurance
merge 6109/9744: (286, 270) -> 6364 (b' zva') has 41 occurance
merge 6110/9744: (402, 109) -> 6365 (b'zam') has 41 occurance
merge 6111/9744: (1000, 340) -> 6366 (b' \xc5\xa1alje') has 41 occurance
merge 6112/9744: (703, 332) -> 6367 (b' Pomo') has 41 occurance
merge 6113/9744: (410, 261) -> 6368 (b'ba\xc5\xa1') has 41 occurance
merge 6114/9744: (2984, 305) -> 6369 (b' vjerova\xc5\xa1e') has 41 occurance
merge 6115/9744: (1474, 273) -> 6370 (b' mrtvi') has 41 occurance
merge 6116/9744: (5006, 460) -> 6371 (b'Jerusalimu') has 41 occurance
merge 6117/9744: (294, 306) -> 6372 (b'dane') has 41 occurance
merge 6118/9744: (2306, 2393) -> 6373 (b' Rovoa') has 41 occurance
merge 6119/9744: (260, 367) -> 6374 (b' psi') has 41 occurance
merge 6120/9744: (2995, 1913) -> 6375 (b' Samariji') has 41 occurance
merge 6121/9744: (4558, 903) -> 6376 (b' Jelisije') has 41 occurance
merge 6122/9744: (735, 326) -> 6377 (b' jednome') has 41 occurance
merge 6123/9744: (2807, 265) -> 6378 (b' \xc5\xa1iroko') has 41 occurance
merge 6124/9744: (1078, 267) -> 6379 (b'\xc5\xa1titi') has 41 occurance
merge 6125/9744: (106, 281) -> 6380 (b'jna') has 41 occurance
merge 6126/9744: (122, 326) -> 6381 (b'zme') has 41 occurance
merge 6127/9744: (4260, 115) -> 6382 (b'Hristos') has 41 occurance
merge 6128/9744: (338, 275) -> 6383 (b' Ska') has 41 occurance
merge 6129/9744: (529, 2270) -> 6384 (b' U\xc4\x8dite') has 41 occurance
merge 6130/9744: (785, 295) -> 6385 (b' mo\xc5\xbeete') has 41 occurance
merge 6131/9744: (306, 264) -> 6386 (b'nera') has 41 occurance
merge 6132/9744: (2947, 1372) -> 6387 (b'Petar') has 41 occurance
merge 6133/9744: (513, 619) -> 6388 (b' Dakle') has 41 occurance
merge 6134/9744: (557, 615) -> 6389 (b' despo') has 41 occurance
merge 6135/9744: (1465, 2075) -> 6390 (b'Pavle') has 41 occurance
merge 6136/9744: (543, 294) -> 6391 (b' buda') has 41 occurance
merge 6137/9744: (1316, 326) -> 6392 (b' razume') has 41 occurance
merge 6138/9744: (2711, 288) -> 6393 (b' Voji') has 41 occurance
merge 6139/9744: (347, 320) -> 6394 (b' Mle') has 41 occurance
merge 6140/9744: (274, 3641) -> 6395 (b' mleta') has 41 occurance
merge 6141/9744: (430, 1314) -> 6396 (b' progovara') has 41 occurance
merge 6142/9744: (718, 278) -> 6397 (b' Ture') has 41 occurance
merge 6143/9744: (505, 353) -> 6398 (b' be\xc5\xbee') has 41 occurance
merge 6144/9744: (2946, 277) -> 6399 (b' Mad\xc5\xbeari') has 41 occurance
merge 6145/9744: (419, 5011) -> 6400 (b' DOL') has 41 occurance
merge 6146/9744: (115, 640) -> 6401 (b'svijeh') has 40 occurance
merge 6147/9744: (342, 337) -> 6402 (b' iznu') has 40 occurance
merge 6148/9744: (363, 114) -> 6403 (b'\xc4\x91er') has 40 occurance
merge 6149/9744: (538, 3860) -> 6404 (b' du\xc5\xa1om') has 40 occurance
merge 6150/9744: (75, 105) -> 6405 (b'Ki') has 40 occurance
merge 6151/9744: (400, 374) -> 6406 (b'vuse') has 40 occurance
merge 6152/9744: (1233, 4272) -> 6407 (b' Haldej') has 40 occurance
merge 6153/9744: (4966, 362) -> 6408 (b' pribli\xc5\xbei') has 40 occurance
merge 6154/9744: (3564, 432) -> 6409 (b' slu\xc5\xa1kinja') has 40 occurance
merge 6155/9744: (318, 482) -> 6410 (b'ru\xc5\xbea') has 40 occurance
merge 6156/9744: (1085, 1424) -> 6411 (b' stigne') has 40 occurance
merge 6157/9744: (398, 337) -> 6412 (b'\xc5\xa1inu') has 40 occurance
merge 6158/9744: (319, 264) -> 6413 (b' odra') has 40 occurance
merge 6159/9744: (86, 117) -> 6414 (b'Vu') has 40 occurance
merge 6160/9744: (1087, 116) -> 6415 (b'rijat') has 40 occurance
merge 6161/9744: (1175, 410) -> 6416 (b' groba') has 40 occurance
merge 6162/9744: (346, 298) -> 6417 (b'stro') has 40 occurance
merge 6163/9744: (54, 52) -> 6418 (b'64') has 40 occurance
merge 6164/9744: (700, 484) -> 6419 (b' platu') has 40 occurance
merge 6165/9744: (808, 267) -> 6420 (b' ustati') has 40 occurance
merge 6166/9744: (377, 264) -> 6421 (b' Tra') has 40 occurance
merge 6167/9744: (337, 310) -> 6422 (b'nu\xc4\x87e') has 40 occurance
merge 6168/9744: (482, 107) -> 6423 (b'\xc5\xbeak') has 40 occurance
merge 6169/9744: (275, 110) -> 6424 (b'kan') has 40 occurance
merge 6170/9744: (652, 1760) -> 6425 (b' mjestima') has 40 occurance
merge 6171/9744: (403, 2049) -> 6426 (b' takvo') has 40 occurance
merge 6172/9744: (1316, 1234) -> 6427 (b' razumije') has 40 occurance
merge 6173/9744: (302, 434) -> 6428 (b'novoj') has 40 occurance
merge 6174/9744: (309, 1139) -> 6429 (b'porodi') has 40 occurance
merge 6175/9744: (114, 289) -> 6430 (b'rve') has 40 occurance
merge 6176/9744: (1572, 820) -> 6431 (b' dovedo\xc5\xa1e') has 40 occurance
merge 6177/9744: (1547, 118) -> 6432 (b'njegov') has 40 occurance
merge 6178/9744: (1426, 400) -> 6433 (b' gnjevu') has 40 occurance
merge 6179/9744: (1806, 295) -> 6434 (b' recite') has 40 occurance
merge 6180/9744: (115, 634) -> 6435 (b'slije') has 40 occurance
merge 6181/9744: (2640, 112) -> 6436 (b' otkup') has 40 occurance
merge 6182/9744: (346, 896) -> 6437 (b'stvari') has 40 occurance
merge 6183/9744: (389, 114) -> 6438 (b' par') has 40 occurance
merge 6184/9744: (430, 3617) -> 6439 (b' pro\xc4\x8dita') has 40 occurance
merge 6185/9744: (459, 1082) -> 6440 (b' \n \n\n') has 40 occurance
merge 6186/9744: (4084, 291) -> 6441 (b' tinjama') has 40 occurance
merge 6187/9744: (3460, 291) -> 6442 (b' trijema') has 40 occurance
merge 6188/9744: (2538, 118) -> 6443 (b' gotov') has 40 occurance
merge 6189/9744: (111, 294) -> 6444 (b'oda') has 40 occurance
merge 6190/9744: (538, 103) -> 6445 (b' dug') has 40 occurance
merge 6191/9744: (441, 1597) -> 6446 (b' jarca') has 40 occurance
merge 6192/9744: (2498, 100) -> 6447 (b' blud') has 40 occurance
merge 6193/9744: (307, 278) -> 6448 (b'dire') has 40 occurance
merge 6194/9744: (267, 927) -> 6449 (b'tijeh') has 40 occurance
merge 6195/9744: (317, 1495) -> 6450 (b' dobiti') has 40 occurance
merge 6196/9744: (272, 362) -> 6451 (b' u\xc5\xbei') has 40 occurance
merge 6197/9744: (307, 303) -> 6452 (b'diju') has 40 occurance
merge 6198/9744: (1989, 896) -> 6453 (b' poglavari') has 40 occurance
merge 6199/9744: (401, 458) -> 6454 (b'ljahu') has 40 occurance
merge 6200/9744: (1180, 346) -> 6455 (b'vnost') has 40 occurance
merge 6201/9744: (1133, 306) -> 6456 (b' Judine') has 40 occurance
merge 6202/9744: (2753, 306) -> 6457 (b' polovine') has 40 occurance
merge 6203/9744: (265, 572) -> 6458 (b'kovima') has 40 occurance
merge 6204/9744: (353, 261) -> 6459 (b'\xc5\xbee\xc5\xa1') has 40 occurance
merge 6205/9744: (1831, 3218) -> 6460 (b' svjedo\xc4\x8danstvo') has 40 occurance
merge 6206/9744: (83, 1199) -> 6461 (b'STVO') has 40 occurance
merge 6207/9744: (311, 1060) -> 6462 (b' zasje') has 40 occurance
merge 6208/9744: (327, 108) -> 6463 (b' Al') has 40 occurance
merge 6209/9744: (311, 3853) -> 6464 (b' zagone') has 40 occurance
merge 6210/9744: (290, 292) -> 6465 (b' pogo') has 40 occurance
merge 6211/9744: (623, 1660) -> 6466 (b' vjerna') has 40 occurance
merge 6212/9744: (573, 313) -> 6467 (b' \xc4\x8delo') has 40 occurance
merge 6213/9744: (560, 326) -> 6468 (b' tvome') has 40 occurance
merge 6214/9744: (557, 111) -> 6469 (b' deo') has 40 occurance
merge 6215/9744: (3980, 116) -> 6470 (b' Josafat') has 40 occurance
merge 6216/9744: (117, 1361) -> 6471 (b'uzda') has 40 occurance
merge 6217/9744: (357, 271) -> 6472 (b' mo\xc4\x87') has 40 occurance
merge 6218/9744: (259, 486) -> 6473 (b' isko') has 40 occurance
merge 6219/9744: (2380, 361) -> 6474 (b' borbi') has 40 occurance
merge 6220/9744: (441, 283) -> 6475 (b' jaja') has 40 occurance
merge 6221/9744: (341, 941) -> 6476 (b' sion') has 40 occurance
merge 6222/9744: (83, 273) -> 6477 (b'Svi') has 40 occurance
merge 6223/9744: (2863, 787) -> 6478 (b' unutra') has 40 occurance
merge 6224/9744: (4093, 288) -> 6479 (b' fariseji') has 40 occurance
merge 6225/9744: (80, 2478) -> 6480 (b'Pita') has 40 occurance
merge 6226/9744: (1713, 108) -> 6481 (b' \xc4\x91avol') has 40 occurance
merge 6227/9744: (736, 264) -> 6482 (b' hara') has 40 occurance
merge 6228/9744: (357, 326) -> 6483 (b' mome') has 40 occurance
merge 6229/9744: (573, 2121) -> 6484 (b' \xc4\x8destiti') has 40 occurance
merge 6230/9744: (1182, 712) -> 6485 (b'ilozo') has 40 occurance
merge 6231/9744: (5727, 1859) -> 6486 (b' KRALj') has 40 occurance
merge 6232/9744: (1338, 77) -> 6487 (b'RAM') has 40 occurance
merge 6233/9744: (3271, 378) -> 6488 (b' li\xc4\x8dnosti') has 40 occurance
merge 6234/9744: (355, 109) -> 6489 (b'\xc4\x87im') has 40 occurance
merge 6235/9744: (424, 365) -> 6490 (b' veku') has 40 occurance
merge 6236/9744: (538, 261) -> 6491 (b' du\xc5\xa1') has 40 occurance
merge 6237/9744: (396, 4011) -> 6492 (b' rakije') has 40 occurance
merge 6238/9744: (925, 492) -> 6493 (b' Mujo') has 40 occurance
merge 6239/9744: (617, 3581) -> 6494 (b' \xc4\x90or') has 40 occurance
merge 6240/9744: (430, 287) -> 6495 (b' proto') has 40 occurance
merge 6241/9744: (34, 3362) -> 6496 (b'"\xc4\x8cu') has 40 occurance
merge 6242/9744: (4628, 299) -> 6497 (b' Ciga') has 40 occurance
merge 6243/9744: (327, 3197) -> 6498 (b' An\xc4\x8di') has 40 occurance
merge 6244/9744: (83, 787) -> 6499 (b'Stra') has 39 occurance
merge 6245/9744: (116, 893) -> 6500 (b'tvara') has 39 occurance
merge 6246/9744: (1877, 3929) -> 6501 (b' sedmoga') has 39 occurance
merge 6247/9744: (871, 305) -> 6502 (b' posta\xc5\xa1e') has 39 occurance
merge 6248/9744: (265, 378) -> 6503 (b'kosti') has 39 occurance
merge 6249/9744: (3557, 2994) -> 6504 (b' zatrudnje') has 39 occurance
merge 6250/9744: (272, 314) -> 6505 (b' ude') has 39 occurance
merge 6251/9744: (353, 397) -> 6506 (b'\xc5\xbeenje') has 39 occurance
merge 6252/9744: (2929, 275) -> 6507 (b'\xc4\x8dovjeka') has 39 occurance
merge 6253/9744: (612, 273) -> 6508 (b'sovi') has 39 occurance
merge 6254/9744: (1131, 275) -> 6509 (b' istoka') has 39 occurance
merge 6255/9744: (352, 114) -> 6510 (b'sar') has 39 occurance
merge 6256/9744: (336, 1026) -> 6511 (b' bi\xc4\x87e\xc5\xa1') has 39 occurance
merge 6257/9744: (546, 313) -> 6512 (b'vrlo') has 39 occurance
merge 6258/9744: (1737, 109) -> 6513 (b' mnogim') has 39 occurance
merge 6259/9744: (1598, 307) -> 6514 (b' Hodi') has 39 occurance
merge 6260/9744: (2846, 314) -> 6515 (b'otide') has 39 occurance
merge 6261/9744: (306, 261) -> 6516 (b'ne\xc5\xa1') has 39 occurance
merge 6262/9744: (396, 326) -> 6517 (b' rame') has 39 occurance
merge 6263/9744: (2031, 1597) -> 6518 (b' magarca') has 39 occurance
merge 6264/9744: (1095, 261) -> 6519 (b' radi\xc5\xa1') has 39 occurance
merge 6265/9744: (300, 707) -> 6520 (b' dajte') has 39 occurance
merge 6266/9744: (423, 289) -> 6521 (b' njive') has 39 occurance
merge 6267/9744: (342, 1535) -> 6522 (b' izvor') has 39 occurance
merge 6268/9744: (1185, 305) -> 6523 (b'dova\xc5\xa1e') has 39 occurance
merge 6269/9744: (1464, 571) -> 6524 (b'sluge') has 39 occurance
merge 6270/9744: (1699, 361) -> 6525 (b' poljubi') has 39 occurance
merge 6271/9744: (311, 2127) -> 6526 (b' zagr') has 39 occurance
merge 6272/9744: (1588, 2137) -> 6527 (b' pokloni\xc5\xa1e') has 39 occurance
merge 6273/9744: (290, 298) -> 6528 (b' poro') has 39 occurance
merge 6274/9744: (308, 381) -> 6529 (b' korije') has 39 occurance
merge 6275/9744: (862, 109) -> 6530 (b'osim') has 39 occurance
merge 6276/9744: (436, 285) -> 6531 (b'\xc5\xa1ala') has 39 occurance
merge 6277/9744: (296, 547) -> 6532 (b'\xc5\xbebu') has 39 occurance
merge 6278/9744: (286, 361) -> 6533 (b' zbi') has 39 occurance
merge 6279/9744: (334, 1342) -> 6534 (b' satr') has 39 occurance
merge 6280/9744: (1636, 283) -> 6535 (b' broja') has 39 occurance
merge 6281/9744: (2050, 2268) -> 6536 (b' Jefrem') has 39 occurance
merge 6282/9744: (311, 1384) -> 6537 (b' zadr') has 39 occurance
merge 6283/9744: (335, 105) -> 6538 (b' Gi') has 39 occurance
merge 6284/9744: (1176, 289) -> 6539 (b' lijeve') has 39 occurance
merge 6285/9744: (1146, 118) -> 6540 (b' lov') has 39 occurance
merge 6286/9744: (542, 281) -> 6541 (b' grana') has 39 occurance
merge 6287/9744: (1365, 267) -> 6542 (b' slu\xc5\xa1ati') has 39 occurance
merge 6288/9744: (1376, 267) -> 6543 (b' udariti') has 39 occurance
merge 6289/9744: (116, 432) -> 6544 (b'tnja') has 39 occurance
merge 6290/9744: (403, 1178) -> 6545 (b' takva') has 39 occurance
merge 6291/9744: (1044, 318) -> 6546 (b' zboru') has 39 occurance
merge 6292/9744: (301, 281) -> 6547 (b' nena') has 39 occurance
merge 6293/9744: (1576, 567) -> 6548 (b'grijeha') has 39 occurance
merge 6294/9744: (934, 282) -> 6549 (b'vljeni') has 39 occurance
merge 6295/9744: (2680, 382) -> 6550 (b' jabuke') has 39 occurance
merge 6296/9744: (329, 275) -> 6551 (b' tka') has 39 occurance
merge 6297/9744: (287, 264) -> 6552 (b'tora') has 39 occurance
merge 6298/9744: (2193, 479) -> 6553 (b'RE\xc4\x86') has 39 occurance
merge 6299/9744: (112, 370) -> 6554 (b'pci') has 39 occurance
merge 6300/9744: (649, 118) -> 6555 (b' div') has 39 occurance
merge 6301/9744: (393, 261) -> 6556 (b' mi\xc5\xa1') has 39 occurance
merge 6302/9744: (256, 378) -> 6557 (b'jesti') has 39 occurance
merge 6303/9744: (771, 3560) -> 6558 (b' sjevera') has 39 occurance
merge 6304/9744: (296, 283) -> 6559 (b'\xc5\xbeja') has 39 occurance
merge 6305/9744: (1412, 307) -> 6560 (b' tvrdi') has 39 occurance
merge 6306/9744: (1989, 893) -> 6561 (b' poglavara') has 39 occurance
merge 6307/9744: (552, 282) -> 6562 (b' brani') has 39 occurance
merge 6308/9744: (668, 941) -> 6563 (b' Sion') has 39 occurance
merge 6309/9744: (448, 326) -> 6564 (b' prime') has 39 occurance
merge 6310/9744: (65, 332) -> 6565 (b'Amo') has 39 occurance
merge 6311/9744: (82, 105) -> 6566 (b'Ri') has 39 occurance
merge 6312/9744: (363, 306) -> 6567 (b'\xc4\x91ene') has 39 occurance
merge 6313/9744: (855, 103) -> 6568 (b' drugog') has 39 occurance
merge 6314/9744: (647, 49) -> 6569 (b'181') has 39 occurance
merge 6315/9744: (1457, 417) -> 6570 (b' njojzi') has 39 occurance
merge 6316/9744: (835, 3046) -> 6571 (b' iscje') has 39 occurance
merge 6317/9744: (83, 85) -> 6572 (b'SU') has 39 occurance
merge 6318/9744: (520, 353) -> 6573 (b' no\xc5\xbee') has 39 occurance
merge 6319/9744: (327, 356) -> 6574 (b' Ado') has 39 occurance
merge 6320/9744: (2555, 314) -> 6575 (b' Gede') has 39 occurance
merge 6321/9744: (2444, 267) -> 6576 (b' izgubiti') has 39 occurance
merge 6322/9744: (1965, 306) -> 6577 (b'Mene') has 39 occurance
merge 6323/9744: (419, 1410) -> 6578 (b' DRU') has 39 occurance
merge 6324/9744: (417, 934) -> 6579 (b'zivlje') has 39 occurance
merge 6325/9744: (1278, 267) -> 6580 (b' pitati') has 39 occurance
merge 6326/9744: (319, 306) -> 6581 (b' odne') has 39 occurance
merge 6327/9744: (799, 1825) -> 6582 (b' juna\xc5\xa1tvo') has 39 occurance
merge 6328/9744: (4943, 278) -> 6583 (b'Care') has 39 occurance
merge 6329/9744: (417, 303) -> 6584 (b'ziju') has 39 occurance
merge 6330/9744: (391, 787) -> 6585 (b' sutra') has 39 occurance
merge 6331/9744: (1940, 106) -> 6586 (b' pokoj') has 39 occurance
merge 6332/9744: (436, 107) -> 6587 (b'\xc5\xa1ak') has 39 occurance
merge 6333/9744: (837, 442) -> 6588 (b' trpi') has 39 occurance
merge 6334/9744: (301, 264) -> 6589 (b' nera') has 39 occurance
merge 6335/9744: (1189, 1987) -> 6590 (b' Duhom') has 39 occurance
merge 6336/9744: (375, 3981) -> 6591 (b' Psalam') has 39 occurance
merge 6337/9744: (1330, 109) -> 6592 (b' tra\xc5\xbeim') has 39 occurance
merge 6338/9744: (1736, 111) -> 6593 (b' dobio') has 39 occurance
merge 6339/9744: (441, 256) -> 6594 (b' jaje') has 39 occurance
merge 6340/9744: (71, 114) -> 6595 (b'Gr') has 39 occurance
merge 6341/9744: (2661, 351) -> 6596 (b'Hrista') has 39 occurance
merge 6342/9744: (334, 567) -> 6597 (b' saha') has 39 occurance
merge 6343/9744: (372, 1136) -> 6598 (b' vuka') has 39 occurance
merge 6344/9744: (2380, 435) -> 6599 (b' borbe') has 39 occurance
merge 6345/9744: (3303, 282) -> 6600 (b' \xc5\xbdeni') has 39 occurance
merge 6346/9744: (621, 65) -> 6601 (b' RA') has 39 occurance
merge 6347/9744: (68, 82) -> 6602 (b'DR') has 39 occurance
merge 6348/9744: (394, 351) -> 6603 (b' mesta') has 39 occurance
merge 6349/9744: (4840, 524) -> 6604 (b' megdan') has 39 occurance
merge 6350/9744: (557, 2948) -> 6605 (b' dervi') has 39 occurance
merge 6351/9744: (481, 295) -> 6606 (b' svate') has 39 occurance
merge 6352/9744: (335, 314) -> 6607 (b' Gde') has 39 occurance
merge 6353/9744: (39, 111) -> 6608 (b"'o") has 39 occurance
merge 6354/9744: (844, 276) -> 6609 (b' zeta') has 39 occurance
merge 6355/9744: (2927, 1216) -> 6610 (b' mejdana') has 39 occurance
merge 6356/9744: (413, 1361) -> 6611 (b' gazda') has 39 occurance
merge 6357/9744: (75, 4179) -> 6612 (b'KNjA') has 39 occurance
merge 6358/9744: (6612, 90) -> 6613 (b'KNjAZ') has 39 occurance
merge 6359/9744: (6400, 2811) -> 6614 (b' DOLGO') has 39 occurance
merge 6360/9744: (6614, 1410) -> 6615 (b' DOLGORU') has 39 occurance
merge 6361/9744: (6615, 4259) -> 6616 (b' DOLGORUKOV') has 39 occurance
merge 6362/9744: (614, 567) -> 6617 (b' Zaha') has 38 occurance
merge 6363/9744: (79, 66) -> 6618 (b'OB') has 38 occurance
merge 6364/9744: (1741, 666) -> 6619 (b' zemaljske') has 38 occurance
merge 6365/9744: (1041, 105) -> 6620 (b' Fi') has 38 occurance
merge 6366/9744: (327, 955) -> 6621 (b' Asir') has 38 occurance
merge 6367/9744: (115, 1249) -> 6622 (b'sramo') has 38 occurance
merge 6368/9744: (1197, 291) -> 6623 (b' \xc5\xbeenama') has 38 occurance
merge 6369/9744: (1791, 707) -> 6624 (b' \xc4\x8cujte') has 38 occurance
merge 6370/9744: (3933, 299) -> 6625 (b'naestoga') has 38 occurance
merge 6371/9744: (329, 289) -> 6626 (b' tve') has 38 occurance
merge 6372/9744: (396, 1485) -> 6627 (b' rasija') has 38 occurance
merge 6373/9744: (280, 634) -> 6628 (b' nalije') has 38 occurance
merge 6374/9744: (2432, 107) -> 6629 (b' mrak') has 38 occurance
merge 6375/9744: (1736, 283) -> 6630 (b' dobija') has 38 occurance
merge 6376/9744: (310, 295) -> 6631 (b'\xc4\x87ete') has 38 occurance
merge 6377/9744: (936, 109) -> 6632 (b'dnim') has 38 occurance
merge 6378/9744: (272, 883) -> 6633 (b' u\xc4\x91o\xc5\xa1e') has 38 occurance
merge 6379/9744: (272, 4063) -> 6634 (b' ujedanput') has 38 occurance
merge 6380/9744: (334, 1212) -> 6635 (b' sazva') has 38 occurance
merge 6381/9744: (916, 318) -> 6636 (b' Gospodaru') has 38 occurance
merge 6382/9744: (311, 365) -> 6637 (b' zaku') has 38 occurance
merge 6383/9744: (1451, 118) -> 6638 (b' Isav') has 38 occurance
merge 6384/9744: (441, 324) -> 6639 (b' ja\xc4\x8di') has 38 occurance
merge 6385/9744: (272, 1040) -> 6640 (b' uvede') has 38 occurance
merge 6386/9744: (1154, 302) -> 6641 (b' tajno') has 38 occurance
merge 6387/9744: (388, 277) -> 6642 (b'miri') has 38 occurance
merge 6388/9744: (940, 1002) -> 6643 (b' ovnova') has 38 occurance
merge 6389/9744: (32, 114) -> 6644 (b' r') has 38 occurance
merge 6390/9744: (310, 281) -> 6645 (b'\xc4\x87ena') has 38 occurance
merge 6391/9744: (2102, 117) -> 6646 (b' Josifu') has 38 occurance
merge 6392/9744: (105, 609) -> 6647 (b'ilj') has 38 occurance
merge 6393/9744: (1034, 291) -> 6648 (b'Nema') has 38 occurance
merge 6394/9744: (2453, 1084) -> 6649 (b' tamnicu') has 38 occurance
merge 6395/9744: (539, 566) -> 6650 (b' nijeste') has 38 occurance
merge 6396/9744: (1501, 1670) -> 6651 (b' raspali') has 38 occurance
merge 6397/9744: (2276, 291) -> 6652 (b' ku\xc4\x87ama') has 38 occurance
merge 6398/9744: (3500, 288) -> 6653 (b' Manasiji') has 38 occurance
merge 6399/9744: (938, 535) -> 6654 (b' Bo\xc5\xbeijoj') has 38 occurance
merge 6400/9744: (79, 2430) -> 6655 (b'Otkr') has 38 occurance
merge 6401/9744: (396, 724) -> 6656 (b' rastu') has 38 occurance
merge 6402/9744: (623, 1372) -> 6657 (b' vjetar') has 38 occurance
merge 6403/9744: (462, 1665) -> 6658 (b'gublje') has 38 occurance
merge 6404/9744: (115, 564) -> 6659 (b'snom') has 38 occurance
merge 6405/9744: (338, 2834) -> 6660 (b' Svjedo') has 38 occurance
merge 6406/9744: (473, 267) -> 6661 (b' stati') has 38 occurance
merge 6407/9744: (388, 291) -> 6662 (b'mima') has 38 occurance
merge 6408/9744: (1269, 374) -> 6663 (b' zavjese') has 38 occurance
merge 6409/9744: (402, 425) -> 6664 (b'zavje') has 38 occurance
merge 6410/9744: (373, 305) -> 6665 (b' re\xc5\xa1e') has 38 occurance
merge 6411/9744: (309, 295) -> 6666 (b'pote') has 38 occurance
merge 6412/9744: (484, 100) -> 6667 (b'tud') has 38 occurance
merge 6413/9744: (430, 437) -> 6668 (b' prosu') has 38 occurance
merge 6414/9744: (1046, 458) -> 6669 (b' gledahu') has 38 occurance
merge 6415/9744: (3943, 314) -> 6670 (b' nepravde') has 38 occurance
merge 6416/9744: (424, 353) -> 6671 (b' ve\xc5\xbee') has 38 occurance
merge 6417/9744: (3115, 337) -> 6672 (b' zahvalnu') has 38 occurance
merge 6418/9744: (844, 99) -> 6673 (b' zec') has 38 occurance
merge 6419/9744: (845, 281) -> 6674 (b' crna') has 38 occurance
merge 6420/9744: (263, 1217) -> 6675 (b' osno') has 38 occurance
merge 6421/9744: (280, 5874) -> 6676 (b' nasuprot') has 38 occurance
merge 6422/9744: (398, 104) -> 6677 (b'\xc5\xa1ih') has 38 occurance
merge 6423/9744: (1334, 5378) -> 6678 (b' Levita') has 38 occurance
merge 6424/9744: (269, 291) -> 6679 (b'\xc4\x8dma') has 38 occurance
merge 6425/9744: (2323, 2439) -> 6680 (b' Amonovijeh') has 38 occurance
merge 6426/9744: (984, 281) -> 6681 (b' Vena') has 38 occurance
merge 6427/9744: (659, 108) -> 6682 (b' Sal') has 38 occurance
merge 6428/9744: (1811, 291) -> 6683 (b' konjima') has 38 occurance
merge 6429/9744: (1330, 295) -> 6684 (b' tra\xc5\xbeite') has 38 occurance
merge 6430/9744: (2939, 482) -> 6685 (b' neznabo\xc5\xbea') has 38 occurance
merge 6431/9744: (313, 5540) -> 6686 (b'lopoklo') has 38 occurance
merge 6432/9744: (1313, 1688) -> 6687 (b' hrabri') has 38 occurance
merge 6433/9744: (334, 2609) -> 6688 (b' savr\xc5\xa1e') has 38 occurance
merge 6434/9744: (933, 295) -> 6689 (b'valite') has 38 occurance
merge 6435/9744: (1284, 390) -> 6690 (b' vojvodu') has 38 occurance
merge 6436/9744: (336, 1238) -> 6691 (b' bijeli') has 38 occurance
merge 6437/9744: (2538, 268) -> 6692 (b' gotovo') has 38 occurance
merge 6438/9744: (573, 356) -> 6693 (b' \xc4\x8dedo') has 38 occurance
merge 6439/9744: (2755, 275) -> 6694 (b'proroka') has 38 occurance
merge 6440/9744: (276, 318) -> 6695 (b'taru') has 38 occurance
merge 6441/9744: (1427, 299) -> 6696 (b' pomaga') has 38 occurance
merge 6442/9744: (2910, 686) -> 6697 (b'Carstvo') has 38 occurance
merge 6443/9744: (446, 285) -> 6698 (b' mala') has 38 occurance
merge 6444/9744: (3038, 1381) -> 6699 (b' Ostatak') has 38 occurance
merge 6445/9744: (771, 110) -> 6700 (b' sjen') has 38 occurance
merge 6446/9744: (290, 390) -> 6701 (b' podu') has 38 occurance
merge 6447/9744: (291, 306) -> 6702 (b'mane') has 38 occurance
merge 6448/9744: (290, 551) -> 6703 (b' popu') has 38 occurance
merge 6449/9744: (465, 273) -> 6704 (b'ljivi') has 38 occurance
merge 6450/9744: (296, 314) -> 6705 (b'\xc5\xbede') has 38 occurance
merge 6451/9744: (1159, 306) -> 6706 (b' istine') has 38 occurance
merge 6452/9744: (871, 314) -> 6707 (b' postade') has 38 occurance
merge 6453/9744: (78, 69) -> 6708 (b'NE') has 38 occurance
merge 6454/9744: (278, 326) -> 6709 (b'reme') has 38 occurance
merge 6455/9744: (75, 69) -> 6710 (b'KE') has 38 occurance
merge 6456/9744: (790, 267) -> 6711 (b' leti') has 38 occurance
merge 6457/9744: (1201, 787) -> 6712 (b' Petra') has 38 occurance
merge 6458/9744: (641, 85) -> 6713 (b' LU') has 38 occurance
merge 6459/9744: (76, 303) -> 6714 (b'Lju') has 38 occurance
merge 6460/9744: (670, 547) -> 6715 (b' babu') has 38 occurance
merge 6461/9744: (571, 110) -> 6716 (b'gen') has 38 occurance
merge 6462/9744: (448, 298) -> 6717 (b' priro') has 38 occurance
merge 6463/9744: (1131, 1913) -> 6718 (b' istoriji') has 38 occurance
merge 6464/9744: (2986, 107) -> 6719 (b' karak') has 38 occurance
merge 6465/9744: (107, 398) -> 6720 (b'k\xc5\xa1i') has 38 occurance
merge 6466/9744: (116, 106) -> 6721 (b'tj') has 38 occurance
merge 6467/9744: (34, 1094) -> 6722 (b'"Po') has 38 occurance
merge 6468/9744: (315, 270) -> 6723 (b' Iva') has 38 occurance
merge 6469/9744: (3824, 282) -> 6724 (b' Bosni') has 38 occurance
merge 6470/9744: (4016, 321) -> 6725 (b' \xc5\xa0arca') has 38 occurance
merge 6471/9744: (670, 435) -> 6726 (b' babe') has 38 occurance
merge 6472/9744: (738, 103) -> 6727 (b' Jug') has 38 occurance
merge 6473/9744: (557, 1179) -> 6728 (b' delija') has 38 occurance
merge 6474/9744: (418, 5479) -> 6729 (b' had\xc5\xbei') has 38 occurance
merge 6475/9744: (339, 307) -> 6730 (b' gdi') has 38 occurance
merge 6476/9744: (614, 2942) -> 6731 (b' Zaboga') has 38 occurance
merge 6477/9744: (520, 5257) -> 6732 (b' noble') has 38 occurance
merge 6478/9744: (4902, 269) -> 6733 (b'Pla\xc4\x8d') has 37 occurance
merge 6479/9744: (32, 47) -> 6734 (b' /') has 37 occurance
merge 6480/9744: (1964, 746) -> 6735 (b' upravlja') has 37 occurance
merge 6481/9744: (286, 425) -> 6736 (b' zvje') has 37 occurance
merge 6482/9744: (1313, 337) -> 6737 (b' hranu') has 37 occurance
merge 6483/9744: (301, 935) -> 6738 (b' nekoga') has 37 occurance
merge 6484/9744: (1974, 2121) -> 6739 (b' oprostiti') has 37 occurance
merge 6485/9744: (402, 122) -> 6740 (b'zaz') has 37 occurance
merge 6486/9744: (361, 321) -> 6741 (b'bica') has 37 occurance
merge 6487/9744: (1370, 435) -> 6742 (b' ribe') has 37 occurance
merge 6488/9744: (114, 283) -> 6743 (b'rja') has 37 occurance
merge 6489/9744: (1585, 2255) -> 6744 (b' obojica') has 37 occurance
merge 6490/9744: (417, 294) -> 6745 (b'zida') has 37 occurance
merge 6491/9744: (352, 294) -> 6746 (b'sada') has 37 occurance
merge 6492/9744: (2189, 294) -> 6747 (b' zapada') has 37 occurance
merge 6493/9744: (112, 537) -> 6748 (b'prati') has 37 occurance
merge 6494/9744: (641, 111) -> 6749 (b' Lo') has 37 occurance
merge 6495/9744: (700, 276) -> 6750 (b' plata') has 37 occurance
merge 6496/9744: (1514, 1243) -> 6751 (b' Sunce') has 37 occurance
merge 6497/9744: (370, 952) -> 6752 (b'cijelo') has 37 occurance
merge 6498/9744: (3468, 107) -> 6753 (b' do\xc5\xa1ljak') has 37 occurance
merge 6499/9744: (1451, 107) -> 6754 (b' Isak') has 37 occurance
merge 6500/9744: (808, 305) -> 6755 (b' usta\xc5\xa1e') has 37 occurance
merge 6501/9744: (115, 841) -> 6756 (b'snijeh') has 37 occurance
merge 6502/9744: (422, 322) -> 6757 (b' O\xc4\x8de') has 37 occurance
merge 6503/9744: (1225, 337) -> 6758 (b' njezinu') has 37 occurance
merge 6504/9744: (1527, 106) -> 6759 (b'onaj') has 37 occurance
merge 6505/9744: (282, 1819) -> 6760 (b'nicom') has 37 occurance
merge 6506/9744: (2515, 273) -> 6761 (b' zaboravi') has 37 occurance
merge 6507/9744: (2190, 267) -> 6762 (b' hvaliti') has 37 occurance
merge 6508/9744: (308, 402) -> 6763 (b' koza') has 37 occurance
merge 6509/9744: (116, 1535) -> 6764 (b'tvor') has 37 occurance
merge 6510/9744: (1283, 508) -> 6765 (b' grdno') has 37 occurance
merge 6511/9744: (296, 306) -> 6766 (b'\xc5\xbene') has 37 occurance
merge 6512/9744: (545, 364) -> 6767 (b' \xc4\x8dujem') has 37 occurance
merge 6513/9744: (1691, 306) -> 6768 (b' u\xc4\x8dine') has 37 occurance
merge 6514/9744: (315, 402) -> 6769 (b' Iza') has 37 occurance
merge 6515/9744: (357, 783) -> 6770 (b' mojom') has 37 occurance
merge 6516/9744: (2020, 106) -> 6771 (b' velikoj') has 37 occurance
merge 6517/9744: (1496, 303) -> 6772 (b' vjeruju') has 37 occurance
merge 6518/9744: (2702, 1371) -> 6773 (b'bezbo\xc5\xbe') has 37 occurance
merge 6519/9744: (374, 100) -> 6774 (b'sed') has 37 occurance
merge 6520/9744: (614, 3515) -> 6775 (b' Zakon') has 37 occurance
merge 6521/9744: (317, 320) -> 6776 (b' dole') has 37 occurance
merge 6522/9744: (1636, 303) -> 6777 (b' broju') has 37 occurance
merge 6523/9744: (1235, 451) -> 6778 (b'prijesto') has 37 occurance
merge 6524/9744: (614, 265) -> 6779 (b' Zako') has 37 occurance
merge 6525/9744: (3615, 282) -> 6780 (b' oskvrni') has 37 occurance
merge 6526/9744: (306, 392) -> 6781 (b'ne\xc4\x87u') has 37 occurance
merge 6527/9744: (1020, 500) -> 6782 (b' lupe') has 37 occurance
merge 6528/9744: (391, 390) -> 6783 (b' sudu') has 37 occurance
merge 6529/9744: (280, 2614) -> 6784 (b' navrh') has 37 occurance
merge 6530/9744: (375, 695) -> 6785 (b' Pod') has 37 occurance
merge 6531/9744: (276, 332) -> 6786 (b'tamo') has 37 occurance
merge 6532/9744: (891, 1535) -> 6787 (b' prijevor') has 37 occurance
merge 6533/9744: (436, 281) -> 6788 (b'\xc5\xa1ana') has 37 occurance
merge 6534/9744: (480, 285) -> 6789 (b' Zla') has 37 occurance
merge 6535/9744: (272, 2606) -> 6790 (b' uradi') has 37 occurance
merge 6536/9744: (277, 282) -> 6791 (b'rini') has 37 occurance
merge 6537/9744: (294, 592) -> 6792 (b'dav\xc5\xa1i') has 37 occurance
merge 6538/9744: (1246, 109) -> 6793 (b' Gospodnjim') has 37 occurance
merge 6539/9744: (2842, 112) -> 6794 (b' slijep') has 37 occurance
merge 6540/9744: (473, 318) -> 6795 (b' staru') has 37 occurance
merge 6541/9744: (290, 547) -> 6796 (b' pobu') has 37 occurance
merge 6542/9744: (263, 1109) -> 6797 (b' osla') has 37 occurance
merge 6543/9744: (374, 268) -> 6798 (b'sevo') has 37 occurance
merge 6544/9744: (309, 2650) -> 6799 (b'pokloni') has 37 occurance
merge 6545/9744: (402, 285) -> 6800 (b'zala') has 37 occurance
merge 6546/9744: (332, 110) -> 6801 (b'mon') has 37 occurance
merge 6547/9744: (1445, 305) -> 6802 (b' primi\xc5\xa1e') has 37 occurance
merge 6548/9744: (346, 572) -> 6803 (b'stvima') has 37 occurance
merge 6549/9744: (538, 2826) -> 6804 (b' du\xc5\xbean') has 37 occurance
merge 6550/9744: (100, 1512) -> 6805 (b'drima') has 37 occurance
merge 6551/9744: (745, 256) -> 6806 (b'\xc4\x8duje') has 37 occurance
merge 6552/9744: (389, 1325) -> 6807 (b' pa\xc5\xa1\xc4\x87e') has 37 occurance
merge 6553/9744: (80, 737) -> 6808 (b'PRI') has 37 occurance
merge 6554/9744: (971, 303) -> 6809 (b' poznaju') has 37 occurance
merge 6555/9744: (432, 1654) -> 6810 (b'njanin') has 37 occurance
merge 6556/9744: (3403, 278) -> 6811 (b' Care') has 37 occurance
merge 6557/9744: (2187, 278) -> 6812 (b' umire') has 37 occurance
merge 6558/9744: (574, 362) -> 6813 (b' tu\xc5\xbei') has 37 occurance
merge 6559/9744: (419, 1130) -> 6814 (b' Dnev') has 37 occurance
merge 6560/9744: (1313, 282) -> 6815 (b' hrani') has 37 occurance
merge 6561/9744: (361, 303) -> 6816 (b'biju') has 37 occurance
merge 6562/9744: (639, 278) -> 6817 (b'Jere') has 37 occurance
merge 6563/9744: (649, 803) -> 6818 (b' divan') has 37 occurance
merge 6564/9744: (319, 302) -> 6819 (b' odno') has 37 occurance
merge 6565/9744: (46, 82) -> 6820 (b'.R') has 37 occurance
merge 6566/9744: (290, 1371) -> 6821 (b' pobo\xc5\xbe') has 37 occurance
merge 6567/9744: (301, 6042) -> 6822 (b' nebroje') has 37 occurance
merge 6568/9744: (1062, 356) -> 6823 (b' Rado') has 37 occurance
merge 6569/9744: (114, 295) -> 6824 (b'rte') has 37 occurance
merge 6570/9744: (342, 874) -> 6825 (b' izgleda') has 37 occurance
merge 6571/9744: (1988, 4784) -> 6826 (b' Pilat') has 37 occurance
merge 6572/9744: (555, 1178) -> 6827 (b' nekakva') has 37 occurance
merge 6573/9744: (6713, 3272) -> 6828 (b' LUKI') has 37 occurance
merge 6574/9744: (389, 4896) -> 6829 (b' patrijar') has 37 occurance
merge 6575/9744: (4783, 474) -> 6830 (b' ose\xc4\x87a') has 37 occurance
merge 6576/9744: (262, 278) -> 6831 (b' dre') has 37 occurance
merge 6577/9744: (1828, 965) -> 6832 (b' Kraljevi\xc4\x87') has 37 occurance
merge 6578/9744: (925, 352) -> 6833 (b' Musa') has 37 occurance
merge 6579/9744: (5137, 1077) -> 6834 (b'"Bogom') has 37 occurance
merge 6580/9744: (1664, 386) -> 6835 (b'tjepa') has 37 occurance
merge 6581/9744: (1062, 314) -> 6836 (b' Rade') has 37 occurance
merge 6582/9744: (34, 1030) -> 6837 (b'"Ja') has 37 occurance
merge 6583/9744: (512, 432) -> 6838 (b' Janja') has 37 occurance
merge 6584/9744: (4214, 276) -> 6839 (b' forinta') has 37 occurance
merge 6585/9744: (80, 421) -> 6840 (b'PAN') has 37 occurance
merge 6586/9744: (483, 4477) -> 6841 (b'\xc5\xa0\xc4\x86E') has 37 occurance
merge 6587/9744: (575, 607) -> 6842 (b' \xc5\xbeert') has 37 occurance
merge 6588/9744: (4138, 1332) -> 6843 (b' Crnogorce') has 37 occurance
merge 6589/9744: (850, 494) -> 6844 (b'OVI\xc4\x86') has 36 occurance
merge 6590/9744: (55, 48) -> 6845 (b'70') has 36 occurance
merge 6591/9744: (306, 404) -> 6846 (b'nebo') has 36 occurance
merge 6592/9744: (342, 2111) -> 6847 (b' iznad') has 36 occurance
merge 6593/9744: (311, 1235) -> 6848 (b' zaprije') has 36 occurance
merge 6594/9744: (761, 457) -> 6849 (b' Na\xc4\x8dini') has 36 occurance
merge 6595/9744: (579, 106) -> 6850 (b' Taj') has 36 occurance
merge 6596/9744: (3282, 504) -> 6851 (b'srcu') has 36 occurance
merge 6597/9744: (1759, 275) -> 6852 (b' jezika') has 36 occurance
merge 6598/9744: (452, 114) -> 6853 (b'hor') has 36 occurance
merge 6599/9744: (748, 388) -> 6854 (b'primi') has 36 occurance
merge 6600/9744: (649, 952) -> 6855 (b' dijelo') has 36 occurance
merge 6601/9744: (1010, 256) -> 6856 (b' potje') has 36 occurance
merge 6602/9744: (336, 392) -> 6857 (b' bi\xc4\x87u') has 36 occurance
merge 6603/9744: (305, 397) -> 6858 (b'\xc5\xa1enje') has 36 occurance
merge 6604/9744: (1547, 593) -> 6859 (b'njegovijem') has 36 occurance
merge 6605/9744: (42, 768) -> 6860 (b'*Gospod') has 36 occurance
merge 6606/9744: (269, 256) -> 6861 (b'\xc4\x8dje') has 36 occurance
merge 6607/9744: (3159, 281) -> 6862 (b' kolena') has 36 occurance
merge 6608/9744: (257, 2614) -> 6863 (b' svrh') has 36 occurance
merge 6609/9744: (357, 3954) -> 6864 (b' molja\xc5\xa1e') has 36 occurance
merge 6610/9744: (263, 4276) -> 6865 (b' otuda') has 36 occurance
merge 6611/9744: (311, 294) -> 6866 (b' zada') has 36 occurance
merge 6612/9744: (2345, 111) -> 6867 (b' Bio') has 36 occurance
merge 6613/9744: (2402, 302) -> 6868 (b' stra\xc5\xa1no') has 36 occurance
merge 6614/9744: (2680, 275) -> 6869 (b' jabuka') has 36 occurance
merge 6615/9744: (465, 306) -> 6870 (b'ljine') has 36 occurance
merge 6616/9744: (1046, 810) -> 6871 (b' gledaju\xc4\x87i') has 36 occurance
merge 6617/9744: (2293, 1272) -> 6872 (b'nasljed') has 36 occurance
merge 6618/9744: (520, 5925) -> 6873 (b' no\xc4\x87as') has 36 occurance
merge 6619/9744: (2211, 340) -> 6874 (b' po\xc5\xa1lje') has 36 occurance
merge 6620/9744: (2423, 305) -> 6875 (b' pristupi\xc5\xa1e') has 36 occurance
merge 6621/9744: (317, 302) -> 6876 (b' dono') has 36 occurance
merge 6622/9744: (1606, 305) -> 6877 (b' baci\xc5\xa1e') has 36 occurance
merge 6623/9744: (441, 326) -> 6878 (b' jame') has 36 occurance
merge 6624/9744: (1447, 567) -> 6879 (b' snaha') has 36 occurance
merge 6625/9744: (323, 381) -> 6880 (b' krije') has 36 occurance
merge 6626/9744: (538, 458) -> 6881 (b' duhu') has 36 occurance
merge 6627/9744: (550, 458) -> 6882 (b' imahu') has 36 occurance
merge 6628/9744: (111, 966) -> 6883 (b'onoga') has 36 occurance
merge 6629/9744: (452, 307) -> 6884 (b'hodi') has 36 occurance
merge 6630/9744: (290, 856) -> 6885 (b' pohi') has 36 occurance
merge 6631/9744: (366, 106) -> 6886 (b'luj') has 36 occurance
merge 6632/9744: (106, 382) -> 6887 (b'jke') has 36 occurance
merge 6633/9744: (5576, 4406) -> 6888 (b' Neftali') has 36 occurance
merge 6634/9744: (300, 1336) -> 6889 (b' dava\xc5\xa1e') has 36 occurance
merge 6635/9744: (1560, 270) -> 6890 (b'Izrailjeva') has 36 occurance
merge 6636/9744: (309, 346) -> 6891 (b'post') has 36 occurance
merge 6637/9744: (273, 367) -> 6892 (b'visi') has 36 occurance
merge 6638/9744: (700, 269) -> 6893 (b' pla\xc4\x8d') has 36 occurance
merge 6639/9744: (568, 382) -> 6894 (b' znake') has 36 occurance
merge 6640/9744: (257, 291) -> 6895 (b' sma') has 36 occurance
merge 6641/9744: (259, 3451) -> 6896 (b' istje') has 36 occurance
merge 6642/9744: (448, 2371) -> 6897 (b' pripovijeda') has 36 occurance
merge 6643/9744: (2237, 112) -> 6898 (b' krup') has 36 occurance
merge 6644/9744: (3564, 397) -> 6899 (b' slu\xc5\xa1kinje') has 36 occurance
merge 6645/9744: (334, 3073) -> 6900 (b' sabor') has 36 occurance
merge 6646/9744: (749, 1180) -> 6901 (b' slavno') has 36 occurance
merge 6647/9744: (2243, 337) -> 6902 (b' krenu') has 36 occurance
merge 6648/9744: (373, 402) -> 6903 (b' reza') has 36 occurance
merge 6649/9744: (290, 528) -> 6904 (b' po\xc4\x91u') has 36 occurance
merge 6650/9744: (448, 2670) -> 6905 (b' pristupa') has 36 occurance
merge 6651/9744: (272, 291) -> 6906 (b' uma') has 36 occurance
merge 6652/9744: (879, 299) -> 6907 (b' \xc5\xbeivoga') has 36 occurance
merge 6653/9744: (975, 626) -> 6908 (b' spavati') has 36 occurance
merge 6654/9744: (342, 2683) -> 6909 (b' izlomi') has 36 occurance
merge 6655/9744: (448, 2637) -> 6910 (b' prilog') has 36 occurance
merge 6656/9744: (4000, 571) -> 6911 (b' poluge') has 36 occurance
merge 6657/9744: (5449, 278) -> 6912 (b' porfire') has 36 occurance
merge 6658/9744: (652, 278) -> 6913 (b' mjere') has 36 occurance
merge 6659/9744: (298, 572) -> 6914 (b'rovima') has 36 occurance
merge 6660/9744: (2132, 355) -> 6915 (b' \xc4\x8dine\xc4\x87i') has 36 occurance
merge 6661/9744: (46, 74) -> 6916 (b'.J') has 36 occurance
merge 6662/9744: (1412, 294) -> 6917 (b' tvrda') has 36 occurance
merge 6663/9744: (311, 1905) -> 6918 (b' zamoli') has 36 occurance
merge 6664/9744: (1941, 390) -> 6919 (b'narodu') has 36 occurance
merge 6665/9744: (1645, 2591) -> 6920 (b' odatle') has 36 occurance
merge 6666/9744: (1877, 313) -> 6921 (b' sedlo') has 36 occurance
merge 6667/9744: (536, 268) -> 6922 (b'\xc4\x91avo') has 36 occurance
merge 6668/9744: (375, 915) -> 6923 (b' Pred') has 36 occurance
merge 6669/9744: (2254, 508) -> 6924 (b' ugodno') has 36 occurance
merge 6670/9744: (999, 1972) -> 6925 (b' pomogao') has 36 occurance
merge 6671/9744: (4005, 3451) -> 6926 (b' opustje') has 36 occurance
merge 6672/9744: (975, 378) -> 6927 (b' spasti') has 36 occurance
merge 6673/9744: (659, 792) -> 6928 (b' Safa') has 36 occurance
merge 6674/9744: (277, 279) -> 6929 (b'rili') has 36 occurance
merge 6675/9744: (772, 386) -> 6930 (b'propa') has 36 occurance
merge 6676/9744: (477, 306) -> 6931 (b' kune') has 36 occurance
merge 6677/9744: (110, 854) -> 6932 (b'ncima') has 36 occurance
merge 6678/9744: (522, 283) -> 6933 (b'gija') has 36 occurance
merge 6679/9744: (2798, 291) -> 6934 (b' glavarima') has 36 occurance
merge 6680/9744: (3884, 65) -> 6935 (b'PETA') has 36 occurance
merge 6681/9744: (773, 5317) -> 6936 (b' Galga') has 36 occurance
merge 6682/9744: (313, 626) -> 6937 (b'lovati') has 36 occurance
merge 6683/9744: (1020, 299) -> 6938 (b' luga') has 36 occurance
merge 6684/9744: (290, 313) -> 6939 (b' polo') has 36 occurance
merge 6685/9744: (545, 707) -> 6940 (b' \xc4\x8dujte') has 36 occurance
merge 6686/9744: (794, 875) -> 6941 (b' hodio') has 36 occurance
merge 6687/9744: (285, 270) -> 6942 (b'lava') has 36 occurance
merge 6688/9744: (984, 271) -> 6943 (b' Ve\xc4\x87') has 36 occurance
merge 6689/9744: (467, 264) -> 6944 (b' bora') has 36 occurance
merge 6690/9744: (111, 1441) -> 6945 (b'okre') has 36 occurance
merge 6691/9744: (999, 353) -> 6946 (b' pomo\xc5\xbee') has 36 occurance
merge 6692/9744: (4782, 108) -> 6947 (b'Saul') has 36 occurance
merge 6693/9744: (112, 384) -> 6948 (b'plju') has 36 occurance
merge 6694/9744: (290, 1750) -> 6949 (b' pozdra') has 36 occurance
merge 6695/9744: (3405, 313) -> 6950 (b' Avesalo') has 36 occurance
merge 6696/9744: (3977, 609) -> 6951 (b' temelj') has 36 occurance
merge 6697/9744: (323, 279) -> 6952 (b' kli') has 36 occurance
merge 6698/9744: (2493, 261) -> 6953 (b' Zna\xc5\xa1') has 36 occurance
merge 6699/9744: (398, 110) -> 6954 (b'\xc5\xa1in') has 36 occurance
merge 6700/9744: (654, 362) -> 6955 (b' la\xc5\xbei') has 36 occurance
merge 6701/9744: (393, 3712) -> 6956 (b' mi\xc5\xa1lje') has 36 occurance
merge 6702/9744: (1128, 3247) -> 6957 (b' molitve') has 36 occurance
merge 6703/9744: (506, 1825) -> 6958 (b' dru\xc5\xa1tvo') has 36 occurance
merge 6704/9744: (290, 1161) -> 6959 (b' postra') has 36 occurance
merge 6705/9744: (290, 2348) -> 6960 (b' pozla') has 36 occurance
merge 6706/9744: (1458, 265) -> 6961 (b' Vuko') has 36 occurance
merge 6707/9744: (1570, 859) -> 6962 (b' u\xc4\x8denika') has 36 occurance
merge 6708/9744: (1245, 261) -> 6963 (b' misli\xc5\xa1') has 36 occurance
merge 6709/9744: (1236, 310) -> 6964 (b' mogu\xc4\x87e') has 36 occurance
merge 6710/9744: (5010, 76) -> 6965 (b' APOSTOL') has 36 occurance
merge 6711/9744: (1852, 382) -> 6966 (b' hajduke') has 36 occurance
merge 6712/9744: (6486, 2912) -> 6967 (b' KRALjEVI\xc4\x86') has 36 occurance
merge 6713/9744: (269, 3164) -> 6968 (b'\xc4\x8dove') has 36 occurance
merge 6714/9744: (3063, 116) -> 6969 (b'rvat') has 36 occurance
merge 6715/9744: (1169, 474) -> 6970 (b'novi\xc4\x87a') has 36 occurance
merge 6716/9744: (2660, 1851) -> 6971 (b' Stojan') has 36 occurance
merge 6717/9744: (4686, 322) -> 6972 (b' Nova\xc4\x8de') has 36 occurance
merge 6718/9744: (325, 147) -> 6973 (b'\xe2\x80\x93') has 36 occurance
merge 6719/9744: (34, 83) -> 6974 (b'"S') has 36 occurance
merge 6720/9744: (1944, 278) -> 6975 (b' vezire') has 36 occurance
merge 6721/9744: (45, 2140) -> 6976 (b'-bolje') has 36 occurance
merge 6722/9744: (717, 1679) -> 6977 (b' vranca') has 36 occurance
merge 6723/9744: (39, 304) -> 6978 (b"',\n") has 36 occurance
merge 6724/9744: (1053, 318) -> 6979 (b' Goru') has 36 occurance
merge 6725/9744: (45, 3586) -> 6980 (b'-\xc4\x8ce') has 36 occurance
merge 6726/9744: (6841, 6840) -> 6981 (b'\xc5\xa0\xc4\x86EPAN') has 36 occurance
merge 6727/9744: (4341, 1058) -> 6982 (b'                                        ') has 36 occurance
merge 6728/9744: (1370, 410) -> 6983 (b' riba') has 35 occurance
merge 6729/9744: (42, 4797) -> 6984 (b'*Ef') has 35 occurance
merge 6730/9744: (978, 2195) -> 6985 (b' izagna') has 35 occurance
merge 6731/9744: (294, 100) -> 6986 (b'dad') has 35 occurance
merge 6732/9744: (2254, 936) -> 6987 (b' ugodni') has 35 occurance
merge 6733/9744: (118, 1155) -> 6988 (b'vrijeme') has 35 occurance
merge 6734/9744: (108, 856) -> 6989 (b'lhi') has 35 occurance
merge 6735/9744: (2665, 110) -> 6990 (b' ro\xc4\x91en') has 35 occurance
merge 6736/9744: (700, 1734) -> 6991 (b' plamen') has 35 occurance
merge 6737/9744: (706, 256) -> 6992 (b' \xc4\x8dije') has 35 occurance
merge 6738/9744: (311, 1966) -> 6993 (b' zakli') has 35 occurance
merge 6739/9744: (290, 968) -> 6994 (b' povra') has 35 occurance
merge 6740/9744: (3285, 442) -> 6995 (b'krijepi') has 35 occurance
merge 6741/9744: (1482, 3140) -> 6996 (b' obazre') has 35 occurance
merge 6742/9744: (473, 282) -> 6997 (b' stani') has 35 occurance
merge 6743/9744: (790, 1424) -> 6998 (b' legne') has 35 occurance
merge 6744/9744: (82, 111) -> 6999 (b'Ro') has 35 occurance
merge 6745/9744: (334, 2378) -> 7000 (b' sagrije\xc5\xa1i') has 35 occurance
merge 6746/9744: (924, 114) -> 7001 (b' Vir') has 35 occurance
merge 6747/9744: (423, 273) -> 7002 (b' njivi') has 35 occurance
merge 6748/9744: (2449, 378) -> 7003 (b' odvesti') has 35 occurance
merge 6749/9744: (1313, 281) -> 7004 (b' hrana') has 35 occurance
merge 6750/9744: (5573, 340) -> 7005 (b' omilje') has 35 occurance
merge 6751/9744: (292, 299) -> 7006 (b'goga') has 35 occurance
merge 6752/9744: (259, 724) -> 7007 (b' istu') has 35 occurance
merge 6753/9744: (2978, 268) -> 7008 (b' Pravo') has 35 occurance
merge 6754/9744: (808, 282) -> 7009 (b' ustani') has 35 occurance
merge 6755/9744: (1572, 390) -> 7010 (b' dovedu') has 35 occurance
merge 6756/9744: (295, 361) -> 7011 (b'tebi') has 35 occurance
merge 6757/9744: (1893, 2327) -> 7012 (b' skuplja') has 35 occurance
merge 6758/9744: (348, 4280) -> 7013 (b' gomile') has 35 occurance
merge 6759/9744: (725, 711) -> 7014 (b' edom') has 35 occurance
merge 6760/9744: (573, 401) -> 7015 (b' \xc4\x8delja') has 35 occurance
merge 6761/9744: (311, 332) -> 7016 (b' zamo') has 35 occurance
merge 6762/9744: (1176, 442) -> 7017 (b' lijepi') has 35 occurance
merge 6763/9744: (282, 265) -> 7018 (b'niko') has 35 occurance
merge 6764/9744: (539, 832) -> 7019 (b' nijesmo') has 35 occurance
merge 6765/9744: (771, 1921) -> 7020 (b' sje\xc4\x91ahu') has 35 occurance
merge 6766/9744: (977, 291) -> 7021 (b' drugima') has 35 occurance
merge 6767/9744: (568, 279) -> 7022 (b' znali') has 35 occurance
merge 6768/9744: (547, 390) -> 7023 (b'budu') has 35 occurance
merge 6769/9744: (700, 2336) -> 7024 (b' platiti') has 35 occurance
merge 6770/9744: (623, 3121) -> 7025 (b' vjerovati') has 35 occurance
merge 6771/9744: (520, 289) -> 7026 (b' nove') has 35 occurance
merge 6772/9744: (467, 1790) -> 7027 (b' bojati') has 35 occurance
merge 6773/9744: (351, 314) -> 7028 (b'stade') has 35 occurance
merge 6774/9744: (794, 960) -> 7029 (b' hoditi') has 35 occurance
merge 6775/9744: (307, 337) -> 7030 (b'dinu') has 35 occurance
merge 6776/9744: (1228, 111) -> 7031 (b' nosio') has 35 occurance
merge 6777/9744: (55, 50) -> 7032 (b'72') has 35 occurance
merge 6778/9744: (432, 275) -> 7033 (b'njaka') has 35 occurance
merge 6779/9744: (354, 397) -> 7034 (b' tinje') has 35 occurance
merge 6780/9744: (373, 294) -> 7035 (b' reda') has 35 occurance
merge 6781/9744: (1820, 992) -> 7036 (b' paljenica') has 35 occurance
merge 6782/9744: (1507, 306) -> 7037 (b'metne') has 35 occurance
merge 6783/9744: (309, 291) -> 7038 (b'poma') has 35 occurance
merge 6784/9744: (2036, 435) -> 7039 (b' slu\xc5\xbebe') has 35 occurance
merge 6785/9744: (4361, 547) -> 7040 (b' preljubu') has 35 occurance
merge 6786/9744: (924, 305) -> 7041 (b' Vi\xc5\xa1e') has 35 occurance
merge 6787/9744: (6553, 65) -> 7042 (b'RE\xc4\x86A') has 35 occurance
merge 6788/9744: (342, 634) -> 7043 (b' izlije') has 35 occurance
merge 6789/9744: (772, 378) -> 7044 (b'prosti') has 35 occurance
merge 6790/9744: (396, 615) -> 7045 (b' raspo') has 35 occurance
merge 6791/9744: (401, 107) -> 7046 (b'ljak') has 35 occurance
merge 6792/9744: (324, 285) -> 7047 (b'\xc4\x8dila') has 35 occurance
merge 6793/9744: (1837, 474) -> 7048 (b' obra\xc4\x87a') has 35 occurance
merge 6794/9744: (354, 104) -> 7049 (b' tih') has 35 occurance
merge 6795/9744: (373, 100) -> 7050 (b' red') has 35 occurance
merge 6796/9744: (1738, 289) -> 7051 (b' dr\xc5\xbeave') has 35 occurance
merge 6797/9744: (279, 364) -> 7052 (b'lijem') has 35 occurance
merge 6798/9744: (668, 1527) -> 7053 (b' Siona') has 35 occurance
merge 6799/9744: (441, 305) -> 7054 (b' ja\xc5\xa1e') has 35 occurance
merge 6800/9744: (973, 1238) -> 7055 (b' podijeli') has 35 occurance
merge 6801/9744: (290, 1670) -> 7056 (b' popali') has 35 occurance
merge 6802/9744: (332, 281) -> 7057 (b'mona') has 35 occurance
merge 6803/9744: (726, 104) -> 7058 (b' drh') has 35 occurance
merge 6804/9744: (110, 1001) -> 7059 (b'nskom') has 35 occurance
merge 6805/9744: (98, 384) -> 7060 (b'blju') has 35 occurance
merge 6806/9744: (1178, 291) -> 7061 (b'kvama') has 35 occurance
merge 6807/9744: (267, 278) -> 7062 (b'tire') has 35 occurance
merge 6808/9744: (309, 116) -> 7063 (b'pot') has 35 occurance
merge 6809/9744: (584, 292) -> 7064 (b' razgo') has 35 occurance
merge 6810/9744: (310, 302) -> 7065 (b'\xc4\x87eno') has 35 occurance
merge 6811/9744: (80, 65) -> 7066 (b'PA') has 35 occurance
merge 6812/9744: (1341, 2625) -> 7067 (b' pobijeni') has 35 occurance
merge 6813/9744: (45, 79) -> 7068 (b'-O') has 35 occurance
merge 6814/9744: (793, 612) -> 7069 (b' Isuso') has 35 occurance
merge 6815/9744: (433, 270) -> 7070 (b' liva') has 35 occurance
merge 6816/9744: (272, 460) -> 7071 (b' umu') has 35 occurance
merge 6817/9744: (2747, 289) -> 7072 (b' otkrive') has 35 occurance
merge 6818/9744: (664, 458) -> 7073 (b' strahu') has 35 occurance
merge 6819/9744: (317, 1252) -> 7074 (b' dohvati') has 35 occurance
merge 6820/9744: (117, 1252) -> 7075 (b'uhvati') has 35 occurance
merge 6821/9744: (516, 1001) -> 7076 (b' carskom') has 35 occurance
merge 6822/9744: (717, 295) -> 7077 (b' vrate') has 35 occurance
merge 6823/9744: (3875, 580) -> 7078 (b' zai\xc5\xa1te') has 35 occurance
merge 6824/9744: (5394, 110) -> 7079 (b'Solomun') has 35 occurance
merge 6825/9744: (283, 279) -> 7080 (b'jali') has 35 occurance
merge 6826/9744: (272, 3198) -> 7081 (b' uvijek') has 35 occurance
merge 6827/9744: (256, 295) -> 7082 (b'jete') has 35 occurance
merge 6828/9744: (402, 289) -> 7083 (b'zave') has 35 occurance
merge 6829/9744: (738, 106) -> 7084 (b' Juj') has 35 occurance
merge 6830/9744: (2642, 1001) -> 7085 (b' vavilonskom') has 35 occurance
merge 6831/9744: (283, 432) -> 7086 (b'janja') has 35 occurance
merge 6832/9744: (2978, 289) -> 7087 (b' Prave') has 35 occurance
merge 6833/9744: (2084, 746) -> 7088 (b' opravlja') has 35 occurance
merge 6834/9744: (989, 3055) -> 7089 (b' dvorove') has 35 occurance
merge 6835/9744: (403, 3916) -> 7090 (b' ta\xc5\xa1tina') has 35 occurance
merge 6836/9744: (748, 495) -> 7091 (b'pri\xc4\x8da') has 35 occurance
merge 6837/9744: (2164, 281) -> 7092 (b' silna') has 35 occurance
merge 6838/9744: (1539, 1422) -> 7093 (b' zelenoj') has 35 occurance
merge 6839/9744: (4013, 854) -> 7094 (b' neznabo\xc5\xa1cima') has 35 occurance
merge 6840/9744: (280, 6269) -> 7095 (b' naopako') has 35 occurance
merge 6841/9744: (277, 2668) -> 7096 (b'rijski') has 35 occurance
merge 6842/9744: (911, 1411) -> 7097 (b' blagodati') has 35 occurance
merge 6843/9744: (775, 264) -> 7098 (b' Mora') has 35 occurance
merge 6844/9744: (1837, 402) -> 7099 (b' obraza') has 35 occurance
merge 6845/9744: (2782, 3829) -> 7100 (b' knji\xc5\xbeevnici') has 35 occurance
merge 6846/9744: (579, 1326) -> 7101 (b' Tadija') has 35 occurance
merge 6847/9744: (3346, 264) -> 7102 (b' Lazara') has 35 occurance
merge 6848/9744: (5909, 1769) -> 7103 (b'DJELA') has 35 occurance
merge 6849/9744: (6965, 5454) -> 7104 (b' APOSTOLSKA') has 35 occurance
merge 6850/9744: (382, 356) -> 7105 (b'kedo') has 35 occurance
merge 6851/9744: (106, 302) -> 7106 (b'jno') has 35 occurance
merge 6852/9744: (2285, 298) -> 7107 (b' hero') has 35 occurance
merge 6853/9744: (484, 264) -> 7108 (b'tura') has 35 occurance
merge 6854/9744: (301, 314) -> 7109 (b' nede') has 35 occurance
merge 6855/9744: (3403, 277) -> 7110 (b' Cari') has 35 occurance
merge 6856/9744: (262, 362) -> 7111 (b' d\xc5\xbei') has 35 occurance
merge 6857/9744: (3076, 365) -> 7112 (b' devojku') has 35 occurance
merge 6858/9744: (4683, 2550) -> 7113 (b' Vojvodi') has 35 occurance
merge 6859/9744: (2916, 98) -> 7114 (b' Rib') has 35 occurance
merge 6860/9744: (2077, 965) -> 7115 (b' Jankovi\xc4\x87') has 35 occurance
merge 6861/9744: (751, 4790) -> 7116 (b' Mandu') has 35 occurance
merge 6862/9744: (2352, 291) -> 7117 (b' konjma') has 35 occurance
merge 6863/9744: (1629, 116) -> 7118 (b"'jet") has 35 occurance
merge 6864/9744: (654, 1217) -> 7119 (b' lasno') has 35 occurance
merge 6865/9744: (477, 326) -> 7120 (b' kume') has 35 occurance
merge 6866/9744: (3762, 110) -> 7121 (b' \xc5\xa0\xc4\x87epan') has 35 occurance
merge 6867/9744: (677, 400) -> 7122 (b' kravu') has 35 occurance
merge 6868/9744: (6184, 671) -> 7123 (b' PRE\xc4\x90A\xc5\xa0NJI') has 35 occurance
merge 6869/9744: (55, 57) -> 7124 (b'79') has 34 occurance
merge 6870/9744: (1874, 276) -> 7125 (b' drveta') has 34 occurance
merge 6871/9744: (1752, 267) -> 7126 (b' umrijeti') has 34 occurance
merge 6872/9744: (361, 104) -> 7127 (b'bih') has 34 occurance
merge 6873/9744: (2063, 337) -> 7128 (b' visinu') has 34 occurance
merge 6874/9744: (1225, 1101) -> 7129 (b' njezinijem') has 34 occurance
merge 6875/9744: (1013, 363) -> 7130 (b' Do\xc4\x91e') has 34 occurance
merge 6876/9744: (75, 1841) -> 7131 (b'Kraj') has 34 occurance
merge 6877/9744: (1166, 326) -> 7132 (b' zime') has 34 occurance
merge 6878/9744: (632, 294) -> 7133 (b'preda') has 34 occurance
merge 6879/9744: (261, 313) -> 7134 (b'\xc5\xa1lo') has 34 occurance
merge 6880/9744: (1741, 1346) -> 7135 (b' zemaljskim') has 34 occurance
merge 6881/9744: (70, 1601) -> 7136 (b'Filiste') has 34 occurance
merge 6882/9744: (1804, 1648) -> 7137 (b' potomstvu') has 34 occurance
merge 6883/9744: (1644, 955) -> 7138 (b'Misir') has 34 occurance
merge 6884/9744: (312, 3158) -> 7139 (b' kamila') has 34 occurance
merge 6885/9744: (703, 307) -> 7140 (b' Podi') has 34 occurance
merge 6886/9744: (3051, 282) -> 7141 (b' dolini') has 34 occurance
merge 6887/9744: (967, 397) -> 7142 (b' pustinje') has 34 occurance
merge 6888/9744: (365, 294) -> 7143 (b'kuda') has 34 occurance
merge 6889/9744: (934, 281) -> 7144 (b'vljena') has 34 occurance
merge 6890/9744: (1879, 365) -> 7145 (b' momku') has 34 occurance
merge 6891/9744: (283, 285) -> 7146 (b'jala') has 34 occurance
merge 6892/9744: (1000, 279) -> 7147 (b' \xc5\xa1ali') has 34 occurance
merge 6893/9744: (270, 104) -> 7148 (b'vah') has 34 occurance
merge 6894/9744: (100, 268) -> 7149 (b'dvo') has 34 occurance
merge 6895/9744: (117, 281) -> 7150 (b'una') has 34 occurance
merge 6896/9744: (342, 1846) -> 7151 (b' izlaze') has 34 occurance
merge 6897/9744: (280, 287) -> 7152 (b' nato') has 34 occurance
merge 6898/9744: (332, 283) -> 7153 (b'moja') has 34 occurance
merge 6899/9744: (751, 1326) -> 7154 (b' Madija') has 34 occurance
merge 6900/9744: (1004, 303) -> 7155 (b' ubiju') has 34 occurance
merge 6901/9744: (565, 711) -> 7156 (b' Edom') has 34 occurance
merge 6902/9744: (446, 277) -> 7157 (b' mari') has 34 occurance
merge 6903/9744: (1278, 261) -> 7158 (b' pita\xc5\xa1') has 34 occurance
merge 6904/9744: (300, 988) -> 7159 (b' darova') has 34 occurance
merge 6905/9744: (393, 997) -> 7160 (b' mirno') has 34 occurance
merge 6906/9744: (370, 295) -> 7161 (b'cite') has 34 occurance
merge 6907/9744: (396, 378) -> 7162 (b' rasti') has 34 occurance
merge 6908/9744: (4120, 114) -> 7163 (b'ni\xc4\x8dar') has 34 occurance
merge 6909/9744: (1397, 3455) -> 7164 (b' naumio') has 34 occurance
merge 6910/9744: (2229, 1483) -> 7165 (b' sa\xc4\x8duvaj') has 34 occurance
merge 6911/9744: (73, 291) -> 7166 (b'Ima') has 34 occurance
merge 6912/9744: (335, 3966) -> 7167 (b' Gir') has 34 occurance
merge 6913/9744: (5842, 313) -> 7168 (b' Zavulo') has 34 occurance
merge 6914/9744: (90, 65) -> 7169 (b'ZA') has 34 occurance
merge 6915/9744: (4033, 645) -> 7170 (b' nara\xc5\xa1ta') has 34 occurance
merge 6916/9744: (383, 322) -> 7171 (b' mu\xc4\x8de') has 34 occurance
merge 6917/9744: (629, 279) -> 7172 (b' obli') has 34 occurance
merge 6918/9744: (4982, 103) -> 7173 (b' snijeg') has 34 occurance
merge 6919/9744: (561, 337) -> 7174 (b' ostanu') has 34 occurance
merge 6920/9744: (771, 463) -> 7175 (b' sjedje') has 34 occurance
merge 6921/9744: (262, 298) -> 7176 (b' dro') has 34 occurance
merge 6922/9744: (1044, 264) -> 7177 (b' zbora') has 34 occurance
merge 6923/9744: (984, 279) -> 7178 (b' Veli') has 34 occurance
merge 6924/9744: (446, 306) -> 7179 (b' mane') has 34 occurance
merge 6925/9744: (391, 2626) -> 7180 (b' sun\xc4\x8da') has 34 occurance
merge 6926/9744: (1518, 485) -> 7181 (b' mrze') has 34 occurance
merge 6927/9744: (270, 707) -> 7182 (b'vajte') has 34 occurance
merge 6928/9744: (294, 291) -> 7183 (b'dama') has 34 occurance
merge 6929/9744: (534, 410) -> 7184 (b' roba') has 34 occurance
merge 6930/9744: (257, 2609) -> 7185 (b' svr\xc5\xa1e') has 34 occurance
merge 6931/9744: (1528, 295) -> 7186 (b' slu\xc5\xbeite') has 34 occurance
merge 6932/9744: (308, 1484) -> 7187 (b' kostrije') has 34 occurance
merge 6933/9744: (107, 115) -> 7188 (b'ks') has 34 occurance
merge 6934/9744: (312, 551) -> 7189 (b' kapu') has 34 occurance
merge 6935/9744: (3118, 384) -> 7190 (b' ko\xc5\xa1ulju') has 34 occurance
merge 6936/9744: (1127, 103) -> 7191 (b' svakog') has 34 occurance
merge 6937/9744: (1583, 270) -> 7192 (b' zdrava') has 34 occurance
merge 6938/9744: (749, 861) -> 7193 (b' slavom') has 34 occurance
merge 6939/9744: (257, 2469) -> 7194 (b' sprave') has 34 occurance
merge 6940/9744: (111, 739) -> 7195 (b'otom') has 34 occurance
merge 6941/9744: (116, 381) -> 7196 (b'trije') has 34 occurance
merge 6942/9744: (260, 384) -> 7197 (b' plju') has 34 occurance
merge 6943/9744: (389, 1911) -> 7198 (b' padnu') has 34 occurance
merge 6944/9744: (835, 772) -> 7199 (b' ispro') has 34 occurance
merge 6945/9744: (534, 711) -> 7200 (b' rodom') has 34 occurance
merge 6946/9744: (520, 299) -> 7201 (b' noga') has 34 occurance
merge 6947/9744: (348, 306) -> 7202 (b' gone') has 34 occurance
merge 6948/9744: (2036, 361) -> 7203 (b' slu\xc5\xbebi') has 34 occurance
merge 6949/9744: (403, 1712) -> 7204 (b' takvi') has 34 occurance
merge 6950/9744: (417, 114) -> 7205 (b'zir') has 34 occurance
merge 6951/9744: (367, 285) -> 7206 (b'sila') has 34 occurance
merge 6952/9744: (317, 1943) -> 7207 (b' domova') has 34 occurance
merge 6953/9744: (359, 1523) -> 7208 (b' Kuda') has 34 occurance
merge 6954/9744: (761, 2759) -> 7209 (b' Narod') has 34 occurance
merge 6955/9744: (775, 833) -> 7210 (b' Mojih') has 34 occurance
merge 6956/9744: (1893, 116) -> 7211 (b' skut') has 34 occurance
merge 6957/9744: (761, 298) -> 7212 (b' Naro') has 34 occurance
merge 6958/9744: (773, 1137) -> 7213 (b' Gavao') has 34 occurance
merge 6959/9744: (565, 1400) -> 7214 (b' Efe') has 34 occurance
merge 6960/9744: (3945, 303) -> 7215 (b' kazuju') has 34 occurance
merge 6961/9744: (116, 674) -> 7216 (b'tkom') has 34 occurance
merge 6962/9744: (338, 2095) -> 7217 (b' Smrt') has 34 occurance
merge 6963/9744: (3267, 365) -> 7218 (b' dlaku') has 34 occurance
merge 6964/9744: (467, 401) -> 7219 (b' bolja') has 34 occurance
merge 6965/9744: (542, 314) -> 7220 (b' grade') has 34 occurance
merge 6966/9744: (1283, 313) -> 7221 (b' grlo') has 34 occurance
merge 6967/9744: (5888, 295) -> 7222 (b' uhvate') has 34 occurance
merge 6968/9744: (352, 106) -> 7223 (b'saj') has 34 occurance
merge 6969/9744: (1313, 627) -> 7224 (b' hrabro') has 34 occurance
merge 6970/9744: (278, 302) -> 7225 (b'reno') has 34 occurance
merge 6971/9744: (371, 100) -> 7226 (b' vid') has 34 occurance
merge 6972/9744: (4233, 3626) -> 7227 (b' Spasite') has 34 occurance
merge 6973/9744: (397, 306) -> 7228 (b'njene') has 34 occurance
merge 6974/9744: (1663, 281) -> 7229 (b' Solomuna') has 34 occurance
merge 6975/9744: (3849, 302) -> 7230 (b' zapisano') has 34 occurance
merge 6976/9744: (319, 3401) -> 7231 (b' odgovor') has 34 occurance
merge 6977/9744: (275, 2512) -> 7232 (b'kazuje') has 34 occurance
merge 6978/9744: (279, 288) -> 7233 (b'liji') has 34 occurance
merge 6979/9744: (639, 485) -> 7234 (b'Jeze') has 34 occurance
merge 6980/9744: (112, 998) -> 7235 (b'pjeva') has 34 occurance
merge 6981/9744: (1539, 306) -> 7236 (b' zelene') has 34 occurance
merge 6982/9744: (1126, 97) -> 7237 (b'dosa') has 34 occurance
merge 6983/9744: (1508, 107) -> 7238 (b' vijek') has 34 occurance
merge 6984/9744: (827, 434) -> 7239 (b' Njegovoj') has 34 occurance
merge 6985/9744: (83, 114) -> 7240 (b'Sr') has 34 occurance
merge 6986/9744: (623, 1950) -> 7241 (b' vjerni') has 34 occurance
merge 6987/9744: (1605, 2371) -> 7242 (b' Pripovijeda') has 34 occurance
merge 6988/9744: (1592, 1789) -> 7243 (b'povijedaju') has 34 occurance
merge 6989/9744: (293, 320) -> 7244 (b' jele') has 34 occurance
merge 6990/9744: (267, 282) -> 7245 (b'tini') has 34 occurance
merge 6991/9744: (273, 363) -> 7246 (b'vi\xc4\x91e') has 34 occurance
merge 6992/9744: (327, 4058) -> 7247 (b' Alek') has 34 occurance
merge 6993/9744: (4687, 2239) -> 7248 (b' MATE') has 34 occurance
merge 6994/9744: (7248, 2386) -> 7249 (b' MATEJU') has 34 occurance
merge 6995/9744: (299, 282) -> 7250 (b'gani') has 34 occurance
merge 6996/9744: (1175, 436) -> 7251 (b' gro\xc5\xa1a') has 34 occurance
merge 6997/9744: (1335, 2499) -> 7252 (b' Lazar') has 34 occurance
merge 6998/9744: (368, 116) -> 7253 (b' nit') has 34 occurance
merge 6999/9744: (78, 79) -> 7254 (b'NO') has 34 occurance
merge 7000/9744: (1131, 3397) -> 7255 (b' istorij') has 34 occurance
merge 7001/9744: (3760, 73) -> 7256 (b' XVII') has 34 occurance
merge 7002/9744: (538, 6175) -> 7257 (b' dukate') has 34 occurance
merge 7003/9744: (4307, 313) -> 7258 (b' Mom\xc4\x8dilo') has 34 occurance
merge 7004/9744: (1497, 1351) -> 7259 (b' \xc5\xa0arac') has 34 occurance
merge 7005/9744: (1233, 106) -> 7260 (b' Haj') has 34 occurance
merge 7006/9744: (477, 291) -> 7261 (b' kuma') has 34 occurance
merge 7007/9744: (301, 5813) -> 7262 (b' nejma') has 34 occurance
merge 7008/9744: (3078, 115) -> 7263 (b' jutros') has 34 occurance
merge 7009/9744: (4467, 482) -> 7264 (b' hod\xc5\xbea') has 34 occurance
merge 7010/9744: (920, 4463) -> 7265 (b' Todor') has 34 occurance
merge 7011/9744: (105, 111) -> 7266 (b'io') has 34 occurance
merge 7012/9744: (377, 265) -> 7267 (b' Tko') has 34 occurance
merge 7013/9744: (421, 4897) -> 7268 (b'AN\xc4\x8cA') has 34 occurance
merge 7014/9744: (2098, 112) -> 7269 (b'Prop') has 33 occurance
merge 7015/9744: (117, 3152) -> 7270 (b'umrije') has 33 occurance
merge 7016/9744: (2218, 3110) -> 7271 (b' prokletstvo') has 33 occurance
merge 7017/9744: (1757, 305) -> 7272 (b' otvori\xc5\xa1e') has 33 occurance
merge 7018/9744: (545, 1483) -> 7273 (b' \xc4\x8duvaj') has 33 occurance
merge 7019/9744: (1719, 378) -> 7274 (b' ne\xc4\x8disti') has 33 occurance
merge 7020/9744: (393, 1891) -> 7275 (b' misao') has 33 occurance
merge 7021/9744: (90, 1125) -> 7276 (b'Zako') has 33 occurance
merge 7022/9744: (772, 619) -> 7277 (b'prokle') has 33 occurance
merge 7023/9744: (871, 746) -> 7278 (b' postavlja') has 33 occurance
merge 7024/9744: (280, 3515) -> 7279 (b' nakon') has 33 occurance
merge 7025/9744: (1822, 340) -> 7280 (b' Zemlje') has 33 occurance
merge 7026/9744: (2485, 1679) -> 7281 (b' prvenca') has 33 occurance
merge 7027/9744: (407, 1599) -> 7282 (b' vatri') has 33 occurance
merge 7028/9744: (3138, 1527) -> 7283 (b' faraona') has 33 occurance
merge 7029/9744: (851, 104) -> 7284 (b' uzeh') has 33 occurance
merge 7030/9744: (6628, 268) -> 7285 (b' nalijevo') has 33 occurance
merge 7031/9744: (319, 2114) -> 7286 (b' odmetnu') has 33 occurance
merge 7032/9744: (327, 299) -> 7287 (b' Aga') has 33 occurance
merge 7033/9744: (2602, 110) -> 7288 (b' po\xc5\xa1ten') has 33 occurance
merge 7034/9744: (1575, 270) -> 7289 (b' knezova') has 33 occurance
merge 7035/9744: (663, 313) -> 7290 (b' naslo') has 33 occurance
merge 7036/9744: (395, 3114) -> 7291 (b' preno\xc4\x87i') has 33 occurance
merge 7037/9744: (682, 3492) -> 7292 (b' dana\xc5\xa1njega') has 33 occurance
merge 7038/9744: (441, 291) -> 7293 (b' jama') has 33 occurance
merge 7039/9744: (1281, 521) -> 7294 (b' nebeski') has 33 occurance
merge 7040/9744: (312, 1731) -> 7295 (b' ka\xc5\xbeite') has 33 occurance
merge 7041/9744: (341, 116) -> 7296 (b' sit') has 33 occurance
merge 7042/9744: (1020, 1170) -> 7297 (b' lukav') has 33 occurance
merge 7043/9744: (508, 106) -> 7298 (b'dnoj') has 33 occurance
merge 7044/9744: (836, 299) -> 7299 (b'svega') has 33 occurance
merge 7045/9744: (2636, 111) -> 7300 (b' prevario') has 33 occurance
merge 7046/9744: (503, 1495) -> 7301 (b' ljubiti') has 33 occurance
merge 7047/9744: (794, 294) -> 7302 (b' hoda') has 33 occurance
merge 7048/9744: (845, 306) -> 7303 (b' crne') has 33 occurance
merge 7049/9744: (278, 282) -> 7304 (b'reni') has 33 occurance
merge 7050/9744: (1783, 318) -> 7305 (b' \xc5\xa1atoru') has 33 occurance
merge 7051/9744: (280, 1262) -> 7306 (b' nakupi') has 33 occurance
merge 7052/9744: (681, 256) -> 7307 (b'njuje') has 33 occurance
merge 7053/9744: (509, 1364) -> 7308 (b' \xc5\xbeivite') has 33 occurance
merge 7054/9744: (313, 572) -> 7309 (b'lovima') has 33 occurance
merge 7055/9744: (2508, 285) -> 7310 (b' Posla') has 33 occurance
merge 7056/9744: (70, 97) -> 7311 (b'Fa') has 33 occurance
merge 7057/9744: (290, 3812) -> 7312 (b' potra\xc5\xbei') has 33 occurance
merge 7058/9744: (111, 1666) -> 7313 (b'otvori') has 33 occurance
merge 7059/9744: (2475, 2400) -> 7314 (b' dola\xc5\xbeahu') has 33 occurance
merge 7060/9744: (725, 302) -> 7315 (b' eno') has 33 occurance
merge 7061/9744: (4608, 322) -> 7316 (b' ina\xc4\x8de') has 33 occurance
merge 7062/9744: (279, 279) -> 7317 (b'lili') has 33 occurance
merge 7063/9744: (1132, 2512) -> 7318 (b' pokazuje') has 33 occurance
merge 7064/9744: (657, 1384) -> 7319 (b' uzdr') has 33 occurance
merge 7065/9744: (460, 1182) -> 7320 (b'muilo') has 33 occurance
merge 7066/9744: (679, 118) -> 7321 (b' Jov') has 33 occurance
merge 7067/9744: (277, 310) -> 7322 (b'ri\xc4\x87e') has 33 occurance
merge 7068/9744: (2031, 278) -> 7323 (b' magare') has 33 occurance
merge 7069/9744: (1811, 275) -> 7324 (b' konjika') has 33 occurance
merge 7070/9744: (371, 365) -> 7325 (b' viku') has 33 occurance
merge 7071/9744: (787, 353) -> 7326 (b'tra\xc5\xbee') has 33 occurance
merge 7072/9744: (2097, 270) -> 7327 (b'njihova') has 33 occurance
merge 7073/9744: (2072, 306) -> 7328 (b' Crne') has 33 occurance
merge 7074/9744: (391, 1060) -> 7329 (b' susje') has 33 occurance
merge 7075/9744: (664, 1070) -> 7330 (b' stra\xc5\xbeu') has 33 occurance
merge 7076/9744: (116, 744) -> 7331 (b'tnik') has 33 occurance
merge 7077/9744: (267, 472) -> 7332 (b'tinji') has 33 occurance
merge 7078/9744: (275, 362) -> 7333 (b'ka\xc5\xbei') has 33 occurance
merge 7079/9744: (520, 1917) -> 7334 (b' novac') has 33 occurance
merge 7080/9744: (1596, 1243) -> 7335 (b'Sunce') has 33 occurance
merge 7081/9744: (342, 1229) -> 7336 (b' iznosi') has 33 occurance
merge 7082/9744: (324, 261) -> 7337 (b'\xc4\x8di\xc5\xa1') has 33 occurance
merge 7083/9744: (4163, 116) -> 7338 (b' cvijet') has 33 occurance
merge 7084/9744: (312, 386) -> 7339 (b' kapa') has 33 occurance
merge 7085/9744: (312, 285) -> 7340 (b' kala') has 33 occurance
merge 7086/9744: (1501, 386) -> 7341 (b' raspa') has 33 occurance
merge 7087/9744: (865, 278) -> 7342 (b' pokre') has 33 occurance
merge 7088/9744: (700, 2213) -> 7343 (b' platno') has 33 occurance
merge 7089/9744: (1376, 305) -> 7344 (b' udari\xc5\xa1e') has 33 occurance
merge 7090/9744: (706, 351) -> 7345 (b' \xc4\x8dista') has 33 occurance
merge 7091/9744: (1334, 1364) -> 7346 (b' Levite') has 33 occurance
merge 7092/9744: (328, 116) -> 7347 (b'ost') has 33 occurance
merge 7093/9744: (1103, 265) -> 7348 (b' proroko') has 33 occurance
merge 7094/9744: (111, 435) -> 7349 (b'obe') has 33 occurance
merge 7095/9744: (1836, 346) -> 7350 (b' propast') has 33 occurance
merge 7096/9744: (654, 353) -> 7351 (b' la\xc5\xbee') has 33 occurance
merge 7097/9744: (339, 583) -> 7352 (b' gnije') has 33 occurance
merge 7098/9744: (272, 1732) -> 7353 (b' ugle') has 33 occurance
merge 7099/9744: (314, 114) -> 7354 (b'der') has 33 occurance
merge 7100/9744: (565, 2471) -> 7355 (b' Evro') has 33 occurance
merge 7101/9744: (351, 306) -> 7356 (b'stane') has 33 occurance
merge 7102/9744: (2084, 645) -> 7357 (b' opra\xc5\xa1ta') has 33 occurance
merge 7103/9744: (3621, 462) -> 7358 (b'knjigu') has 33 occurance
merge 7104/9744: (1176, 551) -> 7359 (b' lijepu') has 33 occurance
merge 7105/9744: (273, 370) -> 7360 (b'vici') has 33 occurance
merge 7106/9744: (275, 722) -> 7361 (b'kazu') has 33 occurance
merge 7107/9744: (2753, 281) -> 7362 (b' polovina') has 33 occurance
merge 7108/9744: (396, 276) -> 7363 (b' rata') has 33 occurance
merge 7109/9744: (3482, 353) -> 7364 (b' pote\xc5\xbee') has 33 occurance
merge 7110/9744: (417, 111) -> 7365 (b'zio') has 33 occurance
merge 7111/9744: (391, 4004) -> 7366 (b' suprot') has 33 occurance
merge 7112/9744: (2938, 282) -> 7367 (b' ispuni') has 33 occurance
merge 7113/9744: (699, 103) -> 7368 (b' ovog') has 33 occurance
merge 7114/9744: (338, 326) -> 7369 (b' Sme') has 33 occurance
merge 7115/9744: (73, 642) -> 7370 (b'INA') has 33 occurance
merge 7116/9744: (1588, 1186) -> 7371 (b' pokloniti') has 33 occurance
merge 7117/9744: (588, 279) -> 7372 (b' negoli') has 33 occurance
merge 7118/9744: (283, 567) -> 7373 (b'jaha') has 33 occurance
merge 7119/9744: (267, 305) -> 7374 (b'ti\xc5\xa1e') has 33 occurance
merge 7120/9744: (2642, 1158) -> 7375 (b' vavilonskoga') has 33 occurance
merge 7121/9744: (2177, 302) -> 7376 (b' pisano') has 33 occurance
merge 7122/9744: (317, 326) -> 7377 (b' dome') has 33 occurance
merge 7123/9744: (396, 2078) -> 7378 (b' ravna') has 33 occurance
merge 7124/9744: (365, 112) -> 7379 (b'kup') has 33 occurance
merge 7125/9744: (4013, 370) -> 7380 (b' neznabo\xc5\xa1ci') has 33 occurance
merge 7126/9744: (1509, 346) -> 7381 (b' oblast') has 33 occurance
merge 7127/9744: (775, 278) -> 7382 (b' More') has 33 occurance
merge 7128/9744: (654, 482) -> 7383 (b' la\xc5\xbea') has 33 occurance
merge 7129/9744: (398, 392) -> 7384 (b'\xc5\xa1i\xc4\x87u') has 33 occurance
merge 7130/9744: (481, 100) -> 7385 (b' svad') has 33 occurance
merge 7131/9744: (337, 279) -> 7386 (b'nuli') has 33 occurance
merge 7132/9744: (977, 364) -> 7387 (b' drugijem') has 33 occurance
merge 7133/9744: (1085, 104) -> 7388 (b' stih') has 33 occurance
merge 7134/9744: (286, 997) -> 7389 (b' zrno') has 33 occurance
merge 7135/9744: (709, 346) -> 7390 (b' krst') has 33 occurance
merge 7136/9744: (1852, 107) -> 7391 (b' hajduk') has 33 occurance
merge 7137/9744: (1208, 366) -> 7392 (b' Solu') has 33 occurance
merge 7138/9744: (2565, 271) -> 7393 (b' nesre\xc4\x87') has 33 occurance
merge 7139/9744: (1023, 103) -> 7394 (b' na\xc5\xa1eg') has 33 occurance
merge 7140/9744: (3199, 114) -> 7395 (b' majstor') has 33 occurance
merge 7141/9744: (464, 85) -> 7396 (b' VU') has 33 occurance
merge 7142/9744: (421, 106) -> 7397 (b'ANj') has 33 occurance
merge 7143/9744: (1607, 2603) -> 7398 (b' Starina') has 33 occurance
merge 7144/9744: (529, 298) -> 7399 (b' Uro') has 33 occurance
merge 7145/9744: (1406, 112) -> 7400 (b' Srp') has 33 occurance
merge 7146/9744: (3346, 278) -> 7401 (b' Lazare') has 33 occurance
merge 7147/9744: (560, 1597) -> 7402 (b' tvorca') has 33 occurance
merge 7148/9744: (3921, 294) -> 7403 (b' \xc4\x8darda') has 33 occurance
merge 7149/9744: (503, 547) -> 7404 (b' ljubu') has 33 occurance
merge 7150/9744: (276, 100) -> 7405 (b'tad') has 33 occurance
merge 7151/9744: (7114, 859) -> 7406 (b' Ribnika') has 33 occurance
merge 7152/9744: (1952, 2672) -> 7407 (b' Kulin') has 33 occurance
merge 7153/9744: (385, 2438) -> 7408 (b' Br\xc4\x91a') has 33 occurance
merge 7154/9744: (1559, 4621) -> 7409 (b' ki\xc4\x87eni') has 33 occurance
merge 7155/9744: (292, 316) -> 7410 (b'go\xc4\x91') has 33 occurance
merge 7156/9744: (4660, 1028) -> 7411 (b' tavnice') has 33 occurance
merge 7157/9744: (2946, 264) -> 7412 (b' Mad\xc5\xbeara') has 33 occurance
merge 7158/9744: (751, 1422) -> 7413 (b' Manoj') has 33 occurance
merge 7159/9744: (538, 3798) -> 7414 (b' dukat') has 33 occurance
merge 7160/9744: (4900, 266) -> 7415 (b' ...\n') has 33 occurance
merge 7161/9744: (5816, 299) -> 7416 (b'Knjiga') has 32 occurance
merge 7162/9744: (2019, 256) -> 7417 (b' Srbije') has 32 occurance
merge 7163/9744: (308, 364) -> 7418 (b' kojem') has 32 occurance
merge 7164/9744: (1167, 291) -> 7419 (b' svjema') has 32 occurance
merge 7165/9744: (697, 275) -> 7420 (b' rijeka') has 32 occurance
merge 7166/9744: (4641, 314) -> 7421 (b' nadjede') has 32 occurance
merge 7167/9744: (377, 114) -> 7422 (b' Tr') has 32 occurance
merge 7168/9744: (668, 116) -> 7423 (b' Sit') has 32 occurance
merge 7169/9744: (3442, 698) -> 7424 (b' devedeset') has 32 occurance
merge 7170/9744: (505, 6740) -> 7425 (b' bezaz') has 32 occurance
merge 7171/9744: (278, 281) -> 7426 (b'rena') has 32 occurance
merge 7172/9744: (32, 61) -> 7427 (b' =') has 32 occurance
merge 7173/9744: (337, 285) -> 7428 (b'nula') has 32 occurance
merge 7174/9744: (1092, 305) -> 7429 (b' rodi\xc5\xa1e') has 32 occurance
merge 7175/9744: (4747, 4853) -> 7430 (b'*Amos') has 32 occurance
merge 7176/9744: (2196, 322) -> 7431 (b' plo\xc4\x8de') has 32 occurance
merge 7177/9744: (396, 437) -> 7432 (b' rasu') has 32 occurance
merge 7178/9744: (2245, 370) -> 7433 (b' Misirci') has 32 occurance
merge 7179/9744: (319, 256) -> 7434 (b' odje') has 32 occurance
merge 7180/9744: (1131, 107) -> 7435 (b' istok') has 32 occurance
merge 7181/9744: (111, 1483) -> 7436 (b'ovaj') has 32 occurance
merge 7182/9744: (285, 2086) -> 7437 (b'la\xc5\xbea\xc5\xa1e') has 32 occurance
merge 7183/9744: (402, 3079) -> 7438 (b'zavjet') has 32 occurance
merge 7184/9744: (1630, 2123) -> 7439 (b' blagosloven') has 32 occurance
merge 7185/9744: (1046, 109) -> 7440 (b' gledam') has 32 occurance
merge 7186/9744: (3311, 305) -> 7441 (b' upla\xc5\xa1i\xc5\xa1e') has 32 occurance
merge 7187/9744: (1023, 109) -> 7442 (b' na\xc5\xa1em') has 32 occurance
merge 7188/9744: (423, 270) -> 7443 (b' njiva') has 32 occurance
merge 7189/9744: (871, 111) -> 7444 (b' postao') has 32 occurance
merge 7190/9744: (1567, 313) -> 7445 (b' do\xc5\xa1lo') has 32 occurance
merge 7191/9744: (107, 1826) -> 7446 (b'ksan') has 32 occurance
merge 7192/9744: (1030, 2955) -> 7447 (b'Jakov') has 32 occurance
merge 7193/9744: (311, 437) -> 7448 (b' zasu') has 32 occurance
merge 7194/9744: (265, 386) -> 7449 (b'kopa') has 32 occurance
merge 7195/9744: (100, 432) -> 7450 (b'dnja') has 32 occurance
merge 7196/9744: (870, 458) -> 7451 (b' vrhu') has 32 occurance
merge 7197/9744: (888, 109) -> 7452 (b' vratim') has 32 occurance
merge 7198/9744: (1254, 275) -> 7453 (b'plaka') has 32 occurance
merge 7199/9744: (1005, 100) -> 7454 (b' mlad') has 32 occurance
merge 7200/9744: (309, 340) -> 7455 (b'polje') has 32 occurance
merge 7201/9744: (275, 326) -> 7456 (b'kame') has 32 occurance
merge 7202/9744: (751, 567) -> 7457 (b' Maha') has 32 occurance
merge 7203/9744: (1126, 332) -> 7458 (b'dosmo') has 32 occurance
merge 7204/9744: (294, 392) -> 7459 (b'da\xc4\x87u') has 32 occurance
merge 7205/9744: (281, 270) -> 7460 (b'nava') has 32 occurance
merge 7206/9744: (257, 306) -> 7461 (b' sne') has 32 occurance
merge 7207/9744: (312, 107) -> 7462 (b' kak') has 32 occurance
merge 7208/9744: (3422, 935) -> 7463 (b' tankoga') has 32 occurance
merge 7209/9744: (513, 707) -> 7464 (b' Dajte') has 32 occurance
merge 7210/9744: (963, 114) -> 7465 (b' umr') has 32 occurance
merge 7211/9744: (3908, 352) -> 7466 (b' tjelesa') has 32 occurance
merge 7212/9744: (775, 288) -> 7467 (b' Moji') has 32 occurance
merge 7213/9744: (557, 2360) -> 7468 (b' desnu') has 32 occurance
merge 7214/9744: (388, 313) -> 7469 (b'milo') has 32 occurance
merge 7215/9744: (495, 458) -> 7470 (b'\xc4\x8dahu') has 32 occurance
merge 7216/9744: (1049, 109) -> 7471 (b' svakim') has 32 occurance
merge 7217/9744: (670, 361) -> 7472 (b' babi') has 32 occurance
merge 7218/9744: (1349, 581) -> 7473 (b'Za\xc5\xa1to') has 32 occurance
merge 7219/9744: (430, 279) -> 7474 (b' proli') has 32 occurance
merge 7220/9744: (448, 583) -> 7475 (b' prinije') has 32 occurance
merge 7221/9744: (1465, 115) -> 7476 (b'Pas') has 32 occurance
merge 7222/9744: (1835, 353) -> 7477 (b'br\xc5\xbee') has 32 occurance
merge 7223/9744: (301, 117) -> 7478 (b' neu') has 32 occurance
merge 7224/9744: (560, 109) -> 7479 (b' tvom') has 32 occurance
merge 7225/9744: (342, 696) -> 7480 (b' izbra') has 32 occurance
merge 7226/9744: (313, 268) -> 7481 (b'lovo') has 32 occurance
merge 7227/9744: (290, 2085) -> 7482 (b' pomr') has 32 occurance
merge 7228/9744: (3557, 361) -> 7483 (b' zatrubi') has 32 occurance
merge 7229/9744: (5098, 114) -> 7484 (b'oltar') has 32 occurance
merge 7230/9744: (1588, 110) -> 7485 (b' poklon') has 32 occurance
merge 7231/9744: (109, 340) -> 7486 (b'mlje') has 32 occurance
merge 7232/9744: (278, 356) -> 7487 (b'redo') has 32 occurance
merge 7233/9744: (352, 275) -> 7488 (b'saka') has 32 occurance
merge 7234/9744: (305, 346) -> 7489 (b'\xc5\xa1est') has 32 occurance
merge 7235/9744: (305, 302) -> 7490 (b'\xc5\xa1eno') has 32 occurance
merge 7236/9744: (788, 400) -> 7491 (b'glavu') has 32 occurance
merge 7237/9744: (308, 1070) -> 7492 (b' ko\xc5\xbeu') has 32 occurance
merge 7238/9744: (1391, 278) -> 7493 (b' oltare') has 32 occurance
merge 7239/9744: (394, 310) -> 7494 (b' me\xc4\x87e') has 32 occurance
merge 7240/9744: (912, 305) -> 7495 (b' \xc4\x8da\xc5\xa1e') has 32 occurance
merge 7241/9744: (280, 669) -> 7496 (b' napra') has 32 occurance
merge 7242/9744: (84, 7042) -> 7497 (b'TRE\xc4\x86A') has 32 occurance
merge 7243/9744: (402, 2593) -> 7498 (b'zapovje') has 32 occurance
merge 7244/9744: (1062, 122) -> 7499 (b' Raz') has 32 occurance
merge 7245/9744: (468, 337) -> 7500 (b' punu') has 32 occurance
merge 7246/9744: (796, 2121) -> 7501 (b' o\xc4\x8distiti') has 32 occurance
merge 7247/9744: (395, 536) -> 7502 (b' pre\xc4\x91a') has 32 occurance
merge 7248/9744: (114, 504) -> 7503 (b'rcu') has 32 occurance
merge 7249/9744: (301, 5532) -> 7504 (b' nedosta') has 32 occurance
merge 7250/9744: (1078, 337) -> 7505 (b'\xc5\xa1tinu') has 32 occurance
merge 7251/9744: (936, 104) -> 7506 (b'dnih') has 32 occurance
merge 7252/9744: (105, 390) -> 7507 (b'idu') has 32 occurance
merge 7253/9744: (5293, 291) -> 7508 (b' zubima') has 32 occurance
merge 7254/9744: (1175, 122) -> 7509 (b' groz') has 32 occurance
merge 7255/9744: (341, 883) -> 7510 (b' si\xc4\x91o\xc5\xa1e') has 32 occurance
merge 7256/9744: (751, 277) -> 7511 (b' Mari') has 32 occurance
merge 7257/9744: (6051, 1216) -> 7512 (b'Jordana') has 32 occurance
merge 7258/9744: (1879, 275) -> 7513 (b' momka') has 32 occurance
merge 7259/9744: (852, 267) -> 7514 (b' vidjeti') has 32 occurance
merge 7260/9744: (417, 118) -> 7515 (b'ziv') has 32 occurance
merge 7261/9744: (545, 1561) -> 7516 (b' \xc4\x8duje\xc5\xa1') has 32 occurance
merge 7262/9744: (442, 256) -> 7517 (b'pije') has 32 occurance
merge 7263/9744: (309, 332) -> 7518 (b'pomo') has 32 occurance
merge 7264/9744: (269, 564) -> 7519 (b'\xc4\x8dnom') has 32 occurance
merge 7265/9744: (2779, 693) -> 7520 (b' stanovnici') has 32 occurance
merge 7266/9744: (283, 282) -> 7521 (b'jani') has 32 occurance
merge 7267/9744: (289, 858) -> 7522 (b'veliko') has 32 occurance
merge 7268/9744: (3310, 110) -> 7523 (b' doma\xc4\x87in') has 32 occurance
merge 7269/9744: (429, 5627) -> 7524 (b' Jezrae') has 32 occurance
merge 7270/9744: (3608, 269) -> 7525 (b' Rije\xc4\x8d') has 32 occurance
merge 7271/9744: (311, 4881) -> 7526 (b' zaklju') has 32 occurance
merge 7272/9744: (1716, 626) -> 7527 (b' pjevati') has 32 occurance
merge 7273/9744: (277, 116) -> 7528 (b'rit') has 32 occurance
merge 7274/9744: (465, 270) -> 7529 (b'ljiva') has 32 occurance
merge 7275/9744: (407, 367) -> 7530 (b' vasi') has 32 occurance
merge 7276/9744: (1051, 256) -> 7531 (b' caruje') has 32 occurance
merge 7277/9744: (3943, 390) -> 7532 (b' nepravdu') has 32 occurance
merge 7278/9744: (670, 108) -> 7533 (b' bal') has 32 occurance
merge 7279/9744: (3477, 307) -> 7534 (b' naredi') has 32 occurance
merge 7280/9744: (109, 1618) -> 7535 (b'mrti') has 32 occurance
merge 7281/9744: (276, 285) -> 7536 (b'tala') has 32 occurance
merge 7282/9744: (422, 302) -> 7537 (b' Ono') has 32 occurance
merge 7283/9744: (6814, 1525) -> 7538 (b' Dnevniku') has 32 occurance
merge 7284/9744: (116, 472) -> 7539 (b'tnji') has 32 occurance
merge 7285/9744: (275, 106) -> 7540 (b'kaj') has 32 occurance
merge 7286/9744: (4010, 521) -> 7541 (b' asirski') has 32 occurance
merge 7287/9744: (1451, 4885) -> 7542 (b' Isaija') has 32 occurance
merge 7288/9744: (422, 104) -> 7543 (b' Oh') has 32 occurance
merge 7289/9744: (3568, 355) -> 7544 (b' najve\xc4\x87i') has 32 occurance
merge 7290/9744: (6167, 2048) -> 7545 (b'Molitva') has 32 occurance
merge 7291/9744: (256, 417) -> 7546 (b'jezi') has 32 occurance
merge 7292/9744: (327, 1322) -> 7547 (b' Aman') has 32 occurance
merge 7293/9744: (261, 322) -> 7548 (b'\xc5\xa1\xc4\x8de') has 32 occurance
merge 7294/9744: (261, 674) -> 7549 (b'\xc5\xa1kom') has 32 occurance
merge 7295/9744: (508, 103) -> 7550 (b'dnog') has 32 occurance
merge 7296/9744: (575, 340) -> 7551 (b' \xc5\xbeelje') has 32 occurance
merge 7297/9744: (79, 282) -> 7552 (b'Oni') has 32 occurance
merge 7298/9744: (850, 65) -> 7553 (b'OVA') has 32 occurance
merge 7299/9744: (448, 322) -> 7554 (b' pri\xc4\x8de') has 32 occurance
merge 7300/9744: (468, 566) -> 7555 (b' puste') has 32 occurance
merge 7301/9744: (5624, 302) -> 7556 (b' potpuno') has 32 occurance
merge 7302/9744: (280, 2204) -> 7557 (b' naziva') has 32 occurance
merge 7303/9744: (79, 778) -> 7558 (b'Opet') has 32 occurance
merge 7304/9744: (293, 374) -> 7559 (b' jese') has 32 occurance
merge 7305/9744: (709, 351) -> 7560 (b' krsta') has 32 occurance
merge 7306/9744: (709, 580) -> 7561 (b' kr\xc5\xa1te') has 32 occurance
merge 7307/9744: (6597, 276) -> 7562 (b' sahata') has 32 occurance
merge 7308/9744: (3252, 117) -> 7563 (b' \xc4\x86u') has 32 occurance
merge 7309/9744: (422, 3022) -> 7564 (b' Obili') has 32 occurance
merge 7310/9744: (312, 110) -> 7565 (b' kan') has 32 occurance
merge 7311/9744: (461, 314) -> 7566 (b' onde') has 32 occurance
merge 7312/9744: (635, 366) -> 7567 (b' Milu') has 32 occurance
merge 7313/9744: (842, 3189) -> 7568 (b' Tur\xc4\x8dinu') has 32 occurance
merge 7314/9744: (297, 307) -> 7569 (b' sedi') has 32 occurance
merge 7315/9744: (3076, 382) -> 7570 (b' devojke') has 32 occurance
merge 7316/9744: (1684, 4340) -> 7571 (b'ramba\xc5\xa1a') has 32 occurance
merge 7317/9744: (6143, 3674) -> 7572 (b' Smiljani') has 32 occurance
merge 7318/9744: (1050, 4952) -> 7573 (b' francu') has 32 occurance
merge 7319/9744: (920, 356) -> 7574 (b' Todo') has 32 occurance
merge 7320/9744: (1622, 267) -> 7575 (b' vi\xc4\x91eti') has 32 occurance
merge 7321/9744: (308, 3753) -> 7576 (b' kobila') has 32 occurance
merge 7322/9744: (329, 265) -> 7577 (b' tko') has 32 occurance
merge 7323/9744: (319, 3017) -> 7578 (b' odsije\xc4\x8de') has 32 occurance
merge 7324/9744: (526, 5724) -> 7579 (b' pend\xc5\xbee') has 32 occurance
merge 7325/9744: (6278, 1453) -> 7580 (b' Senkovi\xc4\x87u') has 32 occurance
merge 7326/9744: (4385, 398) -> 7581 (b' varo\xc5\xa1i') has 32 occurance
merge 7327/9744: (4461, 432) -> 7582 (b'-Janja') has 32 occurance
merge 7328/9744: (67, 73) -> 7583 (b'CI') has 31 occurance
merge 7329/9744: (1269, 276) -> 7584 (b' zavjeta') has 31 occurance
merge 7330/9744: (421, 2429) -> 7585 (b'ANjE') has 31 occurance
merge 7331/9744: (302, 271) -> 7586 (b'no\xc4\x87') has 31 occurance
merge 7332/9744: (2200, 2283) -> 7587 (b' zvijezde') has 31 occurance
merge 7333/9744: (1482, 3509) -> 7588 (b' obasja') has 31 occurance
merge 7334/9744: (264, 261) -> 7589 (b'ra\xc5\xa1') has 31 occurance
merge 7335/9744: (1620, 281) -> 7590 (b'godina') has 31 occurance
merge 7336/9744: (1276, 256) -> 7591 (b' Noje') has 31 occurance
merge 7337/9744: (1176, 500) -> 7592 (b' lijepe') has 31 occurance
merge 7338/9744: (2164, 282) -> 7593 (b' silni') has 31 occurance
merge 7339/9744: (1877, 332) -> 7594 (b' sedmo') has 31 occurance
merge 7340/9744: (1076, 118) -> 7595 (b'krv') has 31 occurance
merge 7341/9744: (375, 1271) -> 7596 (b' Posta') has 31 occurance
merge 7342/9744: (1784, 384) -> 7597 (b' napolju') has 31 occurance
merge 7343/9744: (4964, 305) -> 7598 (b' Bje\xc5\xa1e') has 31 occurance
merge 7344/9744: (959, 322) -> 7599 (b' ste\xc4\x8de') has 31 occurance
merge 7345/9744: (79, 268) -> 7600 (b'Ovo') has 31 occurance
merge 7346/9744: (4348, 1129) -> 7601 (b' hananskoj') has 31 occurance
merge 7347/9744: (1783, 278) -> 7602 (b' \xc5\xa1atore') has 31 occurance
merge 7348/9744: (1658, 106) -> 7603 (b' pogledaj') has 31 occurance
merge 7349/9744: (351, 298) -> 7604 (b'staro') has 31 occurance
merge 7350/9744: (342, 994) -> 7605 (b' iznese') has 31 occurance
merge 7351/9744: (1738, 267) -> 7606 (b' dr\xc5\xbeati') has 31 occurance
merge 7352/9744: (871, 267) -> 7607 (b' postati') has 31 occurance
merge 7353/9744: (808, 314) -> 7608 (b' ustade') has 31 occurance
merge 7354/9744: (677, 998) -> 7609 (b' krajeva') has 31 occurance
merge 7355/9744: (362, 118) -> 7610 (b'\xc5\xbeiv') has 31 occurance
merge 7356/9744: (289, 275) -> 7611 (b'veka') has 31 occurance
merge 7357/9744: (396, 1693) -> 7612 (b' ramenu') has 31 occurance
merge 7358/9744: (2348, 276) -> 7613 (b'zlata') has 31 occurance
merge 7359/9744: (259, 2594) -> 7614 (b' istr') has 31 occurance
merge 7360/9744: (1335, 803) -> 7615 (b' Lavan') has 31 occurance
merge 7361/9744: (1408, 1415) -> 7616 (b'svagda') has 31 occurance
merge 7362/9744: (1146, 270) -> 7617 (b' lova') has 31 occurance
merge 7363/9744: (6107, 306) -> 7618 (b' dotakne') has 31 occurance
merge 7364/9744: (2636, 267) -> 7619 (b' prevariti') has 31 occurance
merge 7365/9744: (400, 355) -> 7620 (b'vu\xc4\x87i') has 31 occurance
merge 7366/9744: (696, 392) -> 7621 (b'bra\xc4\x87u') has 31 occurance
merge 7367/9744: (1583, 118) -> 7622 (b' zdrav') has 31 occurance
merge 7368/9744: (429, 346) -> 7623 (b' Jest') has 31 occurance
merge 7369/9744: (396, 875) -> 7624 (b' radio') has 31 occurance
merge 7370/9744: (362, 305) -> 7625 (b'\xc5\xbei\xc5\xa1e') has 31 occurance
merge 7371/9744: (406, 2524) -> 7626 (b' tolike') has 31 occurance
merge 7372/9744: (98, 1660) -> 7627 (b'brna') has 31 occurance
merge 7373/9744: (107, 634) -> 7628 (b'klije') has 31 occurance
merge 7374/9744: (2028, 1495) -> 7629 (b' istrijebiti') has 31 occurance
merge 7375/9744: (65, 291) -> 7630 (b'Ama') has 31 occurance
merge 7376/9744: (4052, 100) -> 7631 (b' Adad') has 31 occurance
merge 7377/9744: (708, 1170) -> 7632 (b' Kakav') has 31 occurance
merge 7378/9744: (285, 294) -> 7633 (b'lada') has 31 occurance
merge 7379/9744: (696, 474) -> 7634 (b'bra\xc4\x87a') has 31 occurance
merge 7380/9744: (3808, 98) -> 7635 (b'grob') has 31 occurance
merge 7381/9744: (351, 111) -> 7636 (b'stao') has 31 occurance
merge 7382/9744: (264, 397) -> 7637 (b'ranje') has 31 occurance
merge 7383/9744: (2223, 307) -> 7638 (b' odredi') has 31 occurance
merge 7384/9744: (374, 285) -> 7639 (b'sela') has 31 occurance
merge 7385/9744: (639, 346) -> 7640 (b'Jest') has 31 occurance
merge 7386/9744: (2230, 295) -> 7641 (b' uzmite') has 31 occurance
merge 7387/9744: (290, 365) -> 7642 (b' poku') has 31 occurance
merge 7388/9744: (1451, 567) -> 7643 (b' Isaha') has 31 occurance
merge 7389/9744: (90, 101) -> 7644 (b'Ze') has 31 occurance
merge 7390/9744: (396, 913) -> 7645 (b' radite') has 31 occurance
merge 7391/9744: (639, 102) -> 7646 (b'Jef') has 31 occurance
merge 7392/9744: (525, 340) -> 7647 (b' poslje') has 31 occurance
merge 7393/9744: (287, 346) -> 7648 (b'tost') has 31 occurance
merge 7394/9744: (743, 390) -> 7649 (b' otidu') has 31 occurance
merge 7395/9744: (745, 314) -> 7650 (b'\xc4\x8dude') has 31 occurance
merge 7396/9744: (2032, 337) -> 7651 (b' praznu') has 31 occurance
merge 7397/9744: (999, 114) -> 7652 (b' pomor') has 31 occurance
merge 7398/9744: (342, 268) -> 7653 (b' izvo') has 31 occurance
merge 7399/9744: (4291, 2499) -> 7654 (b' Eleazar') has 31 occurance
merge 7400/9744: (272, 2650) -> 7655 (b' ukloni') has 31 occurance
merge 7401/9744: (1560, 640) -> 7656 (b'Izrailjevijeh') has 31 occurance
merge 7402/9744: (2542, 953) -> 7657 (b'svojom') has 31 occurance
merge 7403/9744: (349, 474) -> 7658 (b' \xc5\xa1\xc4\x87a') has 31 occurance
merge 7404/9744: (272, 1187) -> 7659 (b' uklo') has 31 occurance
merge 7405/9744: (375, 2948) -> 7660 (b' Prvi') has 31 occurance
merge 7406/9744: (265, 106) -> 7661 (b'koj') has 31 occurance
merge 7407/9744: (2432, 365) -> 7662 (b' mraku') has 31 occurance
merge 7408/9744: (350, 331) -> 7663 (b'  \n\n') has 31 occurance
merge 7409/9744: (474, 107) -> 7664 (b'\xc4\x87ak') has 31 occurance
merge 7410/9744: (334, 279) -> 7665 (b' sali') has 31 occurance
merge 7411/9744: (633, 5452) -> 7666 (b' stopice') has 31 occurance
merge 7412/9744: (654, 306) -> 7667 (b' lane') has 31 occurance
merge 7413/9744: (269, 966) -> 7668 (b'\xc4\x8dnoga') has 31 occurance
merge 7414/9744: (3681, 4292) -> 7669 (b' podno\xc5\xbeje') has 31 occurance
merge 7415/9744: (342, 117) -> 7670 (b' izu') has 31 occurance
merge 7416/9744: (1316, 291) -> 7671 (b' razuma') has 31 occurance
merge 7417/9744: (353, 302) -> 7672 (b'\xc5\xbeeno') has 31 occurance
merge 7418/9744: (1696, 282) -> 7673 (b' zlatni') has 31 occurance
merge 7419/9744: (526, 264) -> 7674 (b' pera') has 31 occurance
merge 7420/9744: (367, 321) -> 7675 (b'sica') has 31 occurance
merge 7421/9744: (441, 1351) -> 7676 (b' jarac') has 31 occurance
merge 7422/9744: (413, 1291) -> 7677 (b' gadove') has 31 occurance
merge 7423/9744: (308, 374) -> 7678 (b' kose') has 31 occurance
merge 7424/9744: (1728, 273) -> 7679 (b'prvi') has 31 occurance
merge 7425/9744: (2097, 593) -> 7680 (b'njihovijem') has 31 occurance
merge 7426/9744: (700, 398) -> 7681 (b' pla\xc5\xa1i') has 31 occurance
merge 7427/9744: (2228, 267) -> 7682 (b' nestati') has 31 occurance
merge 7428/9744: (1014, 1693) -> 7683 (b' plemenu') has 31 occurance
merge 7429/9744: (1225, 282) -> 7684 (b' njezini') has 31 occurance
merge 7430/9744: (263, 2805) -> 7685 (b' opremi') has 31 occurance
merge 7431/9744: (260, 322) -> 7686 (b' p\xc4\x8de') has 31 occurance
merge 7432/9744: (664, 452) -> 7687 (b' straho') has 31 occurance
merge 7433/9744: (1290, 1673) -> 7688 (b' po\xc4\x8detka') has 31 occurance
merge 7434/9744: (4174, 580) -> 7689 (b'op\xc5\xa1te') has 31 occurance
merge 7435/9744: (396, 484) -> 7690 (b' ratu') has 31 occurance
merge 7436/9744: (1540, 390) -> 7691 (b'pravdu') has 31 occurance
merge 7437/9744: (386, 285) -> 7692 (b'pala') has 31 occurance
merge 7438/9744: (520, 1077) -> 7693 (b' nogom') has 31 occurance
merge 7439/9744: (2301, 267) -> 7694 (b' obratiti') has 31 occurance
merge 7440/9744: (2229, 626) -> 7695 (b' sa\xc4\x8duvati') has 31 occurance
merge 7441/9744: (2504, 294) -> 7696 (b' nikada') has 31 occurance
merge 7442/9744: (803, 364) -> 7697 (b'vanjem') has 31 occurance
merge 7443/9744: (1733, 267) -> 7698 (b' uhvatiti') has 31 occurance
merge 7444/9744: (317, 723) -> 7699 (b' dogovori') has 31 occurance
merge 7445/9744: (309, 788) -> 7700 (b'pogla') has 31 occurance
merge 7446/9744: (1577, 108) -> 7701 (b' Hel') has 31 occurance
merge 7447/9744: (257, 1187) -> 7702 (b' sklo') has 31 occurance
merge 7448/9744: (799, 854) -> 7703 (b' junacima') has 31 occurance
merge 7449/9744: (429, 905) -> 7704 (b' Jesam') has 31 occurance
merge 7450/9744: (107, 537) -> 7705 (b'krati') has 31 occurance
merge 7451/9744: (1770, 693) -> 7706 (b' bezbo\xc5\xbenici') has 31 occurance
merge 7452/9744: (912, 352) -> 7707 (b' \xc4\x8dasa') has 31 occurance
merge 7453/9744: (516, 650) -> 7708 (b' carska') has 31 occurance
merge 7454/9744: (1284, 307) -> 7709 (b' vojvodi') has 31 occurance
merge 7455/9744: (357, 267) -> 7710 (b' moti') has 31 occurance
merge 7456/9744: (823, 4241) -> 7711 (b' Davidovu') has 31 occurance
merge 7457/9744: (2007, 283) -> 7712 (b' oru\xc5\xbeja') has 31 occurance
merge 7458/9744: (1889, 295) -> 7713 (b' sramote') has 31 occurance
merge 7459/9744: (280, 1584) -> 7714 (b' namisli') has 31 occurance
merge 7460/9744: (312, 332) -> 7715 (b' kamo') has 31 occurance
merge 7461/9744: (985, 2215) -> 7716 (b' krivice') has 31 occurance
merge 7462/9744: (311, 442) -> 7717 (b' zapi') has 31 occurance
merge 7463/9744: (728, 289) -> 7718 (b' trave') has 31 occurance
merge 7464/9744: (1837, 722) -> 7719 (b' obrazu') has 31 occurance
merge 7465/9744: (912, 378) -> 7720 (b' \xc4\x8dasti') has 31 occurance
merge 7466/9744: (2479, 686) -> 7721 (b' Carstvo') has 31 occurance
merge 7467/9744: (542, 435) -> 7722 (b' grabe') has 31 occurance
merge 7468/9744: (3503, 666) -> 7723 (b' jerusalimske') has 31 occurance
merge 7469/9744: (422, 115) -> 7724 (b' Os') has 31 occurance
merge 7470/9744: (1053, 356) -> 7725 (b' Godo') has 31 occurance
merge 7471/9744: (677, 612) -> 7726 (b' kraso') has 31 occurance
merge 7472/9744: (32, 528) -> 7727 (b' \xc4\x91u') has 31 occurance
merge 7473/9744: (321, 303) -> 7728 (b'caju') has 31 occurance
merge 7474/9744: (4303, 367) -> 7729 (b' persi') has 31 occurance
merge 7475/9744: (357, 292) -> 7730 (b' mogo') has 31 occurance
merge 7476/9744: (667, 309) -> 7731 (b' otpo') has 31 occurance
merge 7477/9744: (1046, 111) -> 7732 (b' gledao') has 31 occurance
merge 7478/9744: (259, 103) -> 7733 (b' ig') has 31 occurance
merge 7479/9744: (80, 3981) -> 7734 (b'Psalam') has 31 occurance
merge 7480/9744: (523, 524) -> 7735 (b' gladan') has 31 occurance
merge 7481/9744: (1146, 388) -> 7736 (b' lomi') has 31 occurance
merge 7482/9744: (1594, 364) -> 7737 (b' na\xc5\xa1ijem') has 31 occurance
merge 7483/9744: (407, 3198) -> 7738 (b' vavijek') has 31 occurance
merge 7484/9744: (1856, 283) -> 7739 (b'Moja') has 31 occurance
merge 7485/9744: (2125, 109) -> 7740 (b' suncem') has 31 occurance
merge 7486/9744: (2138, 112) -> 7741 (b' Arap') has 31 occurance
merge 7487/9744: (1278, 397) -> 7742 (b' pitanje') has 31 occurance
merge 7488/9744: (90, 840) -> 7743 (b'Zdra') has 31 occurance
merge 7489/9744: (2133, 583) -> 7744 (b' spasenije') has 31 occurance
merge 7490/9744: (370, 303) -> 7745 (b'ciju') has 31 occurance
merge 7491/9744: (1311, 111) -> 7746 (b' morao') has 31 occurance
merge 7492/9744: (68, 69) -> 7747 (b'DE') has 31 occurance
merge 7493/9744: (4577, 2767) -> 7748 (b' MARKO') has 31 occurance
merge 7494/9744: (345, 69) -> 7749 (b' NE') has 31 occurance
merge 7495/9744: (327, 78) -> 7750 (b' AN') has 31 occurance
merge 7496/9744: (90, 73) -> 7751 (b'ZI') has 31 occurance
merge 7497/9744: (110, 1326) -> 7752 (b'ndija') has 31 occurance
merge 7498/9744: (1860, 270) -> 7753 (b' Kosova') has 31 occurance
merge 7499/9744: (263, 1213) -> 7754 (b' ovim') has 31 occurance
merge 7500/9744: (3724, 108) -> 7755 (b' Stambol') has 31 occurance
merge 7501/9744: (322, 1325) -> 7756 (b'\xc4\x8de\xc5\xa1\xc4\x87e') has 31 occurance
merge 7502/9744: (407, 110) -> 7757 (b' van') has 31 occurance
merge 7503/9744: (5393, 261) -> 7758 (b'Milo\xc5\xa1') has 31 occurance
merge 7504/9744: (1795, 650) -> 7759 (b' srpska') has 31 occurance
merge 7505/9744: (5731, 316) -> 7760 (b' \xc4\x90ura\xc4\x91') has 31 occurance
merge 7506/9744: (2660, 3964) -> 7761 (b' Stojana') has 31 occurance
merge 7507/9744: (4183, 106) -> 7762 (b' Mustaj') has 31 occurance
merge 7508/9744: (3721, 331) -> 7763 (b'."\n\n') has 31 occurance
merge 7509/9744: (1605, 279) -> 7764 (b' Prili') has 31 occurance
merge 7510/9744: (468, 4771) -> 7765 (b' pu\xc5\xa1aka') has 31 occurance
merge 7511/9744: (477, 365) -> 7766 (b' kuku') has 31 occurance
merge 7512/9744: (58, 41) -> 7767 (b':)') has 31 occurance
merge 7513/9744: (4213, 121) -> 7768 (b' \xc4\x87y') has 31 occurance
merge 7514/9744: (804, 3028) -> 7769 (b' \xc5\xbedre') has 31 occurance
merge 7515/9744: (4214, 267) -> 7770 (b' forinti') has 31 occurance
merge 7516/9744: (4341, 715) -> 7771 (b'                                    ') has 31 occurance
merge 7517/9744: (263, 355) -> 7772 (b' o\xc4\x87i') has 31 occurance
merge 7518/9744: (629, 4095) -> 7773 (b' obli\xc4\x8d') has 30 occurance
merge 7519/9744: (78, 4958) -> 7774 (b'NOST') has 30 occurance
merge 7520/9744: (374, 435) -> 7775 (b'sebe') has 30 occurance
merge 7521/9744: (4140, 291) -> 7776 (b' vrstama') has 30 occurance
merge 7522/9744: (4846, 486) -> 7777 (b' \xc5\xbeensko') has 30 occurance
merge 7523/9744: (1804, 1024) -> 7778 (b' potomstva') has 30 occurance
merge 7524/9744: (280, 270) -> 7779 (b' nava') has 30 occurance
merge 7525/9744: (764, 273) -> 7780 (b' najvi') has 30 occurance
merge 7526/9744: (390, 767) -> 7781 (b'du\xc5\xa1u') has 30 occurance
merge 7527/9744: (429, 6406) -> 7782 (b' Jevuse') has 30 occurance
merge 7528/9744: (281, 114) -> 7783 (b'nar') has 30 occurance
merge 7529/9744: (630, 103) -> 7784 (b' jug') has 30 occurance
merge 7530/9744: (332, 318) -> 7785 (b'moru') has 30 occurance
merge 7531/9744: (649, 1036) -> 7786 (b' dijela') has 30 occurance
merge 7532/9744: (290, 425) -> 7787 (b' povje') has 30 occurance
merge 7533/9744: (923, 264) -> 7788 (b' Vara') has 30 occurance
merge 7534/9744: (667, 1340) -> 7789 (b' otkako') has 30 occurance
merge 7535/9744: (309, 1143) -> 7790 (b'pogubi') has 30 occurance
merge 7536/9744: (1394, 3184) -> 7791 (b' hljebova') has 30 occurance
merge 7537/9744: (2073, 820) -> 7792 (b' izvedo\xc5\xa1e') has 30 occurance
merge 7538/9744: (1005, 536) -> 7793 (b' mla\xc4\x91a') has 30 occurance
merge 7539/9744: (7001, 4065) -> 7794 (b' Virsave') has 30 occurance
merge 7540/9744: (1791, 106) -> 7795 (b' \xc4\x8cuj') has 30 occurance
merge 7541/9744: (565, 102) -> 7796 (b' Ef') has 30 occurance
merge 7542/9744: (334, 273) -> 7797 (b' savi') has 30 occurance
merge 7543/9744: (396, 451) -> 7798 (b' rasto') has 30 occurance
merge 7544/9744: (658, 283) -> 7799 (b' Koja') has 30 occurance
merge 7545/9744: (311, 3939) -> 7800 (b' zadr\xc5\xbea') has 30 occurance
merge 7546/9744: (317, 2144) -> 7801 (b' donesi') has 30 occurance
merge 7547/9744: (105, 307) -> 7802 (b'idi') has 30 occurance
merge 7548/9744: (2575, 306) -> 7803 (b' pristane') has 30 occurance
merge 7549/9744: (380, 397) -> 7804 (b'kinje') has 30 occurance
merge 7550/9744: (5593, 442) -> 7805 (b' pokropi') has 30 occurance
merge 7551/9744: (2790, 107) -> 7806 (b' Valak') has 30 occurance
merge 7552/9744: (286, 1336) -> 7807 (b' zva\xc5\xa1e') has 30 occurance
merge 7553/9744: (257, 302) -> 7808 (b' sno') has 30 occurance
merge 7554/9744: (3051, 306) -> 7809 (b' doline') has 30 occurance
merge 7555/9744: (2546, 416) -> 7810 (b'ovce') has 30 occurance
merge 7556/9744: (4359, 707) -> 7811 (b' Gledajte') has 30 occurance
merge 7557/9744: (477, 2349) -> 7812 (b' ku\xc4\x87om') has 30 occurance
merge 7558/9744: (2423, 592) -> 7813 (b' pristupiv\xc5\xa1i') has 30 occurance
merge 7559/9744: (480, 313) -> 7814 (b' Zlo') has 30 occurance
merge 7560/9744: (943, 267) -> 7815 (b' odgovoriti') has 30 occurance
merge 7561/9744: (888, 295) -> 7816 (b' vratite') has 30 occurance
merge 7562/9744: (2427, 1169) -> 7817 (b' Venijaminovi') has 30 occurance
merge 7563/9744: (317, 2875) -> 7818 (b' dozove') has 30 occurance
merge 7564/9744: (2054, 3220) -> 7819 (b' bolestan') has 30 occurance
merge 7565/9744: (2031, 1351) -> 7820 (b' magarac') has 30 occurance
merge 7566/9744: (2534, 6647) -> 7821 (b' izrailj') has 30 occurance
merge 7567/9744: (311, 270) -> 7822 (b' zava') has 30 occurance
merge 7568/9744: (584, 2209) -> 7823 (b' razliku') has 30 occurance
merge 7569/9744: (290, 2683) -> 7824 (b' polomi') has 30 occurance
merge 7570/9744: (2681, 1170) -> 7825 (b' skakav') has 30 occurance
merge 7571/9744: (4399, 572) -> 7826 (b' krajevima') has 30 occurance
merge 7572/9744: (1954, 707) -> 7827 (b' \xc4\x8duvajte') has 30 occurance
merge 7573/9744: (3358, 295) -> 7828 (b'\xc4\x91oste') has 30 occurance
merge 7574/9744: (1758, 370) -> 7829 (b' vuci') has 30 occurance
merge 7575/9744: (389, 108) -> 7830 (b' pal') has 30 occurance
merge 7576/9744: (360, 1876) -> 7831 (b' te\xc5\xa1ke') has 30 occurance
merge 7577/9744: (317, 1846) -> 7832 (b' dolaze') has 30 occurance
merge 7578/9744: (638, 104) -> 7833 (b' govorih') has 30 occurance
merge 7579/9744: (311, 295) -> 7834 (b' zate') has 30 occurance
merge 7580/9744: (668, 298) -> 7835 (b' Siro') has 30 occurance
merge 7581/9744: (999, 417) -> 7836 (b' pomozi') has 30 occurance
merge 7582/9744: (46, 5959) -> 7837 (b'.Jov') has 30 occurance
merge 7583/9744: (301, 748) -> 7838 (b' nepri') has 30 occurance
merge 7584/9744: (448, 2576) -> 7839 (b' prineso\xc5\xa1e') has 30 occurance
merge 7585/9744: (534, 3317) -> 7840 (b' rogove') has 30 occurance
merge 7586/9744: (257, 2264) -> 7841 (b' sprema') has 30 occurance
merge 7587/9744: (4532, 294) -> 7842 (b'svuda') has 30 occurance
merge 7588/9744: (5172, 397) -> 7843 (b' o\xc4\x8di\xc5\xa1\xc4\x87enje') has 30 occurance
merge 7589/9744: (359, 472) -> 7844 (b' Knji') has 30 occurance
merge 7590/9744: (413, 100) -> 7845 (b' gad') has 30 occurance
merge 7591/9744: (2488, 1267) -> 7846 (b' kedro') has 30 occurance
merge 7592/9744: (1636, 288) -> 7847 (b' broji') has 30 occurance
merge 7593/9744: (290, 462) -> 7848 (b' pogu') has 30 occurance
merge 7594/9744: (2211, 484) -> 7849 (b' po\xc5\xa1tu') has 30 occurance
merge 7595/9744: (474, 1654) -> 7850 (b'\xc4\x87anin') has 30 occurance
merge 7596/9744: (794, 913) -> 7851 (b' hodite') has 30 occurance
merge 7597/9744: (393, 320) -> 7852 (b' mile') has 30 occurance
merge 7598/9744: (695, 278) -> 7853 (b'odre') has 30 occurance
merge 7599/9744: (554, 353) -> 7854 (b' bje\xc5\xbee') has 30 occurance
merge 7600/9744: (1011, 353) -> 7855 (b'Bo\xc5\xbee') has 30 occurance
merge 7601/9744: (2651, 111) -> 7856 (b' izabrao') has 30 occurance
merge 7602/9744: (300, 3055) -> 7857 (b' darove') has 30 occurance
merge 7603/9744: (441, 1634) -> 7858 (b' jaganj') has 30 occurance
merge 7604/9744: (637, 859) -> 7859 (b' vojnika') has 30 occurance
merge 7605/9744: (111, 1779) -> 7860 (b'oru\xc5\xbe') has 30 occurance
merge 7606/9744: (1412, 314) -> 7861 (b' tvrde') has 30 occurance
merge 7607/9744: (360, 273) -> 7862 (b' tevi') has 30 occurance
merge 7608/9744: (860, 291) -> 7863 (b'\xc4\x91ima') has 30 occurance
merge 7609/9744: (914, 528) -> 7864 (b' izi\xc4\x91u') has 30 occurance
merge 7610/9744: (317, 5615) -> 7865 (b' dovrat') has 30 occurance
merge 7611/9744: (1010, 298) -> 7866 (b' potro') has 30 occurance
merge 7612/9744: (352, 104) -> 7867 (b'sah') has 30 occurance
merge 7613/9744: (265, 432) -> 7868 (b'konja') has 30 occurance
merge 7614/9744: (520, 400) -> 7869 (b' novu') has 30 occurance
merge 7615/9744: (5835, 927) -> 7870 (b' potsmijeh') has 30 occurance
merge 7616/9744: (1716, 4615) -> 7871 (b' pjesmu') has 30 occurance
merge 7617/9744: (430, 378) -> 7872 (b' prosti') has 30 occurance
merge 7618/9744: (3541, 313) -> 7873 (b' dogodilo') has 30 occurance
merge 7619/9744: (1166, 390) -> 7874 (b' zidu') has 30 occurance
merge 7620/9744: (270, 1707) -> 7875 (b'vavilon') has 30 occurance
merge 7621/9744: (320, 116) -> 7876 (b'let') has 30 occurance
merge 7622/9744: (403, 281) -> 7877 (b' tana') has 30 occurance
merge 7623/9744: (109, 306) -> 7878 (b'mne') has 30 occurance
merge 7624/9744: (282, 322) -> 7879 (b'ni\xc4\x8de') has 30 occurance
merge 7625/9744: (68, 270) -> 7880 (b'Dva') has 30 occurance
merge 7626/9744: (882, 361) -> 7881 (b' sobi') has 30 occurance
merge 7627/9744: (1551, 115) -> 7882 (b' Joas') has 30 occurance
merge 7628/9744: (256, 291) -> 7883 (b'jema') has 30 occurance
merge 7629/9744: (268, 3065) -> 7884 (b'vojaka') has 30 occurance
merge 7630/9744: (105, 714) -> 7885 (b'igra') has 30 occurance
merge 7631/9744: (272, 1416) -> 7886 (b' u\xc5\xa1av\xc5\xa1i') has 30 occurance
merge 7632/9744: (364, 105) -> 7887 (b'jemi') has 30 occurance
merge 7633/9744: (315, 634) -> 7888 (b' Ilije') has 30 occurance
merge 7634/9744: (794, 1468) -> 7889 (b' ho\xc4\x91a\xc5\xa1e') has 30 occurance
merge 7635/9744: (357, 3142) -> 7890 (b' mole\xc4\x87i') has 30 occurance
merge 7636/9744: (2326, 256) -> 7891 (b' Filisteje') has 30 occurance
merge 7637/9744: (260, 1089) -> 7892 (b' psal') has 30 occurance
merge 7638/9744: (3784, 270) -> 7893 (b'\xc5\xbenjava') has 30 occurance
merge 7639/9744: (290, 4087) -> 7894 (b' pozdravi') has 30 occurance
merge 7640/9744: (388, 264) -> 7895 (b'mira') has 30 occurance
merge 7641/9744: (3364, 425) -> 7896 (b' medvje') has 30 occurance
merge 7642/9744: (823, 356) -> 7897 (b' Davido') has 30 occurance
merge 7643/9744: (296, 681) -> 7898 (b'\xc5\xbenju') has 30 occurance
merge 7644/9744: (1357, 320) -> 7899 (b' vesele') has 30 occurance
merge 7645/9744: (1062, 307) -> 7900 (b' Radi') has 30 occurance
merge 7646/9744: (654, 528) -> 7901 (b' la\xc4\x91u') has 30 occurance
merge 7647/9744: (569, 2168) -> 7902 (b' Hrama') has 30 occurance
merge 7648/9744: (1166, 1291) -> 7903 (b' zidove') has 30 occurance
merge 7649/9744: (1893, 112) -> 7904 (b' skup') has 30 occurance
merge 7650/9744: (272, 3703) -> 7905 (b' u\xc4\x8da\xc5\xa1e') has 30 occurance
merge 7651/9744: (2565, 474) -> 7906 (b' nesre\xc4\x87a') has 30 occurance
merge 7652/9744: (301, 283) -> 7907 (b' neja') has 30 occurance
merge 7653/9744: (395, 295) -> 7908 (b' prete') has 30 occurance
merge 7654/9744: (6168, 3324) -> 7909 (b' druk\xc4\x8dije') has 30 occurance
merge 7655/9744: (1251, 288) -> 7910 (b'Koji') has 30 occurance
merge 7656/9744: (429, 3947) -> 7911 (b' Jestira') has 30 occurance
merge 7657/9744: (410, 504) -> 7912 (b'bacu') has 30 occurance
merge 7658/9744: (308, 279) -> 7913 (b' koli') has 30 occurance
merge 7659/9744: (4258, 746) -> 7914 (b' ponavlja') has 30 occurance
merge 7660/9744: (1770, 744) -> 7915 (b' bezbo\xc5\xbenik') has 30 occurance
merge 7661/9744: (679, 268) -> 7916 (b' Jovo') has 30 occurance
merge 7662/9744: (80, 264) -> 7917 (b'Pra') has 30 occurance
merge 7663/9744: (2402, 281) -> 7918 (b' stra\xc5\xa1na') has 30 occurance
merge 7664/9744: (407, 285) -> 7919 (b' vala') has 30 occurance
merge 7665/9744: (424, 320) -> 7920 (b' vele') has 30 occurance
merge 7666/9744: (1835, 712) -> 7921 (b'brzo') has 30 occurance
merge 7667/9744: (1766, 109) -> 7922 (b' ljubim') has 30 occurance
merge 7668/9744: (584, 404) -> 7923 (b' razbo') has 30 occurance
merge 7669/9744: (1153, 402) -> 7924 (b' kroza') has 30 occurance
merge 7670/9744: (3552, 106) -> 7925 (b' prorokuj') has 30 occurance
merge 7671/9744: (261, 495) -> 7926 (b'\xc5\xa1\xc4\x8da') has 30 occurance
merge 7672/9744: (1623, 365) -> 7927 (b' \xc4\x8doveku') has 30 occurance
merge 7673/9744: (542, 1028) -> 7928 (b' granice') has 30 occurance
merge 7674/9744: (914, 1416) -> 7929 (b' izi\xc5\xa1av\xc5\xa1i') has 30 occurance
merge 7675/9744: (6074, 107) -> 7930 (b' sanduk') has 30 occurance
merge 7676/9744: (1076, 378) -> 7931 (b'krsti') has 30 occurance
merge 7677/9744: (1628, 271) -> 7932 (b'Ve\xc4\x87') has 30 occurance
merge 7678/9744: (86, 5072) -> 7933 (b'Vladi') has 30 occurance
merge 7679/9744: (751, 7105) -> 7934 (b' Makedo') has 30 occurance
merge 7680/9744: (389, 2499) -> 7935 (b' pazar') has 30 occurance
merge 7681/9744: (1800, 267) -> 7936 (b'knuti') has 30 occurance
merge 7682/9744: (4424, 283) -> 7937 (b' a\xc5\xbedaja') has 30 occurance
merge 7683/9744: (1264, 1918) -> 7938 (b' turskog') has 30 occurance
merge 7684/9744: (654, 3505) -> 7939 (b' latin') has 30 occurance
merge 7685/9744: (474, 114) -> 7940 (b'\xc4\x87ar') has 30 occurance
merge 7686/9744: (3126, 337) -> 7941 (b' dru\xc5\xbeinu') has 30 occurance
merge 7687/9744: (3951, 110) -> 7942 (b' sultan') has 30 occurance
merge 7688/9744: (670, 110) -> 7943 (b' ban') has 30 occurance
merge 7689/9744: (925, 367) -> 7944 (b' Musi') has 30 occurance
merge 7690/9744: (3944, 5092) -> 7945 (b' manastir') has 30 occurance
merge 7691/9744: (39, 109) -> 7946 (b"'m") has 30 occurance
merge 7692/9744: (292, 965) -> 7947 (b'govi\xc4\x87') has 30 occurance
merge 7693/9744: (3953, 332) -> 7948 (b' \xc4\x90emo') has 30 occurance
merge 7694/9744: (111, 310) -> 7949 (b'o\xc4\x87e') has 30 occurance
merge 7695/9744: (3827, 111) -> 7950 (b'.Pitao') has 30 occurance
merge 7696/9744: (2150, 111) -> 7951 (b' Beo') has 29 occurance
merge 7697/9744: (117, 102) -> 7952 (b'uf') has 29 occurance
merge 7698/9744: (1412, 100) -> 7953 (b' tvrd') has 29 occurance
merge 7699/9744: (4018, 572) -> 7954 (b' heruvima') has 29 occurance
merge 7700/9744: (5483, 307) -> 7955 (b' rasrdi') has 29 occurance
merge 7701/9744: (639, 546) -> 7956 (b'Jevr') has 29 occurance
merge 7702/9744: (520, 273) -> 7957 (b' novi') has 29 occurance
merge 7703/9744: (269, 303) -> 7958 (b'\xc4\x8dju') has 29 occurance
merge 7704/9744: (2200, 114) -> 7959 (b' zvijer') has 29 occurance
merge 7705/9744: (5266, 2123) -> 7960 (b' Blagosloven') has 29 occurance
merge 7706/9744: (1644, 104) -> 7961 (b'Mih') has 29 occurance
merge 7707/9744: (2760, 802) -> 7962 (b'plemena') has 29 occurance
merge 7708/9744: (911, 109) -> 7963 (b' blagom') has 29 occurance
merge 7709/9744: (2062, 277) -> 7964 (b' pastiri') has 29 occurance
merge 7710/9744: (2964, 744) -> 7965 (b'sve\xc5\xa1tenik') has 29 occurance
merge 7711/9744: (1563, 109) -> 7966 (b'jednom') has 29 occurance
merge 7712/9744: (1365, 305) -> 7967 (b' slu\xc5\xa1a\xc5\xa1e') has 29 occurance
merge 7713/9744: (374, 397) -> 7968 (b'senje') has 29 occurance
merge 7714/9744: (1598, 913) -> 7969 (b' Hodite') has 29 occurance
merge 7715/9744: (3037, 458) -> 7970 (b' vikahu') has 29 occurance
merge 7716/9744: (300, 866) -> 7971 (b' darom') has 29 occurance
merge 7717/9744: (956, 285) -> 7972 (b' kazala') has 29 occurance
merge 7718/9744: (500, 355) -> 7973 (b'pe\xc4\x87i') has 29 occurance
merge 7719/9744: (1094, 739) -> 7974 (b'Potom') has 29 occurance
merge 7720/9744: (440, 109) -> 7975 (b' re\xc4\x8dem') has 29 occurance
merge 7721/9744: (54, 55) -> 7976 (b'67') has 29 occurance
merge 7722/9744: (294, 278) -> 7977 (b'dare') has 29 occurance
merge 7723/9744: (2485, 1590) -> 7978 (b' prvenac') has 29 occurance
merge 7724/9744: (659, 289) -> 7979 (b' Save') has 29 occurance
merge 7725/9744: (308, 362) -> 7980 (b' ko\xc5\xbei') has 29 occurance
merge 7726/9744: (372, 277) -> 7981 (b' vri') has 29 occurance
merge 7727/9744: (346, 289) -> 7982 (b'stve') has 29 occurance
merge 7728/9744: (1572, 1582) -> 7983 (b' dove\xc5\xa1\xc4\x87u') has 29 occurance
merge 7729/9744: (111, 1407) -> 7984 (b'ovoga') has 29 occurance
merge 7730/9744: (340, 306) -> 7985 (b'ljene') has 29 occurance
merge 7731/9744: (2358, 326) -> 7986 (b'uzme') has 29 occurance
merge 7732/9744: (1285, 278) -> 7987 (b' zore') has 29 occurance
merge 7733/9744: (788, 118) -> 7988 (b'glav') has 29 occurance
merge 7734/9744: (422, 294) -> 7989 (b' Oda') has 29 occurance
merge 7735/9744: (441, 388) -> 7990 (b' jami') has 29 occurance
merge 7736/9744: (2292, 314) -> 7991 (b' skide') has 29 occurance
merge 7737/9744: (860, 1336) -> 7992 (b'\xc4\x91iva\xc5\xa1e') has 29 occurance
merge 7738/9744: (270, 295) -> 7993 (b'vate') has 29 occurance
merge 7739/9744: (1482, 279) -> 7994 (b' obali') has 29 occurance
merge 7740/9744: (115, 861) -> 7995 (b'svom') has 29 occurance
merge 7741/9744: (3117, 314) -> 7996 (b' uhode') has 29 occurance
merge 7742/9744: (973, 2065) -> 7997 (b' podigo\xc5\xa1e') has 29 occurance
merge 7743/9744: (109, 564) -> 7998 (b'mnom') has 29 occurance
merge 7744/9744: (2299, 118) -> 7999 (b' milostiv') has 29 occurance
merge 7745/9744: (290, 583) -> 8000 (b' ponije') has 29 occurance
merge 7746/9744: (888, 111) -> 8001 (b' vratio') has 29 occurance
merge 7747/9744: (115, 1259) -> 8002 (b'snaest') has 29 occurance
merge 7748/9744: (327, 2116) -> 8003 (b' Asvi') has 29 occurance
merge 7749/9744: (895, 267) -> 8004 (b'laziti') has 29 occurance
merge 7750/9744: (1154, 306) -> 8005 (b' tajne') has 29 occurance
merge 7751/9744: (285, 276) -> 8006 (b'lata') has 29 occurance
merge 7752/9744: (324, 504) -> 8007 (b'\xc4\x8dicu') has 29 occurance
merge 7753/9744: (775, 2153) -> 8008 (b' Molim') has 29 occurance
merge 7754/9744: (290, 2670) -> 8009 (b' postupa') has 29 occurance
merge 7755/9744: (525, 2315) -> 8010 (b' poslove') has 29 occurance
merge 7756/9744: (5361, 112) -> 8011 (b' krjep') has 29 occurance
merge 7757/9744: (669, 1364) -> 8012 (b'pravite') has 29 occurance
merge 7758/9744: (971, 116) -> 8013 (b' poznat') has 29 occurance
merge 7759/9744: (279, 295) -> 8014 (b'lite') has 29 occurance
merge 7760/9744: (291, 322) -> 8015 (b'ma\xc4\x8de') has 29 occurance
merge 7761/9744: (721, 282) -> 8016 (b' godini') has 29 occurance
merge 7762/9744: (4408, 998) -> 8017 (b' zapjeva') has 29 occurance
merge 7763/9744: (1738, 305) -> 8018 (b' dr\xc5\xbea\xc5\xa1e') has 29 occurance
merge 7764/9744: (403, 1296) -> 8019 (b' tanko') has 29 occurance
merge 7765/9744: (280, 1728) -> 8020 (b' napr') has 29 occurance
merge 7766/9744: (405, 739) -> 8021 (b' svetom') has 29 occurance
merge 7767/9744: (752, 270) -> 8022 (b' okova') has 29 occurance
merge 7768/9744: (1572, 307) -> 8023 (b' dovedi') has 29 occurance
merge 7769/9744: (3337, 295) -> 8024 (b' Subote') has 29 occurance
merge 7770/9744: (326, 276) -> 8025 (b'meta') has 29 occurance
merge 7771/9744: (267, 295) -> 8026 (b'tite') has 29 occurance
merge 7772/9744: (273, 110) -> 8027 (b'vin') has 29 occurance
merge 7773/9744: (308, 437) -> 8028 (b' kosu') has 29 occurance
merge 7774/9744: (324, 451) -> 8029 (b'\xc4\x8disto') has 29 occurance
merge 7775/9744: (108, 337) -> 8030 (b'lnu') has 29 occurance
merge 7776/9744: (402, 318) -> 8031 (b'zaru') has 29 occurance
merge 7777/9744: (1534, 495) -> 8032 (b' obi\xc4\x8da') has 29 occurance
merge 7778/9744: (267, 364) -> 8033 (b'tijem') has 29 occurance
merge 7779/9744: (731, 109) -> 8034 (b'\xc4\x91om') has 29 occurance
merge 7780/9744: (291, 337) -> 8035 (b'manu') has 29 occurance
merge 7781/9744: (545, 279) -> 8036 (b' \xc4\x8duli') has 29 occurance
merge 7782/9744: (424, 474) -> 8037 (b' ve\xc4\x87a') has 29 occurance
merge 7783/9744: (3567, 332) -> 8038 (b' iznemo') has 29 occurance
merge 7784/9744: (259, 820) -> 8039 (b' ido\xc5\xa1e') has 29 occurance
merge 7785/9744: (2341, 521) -> 8040 (b' ljudski') has 29 occurance
merge 7786/9744: (5159, 104) -> 8041 (b' trbuh') has 29 occurance
merge 7787/9744: (521, 927) -> 8042 (b'skijeh') has 29 occurance
merge 7788/9744: (290, 1234) -> 8043 (b' pomije') has 29 occurance
merge 7789/9744: (367, 288) -> 8044 (b'siji') has 29 occurance
merge 7790/9744: (279, 285) -> 8045 (b'lila') has 29 occurance
merge 7791/9744: (311, 546) -> 8046 (b' zavr') has 29 occurance
merge 7792/9744: (989, 2255) -> 8047 (b' dvojica') has 29 occurance
merge 7793/9744: (275, 270) -> 8048 (b'kava') has 29 occurance
merge 7794/9744: (258, 364) -> 8049 (b' njem') has 29 occurance
merge 7795/9744: (523, 893) -> 8050 (b' glavara') has 29 occurance
merge 7796/9744: (584, 874) -> 8051 (b' razgleda') has 29 occurance
merge 7797/9744: (2272, 265) -> 8052 (b' nepoko') has 29 occurance
merge 7798/9744: (786, 261) -> 8053 (b' nema\xc5\xa1') has 29 occurance
merge 7799/9744: (784, 528) -> 8054 (b' Me\xc4\x91u') has 29 occurance
merge 7800/9744: (267, 952) -> 8055 (b'tijelo') has 29 occurance
merge 7801/9744: (65, 264) -> 8056 (b'Ara') has 29 occurance
merge 7802/9744: (584, 111) -> 8057 (b' razo') has 29 occurance
merge 7803/9744: (404, 314) -> 8058 (b'bode') has 29 occurance
merge 7804/9744: (388, 281) -> 8059 (b'mina') has 29 occurance
merge 7805/9744: (1736, 256) -> 8060 (b' dobije') has 29 occurance
merge 7806/9744: (391, 772) -> 8061 (b' supro') has 29 occurance
merge 7807/9744: (268, 390) -> 8062 (b'vodu') has 29 occurance
merge 7808/9744: (2099, 111) -> 8063 (b' pokazao') has 29 occurance
merge 7809/9744: (293, 109) -> 8064 (b' jem') has 29 occurance
merge 7810/9744: (319, 4777) -> 8065 (b' odvra\xc4\x87a') has 29 occurance
merge 7811/9744: (844, 321) -> 8066 (b' zeca') has 29 occurance
merge 7812/9744: (1540, 314) -> 8067 (b'pravde') has 29 occurance
merge 7813/9744: (311, 3192) -> 8068 (b' zaspi') has 29 occurance
merge 7814/9744: (315, 390) -> 8069 (b' Idu') has 29 occurance
merge 7815/9744: (1020, 307) -> 8070 (b' ludi') has 29 occurance
merge 7816/9744: (2673, 376) -> 8071 (b' Tvojoj') has 29 occurance
merge 7817/9744: (65, 567) -> 8072 (b'Aha') has 29 occurance
merge 7818/9744: (2141, 482) -> 8073 (b' pru\xc5\xbea') has 29 occurance
merge 7819/9744: (320, 109) -> 8074 (b'lem') has 29 occurance
merge 7820/9744: (2381, 397) -> 8075 (b' pominje') has 29 occurance
merge 7821/9744: (338, 5182) -> 8076 (b' SUD') has 29 occurance
merge 7822/9744: (790, 2086) -> 8077 (b' le\xc5\xbea\xc5\xa1e') has 29 occurance
merge 7823/9744: (338, 1332) -> 8078 (b' Srce') has 29 occurance
merge 7824/9744: (2091, 307) -> 8079 (b'Radi') has 29 occurance
merge 7825/9744: (550, 810) -> 8080 (b' imaju\xc4\x87i') has 29 occurance
merge 7826/9744: (2548, 106) -> 8081 (b'\xc4\x8dekaj') has 29 occurance
merge 7827/9744: (402, 100) -> 8082 (b'zad') has 29 occurance
merge 7828/9744: (575, 320) -> 8083 (b' \xc5\xbeele') has 29 occurance
merge 7829/9744: (5115, 114) -> 8084 (b' Avenir') has 29 occurance
merge 7830/9744: (347, 285) -> 8085 (b' Mla') has 29 occurance
merge 7831/9744: (1682, 388) -> 8086 (b' \xc5\xa1umi') has 29 occurance
merge 7832/9744: (2663, 1411) -> 8087 (b' sazidati') has 29 occurance
merge 7833/9744: (1132, 3293) -> 8088 (b' pokajanje') has 29 occurance
merge 7834/9744: (1893, 309) -> 8089 (b' skupo') has 29 occurance
merge 7835/9744: (2504, 1178) -> 8090 (b' nikakva') has 29 occurance
merge 7836/9744: (736, 4272) -> 8091 (b' haldej') has 29 occurance
merge 7837/9744: (84, 3336) -> 8092 (b'Tvoje') has 29 occurance
merge 7838/9744: (505, 115) -> 8093 (b' bes') has 29 occurance
merge 7839/9744: (3090, 288) -> 8094 (b' Judeji') has 29 occurance
merge 7840/9744: (357, 320) -> 8095 (b' mole') has 29 occurance
merge 7841/9744: (495, 115) -> 8096 (b'\xc4\x8das') has 29 occurance
merge 7842/9744: (488, 103) -> 8097 (b' rug') has 29 occurance
merge 7843/9744: (79, 1483) -> 8098 (b'Ovaj') has 29 occurance
merge 7844/9744: (5124, 106) -> 8099 (b' Mardohej') has 29 occurance
merge 7845/9744: (283, 337) -> 8100 (b'janu') has 29 occurance
merge 7846/9744: (850, 85) -> 8101 (b'OVU') has 29 occurance
merge 7847/9744: (122, 524) -> 8102 (b'zdan') has 29 occurance
merge 7848/9744: (1193, 1850) -> 8103 (b' gusle') has 29 occurance
merge 7849/9744: (924, 314) -> 8104 (b' Vide') has 29 occurance
merge 7850/9744: (359, 306) -> 8105 (b' Kne') has 29 occurance
merge 7851/9744: (383, 432) -> 8106 (b' munja') has 29 occurance
merge 7852/9744: (2098, 3590) -> 8107 (b'Proricanje') has 29 occurance
merge 7853/9744: (317, 2204) -> 8108 (b' doziva') has 29 occurance
merge 7854/9744: (73, 1769) -> 8109 (b'ILA') has 29 occurance
merge 7855/9744: (1228, 109) -> 8110 (b' nosim') has 29 occurance
merge 7856/9744: (354, 452) -> 8111 (b' tiho') has 29 occurance
merge 7857/9744: (837, 2290) -> 8112 (b' trgovi') has 29 occurance
merge 7858/9744: (1278, 109) -> 8113 (b' pitam') has 29 occurance
merge 7859/9744: (426, 292) -> 8114 (b' Bogo') has 29 occurance
merge 7860/9744: (3684, 1851) -> 8115 (b' dostojan') has 29 occurance
merge 7861/9744: (422, 504) -> 8116 (b' Ocu') has 29 occurance
merge 7862/9744: (4104, 110) -> 8117 (b' Simon') has 29 occurance
merge 7863/9744: (3627, 322) -> 8118 (b' klju\xc4\x8de') has 29 occurance
merge 7864/9744: (770, 400) -> 8119 (b' prvu') has 29 occurance
merge 7865/9744: (4252, 261) -> 8120 (b' koko\xc5\xa1') has 29 occurance
merge 7866/9744: (2640, 100) -> 8121 (b' otkud') has 29 occurance
merge 7867/9744: (512, 1475) -> 8122 (b' Jagnje') has 29 occurance
merge 7868/9744: (477, 109) -> 8123 (b' kum') has 29 occurance
merge 7869/9744: (2208, 2943) -> 8124 (b' Blagodat') has 29 occurance
merge 7870/9744: (790, 386) -> 8125 (b' lepa') has 29 occurance
merge 7871/9744: (5134, 1671) -> 8126 (b' Brankovi\xc4\x87a') has 29 occurance
merge 7872/9744: (5117, 4295) -> 8127 (b' zadu\xc5\xbebi') has 29 occurance
merge 7873/9744: (2508, 320) -> 8128 (b' Posle') has 29 occurance
merge 7874/9744: (1276, 1140) -> 8129 (b' Novako') has 29 occurance
merge 7875/9744: (1567, 111) -> 8130 (b' do\xc5\xa1o') has 29 occurance
merge 7876/9744: (505, 285) -> 8131 (b' bela') has 29 occurance
merge 7877/9744: (2827, 104) -> 8132 (b' Vlah') has 29 occurance
merge 7878/9744: (717, 299) -> 8133 (b' vraga') has 29 occurance
merge 7879/9744: (4016, 504) -> 8134 (b' \xc5\xa0arcu') has 29 occurance
merge 7880/9744: (2480, 2736) -> 8135 (b' d\xc5\xbeepove') has 29 occurance
merge 7881/9744: (1944, 264) -> 8136 (b' vezira') has 29 occurance
merge 7882/9744: (45, 386) -> 8137 (b'-pa') has 29 occurance
merge 7883/9744: (1053, 277) -> 8138 (b' Gori') has 29 occurance
merge 7884/9744: (3227, 275) -> 8139 (b' vladika') has 29 occurance
merge 7885/9744: (4753, 1824) -> 8140 (b' Maksima') has 29 occurance
merge 7886/9744: (568, 390) -> 8141 (b' znadu') has 29 occurance
merge 7887/9744: (543, 5314) -> 8142 (b' burmu') has 29 occurance
merge 7888/9744: (45, 73) -> 8143 (b'-I') has 29 occurance
merge 7889/9744: (5637, 306) -> 8144 (b' lagane') has 29 occurance
merge 7890/9744: (39, 1036) -> 8145 (b"'jela") has 29 occurance
merge 7891/9744: (782, 965) -> 8146 (b' carevi\xc4\x87') has 29 occurance
merge 7892/9744: (368, 5018) -> 8147 (b' nig\xc4\x91e') has 29 occurance
merge 7893/9744: (6722, 5908) -> 8148 (b'"Pobratime') has 29 occurance
merge 7894/9744: (34, 1061) -> 8149 (b'"Na') has 29 occurance
merge 7895/9744: (1403, 265) -> 8150 (b' \xc4\x91evojko') has 29 occurance
merge 7896/9744: (3341, 80) -> 8151 (b'POP') has 29 occurance
merge 7897/9744: (261, 5269) -> 8152 (b'\xc5\xa1njo') has 29 occurance
merge 7898/9744: (517, 115) -> 8153 (b' vos') has 29 occurance
merge 7899/9744: (387, 1849) -> 8154 (b' Gospodin') has 29 occurance
merge 7900/9744: (446, 536) -> 8155 (b' ma\xc4\x91a') has 29 occurance
merge 7901/9744: (260, 352) -> 8156 (b' psa') has 28 occurance
merge 7902/9744: (327, 118) -> 8157 (b' Av') has 28 occurance
merge 7903/9744: (635, 1345) -> 8158 (b' Mihe') has 28 occurance
merge 7904/9744: (938, 288) -> 8159 (b' Bo\xc5\xbeiji') has 28 occurance
merge 7905/9744: (1412, 267) -> 8160 (b' tvrti') has 28 occurance
merge 7906/9744: (341, 2045) -> 8161 (b' sitne') has 28 occurance
merge 7907/9744: (300, 2284) -> 8162 (b' da\xc5\xbeda') has 28 occurance
merge 7908/9744: (563, 567) -> 8163 (b' praha') has 28 occurance
merge 7909/9744: (3728, 108) -> 8164 (b' nevaljal') has 28 occurance
merge 7910/9744: (1513, 1238) -> 8165 (b' cijeli') has 28 occurance
merge 7911/9744: (556, 109) -> 8166 (b' velim') has 28 occurance
merge 7912/9744: (2890, 307) -> 8167 (b' posadi') has 28 occurance
merge 7913/9744: (950, 291) -> 8168 (b'kojima') has 28 occurance
merge 7914/9744: (374, 109) -> 8169 (b'sem') has 28 occurance
merge 7915/9744: (1645, 619) -> 8170 (b' odakle') has 28 occurance
merge 7916/9744: (278, 283) -> 8171 (b'reja') has 28 occurance
merge 7917/9744: (396, 118) -> 8172 (b' rav') has 28 occurance
merge 7918/9744: (964, 318) -> 8173 (b' Seru') has 28 occurance
merge 7919/9744: (481, 536) -> 8174 (b' sva\xc4\x91a') has 28 occurance
merge 7920/9744: (278, 485) -> 8175 (b'reze') has 28 occurance
merge 7921/9744: (888, 592) -> 8176 (b' vrativ\xc5\xa1i') has 28 occurance
merge 7922/9744: (395, 627) -> 8177 (b' prebro') has 28 occurance
merge 7923/9744: (5741, 110) -> 8178 (b' pogreben') has 28 occurance
merge 7924/9744: (829, 463) -> 8179 (b' Ondje') has 28 occurance
merge 7925/9744: (1451, 275) -> 8180 (b' Isaka') has 28 occurance
merge 7926/9744: (5079, 267) -> 8181 (b' zatrti') has 28 occurance
merge 7927/9744: (1645, 3697) -> 8182 (b' odavde') has 28 occurance
merge 7928/9744: (714, 1291) -> 8183 (b'gradove') has 28 occurance
merge 7929/9744: (1534, 2705) -> 8184 (b' obi\xc4\x8daj') has 28 occurance
merge 7930/9744: (790, 417) -> 8185 (b' lezi') has 28 occurance
merge 7931/9744: (5031, 104) -> 8186 (b' Avimeleh') has 28 occurance
merge 7932/9744: (1451, 365) -> 8187 (b' Isaku') has 28 occurance
merge 7933/9744: (3897, 3259) -> 8188 (b' zgotovi') has 28 occurance
merge 7934/9744: (1459, 367) -> 8189 (b' Nijesi') has 28 occurance
merge 7935/9744: (696, 276) -> 8190 (b'brata') has 28 occurance
merge 7936/9744: (312, 3962) -> 8191 (b' kakvom') has 28 occurance
merge 7937/9744: (871, 306) -> 8192 (b' postane') has 28 occurance
merge 7938/9744: (281, 1139) -> 8193 (b'narodi') has 28 occurance
merge 7939/9744: (1464, 362) -> 8194 (b'slu\xc5\xbei') has 28 occurance
merge 7940/9744: (1528, 111) -> 8195 (b' slu\xc5\xbeio') has 28 occurance
merge 7941/9744: (973, 4398) -> 8196 (b' podigoh') has 28 occurance
merge 7942/9744: (1738, 111) -> 8197 (b' dr\xc5\xbeao') has 28 occurance
merge 7943/9744: (283, 104) -> 8198 (b'jah') has 28 occurance
merge 7944/9744: (1385, 261) -> 8199 (b' na\xc4\x91e\xc5\xa1') has 28 occurance
merge 7945/9744: (563, 636) -> 8200 (b' prazna') has 28 occurance
merge 7946/9744: (695, 723) -> 8201 (b'odgovori') has 28 occurance
merge 7947/9744: (1078, 306) -> 8202 (b'\xc5\xa1tine') has 28 occurance
merge 7948/9744: (281, 117) -> 8203 (b'nau') has 28 occurance
merge 7949/9744: (1547, 273) -> 8204 (b'njegovi') has 28 occurance
merge 7950/9744: (294, 283) -> 8205 (b'daja') has 28 occurance
merge 7951/9744: (2598, 285) -> 8206 (b'Vala') has 28 occurance
merge 7952/9744: (79, 351) -> 8207 (b'Osta') has 28 occurance
merge 7953/9744: (5433, 363) -> 8208 (b' gro\xc5\xbe\xc4\x91e') has 28 occurance
merge 7954/9744: (261, 681) -> 8209 (b'\xc5\xa1nju') has 28 occurance
merge 7955/9744: (964, 846) -> 8210 (b' Sedam') has 28 occurance
merge 7956/9744: (2124, 267) -> 8211 (b' kupiti') has 28 occurance
merge 7957/9744: (291, 401) -> 8212 (b'malja') has 28 occurance
merge 7958/9744: (661, 295) -> 8213 (b' u\xc4\x8dinite') has 28 occurance
merge 7959/9744: (989, 288) -> 8214 (b' dvoji') has 28 occurance
merge 7960/9744: (300, 278) -> 8215 (b' dare') has 28 occurance
merge 7961/9744: (2493, 295) -> 8216 (b' Znate') has 28 occurance
merge 7962/9744: (419, 1271) -> 8217 (b' Dosta') has 28 occurance
merge 7963/9744: (763, 332) -> 8218 (b' budemo') has 28 occurance
merge 7964/9744: (309, 270) -> 8219 (b'pova') has 28 occurance
merge 7965/9744: (395, 1914) -> 8220 (b' preseli') has 28 occurance
merge 7966/9744: (712, 400) -> 8221 (b'zovu') has 28 occurance
merge 7967/9744: (329, 866) -> 8222 (b' trom') has 28 occurance
merge 7968/9744: (342, 3309) -> 8223 (b' izvora') has 28 occurance
merge 7969/9744: (5285, 306) -> 8224 (b'starje\xc5\xa1ine') has 28 occurance
merge 7970/9744: (1649, 521) -> 8225 (b' misirski') has 28 occurance
merge 7971/9744: (381, 270) -> 8226 (b'rijeva') has 28 occurance
merge 7972/9744: (791, 295) -> 8227 (b' srete') has 28 occurance
merge 7973/9744: (371, 745) -> 8228 (b' vi\xc4\x8du') has 28 occurance
merge 7974/9744: (7167, 612) -> 8229 (b' Girso') has 28 occurance
merge 7975/9744: (1045, 4611) -> 8230 (b'*Jezd') has 28 occurance
merge 7976/9744: (1358, 110) -> 8231 (b'zakon') has 28 occurance
merge 7977/9744: (3780, 3193) -> 8232 (b' odr\xc5\xbeati') has 28 occurance
merge 7978/9744: (395, 109) -> 8233 (b' prem') has 28 occurance
merge 7979/9744: (1908, 645) -> 8234 (b' osve\xc5\xa1ta') has 28 occurance
merge 7980/9744: (7425, 320) -> 8235 (b' bezazle') has 28 occurance
merge 7981/9744: (1365, 106) -> 8236 (b' slu\xc5\xa1aj') has 28 occurance
merge 7982/9744: (729, 1101) -> 8237 (b' jednijem') has 28 occurance
merge 7983/9744: (652, 100) -> 8238 (b' mjed') has 28 occurance
merge 7984/9744: (441, 402) -> 8239 (b' jaza') has 28 occurance
merge 7985/9744: (271, 275) -> 8240 (b'\xc4\x87ka') has 28 occurance
merge 7986/9744: (870, 305) -> 8241 (b' vr\xc5\xa1e') has 28 occurance
merge 7987/9744: (495, 291) -> 8242 (b'\xc4\x8dama') has 28 occurance
merge 7988/9744: (749, 361) -> 8243 (b' slabi') has 28 occurance
merge 7989/9744: (1813, 303) -> 8244 (b' pjevaju') has 28 occurance
merge 7990/9744: (329, 279) -> 8245 (b' tli') has 28 occurance
merge 7991/9744: (1691, 267) -> 8246 (b' u\xc4\x8diti') has 28 occurance
merge 7992/9744: (5616, 397) -> 8247 (b'bezakonje') has 28 occurance
merge 7993/9744: (4820, 353) -> 8248 (b' sa\xc5\xbee\xc5\xbee') has 28 occurance
merge 7994/9744: (1719, 351) -> 8249 (b' ne\xc4\x8dista') has 28 occurance
merge 7995/9744: (3813, 707) -> 8250 (b' podajte') has 28 occurance
merge 7996/9744: (111, 307) -> 8251 (b'odi') has 28 occurance
merge 7997/9744: (3170, 919) -> 8252 (b' izgorje') has 28 occurance
merge 7998/9744: (3267, 275) -> 8253 (b' dlaka') has 28 occurance
merge 7999/9744: (6044, 337) -> 8254 (b' ginu') has 28 occurance
merge 8000/9744: (1401, 802) -> 8255 (b'vremena') has 28 occurance
merge 8001/9744: (3477, 875) -> 8256 (b' naredio') has 28 occurance
merge 8002/9744: (272, 100) -> 8257 (b' ud') has 28 occurance
merge 8003/9744: (1526, 324) -> 8258 (b'vla\xc4\x8di') has 28 occurance
merge 8004/9744: (2634, 108) -> 8259 (b'Sol') has 28 occurance
merge 8005/9744: (391, 1472) -> 8260 (b' sudovi') has 28 occurance
merge 8006/9744: (3528, 942) -> 8261 (b'Leviti') has 28 occurance
merge 8007/9744: (296, 410) -> 8262 (b'\xc5\xbeba') has 28 occurance
merge 8008/9744: (111, 1337) -> 8263 (b'onima') has 28 occurance
merge 8009/9744: (300, 609) -> 8264 (b' dalj') has 28 occurance
merge 8010/9744: (1131, 1695) -> 8265 (b' isto\xc4\x8dne') has 28 occurance
merge 8011/9744: (309, 283) -> 8266 (b'poja') has 28 occurance
merge 8012/9744: (1409, 1706) -> 8267 (b' Saulova') has 28 occurance
merge 8013/9744: (3704, 321) -> 8268 (b' udovica') has 28 occurance
merge 8014/9744: (86, 531) -> 8269 (b'Var') has 28 occurance
merge 8015/9744: (2344, 267) -> 8270 (b'u\xc4\x8diniti') has 28 occurance
merge 8016/9744: (1691, 295) -> 8271 (b' u\xc4\x8dite') has 28 occurance
merge 8017/9744: (2601, 567) -> 8272 (b' siromaha') has 28 occurance
merge 8018/9744: (396, 3534) -> 8273 (b' raduje') has 28 occurance
merge 8019/9744: (294, 261) -> 8274 (b'da\xc5\xa1') has 28 occurance
merge 8020/9744: (290, 2419) -> 8275 (b' popla\xc5\xa1i') has 28 occurance
merge 8021/9744: (3567, 3380) -> 8276 (b' iznenada') has 28 occurance
merge 8022/9744: (374, 322) -> 8277 (b'se\xc4\x8de') has 28 occurance
merge 8023/9744: (512, 273) -> 8278 (b' Javi') has 28 occurance
merge 8024/9744: (290, 267) -> 8279 (b' poti') has 28 occurance
merge 8025/9744: (2326, 2022) -> 8280 (b' Filistejima') has 28 occurance
merge 8026/9744: (389, 1789) -> 8281 (b' padaju') has 28 occurance
merge 8027/9744: (73, 307) -> 8282 (b'Idi') has 28 occurance
merge 8028/9744: (794, 314) -> 8283 (b' hode') has 28 occurance
merge 8029/9744: (786, 332) -> 8284 (b' nemamo') has 28 occurance
merge 8030/9744: (3880, 340) -> 8285 (b' nasilje') has 28 occurance
merge 8031/9744: (692, 268) -> 8286 (b' Izrailjevo') has 28 occurance
merge 8032/9744: (1993, 294) -> 8287 (b'Davida') has 28 occurance
merge 8033/9744: (115, 880) -> 8288 (b'smje') has 28 occurance
merge 8034/9744: (3024, 380) -> 8289 (b'veliki') has 28 occurance
merge 8035/9744: (2084, 1110) -> 8290 (b' opravio') has 28 occurance
merge 8036/9744: (1074, 97) -> 8291 (b'Joa') has 28 occurance
merge 8037/9744: (418, 298) -> 8292 (b' hro') has 28 occurance
merge 8038/9744: (714, 307) -> 8293 (b'gradi') has 28 occurance
merge 8039/9744: (84, 268) -> 8294 (b'Tvo') has 28 occurance
merge 8040/9744: (315, 115) -> 8295 (b' Is') has 28 occurance
merge 8041/9744: (659, 356) -> 8296 (b' Sado') has 28 occurance
merge 8042/9744: (280, 388) -> 8297 (b' nami') has 28 occurance
merge 8043/9744: (938, 364) -> 8298 (b' Bo\xc5\xbeijem') has 28 occurance
merge 8044/9744: (502, 318) -> 8299 (b' stru') has 28 occurance
merge 8045/9744: (263, 6667) -> 8300 (b' otud') has 28 occurance
merge 8046/9744: (3790, 109) -> 8301 (b' Jerovoam') has 28 occurance
merge 8047/9744: (3790, 291) -> 8302 (b' Jerovoama') has 28 occurance
merge 8048/9744: (290, 306) -> 8303 (b' pone') has 28 occurance
merge 8049/9744: (380, 291) -> 8304 (b'kima') has 28 occurance
merge 8050/9744: (5057, 346) -> 8305 (b' jarost') has 28 occurance
merge 8051/9744: (269, 1068) -> 8306 (b'\xc4\x8dnim') has 28 occurance
merge 8052/9744: (2653, 114) -> 8307 (b' Kir') has 28 occurance
merge 8053/9744: (990, 722) -> 8308 (b' knezu') has 28 occurance
merge 8054/9744: (114, 265) -> 8309 (b'rko') has 28 occurance
merge 8055/9744: (1281, 486) -> 8310 (b' nebesko') has 28 occurance
merge 8056/9744: (107, 267) -> 8311 (b'kti') has 28 occurance
merge 8057/9744: (1020, 294) -> 8312 (b' luda') has 28 occurance
merge 8058/9744: (2698, 397) -> 8313 (b' nadanje') has 28 occurance
merge 8059/9744: (448, 1963) -> 8314 (b' prilika') has 28 occurance
merge 8060/9744: (1389, 306) -> 8315 (b' usne') has 28 occurance
merge 8061/9744: (1506, 2775) -> 8316 (b' pravednik') has 28 occurance
merge 8062/9744: (2730, 275) -> 8317 (b' zavika') has 28 occurance
merge 8063/9744: (482, 954) -> 8318 (b'\xc5\xbeanj') has 28 occurance
merge 8064/9744: (3341, 90) -> 8319 (b'POZ') has 28 occurance
merge 8065/9744: (2799, 276) -> 8320 (b' \xc5\xa1teta') has 28 occurance
merge 8066/9744: (770, 367) -> 8321 (b' prsi') has 28 occurance
merge 8067/9744: (398, 114) -> 8322 (b'\xc5\xa1ir') has 28 occurance
merge 8068/9744: (2742, 340) -> 8323 (b'van\xc4\x91elje') has 28 occurance
merge 8069/9744: (79, 270) -> 8324 (b'Ova') has 28 occurance
merge 8070/9744: (101, 346) -> 8325 (b'est') has 28 occurance
merge 8071/9744: (4466, 112) -> 8326 (b' Filip') has 28 occurance
merge 8072/9744: (643, 1725) -> 8327 (b' triput') has 28 occurance
merge 8073/9744: (555, 100) -> 8328 (b' nekad') has 28 occurance
merge 8074/9744: (349, 265) -> 8329 (b' \xc5\xa1ko') has 28 occurance
merge 8075/9744: (558, 74) -> 8330 (b'VOJ') has 28 occurance
merge 8076/9744: (2990, 3950) -> 8331 (b' poezije') has 28 occurance
merge 8077/9744: (725, 320) -> 8332 (b' ele') has 28 occurance
merge 8078/9744: (684, 109) -> 8333 (b' svim') has 28 occurance
merge 8079/9744: (649, 122) -> 8334 (b' diz') has 28 occurance
merge 8080/9744: (2019, 303) -> 8335 (b' Srbiju') has 28 occurance
merge 8081/9744: (359, 6267) -> 8336 (b' Kru\xc5\xa1e') has 28 occurance
merge 8082/9744: (334, 2392) -> 8337 (b' sanak') has 28 occurance
merge 8083/9744: (7369, 4836) -> 8338 (b' Smedere') has 28 occurance
merge 8084/9744: (1832, 6276) -> 8339 (b' Crnojevi\xc4\x87') has 28 occurance
merge 8085/9744: (3920, 370) -> 8340 (b'Turci') has 28 occurance
merge 8086/9744: (359, 6059) -> 8341 (b' Kladu') has 28 occurance
merge 8087/9744: (1569, 1599) -> 8342 (b' Batri') has 28 occurance
merge 8088/9744: (354, 416) -> 8343 (b' tice') has 28 occurance
merge 8089/9744: (323, 3600) -> 8344 (b' k\xc3\xa2') has 28 occurance
merge 8090/9744: (5812, 282) -> 8345 (b' Hercegovini') has 28 occurance
merge 8091/9744: (706, 6381) -> 8346 (b' \xc4\x8dizme') has 28 occurance
merge 8092/9744: (2674, 283) -> 8347 (b' barja') has 28 occurance
merge 8093/9744: (1003, 1084) -> 8348 (b' \xc5\xa1enicu') has 28 occurance
merge 8094/9744: (4733, 2452) -> 8349 (b' \xc5\xbdablja') has 28 occurance
merge 8095/9744: (2072, 337) -> 8350 (b' Crnu') has 28 occurance
merge 8096/9744: (311, 2942) -> 8351 (b' zaboga') has 28 occurance
merge 8097/9744: (764, 4554) -> 8352 (b' najposle') has 28 occurance
merge 8098/9744: (2518, 504) -> 8353 (b' lisicu') has 28 occurance
merge 8099/9744: (1311, 109) -> 8354 (b' moram') has 28 occurance
merge 8100/9744: (7397, 65) -> 8355 (b'ANjA') has 28 occurance
merge 8101/9744: (7750, 6602) -> 8356 (b' ANDR') has 28 occurance
merge 8102/9744: (8356, 447) -> 8357 (b' ANDRIJA') has 28 occurance
merge 8103/9744: (1050, 6485) -> 8358 (b' filozo') has 28 occurance
merge 8104/9744: (2306, 3887) -> 8359 (b' Rogan') has 28 occurance
merge 8105/9744: (4837, 1171) -> 8360 (b' Dra\xc5\xa1ko') has 28 occurance
merge 8106/9744: (6273, 2008) -> 8361 (b'ORJE') has 28 occurance
merge 8107/9744: (497, 1589) -> 8362 (b'\xc4\x8covje') has 27 occurance
merge 8108/9744: (383, 1070) -> 8363 (b' mu\xc5\xbeu') has 27 occurance
merge 8109/9744: (2062, 114) -> 8364 (b' pastir') has 27 occurance
merge 8110/9744: (5338, 282) -> 8365 (b' promijeni') has 27 occurance
merge 8111/9744: (2218, 116) -> 8366 (b' proklet') has 27 occurance
merge 8112/9744: (359, 277) -> 8367 (b' Kri') has 27 occurance
merge 8113/9744: (1783, 1512) -> 8368 (b' \xc5\xa1atorima') has 27 occurance
merge 8114/9744: (768, 397) -> 8369 (b'Gospodnje') has 27 occurance
merge 8115/9744: (5490, 270) -> 8370 (b' ostrva') has 27 occurance
merge 8116/9744: (961, 533) -> 8371 (b' Tvojemu') has 27 occurance
merge 8117/9744: (630, 299) -> 8372 (b' juga') has 27 occurance
merge 8118/9744: (5917, 1217) -> 8373 (b' nadesno') has 27 occurance
merge 8119/9744: (708, 307) -> 8374 (b' Kadi') has 27 occurance
merge 8120/9744: (529, 485) -> 8375 (b' Uze') has 27 occurance
merge 8121/9744: (565, 115) -> 8376 (b' Es') has 27 occurance
merge 8122/9744: (2460, 378) -> 8377 (b' starosti') has 27 occurance
merge 8123/9744: (281, 351) -> 8378 (b'nasta') has 27 occurance
merge 8124/9744: (333, 264) -> 8379 (b' ara') has 27 occurance
merge 8125/9744: (534, 960) -> 8380 (b' roditi') has 27 occurance
merge 8126/9744: (1506, 3805) -> 8381 (b' pravednika') has 27 occurance
merge 8127/9744: (293, 905) -> 8382 (b' jesam') has 27 occurance
merge 8128/9744: (971, 305) -> 8383 (b' pozna\xc5\xa1e') has 27 occurance
merge 8129/9744: (3568, 310) -> 8384 (b' najve\xc4\x87e') has 27 occurance
merge 8130/9744: (85, 351) -> 8385 (b'Usta') has 27 occurance
merge 8131/9744: (1285, 264) -> 8386 (b' zora') has 27 occurance
merge 8132/9744: (1397, 365) -> 8387 (b' nauku') has 27 occurance
merge 8133/9744: (348, 122) -> 8388 (b' goz') has 27 occurance
merge 8134/9744: (436, 267) -> 8389 (b'\xc5\xa1ati') has 27 occurance
merge 8135/9744: (742, 110) -> 8390 (b' ovan') has 27 occurance
merge 8136/9744: (367, 4862) -> 8391 (b'sinovima') has 27 occurance
merge 8137/9744: (610, 106) -> 8392 (b' pij') has 27 occurance
merge 8138/9744: (388, 1915) -> 8393 (b'milosti') has 27 occurance
merge 8139/9744: (425, 318) -> 8394 (b'vjeru') has 27 occurance
merge 8140/9744: (3289, 398) -> 8395 (b' utje\xc5\xa1i') has 27 occurance
merge 8141/9744: (356, 361) -> 8396 (b'dobi') has 27 occurance
merge 8142/9744: (473, 381) -> 8397 (b' starije') has 27 occurance
merge 8143/9744: (79, 115) -> 8398 (b'Os') has 27 occurance
merge 8144/9744: (290, 3594) -> 8399 (b' poroda') has 27 occurance
merge 8145/9744: (118, 381) -> 8400 (b'vrije') has 27 occurance
merge 8146/9744: (117, 110) -> 8401 (b'un') has 27 occurance
merge 8147/9744: (1016, 386) -> 8402 (b' zakopa') has 27 occurance
merge 8148/9744: (288, 282) -> 8403 (b'jini') has 27 occurance
merge 8149/9744: (3004, 273) -> 8404 (b'carevi') has 27 occurance
merge 8150/9744: (360, 114) -> 8405 (b' ter') has 27 occurance
merge 8151/9744: (424, 402) -> 8406 (b' veza') has 27 occurance
merge 8152/9744: (4322, 305) -> 8407 (b' plaka\xc5\xa1e') has 27 occurance
merge 8153/9744: (851, 310) -> 8408 (b' uze\xc4\x87e') has 27 occurance
merge 8154/9744: (513, 2293) -> 8409 (b' Danas') has 27 occurance
merge 8155/9744: (362, 504) -> 8410 (b'\xc5\xbeicu') has 27 occurance
merge 8156/9744: (1649, 766) -> 8411 (b' misirsku') has 27 occurance
merge 8157/9744: (1013, 1632) -> 8412 (b' Doista') has 27 occurance
merge 8158/9744: (291, 495) -> 8413 (b'ma\xc4\x8da') has 27 occurance
merge 8159/9744: (270, 810) -> 8414 (b'vaju\xc4\x87i') has 27 occurance
merge 8160/9744: (2596, 2022) -> 8415 (b' Jevrejima') has 27 occurance
merge 8161/9744: (856, 110) -> 8416 (b'hin') has 27 occurance
merge 8162/9744: (326, 564) -> 8417 (b'menom') has 27 occurance
merge 8163/9744: (430, 883) -> 8418 (b' pro\xc4\x91o\xc5\xa1e') has 27 occurance
merge 8164/9744: (3000, 960) -> 8419 (b' pohoditi') has 27 occurance
merge 8165/9744: (3875, 650) -> 8420 (b' zaiska') has 27 occurance
merge 8166/9744: (318, 362) -> 8421 (b'ru\xc5\xbei') has 27 occurance
merge 8167/9744: (6130, 381) -> 8422 (b' Merarije') has 27 occurance
merge 8168/9744: (286, 1234) -> 8423 (b' zmije') has 27 occurance
merge 8169/9744: (116, 397) -> 8424 (b'tnje') has 27 occurance
merge 8170/9744: (319, 4364) -> 8425 (b' odvoji') has 27 occurance
merge 8171/9744: (1664, 264) -> 8426 (b'tjera') has 27 occurance
merge 8172/9744: (280, 1040) -> 8427 (b' navede') has 27 occurance
merge 8173/9744: (42, 1074) -> 8428 (b'*Jo') has 27 occurance
merge 8174/9744: (2036, 410) -> 8429 (b' slu\xc5\xbeba') has 27 occurance
merge 8175/9744: (354, 256) -> 8430 (b' tije') has 27 occurance
merge 8176/9744: (4448, 458) -> 8431 (b' Pashu') has 27 occurance
merge 8177/9744: (554, 3193) -> 8432 (b' bje\xc5\xbeati') has 27 occurance
merge 8178/9744: (5447, 306) -> 8433 (b' stijene') has 27 occurance
merge 8179/9744: (430, 390) -> 8434 (b' produ') has 27 occurance
merge 8180/9744: (1977, 302) -> 8435 (b' la\xc5\xbeno') has 27 occurance
merge 8181/9744: (547, 256) -> 8436 (b'buje') has 27 occurance
merge 8182/9744: (6109, 465) -> 8437 (b' najbolji') has 27 occurance
merge 8183/9744: (793, 1875) -> 8438 (b' Isusom') has 27 occurance
merge 8184/9744: (112, 504) -> 8439 (b'pcu') has 27 occurance
merge 8185/9744: (2015, 107) -> 8440 (b' visok') has 27 occurance
merge 8186/9744: (2964, 693) -> 8441 (b'sve\xc5\xa1tenici') has 27 occurance
merge 8187/9744: (2189, 1080) -> 8442 (b' zapadne') has 27 occurance
merge 8188/9744: (2870, 109) -> 8443 (b' srebrom') has 27 occurance
merge 8189/9744: (629, 114) -> 8444 (b' obr') has 27 occurance
merge 8190/9744: (362, 281) -> 8445 (b'\xc5\xbeina') has 27 occurance
merge 8191/9744: (2509, 1407) -> 8446 (b' takvoga') has 27 occurance
merge 8192/9744: (2278, 400) -> 8447 (b' odovu') has 27 occurance
merge 8193/9744: (2344, 111) -> 8448 (b'u\xc4\x8dinio') has 27 occurance
merge 8194/9744: (934, 397) -> 8449 (b'vljenje') has 27 occurance
merge 8195/9744: (422, 306) -> 8450 (b' One') has 27 occurance
merge 8196/9744: (352, 351) -> 8451 (b'sasta') has 27 occurance
merge 8197/9744: (790, 3457) -> 8452 (b' levit') has 27 occurance
merge 8198/9744: (111, 261) -> 8453 (b'o\xc5\xa1') has 27 occurance
merge 8199/9744: (2823, 3663) -> 8454 (b' uredbama') has 27 occurance
merge 8200/9744: (2503, 275) -> 8455 (b' Svaka') has 27 occurance
merge 8201/9744: (114, 432) -> 8456 (b'rnja') has 27 occurance
merge 8202/9744: (770, 351) -> 8457 (b' prsta') has 27 occurance
merge 8203/9744: (42, 6237) -> 8458 (b'*Mal') has 27 occurance
merge 8204/9744: (2504, 1257) -> 8459 (b' nikakve') has 27 occurance
merge 8205/9744: (98, 282) -> 8460 (b'bni') has 27 occurance
merge 8206/9744: (284, 537) -> 8461 (b' brati') has 27 occurance
merge 8207/9744: (341, 283) -> 8462 (b' sija') has 27 occurance
merge 8208/9744: (474, 282) -> 8463 (b'\xc4\x87ani') has 27 occurance
merge 8209/9744: (999, 1424) -> 8464 (b' pomogne') has 27 occurance
merge 8210/9744: (257, 1963) -> 8465 (b' slika') has 27 occurance
merge 8211/9744: (761, 3462) -> 8466 (b' Natana') has 27 occurance
merge 8212/9744: (1133, 1422) -> 8467 (b' Judinoj') has 27 occurance
merge 8213/9744: (277, 313) -> 8468 (b'rilo') has 27 occurance
merge 8214/9744: (630, 462) -> 8469 (b' jugu') has 27 occurance
merge 8215/9744: (366, 275) -> 8470 (b'luka') has 27 occurance
merge 8216/9744: (3037, 305) -> 8471 (b' vika\xc5\xa1e') has 27 occurance
merge 8217/9744: (5620, 707) -> 8472 (b' Slu\xc5\xa1ajte') has 27 occurance
merge 8218/9744: (2846, 820) -> 8473 (b'otido\xc5\xa1e') has 27 occurance
merge 8219/9744: (910, 7320) -> 8474 (b'Samuilo') has 27 occurance
merge 8220/9744: (65, 856) -> 8475 (b'Ahi') has 27 occurance
merge 8221/9744: (1045, 346) -> 8476 (b'*Jest') has 27 occurance
merge 8222/9744: (274, 1961) -> 8477 (b' mraka') has 27 occurance
merge 8223/9744: (1274, 6058) -> 8478 (b' vinograde') has 27 occurance
merge 8224/9744: (1227, 267) -> 8479 (b' predati') has 27 occurance
merge 8225/9744: (4831, 110) -> 8480 (b'voljan') has 27 occurance
merge 8226/9744: (393, 366) -> 8481 (b' milu') has 27 occurance
merge 8227/9744: (342, 256) -> 8482 (b' izje') has 27 occurance
merge 8228/9744: (2589, 267) -> 8483 (b' povratiti') has 27 occurance
merge 8229/9744: (510, 404) -> 8484 (b' Nebo') has 27 occurance
merge 8230/9744: (4992, 495) -> 8485 (b' zape\xc4\x8da') has 27 occurance
merge 8231/9744: (635, 279) -> 8486 (b' Mili') has 27 occurance
merge 8232/9744: (1313, 2830) -> 8487 (b' hrabar') has 27 occurance
merge 8233/9744: (1607, 282) -> 8488 (b' Stani') has 27 occurance
merge 8234/9744: (923, 108) -> 8489 (b' Val') has 27 occurance
merge 8235/9744: (870, 567) -> 8490 (b' vrha') has 27 occurance
merge 8236/9744: (2842, 442) -> 8491 (b' slijepi') has 27 occurance
merge 8237/9744: (401, 1690) -> 8492 (b'lja\xc4\x8dka') has 27 occurance
merge 8238/9744: (475, 1356) -> 8493 (b' njegovih') has 27 occurance
merge 8239/9744: (506, 103) -> 8494 (b' drug') has 27 occurance
merge 8240/9744: (429, 566) -> 8495 (b' Jeste') has 27 occurance
merge 8241/9744: (580, 110) -> 8496 (b'\xc5\xa1ten') has 27 occurance
merge 8242/9744: (527, 2705) -> 8497 (b' slu\xc4\x8daj') has 27 occurance
merge 8243/9744: (1103, 854) -> 8498 (b' prorocima') has 27 occurance
merge 8244/9744: (999, 392) -> 8499 (b' pomo\xc4\x87u') has 27 occurance
merge 8245/9744: (635, 780) -> 8500 (b' Misli') has 27 occurance
merge 8246/9744: (2909, 340) -> 8501 (b' bezumlje') has 27 occurance
merge 8247/9744: (267, 261) -> 8502 (b'ti\xc5\xa1') has 27 occurance
merge 8248/9744: (1984, 306) -> 8503 (b' okrene') has 27 occurance
merge 8249/9744: (2164, 337) -> 8504 (b' silnu') has 27 occurance
merge 8250/9744: (311, 2114) -> 8505 (b' zametnu') has 27 occurance
merge 8251/9744: (2133, 432) -> 8506 (b' spasenja') has 27 occurance
merge 8252/9744: (2535, 285) -> 8507 (b' prijestola') has 27 occurance
merge 8253/9744: (270, 116) -> 8508 (b'vat') has 27 occurance
merge 8254/9744: (429, 7083) -> 8509 (b' Jezave') has 27 occurance
merge 8255/9744: (374, 340) -> 8510 (b'selje') has 27 occurance
merge 8256/9744: (4005, 451) -> 8511 (b' opusto') has 27 occurance
merge 8257/9744: (4965, 281) -> 8512 (b' Vavilona') has 27 occurance
merge 8258/9744: (417, 337) -> 8513 (b'zinu') has 27 occurance
merge 8259/9744: (66, 117) -> 8514 (b'Bu') has 27 occurance
merge 8260/9744: (565, 1680) -> 8515 (b' Etio') has 27 occurance
merge 8261/9744: (485, 320) -> 8516 (b'zele') has 27 occurance
merge 8262/9744: (1609, 309) -> 8517 (b' ljepo') has 27 occurance
merge 8263/9744: (1000, 285) -> 8518 (b' \xc5\xa1ala') has 27 occurance
merge 8264/9744: (330, 8101) -> 8519 (b' JOVU') has 27 occurance
merge 8265/9744: (395, 546) -> 8520 (b' prevr') has 27 occurance
merge 8266/9744: (505, 722) -> 8521 (b' bezu') has 27 occurance
merge 8267/9744: (488, 265) -> 8522 (b' ruko') has 27 occurance
merge 8268/9744: (290, 1377) -> 8523 (b' pohva') has 27 occurance
merge 8269/9744: (2058, 109) -> 8524 (b' dr\xc5\xbeim') has 27 occurance
merge 8270/9744: (338, 79) -> 8525 (b' SO') has 27 occurance
merge 8271/9744: (70, 3290) -> 8526 (b'Fil') has 27 occurance
merge 8272/9744: (336, 3996) -> 8527 (b' biser') has 27 occurance
merge 8273/9744: (286, 3819) -> 8528 (b' zmaj') has 27 occurance
merge 8274/9744: (290, 1693) -> 8529 (b' pomenu') has 27 occurance
merge 8275/9744: (398, 285) -> 8530 (b'\xc5\xa1ila') has 27 occurance
merge 8276/9744: (752, 313) -> 8531 (b' okolo') has 27 occurance
merge 8277/9744: (773, 5619) -> 8532 (b' Gavri') has 27 occurance
merge 8278/9744: (424, 988) -> 8533 (b' verova') has 27 occurance
merge 8279/9744: (279, 645) -> 8534 (b'li\xc5\xa1ta') has 27 occurance
merge 8280/9744: (1375, 2671) -> 8535 (b' ljubazni') has 27 occurance
merge 8281/9744: (6384, 384) -> 8536 (b' U\xc4\x8ditelju') has 27 occurance
merge 8282/9744: (790, 522) -> 8537 (b' legi') has 27 occurance
merge 8283/9744: (410, 1084) -> 8538 (b'banicu') has 27 occurance
merge 8284/9744: (277, 451) -> 8539 (b'risto') has 27 occurance
merge 8285/9744: (41, 304) -> 8540 (b'),\n') has 27 occurance
merge 8286/9744: (1509, 378) -> 8541 (b' oblasti') has 27 occurance
merge 8287/9744: (1414, 111) -> 8542 (b'Kao') has 27 occurance
merge 8288/9744: (317, 378) -> 8543 (b' dosti') has 27 occurance
merge 8289/9744: (317, 626) -> 8544 (b' dovati') has 27 occurance
merge 8290/9744: (3249, 378) -> 8545 (b' narodnosti') has 27 occurance
merge 8291/9744: (547, 107) -> 8546 (b'buk') has 27 occurance
merge 8292/9744: (421, 3011) -> 8547 (b'ANIN') has 27 occurance
merge 8293/9744: (2782, 5536) -> 8548 (b' knji\xc5\xbeevnosti') has 27 occurance
merge 8294/9744: (1085, 567) -> 8549 (b' stiha') has 27 occurance
merge 8295/9744: (729, 1068) -> 8550 (b' jednim') has 27 occurance
merge 8296/9744: (3230, 279) -> 8551 (b' feudali') has 27 occurance
merge 8297/9744: (5638, 264) -> 8552 (b' Zadra') has 27 occurance
merge 8298/9744: (297, 314) -> 8553 (b' sede') has 27 occurance
merge 8299/9744: (34, 59) -> 8554 (b'";') has 27 occurance
merge 8300/9744: (338, 6835) -> 8555 (b' Stjepa') has 27 occurance
merge 8301/9744: (3724, 285) -> 8556 (b' Stambola') has 27 occurance
merge 8302/9744: (407, 6361) -> 8557 (b' valjda') has 27 occurance
merge 8303/9744: (3127, 100) -> 8558 (b'Kud') has 27 occurance
merge 8304/9744: (317, 3629) -> 8559 (b' dorata') has 27 occurance
merge 8305/9744: (6494, 363) -> 8560 (b' \xc4\x90or\xc4\x91e') has 27 occurance
merge 8306/9744: (2480, 6386) -> 8561 (b' d\xc5\xbeenera') has 27 occurance
merge 8307/9744: (4660, 1084) -> 8562 (b' tavnicu') has 27 occurance
merge 8308/9744: (912, 117) -> 8563 (b' \xc4\x8dau') has 27 occurance
merge 8309/9744: (290, 627) -> 8564 (b' pobro') has 27 occurance
merge 8310/9744: (4385, 261) -> 8565 (b' varo\xc5\xa1') has 27 occurance
merge 8311/9744: (5814, 366) -> 8566 (b' kobilu') has 27 occurance
merge 8312/9744: (79, 106) -> 8567 (b'Oj') has 27 occurance
merge 8313/9744: (259, 462) -> 8568 (b' igu') has 27 occurance
merge 8314/9744: (467, 362) -> 8569 (b' bo\xc5\xbei') has 27 occurance
merge 8315/9744: (7933, 275) -> 8570 (b'Vladika') has 27 occurance
merge 8316/9744: (7771, 478) -> 8571 (b'                                       ') has 27 occurance
merge 8317/9744: (257, 328) -> 8572 (b' sos') has 27 occurance
merge 8318/9744: (8319, 8361) -> 8573 (b'POZORJE') has 27 occurance
merge 8319/9744: (55, 55) -> 8574 (b'77') has 26 occurance
merge 8320/9744: (56, 48) -> 8575 (b'80') has 26 occurance
merge 8321/9744: (403, 326) -> 8576 (b' tame') has 26 occurance
merge 8322/9744: (4186, 313) -> 8577 (b' Vidjelo') has 26 occurance
merge 8323/9744: (362, 289) -> 8578 (b'\xc5\xbeive') has 26 occurance
merge 8324/9744: (4387, 273) -> 8579 (b'blagoslovi') has 26 occurance
merge 8325/9744: (1757, 267) -> 8580 (b' otvoriti') has 26 occurance
merge 8326/9744: (272, 490) -> 8581 (b' uzra') has 26 occurance
merge 8327/9744: (2375, 474) -> 8582 (b' mladi\xc4\x87a') has 26 occurance
merge 8328/9744: (448, 417) -> 8583 (b' prizi') has 26 occurance
merge 8329/9744: (451, 3157) -> 8584 (b'stotina') has 26 occurance
merge 8330/9744: (673, 3324) -> 8585 (b' \xc4\x8dovje\xc4\x8dije') has 26 occurance
merge 8331/9744: (309, 287) -> 8586 (b'poto') has 26 occurance
merge 8332/9744: (3797, 382) -> 8587 (b' svakojake') has 26 occurance
merge 8333/9744: (808, 273) -> 8588 (b' ustavi') has 26 occurance
merge 8334/9744: (880, 5737) -> 8589 (b'mjeseca') has 26 occurance
merge 8335/9744: (352, 3650) -> 8590 (b'sahnu') has 26 occurance
merge 8336/9744: (433, 346) -> 8591 (b' list') has 26 occurance
merge 8337/9744: (1464, 299) -> 8592 (b'sluga') has 26 occurance
merge 8338/9744: (276, 275) -> 8593 (b'taka') has 26 occurance
merge 8339/9744: (1013, 2830) -> 8594 (b' Dobar') has 26 occurance
merge 8340/9744: (361, 282) -> 8595 (b'bini') has 26 occurance
merge 8341/9744: (283, 273) -> 8596 (b'javi') has 26 occurance
merge 8342/9744: (2993, 4349) -> 8597 (b' amorej') has 26 occurance
merge 8343/9744: (5340, 1182) -> 8598 (b' Ismailo') has 26 occurance
merge 8344/9744: (800, 376) -> 8599 (b' Mojoj') has 26 occurance
merge 8345/9744: (1773, 522) -> 8600 (b'mnogi') has 26 occurance
merge 8346/9744: (526, 5210) -> 8601 (b' pepeo') has 26 occurance
merge 8347/9744: (584, 3401) -> 8602 (b' razgovor') has 26 occurance
merge 8348/9744: (287, 268) -> 8603 (b'tovo') has 26 occurance
merge 8349/9744: (278, 2040) -> 8604 (b'reko\xc5\xa1e') has 26 occurance
merge 8350/9744: (406, 572) -> 8605 (b' tovima') has 26 occurance
merge 8351/9744: (109, 401) -> 8606 (b'mlja') has 26 occurance
merge 8352/9744: (973, 299) -> 8607 (b' podiga') has 26 occurance
merge 8353/9744: (1474, 2511) -> 8608 (b' mrtvaca') has 26 occurance
merge 8354/9744: (5077, 110) -> 8609 (b' Hevron') has 26 occurance
merge 8355/9744: (1644, 367) -> 8610 (b'Misi') has 26 occurance
merge 8356/9744: (441, 314) -> 8611 (b' jade') has 26 occurance
merge 8357/9744: (277, 270) -> 8612 (b'riva') has 26 occurance
merge 8358/9744: (105, 356) -> 8613 (b'ido') has 26 occurance
merge 8359/9744: (118, 416) -> 8614 (b'vce') has 26 occurance
merge 8360/9744: (1263, 100) -> 8615 (b' trud') has 26 occurance
merge 8361/9744: (1831, 107) -> 8616 (b' svjedok') has 26 occurance
merge 8362/9744: (897, 104) -> 8617 (b' poslah') has 26 occurance
merge 8363/9744: (4918, 847) -> 8618 (b' do\xc4\x8dekao') has 26 occurance
merge 8364/9744: (2607, 265) -> 8619 (b' polako') has 26 occurance
merge 8365/9744: (3702, 100) -> 8620 (b' komad') has 26 occurance
merge 8366/9744: (65, 281) -> 8621 (b'Ana') has 26 occurance
merge 8367/9744: (612, 289) -> 8622 (b'sove') has 26 occurance
merge 8368/9744: (520, 4059) -> 8623 (b' no\xc5\xa1ahu') has 26 occurance
merge 8369/9744: (3167, 114) -> 8624 (b' stra\xc5\xbear') has 26 occurance
merge 8370/9744: (309, 1047) -> 8625 (b'pokri') has 26 occurance
merge 8371/9744: (632, 384) -> 8626 (b'prelju') has 26 occurance
merge 8372/9744: (2453, 693) -> 8627 (b' tamnici') has 26 occurance
merge 8373/9744: (2097, 289) -> 8628 (b'njihove') has 26 occurance
merge 8374/9744: (112, 416) -> 8629 (b'pce') has 26 occurance
merge 8375/9744: (1326, 458) -> 8630 (b'dijahu') has 26 occurance
merge 8376/9744: (356, 626) -> 8631 (b'dovati') has 26 occurance
merge 8377/9744: (767, 303) -> 8632 (b'\xc5\xa1uju') has 26 occurance
merge 8378/9744: (708, 1731) -> 8633 (b' Ka\xc5\xbeite') has 26 occurance
merge 8379/9744: (852, 279) -> 8634 (b' vidjeli') has 26 occurance
merge 8380/9744: (112, 398) -> 8635 (b'p\xc5\xa1i') has 26 occurance
merge 8381/9744: (1245, 111) -> 8636 (b' mislio') has 26 occurance
merge 8382/9744: (1034, 410) -> 8637 (b'Neba') has 26 occurance
merge 8383/9744: (265, 472) -> 8638 (b'konji') has 26 occurance
merge 8384/9744: (315, 90) -> 8639 (b' IZ') has 26 occurance
merge 8385/9744: (290, 367) -> 8640 (b' posi') has 26 occurance
merge 8386/9744: (2062, 264) -> 8641 (b' pastira') has 26 occurance
merge 8387/9744: (332, 278) -> 8642 (b'more') has 26 occurance
merge 8388/9744: (384, 4819) -> 8643 (b'ljubav') has 26 occurance
merge 8389/9744: (1837, 1185) -> 8644 (b' obradova') has 26 occurance
merge 8390/9744: (457, 267) -> 8645 (b'\xc4\x8diniti') has 26 occurance
merge 8391/9744: (396, 417) -> 8646 (b' razi') has 26 occurance
merge 8392/9744: (1587, 410) -> 8647 (b' stuba') has 26 occurance
merge 8393/9744: (45, 1900) -> 8648 (b'-Se') has 26 occurance
merge 8394/9744: (3335, 992) -> 8649 (b' desnica') has 26 occurance
merge 8395/9744: (422, 114) -> 8650 (b' Or') has 26 occurance
merge 8396/9744: (111, 969) -> 8651 (b'o\xc5\xa1t') has 26 occurance
merge 8397/9744: (1132, 722) -> 8652 (b' pokazu') has 26 occurance
merge 8398/9744: (3420, 299) -> 8653 (b' tre\xc4\x87ega') has 26 occurance
merge 8399/9744: (2538, 273) -> 8654 (b' gotovi') has 26 occurance
merge 8400/9744: (1138, 681) -> 8655 (b' ognju') has 26 occurance
merge 8401/9744: (1803, 524) -> 8656 (b' slobodan') has 26 occurance
merge 8402/9744: (107, 281) -> 8657 (b'kna') has 26 occurance
merge 8403/9744: (1770, 859) -> 8658 (b' bezbo\xc5\xbenika') has 26 occurance
merge 8404/9744: (1263, 294) -> 8659 (b' truda') has 26 occurance
merge 8405/9744: (623, 3123) -> 8660 (b' vje\xc4\x8dna') has 26 occurance
merge 8406/9744: (448, 2144) -> 8661 (b' prinesi') has 26 occurance
merge 8407/9744: (543, 1669) -> 8662 (b' bubre') has 26 occurance
merge 8408/9744: (272, 567) -> 8663 (b' uha') has 26 occurance
merge 8409/9744: (4564, 307) -> 8664 (b' grudi') has 26 occurance
merge 8410/9744: (1546, 104) -> 8665 (b' zapovjedih') has 26 occurance
merge 8411/9744: (278, 370) -> 8666 (b'reci') has 26 occurance
merge 8412/9744: (1225, 302) -> 8667 (b' njezino') has 26 occurance
merge 8413/9744: (840, 292) -> 8668 (b'drago') has 26 occurance
merge 8414/9744: (4158, 1070) -> 8669 (b' mre\xc5\xbeu') has 26 occurance
merge 8415/9744: (116, 279) -> 8670 (b'tli') has 26 occurance
merge 8416/9744: (340, 302) -> 8671 (b'ljeno') has 26 occurance
merge 8417/9744: (309, 378) -> 8672 (b'posti') has 26 occurance
merge 8418/9744: (2665, 281) -> 8673 (b' ro\xc4\x91ena') has 26 occurance
merge 8419/9744: (1480, 294) -> 8674 (b' opada') has 26 occurance
merge 8420/9744: (117, 361) -> 8675 (b'ubi') has 26 occurance
merge 8421/9744: (46, 8259) -> 8676 (b'.Sol') has 26 occurance
merge 8422/9744: (3684, 3293) -> 8677 (b' dostojanje') has 26 occurance
merge 8423/9744: (291, 279) -> 8678 (b'mali') has 26 occurance
merge 8424/9744: (661, 285) -> 8679 (b' u\xc4\x8dinila') has 26 occurance
merge 8425/9744: (403, 388) -> 8680 (b' tami') has 26 occurance
merge 8426/9744: (1867, 278) -> 8681 (b' glavare') has 26 occurance
merge 8427/9744: (272, 267) -> 8682 (b' uti') has 26 occurance
merge 8428/9744: (272, 5054) -> 8683 (b' uglje') has 26 occurance
merge 8429/9744: (1290, 111) -> 8684 (b' po\xc4\x8deo') has 26 occurance
merge 8430/9744: (1041, 3844) -> 8685 (b' Fine') has 26 occurance
merge 8431/9744: (835, 915) -> 8686 (b' isred') has 26 occurance
merge 8432/9744: (2687, 1449) -> 8687 (b' prestanka') has 26 occurance
merge 8433/9744: (2779, 859) -> 8688 (b' stanovnika') has 26 occurance
merge 8434/9744: (1652, 122) -> 8689 (b'knez') has 26 occurance
merge 8435/9744: (117, 1723) -> 8690 (b'uzima') has 26 occurance
merge 8436/9744: (70, 101) -> 8691 (b'Fe') has 26 occurance
merge 8437/9744: (282, 261) -> 8692 (b'ni\xc5\xa1') has 26 occurance
merge 8438/9744: (42, 6198) -> 8693 (b'*Gal') has 26 occurance
merge 8439/9744: (311, 285) -> 8694 (b' zala') has 26 occurance
merge 8440/9744: (334, 5152) -> 8695 (b' sabira') has 26 occurance
merge 8441/9744: (286, 2888) -> 8696 (b' zbude') has 26 occurance
merge 8442/9744: (1365, 707) -> 8697 (b' slu\xc5\xa1ajte') has 26 occurance
merge 8443/9744: (448, 2209) -> 8698 (b' priliku') has 26 occurance
merge 8444/9744: (505, 278) -> 8699 (b' bere') has 26 occurance
merge 8445/9744: (4682, 1084) -> 8700 (b' riznicu') has 26 occurance
merge 8446/9744: (3699, 626) -> 8701 (b' radovati') has 26 occurance
merge 8447/9744: (267, 279) -> 8702 (b'tili') has 26 occurance
merge 8448/9744: (345, 256) -> 8703 (b' Nje') has 26 occurance
merge 8449/9744: (118, 2974) -> 8704 (b'vljuje') has 26 occurance
merge 8450/9744: (264, 279) -> 8705 (b'rali') has 26 occurance
merge 8451/9744: (267, 114) -> 8706 (b'tir') has 26 occurance
merge 8452/9744: (4780, 355) -> 8707 (b' misle\xc4\x87i') has 26 occurance
merge 8453/9744: (712, 270) -> 8708 (b'zova') has 26 occurance
merge 8454/9744: (436, 106) -> 8709 (b'\xc5\xa1aj') has 26 occurance
merge 8455/9744: (2453, 1028) -> 8710 (b' tamnice') has 26 occurance
merge 8456/9744: (2375, 271) -> 8711 (b' mladi\xc4\x87') has 26 occurance
merge 8457/9744: (334, 289) -> 8712 (b' save') has 26 occurance
merge 8458/9744: (523, 374) -> 8713 (b' glase') has 26 occurance
merge 8459/9744: (799, 1554) -> 8714 (b' juna\xc4\x8dko') has 26 occurance
merge 8460/9744: (464, 114) -> 8715 (b' Vr') has 26 occurance
merge 8461/9744: (658, 299) -> 8716 (b' Koga') has 26 occurance
merge 8462/9744: (509, 640) -> 8717 (b' \xc5\xbeivijeh') has 26 occurance
merge 8463/9744: (2177, 114) -> 8718 (b' pisar') has 26 occurance
merge 8464/9744: (529, 287) -> 8719 (b' Uto') has 26 occurance
merge 8465/9744: (659, 273) -> 8720 (b' Savi') has 26 occurance
merge 8466/9744: (923, 318) -> 8721 (b' Varu') has 26 occurance
merge 8467/9744: (495, 378) -> 8722 (b'\xc4\x8dasti') has 26 occurance
merge 8468/9744: (341, 2184) -> 8723 (b' sirski') has 26 occurance
merge 8469/9744: (115, 107) -> 8724 (b'sk') has 26 occurance
merge 8470/9744: (73, 1179) -> 8725 (b'Ilija') has 26 occurance
merge 8471/9744: (5630, 2455) -> 8726 (b' Sedekija') has 26 occurance
merge 8472/9744: (259, 1078) -> 8727 (b' i\xc5\xa1ti') has 26 occurance
merge 8473/9744: (2872, 1555) -> 8728 (b'crkvu') has 26 occurance
merge 8474/9744: (389, 767) -> 8729 (b' pa\xc5\xa1u') has 26 occurance
merge 8475/9744: (1893, 386) -> 8730 (b' skupa') has 26 occurance
merge 8476/9744: (4633, 303) -> 8731 (b' raduju') has 26 occurance
merge 8477/9744: (422, 2623) -> 8732 (b' Onome') has 26 occurance
merge 8478/9744: (1937, 1024) -> 8733 (b'carstva') has 26 occurance
merge 8479/9744: (342, 388) -> 8734 (b' izmi') has 26 occurance
merge 8480/9744: (574, 299) -> 8735 (b' tuga') has 26 occurance
merge 8481/9744: (66, 79) -> 8736 (b'BO') has 26 occurance
merge 8482/9744: (3880, 108) -> 8737 (b' nasil') has 26 occurance
merge 8483/9744: (657, 846) -> 8738 (b' uzdam') has 26 occurance
merge 8484/9744: (110, 287) -> 8739 (b'nto') has 26 occurance
merge 8485/9744: (464, 264) -> 8740 (b' Vra') has 26 occurance
merge 8486/9744: (569, 2160) -> 8741 (b' Hvala') has 26 occurance
merge 8487/9744: (728, 273) -> 8742 (b' travi') has 26 occurance
merge 8488/9744: (4887, 1078) -> 8743 (b' uni\xc5\xa1ti') has 26 occurance
merge 8489/9744: (321, 267) -> 8744 (b'cati') has 26 occurance
merge 8490/9744: (430, 1592) -> 8745 (b' propovije') has 26 occurance
merge 8491/9744: (5241, 276) -> 8746 (b' nepoznata') has 26 occurance
merge 8492/9744: (1738, 270) -> 8747 (b' dr\xc5\xbeava') has 26 occurance
merge 8493/9744: (307, 116) -> 8748 (b'dit') has 26 occurance
merge 8494/9744: (897, 992) -> 8749 (b' poslanica') has 26 occurance
merge 8495/9744: (315, 2759) -> 8750 (b' Irod') has 26 occurance
merge 8496/9744: (3320, 693) -> 8751 (b'u\xc4\x8denici') has 26 occurance
merge 8497/9744: (2054, 115) -> 8752 (b' boles') has 26 occurance
merge 8498/9744: (1713, 320) -> 8753 (b' \xc4\x91avole') has 26 occurance
merge 8499/9744: (3252, 101) -> 8754 (b' \xc4\x86e') has 26 occurance
merge 8500/9744: (1251, 108) -> 8755 (b'Kol') has 26 occurance
merge 8501/9744: (324, 2737) -> 8756 (b'\xc4\x8di\xc4\x87ima') has 26 occurance
merge 8502/9744: (684, 366) -> 8757 (b' svilu') has 26 occurance
merge 8503/9744: (5130, 85) -> 8758 (b' JOVANU') has 26 occurance
merge 8504/9744: (971, 287) -> 8759 (b' poznato') has 26 occurance
merge 8505/9744: (482, 106) -> 8760 (b'\xc5\xbeaj') has 26 occurance
merge 8506/9744: (272, 1507) -> 8761 (b' umet') has 26 occurance
merge 8507/9744: (370, 1527) -> 8762 (b'ciona') has 26 occurance
merge 8508/9744: (754, 322) -> 8763 (b' zapo\xc4\x8de') has 26 occurance
merge 8509/9744: (1276, 3580) -> 8764 (b' Novak') has 26 occurance
merge 8510/9744: (3164, 107) -> 8765 (b'ovek') has 26 occurance
merge 8511/9744: (3724, 366) -> 8766 (b' Stambolu') has 26 occurance
merge 8512/9744: (4381, 299) -> 8767 (b'-bega') has 26 occurance
merge 8513/9744: (3261, 2648) -> 8768 (b' kukavica') has 26 occurance
merge 8514/9744: (873, 504) -> 8769 (b' \xc4\x91ecu') has 26 occurance
merge 8515/9744: (396, 5631) -> 8770 (b' rakiju') has 26 occurance
merge 8516/9744: (4525, 2862) -> 8771 (b' vojevoda') has 26 occurance
merge 8517/9744: (3761, 2255) -> 8772 (b' Grujica') has 26 occurance
merge 8518/9744: (660, 109) -> 8773 (b' onim') has 26 occurance
merge 8519/9744: (670, 281) -> 8774 (b' bana') has 26 occurance
merge 8520/9744: (433, 3330) -> 8775 (b' listom') has 26 occurance
merge 8521/9744: (398, 278) -> 8776 (b'\xc5\xa1ire') has 26 occurance
merge 8522/9744: (635, 2322) -> 8777 (b' Milica') has 26 occurance
merge 8523/9744: (7260, 365) -> 8778 (b' Hajku') has 26 occurance
merge 8524/9744: (1003, 310) -> 8779 (b' \xc5\xa1e\xc4\x87e') has 26 occurance
merge 8525/9744: (1569, 492) -> 8780 (b' Bajo') has 26 occurance
merge 8526/9744: (34, 639) -> 8781 (b'"Je') has 26 occurance
merge 8527/9744: (414, 103) -> 8782 (b' njeg') has 26 occurance
merge 8528/9744: (2579, 875) -> 8783 (b' besjedio') has 26 occurance
merge 8529/9744: (1629, 320) -> 8784 (b"'jele") has 26 occurance
merge 8530/9744: (301, 103) -> 8785 (b' neg') has 26 occurance
merge 8531/9744: (5562, 292) -> 8786 (b' mlogo') has 26 occurance
merge 8532/9744: (259, 898) -> 8787 (b' ikad') has 26 occurance
merge 8533/9744: (389, 551) -> 8788 (b' papu') has 26 occurance
merge 8534/9744: (4050, 4050) -> 8789 (b'____') has 26 occurance
merge 8535/9744: (68, 2162) -> 8790 (b'DIMA') has 26 occurance
merge 8536/9744: (73, 83) -> 8791 (b'IS') has 25 occurance
merge 8537/9744: (56, 57) -> 8792 (b'89') has 25 occurance
merge 8538/9744: (852, 285) -> 8793 (b' vidjela') has 25 occurance
merge 8539/9744: (1003, 378) -> 8794 (b' \xc5\xa1esti') has 25 occurance
merge 8540/9744: (372, 607) -> 8795 (b' vrt') has 25 occurance
merge 8541/9744: (634, 442) -> 8796 (b'lijepi') has 25 occurance
merge 8542/9744: (1206, 1512) -> 8797 (b' k\xc4\x87erima') has 25 occurance
merge 8543/9744: (1061, 351) -> 8798 (b'Nasta') has 25 occurance
merge 8544/9744: (605, 53) -> 8799 (b'145') has 25 occurance
merge 8545/9744: (712, 114) -> 8800 (b'zor') has 25 occurance
merge 8546/9744: (835, 1261) -> 8801 (b' ispusti') has 25 occurance
merge 8547/9744: (280, 1416) -> 8802 (b' na\xc5\xa1av\xc5\xa1i') has 25 occurance
merge 8548/9744: (675, 281) -> 8803 (b' narodna') has 25 occurance
merge 8549/9744: (437, 114) -> 8804 (b'sur') has 25 occurance
merge 8550/9744: (1122, 458) -> 8805 (b'bjehu') has 25 occurance
merge 8551/9744: (417, 1830) -> 8806 (b'zivanje') has 25 occurance
merge 8552/9744: (354, 609) -> 8807 (b' tilj') has 25 occurance
merge 8553/9744: (448, 1212) -> 8808 (b' prizva') has 25 occurance
merge 8554/9744: (114, 524) -> 8809 (b'rdan') has 25 occurance
merge 8555/9744: (422, 4276) -> 8810 (b' Otuda') has 25 occurance
merge 8556/9744: (311, 6752) -> 8811 (b' zacijelo') has 25 occurance
merge 8557/9744: (263, 3238) -> 8812 (b' ocem') has 25 occurance
merge 8558/9744: (1955, 283) -> 8813 (b'tvoja') has 25 occurance
merge 8559/9744: (561, 919) -> 8814 (b' ostarje') has 25 occurance
merge 8560/9744: (315, 5343) -> 8815 (b' Istina') has 25 occurance
merge 8561/9744: (1385, 109) -> 8816 (b' na\xc4\x91em') has 25 occurance
merge 8562/9744: (117, 292) -> 8817 (b'ugo') has 25 occurance
merge 8563/9744: (289, 307) -> 8818 (b'vedi') has 25 occurance
merge 8564/9744: (1774, 279) -> 8819 (b' an\xc4\x91eli') has 25 occurance
merge 8565/9744: (629, 417) -> 8820 (b' obzi') has 25 occurance
merge 8566/9744: (2334, 355) -> 8821 (b' ute\xc4\x87i') has 25 occurance
merge 8567/9744: (984, 110) -> 8822 (b' Ven') has 25 occurance
merge 8568/9744: (329, 270) -> 8823 (b' tva') has 25 occurance
merge 8569/9744: (4440, 294) -> 8824 (b'gospoda') has 25 occurance
merge 8570/9744: (978, 993) -> 8825 (b' iza\xc5\xa1ao') has 25 occurance
merge 8571/9744: (448, 4319) -> 8826 (b' pripovjedi') has 25 occurance
merge 8572/9744: (388, 109) -> 8827 (b'mim') has 25 occurance
merge 8573/9744: (2200, 1361) -> 8828 (b' zvijezda') has 25 occurance
merge 8574/9744: (3516, 310) -> 8829 (b' poginu\xc4\x87e') has 25 occurance
merge 8575/9744: (365, 310) -> 8830 (b'ku\xc4\x87e') has 25 occurance
merge 8576/9744: (629, 3216) -> 8831 (b' oblo\xc5\xbei') has 25 occurance
merge 8577/9744: (4601, 1028) -> 8832 (b' p\xc5\xa1enice') has 25 occurance
merge 8578/9744: (71, 320) -> 8833 (b'Gle') has 25 occurance
merge 8579/9744: (2149, 307) -> 8834 (b'tvrdi') has 25 occurance
merge 8580/9744: (319, 270) -> 8835 (b' odva') has 25 occurance
merge 8581/9744: (503, 2452) -> 8836 (b' ljublja') has 25 occurance
merge 8582/9744: (395, 3140) -> 8837 (b' prezre') has 25 occurance
merge 8583/9744: (290, 402) -> 8838 (b' poza') has 25 occurance
merge 8584/9744: (1689, 792) -> 8839 (b' Josifa') has 25 occurance
merge 8585/9744: (525, 2834) -> 8840 (b' posvjedo') has 25 occurance
merge 8586/9744: (4645, 321) -> 8841 (b'otaca') has 25 occurance
merge 8587/9744: (1791, 1483) -> 8842 (b' \xc4\x8cuvaj') has 25 occurance
merge 8588/9744: (264, 402) -> 8843 (b'raza') has 25 occurance
merge 8589/9744: (436, 340) -> 8844 (b'\xc5\xa1alje') has 25 occurance
merge 8590/9744: (389, 437) -> 8845 (b' pasu') has 25 occurance
merge 8591/9744: (923, 2197) -> 8846 (b' Valam') has 25 occurance
merge 8592/9744: (446, 1326) -> 8847 (b' madija') has 25 occurance
merge 8593/9744: (2500, 307) -> 8848 (b'Judi') has 25 occurance
merge 8594/9744: (1572, 111) -> 8849 (b' doveo') has 25 occurance
merge 8595/9744: (1253, 370) -> 8850 (b' izbaci') has 25 occurance
merge 8596/9744: (1464, 6532) -> 8851 (b'slu\xc5\xbebu') has 25 occurance
merge 8597/9744: (677, 289) -> 8852 (b' krave') has 25 occurance
merge 8598/9744: (278, 332) -> 8853 (b'remo') has 25 occurance
merge 8599/9744: (696, 116) -> 8854 (b'brat') has 25 occurance
merge 8600/9744: (290, 276) -> 8855 (b' pota') has 25 occurance
merge 8601/9744: (3409, 295) -> 8856 (b' Uzmite') has 25 occurance
merge 8602/9744: (388, 295) -> 8857 (b'mite') has 25 occurance
merge 8603/9744: (263, 1261) -> 8858 (b' opusti') has 25 occurance
merge 8604/9744: (3335, 1084) -> 8859 (b' desnicu') has 25 occurance
merge 8605/9744: (263, 283) -> 8860 (b' oja') has 25 occurance
merge 8606/9744: (422, 324) -> 8861 (b' O\xc4\x8di') has 25 occurance
merge 8607/9744: (110, 1129) -> 8862 (b'nskoj') has 25 occurance
merge 8608/9744: (667, 546) -> 8863 (b' otvr') has 25 occurance
merge 8609/9744: (967, 109) -> 8864 (b' pustim') has 25 occurance
merge 8610/9744: (749, 5521) -> 8865 (b' slabos') has 25 occurance
merge 8611/9744: (417, 313) -> 8866 (b'zilo') has 25 occurance
merge 8612/9744: (1128, 295) -> 8867 (b' molite') has 25 occurance
merge 8613/9744: (1394, 3867) -> 8868 (b' hljebove') has 25 occurance
merge 8614/9744: (280, 4614) -> 8869 (b' najam') has 25 occurance
merge 8615/9744: (111, 854) -> 8870 (b'ocima') has 25 occurance
merge 8616/9744: (406, 1554) -> 8871 (b' to\xc4\x8dko') has 25 occurance
merge 8617/9744: (436, 109) -> 8872 (b'\xc5\xa1am') has 25 occurance
merge 8618/9744: (534, 352) -> 8873 (b' rosa') has 25 occurance
merge 8619/9744: (272, 273) -> 8874 (b' uvi') has 25 occurance
merge 8620/9744: (446, 366) -> 8875 (b' malu') has 25 occurance
merge 8621/9744: (354, 111) -> 8876 (b' tio') has 25 occurance
merge 8622/9744: (724, 500) -> 8877 (b'stupe') has 25 occurance
merge 8623/9744: (563, 400) -> 8878 (b' pravu') has 25 occurance
merge 8624/9744: (2601, 458) -> 8879 (b' siromahu') has 25 occurance
merge 8625/9744: (419, 114) -> 8880 (b' Dr') has 25 occurance
merge 8626/9744: (1138, 381) -> 8881 (b' ogrije') has 25 occurance
merge 8627/9744: (4927, 116) -> 8882 (b' skerlet') has 25 occurance
merge 8628/9744: (654, 3798) -> 8883 (b' lakat') has 25 occurance
merge 8629/9744: (922, 745) -> 8884 (b' bio\xc4\x8du') has 25 occurance
merge 8630/9744: (270, 269) -> 8885 (b'va\xc4\x8d') has 25 occurance
merge 8631/9744: (1146, 386) -> 8886 (b' lopa') has 25 occurance
merge 8632/9744: (2220, 270) -> 8887 (b'\xc5\xbertva') has 25 occurance
merge 8633/9744: (380, 294) -> 8888 (b'kida') has 25 occurance
merge 8634/9744: (3007, 295) -> 8889 (b' prinosite') has 25 occurance
merge 8635/9744: (341, 895) -> 8890 (b' silazi') has 25 occurance
merge 8636/9744: (305, 109) -> 8891 (b'\xc5\xa1em') has 25 occurance
merge 8637/9744: (256, 289) -> 8892 (b'jeve') has 25 occurance
merge 8638/9744: (1746, 4622) -> 8893 (b' dragovoljno') has 25 occurance
merge 8639/9744: (882, 279) -> 8894 (b' soli') has 25 occurance
merge 8640/9744: (770, 346) -> 8895 (b' prst') has 25 occurance
merge 8641/9744: (116, 400) -> 8896 (b'tvu') has 25 occurance
merge 8642/9744: (836, 460) -> 8897 (b'svemu') has 25 occurance
merge 8643/9744: (309, 285) -> 8898 (b'pola') has 25 occurance
merge 8644/9744: (552, 390) -> 8899 (b' bradu') has 25 occurance
merge 8645/9744: (1243, 109) -> 8900 (b'ncem') has 25 occurance
merge 8646/9744: (1939, 291) -> 8901 (b' stvarima') has 25 occurance
merge 8647/9744: (282, 279) -> 8902 (b'nili') has 25 occurance
merge 8648/9744: (1645, 2195) -> 8903 (b' odagna') has 25 occurance
merge 8649/9744: (584, 306) -> 8904 (b' razne') has 25 occurance
merge 8650/9744: (392, 256) -> 8905 (b'\xc4\x87uje') has 25 occurance
merge 8651/9744: (275, 264) -> 8906 (b'kara') has 25 occurance
merge 8652/9744: (261, 306) -> 8907 (b'\xc5\xa1ne') has 25 occurance
merge 8653/9744: (422, 1714) -> 8908 (b' Otku') has 25 occurance
merge 8654/9744: (2205, 111) -> 8909 (b' dolazio') has 25 occurance
merge 8655/9744: (117, 915) -> 8910 (b'ured') has 25 occurance
merge 8656/9744: (309, 1221) -> 8911 (b'potre') has 25 occurance
merge 8657/9744: (1233, 320) -> 8912 (b' Hale') has 25 occurance
merge 8658/9744: (1198, 346) -> 8913 (b'\xc4\x8dnost') has 25 occurance
merge 8659/9744: (110, 1024) -> 8914 (b'nstva') has 25 occurance
merge 8660/9744: (268, 465) -> 8915 (b'volji') has 25 occurance
merge 8661/9744: (430, 1966) -> 8916 (b' prokli') has 25 occurance
merge 8662/9744: (639, 4611) -> 8917 (b'Jezd') has 25 occurance
merge 8663/9744: (419, 256) -> 8918 (b' Dje') has 25 occurance
merge 8664/9744: (300, 295) -> 8919 (b' date') has 25 occurance
merge 8665/9744: (360, 2120) -> 8920 (b' te\xc5\xa1ka') has 25 occurance
merge 8666/9744: (371, 398) -> 8921 (b' vi\xc5\xa1i') has 25 occurance
merge 8667/9744: (111, 103) -> 8922 (b'og') has 25 occurance
merge 8668/9744: (1316, 1322) -> 8923 (b' razuman') has 25 occurance
merge 8669/9744: (545, 832) -> 8924 (b' \xc4\x8dusmo') has 25 occurance
merge 8670/9744: (1906, 340) -> 8925 (b' prijatelje') has 25 occurance
merge 8671/9744: (1766, 295) -> 8926 (b' ljubite') has 25 occurance
merge 8672/9744: (2738, 285) -> 8927 (b' orla') has 25 occurance
merge 8673/9744: (1289, 711) -> 8928 (b' pravdom') has 25 occurance
merge 8674/9744: (3605, 6686) -> 8929 (b' idolopoklo') has 25 occurance
merge 8675/9744: (647, 51) -> 8930 (b'183') has 25 occurance
merge 8676/9744: (290, 993) -> 8931 (b' po\xc5\xa1ao') has 25 occurance
merge 8677/9744: (312, 2204) -> 8932 (b' kaziva') has 25 occurance
merge 8678/9744: (808, 256) -> 8933 (b' ustaje') has 25 occurance
merge 8679/9744: (323, 896) -> 8934 (b' kvari') has 25 occurance
merge 8680/9744: (342, 1489) -> 8935 (b' izre\xc4\x8de') has 25 occurance
merge 8681/9744: (360, 270) -> 8936 (b' teva') has 25 occurance
merge 8682/9744: (788, 270) -> 8937 (b'glava') has 25 occurance
merge 8683/9744: (393, 1595) -> 8938 (b' miran') has 25 occurance
merge 8684/9744: (808, 303) -> 8939 (b' ustaju') has 25 occurance
merge 8685/9744: (4300, 472) -> 8940 (b' posljednji') has 25 occurance
merge 8686/9744: (328, 267) -> 8941 (b'osti') has 25 occurance
merge 8687/9744: (1163, 303) -> 8942 (b' rije\xc4\x8dju') has 25 occurance
merge 8688/9744: (751, 269) -> 8943 (b' Ma\xc4\x8d') has 25 occurance
merge 8689/9744: (6572, 713) -> 8944 (b'SUSA') has 25 occurance
merge 8690/9744: (799, 3031) -> 8945 (b' juna\xc5\xa1tva') has 25 occurance
merge 8691/9744: (512, 5777) -> 8946 (b' Jaoh') has 25 occurance
merge 8692/9744: (1133, 302) -> 8947 (b' Judino') has 25 occurance
merge 8693/9744: (432, 282) -> 8948 (b'njani') has 25 occurance
merge 8694/9744: (433, 803) -> 8949 (b' livan') has 25 occurance
merge 8695/9744: (45, 1965) -> 8950 (b'-Me') has 25 occurance
merge 8696/9744: (448, 273) -> 8951 (b' privi') has 25 occurance
merge 8697/9744: (8076, 447) -> 8952 (b' SUDIJA') has 25 occurance
merge 8698/9744: (8952, 648) -> 8953 (b' SUDIJAMA') has 25 occurance
merge 8699/9744: (528, 303) -> 8954 (b'\xc4\x91uju') has 25 occurance
merge 8700/9744: (6575, 941) -> 8955 (b' Gedeon') has 25 occurance
merge 8701/9744: (799, 322) -> 8956 (b' juna\xc4\x8de') has 25 occurance
merge 8702/9744: (534, 536) -> 8957 (b' ro\xc4\x91a') has 25 occurance
merge 8703/9744: (442, 283) -> 8958 (b'pija') has 25 occurance
merge 8704/9744: (1076, 270) -> 8959 (b'krva') has 25 occurance
merge 8705/9744: (700, 4337) -> 8960 (b' pla\xc4\x8du\xc4\x87i') has 25 occurance
merge 8706/9744: (111, 1122) -> 8961 (b'obje') has 25 occurance
merge 8707/9744: (6061, 71) -> 8962 (b' BOG') has 25 occurance
merge 8708/9744: (334, 116) -> 8963 (b' sat') has 25 occurance
merge 8709/9744: (5027, 1913) -> 8964 (b' najstariji') has 25 occurance
merge 8710/9744: (874, 303) -> 8965 (b'gledaju') has 25 occurance
merge 8711/9744: (1733, 111) -> 8966 (b' uhvatio') has 25 occurance
merge 8712/9744: (352, 303) -> 8967 (b'saju') has 25 occurance
merge 8713/9744: (327, 1773) -> 8968 (b' Amno') has 25 occurance
merge 8714/9744: (4362, 285) -> 8969 (b' debela') has 25 occurance
merge 8715/9744: (668, 4358) -> 8970 (b' Sirci') has 25 occurance
merge 8716/9744: (782, 593) -> 8971 (b' carevijem') has 25 occurance
merge 8717/9744: (1870, 298) -> 8972 (b' sestro') has 25 occurance
merge 8718/9744: (386, 1080) -> 8973 (b'padne') has 25 occurance
merge 8719/9744: (320, 295) -> 8974 (b'lete') has 25 occurance
merge 8720/9744: (1768, 410) -> 8975 (b' Izba') has 25 occurance
merge 8721/9744: (543, 306) -> 8976 (b' bune') has 25 occurance
merge 8722/9744: (2015, 275) -> 8977 (b' visoka') has 25 occurance
merge 8723/9744: (290, 2144) -> 8978 (b' ponesi') has 25 occurance
merge 8724/9744: (457, 111) -> 8979 (b'\xc4\x8dinio') has 25 occurance
merge 8725/9744: (1053, 2191) -> 8980 (b' Godine') has 25 occurance
merge 8726/9744: (673, 322) -> 8981 (b' \xc4\x8dovje\xc4\x8de') has 25 occurance
merge 8727/9744: (584, 270) -> 8982 (b' razva') has 25 occurance
merge 8728/9744: (388, 416) -> 8983 (b'mice') has 25 occurance
merge 8729/9744: (389, 285) -> 8984 (b' pala') has 25 occurance
merge 8730/9744: (652, 264) -> 8985 (b' mjera') has 25 occurance
merge 8731/9744: (2949, 102) -> 8986 (b' Asaf') has 25 occurance
merge 8732/9744: (784, 437) -> 8987 (b' Mesu') has 25 occurance
merge 8733/9744: (1920, 2255) -> 8988 (b' trojica') has 25 occurance
merge 8734/9744: (347, 328) -> 8989 (b' Mos') has 25 occurance
merge 8735/9744: (1316, 388) -> 8990 (b' razumi') has 25 occurance
merge 8736/9744: (2138, 386) -> 8991 (b' Arapa') has 25 occurance
merge 8737/9744: (751, 279) -> 8992 (b' Mali') has 25 occurance
merge 8738/9744: (2235, 303) -> 8993 (b' \xc4\x8dekaju') has 25 occurance
merge 8739/9744: (374, 264) -> 8994 (b'sera') has 25 occurance
merge 8740/9744: (280, 2901) -> 8995 (b' nasilja') has 25 occurance
merge 8741/9744: (1198, 378) -> 8996 (b'\xc4\x8dnosti') has 25 occurance
merge 8742/9744: (1506, 100) -> 8997 (b' praved') has 25 occurance
merge 8743/9744: (78, 533) -> 8998 (b'Njemu') has 25 occurance
merge 8744/9744: (1138, 278) -> 8999 (b' ogre') has 25 occurance
merge 8745/9744: (389, 352) -> 9000 (b' pasa') has 25 occurance
merge 8746/9744: (78, 1232) -> 9001 (b'NOVE') has 25 occurance
merge 8747/9744: (712, 696) -> 9002 (b'zobra') has 25 occurance
merge 8748/9744: (339, 313) -> 9003 (b' glo') has 25 occurance
merge 8749/9744: (695, 1040) -> 9004 (b'odvede') has 25 occurance
merge 8750/9744: (334, 1262) -> 9005 (b' sakupi') has 25 occurance
merge 8751/9744: (1131, 1087) -> 9006 (b' istorija') has 25 occurance
merge 8752/9744: (405, 2256) -> 9007 (b' svetoga') has 25 occurance
merge 8753/9744: (610, 279) -> 9008 (b' pili') has 25 occurance
merge 8754/9744: (286, 264) -> 9009 (b' zra') has 25 occurance
merge 8755/9744: (761, 5804) -> 9010 (b' Nazare') has 25 occurance
merge 8756/9744: (920, 291) -> 9011 (b' Toma') has 25 occurance
merge 8757/9744: (2831, 592) -> 9012 (b' dozvav\xc5\xa1i') has 25 occurance
merge 8758/9744: (764, 632) -> 9013 (b' najpre') has 25 occurance
merge 8759/9744: (99, 382) -> 9014 (b'cke') has 25 occurance
merge 8760/9744: (3670, 401) -> 9015 (b' Jevan\xc4\x91elja') has 25 occurance
merge 8761/9744: (1988, 832) -> 9016 (b' Pismo') has 25 occurance
merge 8762/9744: (1034, 292) -> 9017 (b'Nego') has 25 occurance
merge 8763/9744: (308, 2392) -> 9018 (b' konak') has 25 occurance
merge 8764/9744: (639, 524) -> 9019 (b'Jedan') has 25 occurance
merge 8765/9744: (261, 337) -> 9020 (b'\xc5\xa1nu') has 25 occurance
merge 8766/9744: (2767, 737) -> 9021 (b'KORI') has 25 occurance
merge 8767/9744: (322, 1809) -> 9022 (b'\xc4\x8detiri') has 25 occurance
merge 8768/9744: (419, 69) -> 9023 (b' DE') has 25 occurance
merge 8769/9744: (603, 65) -> 9024 (b'AVA') has 25 occurance
merge 8770/9744: (2990, 3343) -> 9025 (b' poezija') has 25 occurance
merge 8771/9744: (725, 309) -> 9026 (b' epo') has 25 occurance
merge 8772/9744: (2583, 86) -> 9027 (b' XV') has 25 occurance
merge 8773/9744: (1264, 1129) -> 9028 (b' turskoj') has 25 occurance
merge 8774/9744: (557, 416) -> 9029 (b' dece') has 25 occurance
merge 8775/9744: (2827, 307) -> 9030 (b' Vladi') has 25 occurance
merge 8776/9744: (750, 307) -> 9031 (b' gospodi') has 25 occurance
merge 8777/9744: (100, 353) -> 9032 (b'd\xc5\xbee') has 25 occurance
merge 8778/9744: (799, 1690) -> 9033 (b' juna\xc4\x8dka') has 25 occurance
merge 8779/9744: (418, 320) -> 9034 (b' hle') has 25 occurance
merge 8780/9744: (1829, 303) -> 9035 (b'd\xc5\xbeiju') has 25 occurance
merge 8781/9744: (3638, 803) -> 9036 (b'zdovan') has 25 occurance
merge 8782/9744: (1482, 4589) -> 9037 (b' obadvije') has 25 occurance
merge 8783/9744: (717, 281) -> 9038 (b' vrana') has 25 occurance
merge 8784/9744: (4579, 1654) -> 9039 (b' Senjanin') has 25 occurance
merge 8785/9744: (1832, 106) -> 9040 (b' Crnoj') has 25 occurance
merge 8786/9744: (2927, 4346) -> 9041 (b' mejdanu') has 25 occurance
merge 8787/9744: (448, 626) -> 9042 (b' privati') has 25 occurance
merge 8788/9744: (752, 3163) -> 9043 (b' okovanu') has 25 occurance
merge 8789/9744: (4610, 7947) -> 9044 (b' Zogovi\xc4\x87') has 25 occurance
merge 8790/9744: (4842, 261) -> 9045 (b' znade\xc5\xa1') has 25 occurance
merge 8791/9744: (265, 324) -> 9046 (b'ko\xc4\x8di') has 25 occurance
merge 8792/9744: (481, 267) -> 9047 (b' svati') has 25 occurance
merge 8793/9744: (568, 2631) -> 9048 (b' znadem') has 25 occurance
merge 8794/9744: (1934, 318) -> 9049 (b'Gospodaru') has 25 occurance
merge 8795/9744: (2777, 766) -> 9050 (b' gospodsku') has 25 occurance
merge 8796/9744: (646, 6372) -> 9051 (b' Bogdane') has 25 occurance
merge 8797/9744: (912, 356) -> 9052 (b' \xc4\x8dado') has 25 occurance
merge 8798/9744: (4137, 492) -> 9053 (b' delijo') has 25 occurance
merge 8799/9744: (3982, 306) -> 9054 (b' Arapine') has 25 occurance
merge 8800/9744: (526, 298) -> 9055 (b' pero') has 25 occurance
merge 8801/9744: (317, 436) -> 9056 (b' do\xc5\xa1a') has 25 occurance
merge 8802/9744: (7573, 521) -> 9057 (b' francuski') has 25 occurance
merge 8803/9744: (483, 73) -> 9058 (b'\xc5\xa0I') has 25 occurance
merge 8804/9744: (393, 436) -> 9059 (b' mi\xc5\xa1a') has 25 occurance
merge 8805/9744: (526, 2672) -> 9060 (b' pelin') has 25 occurance
merge 8806/9744: (1996, 104) -> 9061 (b' putah') has 25 occurance
merge 8807/9744: (422, 355) -> 9062 (b' O\xc4\x87i') has 25 occurance
merge 8808/9744: (419, 421) -> 9063 (b' DAN') has 24 occurance
merge 8809/9744: (298, 299) -> 9064 (b'roga') has 24 occurance
merge 8810/9744: (4844, 115) -> 9065 (b' Glas') has 24 occurance
merge 8811/9744: (1044, 277) -> 9066 (b' zbori') has 24 occurance
merge 8812/9744: (546, 351) -> 9067 (b'vrsta') has 24 occurance
merge 8813/9744: (485, 1619) -> 9068 (b'zemalj') has 24 occurance
merge 8814/9744: (327, 846) -> 9069 (b' Adam') has 24 occurance
merge 8815/9744: (3303, 281) -> 9070 (b' \xc5\xbdena') has 24 occurance
merge 8816/9744: (510, 1026) -> 9071 (b' Ne\xc4\x87e\xc5\xa1') has 24 occurance
merge 8817/9744: (481, 645) -> 9072 (b' sva\xc5\xa1ta') has 24 occurance
merge 8818/9744: (1657, 109) -> 9073 (b'osam') has 24 occurance
merge 8819/9744: (386, 340) -> 9074 (b'palje') has 24 occurance
merge 8820/9744: (3467, 267) -> 9075 (b' iskati') has 24 occurance
merge 8821/9744: (746, 109) -> 9076 (b'vljam') has 24 occurance
merge 8822/9744: (5144, 4098) -> 9077 (b' golotinju') has 24 occurance
merge 8823/9744: (6099, 116) -> 9078 (b' Proklet') has 24 occurance
merge 8824/9744: (5074, 277) -> 9079 (b' ra\xc5\xa1iri') has 24 occurance
merge 8825/9744: (1759, 365) -> 9080 (b' jeziku') has 24 occurance
merge 8826/9744: (668, 356) -> 9081 (b' Sido') has 24 occurance
merge 8827/9744: (605, 52) -> 9082 (b'144') has 24 occurance
merge 8828/9744: (374, 314) -> 9083 (b'sede') has 24 occurance
merge 8829/9744: (308, 722) -> 9084 (b' kozu') has 24 occurance
merge 8830/9744: (3804, 432) -> 9085 (b' robinja') has 24 occurance
merge 8831/9744: (1737, 104) -> 9086 (b' mnogih') has 24 occurance
merge 8832/9744: (746, 267) -> 9087 (b'vljati') has 24 occurance
merge 8833/9744: (4433, 111) -> 9088 (b'an\xc4\x91eo') has 24 occurance
merge 8834/9744: (1393, 109) -> 9089 (b' va\xc5\xa1em') has 24 occurance
merge 8835/9744: (2665, 282) -> 9090 (b' ro\xc4\x91eni') has 24 occurance
merge 8836/9744: (406, 270) -> 9091 (b' tova') has 24 occurance
merge 8837/9744: (3019, 282) -> 9092 (b' pe\xc4\x87ini') has 24 occurance
merge 8838/9744: (3019, 337) -> 9093 (b' pe\xc4\x87inu') has 24 occurance
merge 8839/9744: (1365, 458) -> 9094 (b' slu\xc5\xa1ahu') has 24 occurance
merge 8840/9744: (4116, 432) -> 9095 (b' poklanja') has 24 occurance
merge 8841/9744: (6018, 474) -> 9096 (b'tisu\xc4\x87a') has 24 occurance
merge 8842/9744: (105, 1693) -> 9097 (b'imenu') has 24 occurance
merge 8843/9744: (3656, 355) -> 9098 (b' dr\xc5\xbee\xc4\x87i') has 24 occurance
merge 8844/9744: (272, 994) -> 9099 (b' unese') has 24 occurance
merge 8845/9744: (482, 1915) -> 9100 (b'\xc5\xbealosti') has 24 occurance
merge 8846/9744: (66, 256) -> 9101 (b'Bje') has 24 occurance
merge 8847/9744: (1030, 265) -> 9102 (b'Jako') has 24 occurance
merge 8848/9744: (4153, 363) -> 9103 (b'izi\xc4\x91e') has 24 occurance
merge 8849/9744: (891, 355) -> 9104 (b' prije\xc4\x87i') has 24 occurance
merge 8850/9744: (2380, 410) -> 9105 (b' borba') has 24 occurance
merge 8851/9744: (1011, 296) -> 9106 (b'Bo\xc5\xbe') has 24 occurance
merge 8852/9744: (4662, 299) -> 9107 (b' Sluga') has 24 occurance
merge 8853/9744: (3474, 275) -> 9108 (b' momaka') has 24 occurance
merge 8854/9744: (914, 314) -> 9109 (b' izide') has 24 occurance
merge 8855/9744: (342, 620) -> 9110 (b' izvore') has 24 occurance
merge 8856/9744: (5286, 102) -> 9111 (b'Josif') has 24 occurance
merge 8857/9744: (74, 1523) -> 9112 (b'Juda') has 24 occurance
merge 8858/9744: (371, 1840) -> 9113 (b' vi\xc4\x8dem') has 24 occurance
merge 8859/9744: (562, 265) -> 9114 (b' \xc4\x8doko') has 24 occurance
merge 8860/9744: (307, 104) -> 9115 (b'dih') has 24 occurance
merge 8861/9744: (308, 276) -> 9116 (b' kota') has 24 occurance
merge 8862/9744: (441, 942) -> 9117 (b' javiti') has 24 occurance
merge 8863/9744: (413, 276) -> 9118 (b' gata') has 24 occurance
merge 8864/9744: (717, 484) -> 9119 (b' vratu') has 24 occurance
merge 8865/9744: (844, 8212) -> 9120 (b' zemalja') has 24 occurance
merge 8866/9744: (852, 832) -> 9121 (b' vidjesmo') has 24 occurance
merge 8867/9744: (930, 1558) -> 9122 (b' zlo\xc4\x8din') has 24 occurance
merge 8868/9744: (2696, 1485) -> 9123 (b' Manasija') has 24 occurance
merge 8869/9744: (1462, 332) -> 9124 (b' \xc5\xbeivimo') has 24 occurance
merge 8870/9744: (3423, 384) -> 9125 (b' postelju') has 24 occurance
merge 8871/9744: (441, 107) -> 9126 (b' jak') has 24 occurance
merge 8872/9744: (280, 6216) -> 9127 (b' nastoj') has 24 occurance
merge 8873/9744: (534, 314) -> 9128 (b' rode') has 24 occurance
merge 8874/9744: (3608, 382) -> 9129 (b' Rijeke') has 24 occurance
merge 8875/9744: (311, 2650) -> 9130 (b' zakloni') has 24 occurance
merge 8876/9744: (7650, 352) -> 9131 (b'\xc4\x8dudesa') has 24 occurance
merge 8877/9744: (2894, 305) -> 9132 (b' povika\xc5\xa1e') has 24 occurance
merge 8878/9744: (4343, 100) -> 9133 (b' Grad') has 24 occurance
merge 8879/9744: (526, 500) -> 9134 (b' pepe') has 24 occurance
merge 8880/9744: (1696, 841) -> 9135 (b' zlatnijeh') has 24 occurance
merge 8881/9744: (67, 114) -> 9136 (b'Cr') has 24 occurance
merge 8882/9744: (368, 2804) -> 9137 (b' nigdje') has 24 occurance
merge 8883/9744: (929, 410) -> 9138 (b'izba') has 24 occurance
merge 8884/9744: (1384, 270) -> 9139 (b'drva') has 24 occurance
merge 8885/9744: (1221, 355) -> 9140 (b'tre\xc4\x87i') has 24 occurance
merge 8886/9744: (1263, 547) -> 9141 (b' trubu') has 24 occurance
merge 8887/9744: (1920, 256) -> 9142 (b' troje') has 24 occurance
merge 8888/9744: (7276, 110) -> 9143 (b'Zakon') has 24 occurance
merge 8889/9744: (3640, 2728) -> 9144 (b' bli\xc5\xbenjemu') has 24 occurance
merge 8890/9744: (6547, 273) -> 9145 (b' nenavi') has 24 occurance
merge 8891/9744: (563, 1407) -> 9146 (b' pravoga') has 24 occurance
merge 8892/9744: (396, 2594) -> 9147 (b' rastr') has 24 occurance
merge 8893/9744: (257, 2209) -> 9148 (b' sliku') has 24 occurance
merge 8894/9744: (1717, 110) -> 9149 (b' zlatan') has 24 occurance
merge 8895/9744: (5609, 318) -> 9150 (b' sjeveru') has 24 occurance
merge 8896/9744: (6787, 1028) -> 9151 (b' prijevornice') has 24 occurance
merge 8897/9744: (5691, 116) -> 9152 (b' pe\xc4\x8dat') has 24 occurance
merge 8898/9744: (573, 366) -> 9153 (b' \xc4\x8delu') has 24 occurance
merge 8899/9744: (2824, 303) -> 9154 (b' igraju') has 24 occurance
merge 8900/9744: (367, 337) -> 9155 (b'sinu') has 24 occurance
merge 8901/9744: (552, 3576) -> 9156 (b' bra\xc5\xa1no') has 24 occurance
merge 8902/9744: (985, 4567) -> 9157 (b' krivicu') has 24 occurance
merge 8903/9744: (341, 1306) -> 9158 (b' silovi') has 24 occurance
merge 8904/9744: (610, 474) -> 9159 (b' pi\xc4\x87a') has 24 occurance
merge 8905/9744: (324, 346) -> 9160 (b'\xc4\x8dist') has 24 occurance
merge 8906/9744: (285, 281) -> 9161 (b'lana') has 24 occurance
merge 8907/9744: (448, 2822) -> 9162 (b' pripada') has 24 occurance
merge 8908/9744: (3187, 960) -> 9163 (b' naslijediti') has 24 occurance
merge 8909/9744: (574, 322) -> 9164 (b' tu\xc4\x8de') has 24 occurance
merge 8910/9744: (341, 267) -> 9165 (b' siti') has 24 occurance
merge 8911/9744: (384, 303) -> 9166 (b'ljuju') has 24 occurance
merge 8912/9744: (2301, 392) -> 9167 (b' obrati\xc4\x87u') has 24 occurance
merge 8913/9744: (571, 106) -> 9168 (b'gej') has 24 occurance
merge 8914/9744: (3725, 337) -> 9169 (b' cijenu') has 24 occurance
merge 8915/9744: (327, 388) -> 9170 (b' Ami') has 24 occurance
merge 8916/9744: (527, 2400) -> 9171 (b' slu\xc5\xbeahu') has 24 occurance
merge 8917/9744: (660, 104) -> 9172 (b' onih') has 24 occurance
merge 8918/9744: (2097, 118) -> 9173 (b'njihov') has 24 occurance
merge 8919/9744: (1696, 564) -> 9174 (b' zlatnom') has 24 occurance
merge 8920/9744: (459, 2374) -> 9175 (b' \n \n\n\n') has 24 occurance
merge 8921/9744: (422, 2695) -> 9176 (b' Obla') has 24 occurance
merge 8922/9744: (311, 322) -> 9177 (b' za\xc4\x8de') has 24 occurance
merge 8923/9744: (3552, 303) -> 9178 (b' prorokuju') has 24 occurance
merge 8924/9744: (5344, 397) -> 9179 (b' najmanje') has 24 occurance
merge 8925/9744: (293, 366) -> 9180 (b' jelu') has 24 occurance
merge 8926/9744: (2748, 398) -> 9181 (b' napi\xc5\xa1i') has 24 occurance
merge 8927/9744: (3746, 267) -> 9182 (b' \xc4\x8detvrti') has 24 occurance
merge 8928/9744: (290, 400) -> 9183 (b' povu') has 24 occurance
merge 8929/9744: (264, 645) -> 9184 (b'ra\xc5\xa1ta') has 24 occurance
merge 8930/9744: (118, 521) -> 9185 (b'vski') has 24 occurance
merge 8931/9744: (259, 265) -> 9186 (b' iko') has 24 occurance
merge 8932/9744: (422, 307) -> 9187 (b' Odi') has 24 occurance
merge 8933/9744: (311, 353) -> 9188 (b' za\xc5\xbee') has 24 occurance
merge 8934/9744: (3835, 267) -> 9189 (b' odvratiti') has 24 occurance
merge 8935/9744: (2755, 107) -> 9190 (b'prorok') has 24 occurance
merge 8936/9744: (764, 388) -> 9191 (b' najmi') has 24 occurance
merge 8937/9744: (263, 1724) -> 9192 (b' orao') has 24 occurance
merge 8938/9744: (2143, 2048) -> 9193 (b' kletva') has 24 occurance
merge 8939/9744: (1716, 2841) -> 9194 (b' pjesme') has 24 occurance
merge 8940/9744: (386, 110) -> 9195 (b'pan') has 24 occurance
merge 8941/9744: (517, 303) -> 9196 (b' voju') has 24 occurance
merge 8942/9744: (315, 8944) -> 9197 (b' ISUSA') has 24 occurance
merge 8943/9744: (577, 2351) -> 9198 (b' NAVI') has 24 occurance
merge 8944/9744: (9198, 642) -> 9199 (b' NAVINA') has 24 occurance
merge 8945/9744: (584, 3868) -> 9200 (b' razmi\xc5\xa1lja') has 24 occurance
merge 8946/9744: (3264, 1688) -> 9201 (b'hrabri') has 24 occurance
merge 8947/9744: (753, 283) -> 9202 (b' Alija') has 24 occurance
merge 8948/9744: (882, 435) -> 9203 (b' sobe') has 24 occurance
merge 8949/9744: (3646, 116) -> 9204 (b' \xc5\xa1tit') has 24 occurance
merge 8950/9744: (3342, 4240) -> 9205 (b' opkoli\xc5\xa1e') has 24 occurance
merge 8951/9744: (410, 305) -> 9206 (b'ba\xc5\xa1e') has 24 occurance
merge 8952/9744: (4876, 745) -> 9207 (b' i\xc5\xa1\xc4\x8du') has 24 occurance
merge 8953/9744: (638, 285) -> 9208 (b' govorila') has 24 occurance
merge 8954/9744: (1188, 267) -> 9209 (b' bogati') has 24 occurance
merge 8955/9744: (434, 6336) -> 9210 (b'vojskama') has 24 occurance
merge 8956/9744: (5742, 547) -> 9211 (b' molbu') has 24 occurance
merge 8957/9744: (90, 313) -> 9212 (b'Zlo') has 24 occurance
merge 8958/9744: (1609, 4069) -> 9213 (b' ljep\xc5\xa1e') has 24 occurance
merge 8959/9744: (76, 85) -> 9214 (b'LU') has 24 occurance
merge 8960/9744: (3870, 116) -> 9215 (b'svijet') has 24 occurance
merge 8961/9744: (267, 303) -> 9216 (b'tiju') has 24 occurance
merge 8962/9744: (2063, 1522) -> 9217 (b' visinama') has 24 occurance
merge 8963/9744: (100, 472) -> 9218 (b'dnji') has 24 occurance
merge 8964/9744: (446, 122) -> 9219 (b' maz') has 24 occurance
merge 8965/9744: (3496, 106) -> 9220 (b' Simej') has 24 occurance
merge 8966/9744: (290, 356) -> 9221 (b' podo') has 24 occurance
merge 8967/9744: (294, 397) -> 9222 (b'danje') has 24 occurance
merge 8968/9744: (845, 1178) -> 9223 (b' crkva') has 24 occurance
merge 8969/9744: (769, 3031) -> 9224 (b' mno\xc5\xa1tva') has 24 occurance
merge 8970/9744: (2566, 118) -> 9225 (b' Ahav') has 24 occurance
merge 8971/9744: (307, 332) -> 9226 (b'dimo') has 24 occurance
merge 8972/9744: (4010, 1158) -> 9227 (b' asirskoga') has 24 occurance
merge 8973/9744: (1104, 1257) -> 9228 (b' smokve') has 24 occurance
merge 8974/9744: (584, 273) -> 9229 (b' razvi') has 24 occurance
merge 8975/9744: (495, 264) -> 9230 (b'\xc4\x8dara') has 24 occurance
merge 8976/9744: (988, 289) -> 9231 (b'rovave') has 24 occurance
merge 8977/9744: (3421, 1162) -> 9232 (b' Ananija') has 24 occurance
merge 8978/9744: (3620, 270) -> 9233 (b'Njegova') has 24 occurance
merge 8979/9744: (317, 292) -> 9234 (b' dogo') has 24 occurance
merge 8980/9744: (635, 283) -> 9235 (b' Mija') has 24 occurance
merge 8981/9744: (375, 1657) -> 9236 (b' Posa') has 24 occurance
merge 8982/9744: (396, 1185) -> 9237 (b' radova') has 24 occurance
merge 8983/9744: (1194, 893) -> 9238 (b' utvara') has 24 occurance
merge 8984/9744: (517, 279) -> 9239 (b' voli') has 24 occurance
merge 8985/9744: (728, 103) -> 9240 (b' trag') has 24 occurance
merge 8986/9744: (1109, 400) -> 9241 (b'slavu') has 24 occurance
merge 8987/9744: (4524, 722) -> 9242 (b' trpezu') has 24 occurance
merge 8988/9744: (403, 1322) -> 9243 (b' taman') has 24 occurance
merge 8989/9744: (526, 919) -> 9244 (b' perje') has 24 occurance
merge 8990/9744: (3975, 337) -> 9245 (b'istinu') has 24 occurance
merge 8991/9744: (84, 4507) -> 9246 (b'Treba') has 24 occurance
merge 8992/9744: (467, 279) -> 9247 (b' boli') has 24 occurance
merge 8993/9744: (723, 267) -> 9248 (b'govoriti') has 24 occurance
merge 8994/9744: (481, 5965) -> 9249 (b' sva\xc4\x8demu') has 24 occurance
merge 8995/9744: (361, 416) -> 9250 (b'bice') has 24 occurance
merge 8996/9744: (77, 1055) -> 9251 (b'Mili') has 24 occurance
merge 8997/9744: (359, 1657) -> 9252 (b' Kosa') has 24 occurance
merge 8998/9744: (1758, 365) -> 9253 (b' vuku') has 24 occurance
merge 8999/9744: (269, 111) -> 9254 (b'\xc4\x8do') has 24 occurance
merge 9000/9744: (495, 114) -> 9255 (b'\xc4\x8dar') has 24 occurance
merge 9001/9744: (448, 332) -> 9256 (b' primo') has 24 occurance
merge 9002/9744: (1119, 82) -> 9257 (b'DAR') has 24 occurance
merge 9003/9744: (545, 508) -> 9258 (b' \xc4\x8dudno') has 24 occurance
merge 9004/9744: (301, 632) -> 9259 (b' nepre') has 24 occurance
merge 9005/9744: (272, 268) -> 9260 (b' uvo') has 24 occurance
merge 9006/9744: (1201, 1350) -> 9261 (b' Petru') has 24 occurance
merge 9007/9744: (83, 69) -> 9262 (b'SE') has 24 occurance
merge 9008/9744: (2475, 460) -> 9263 (b' dolamu') has 24 occurance
merge 9009/9744: (263, 382) -> 9264 (b' oke') has 24 occurance
merge 9010/9744: (550, 314) -> 9265 (b' imade') has 24 occurance
merge 9011/9744: (4210, 666) -> 9266 (b' epske') has 24 occurance
merge 9012/9744: (34, 2081) -> 9267 (b'"\xc5\xa0to') has 24 occurance
merge 9013/9744: (1180, 103) -> 9268 (b'vnog') has 24 occurance
merge 9014/9744: (290, 1701) -> 9269 (b' ponaj') has 24 occurance
merge 9015/9744: (484, 97) -> 9270 (b'tua') has 24 occurance
merge 9016/9744: (526, 1521) -> 9271 (b' pevaju') has 24 occurance
merge 9017/9744: (1131, 7096) -> 9272 (b' istorijski') has 24 occurance
merge 9018/9744: (512, 6720) -> 9273 (b' Jak\xc5\xa1i') has 24 occurance
merge 9019/9744: (263, 1356) -> 9274 (b' ovih') has 24 occurance
merge 9020/9744: (2306, 7446) -> 9275 (b' Roksan') has 24 occurance
merge 9021/9744: (3855, 402) -> 9276 (b' viteza') has 24 occurance
merge 9022/9744: (424, 278) -> 9277 (b' vere') has 24 occurance
merge 9023/9744: (8129, 965) -> 9278 (b' Novakovi\xc4\x87') has 24 occurance
merge 9024/9744: (716, 4091) -> 9279 (b' nadmo\xc4\x87') has 24 occurance
merge 9025/9744: (336, 116) -> 9280 (b' bit') has 24 occurance
merge 9026/9744: (5249, 1640) -> 9281 (b' kalpak') has 24 occurance
merge 9027/9744: (1172, 321) -> 9282 (b' krvca') has 24 occurance
merge 9028/9744: (6491, 291) -> 9283 (b' du\xc5\xa1ma') has 24 occurance
merge 9029/9744: (117, 346) -> 9284 (b'ust') has 24 occurance
merge 9030/9744: (845, 337) -> 9285 (b' crnu') has 24 occurance
merge 9031/9744: (313, 965) -> 9286 (b'lovi\xc4\x87') has 24 occurance
merge 9032/9744: (1233, 1826) -> 9287 (b' Hasan') has 24 occurance
merge 9033/9744: (104, 460) -> 9288 (b'hmu') has 24 occurance
merge 9034/9744: (2025, 362) -> 9289 (b' Ru\xc5\xbei') has 24 occurance
merge 9035/9744: (4689, 6233) -> 9290 (b' Strahini\xc4\x87u') has 24 occurance
merge 9036/9744: (360, 285) -> 9291 (b' tela') has 24 occurance
merge 9037/9744: (32, 860) -> 9292 (b' \xc4\x91i') has 24 occurance
merge 9038/9744: (1487, 118) -> 9293 (b' Krav') has 24 occurance
merge 9039/9744: (513, 109) -> 9294 (b' Dam') has 24 occurance
merge 9040/9744: (468, 4410) -> 9295 (b' putovati') has 24 occurance
merge 9041/9744: (5632, 2897) -> 9296 (b' avliju') has 24 occurance
merge 9042/9744: (262, 482) -> 9297 (b' d\xc5\xbea') has 24 occurance
merge 9043/9744: (882, 102) -> 9298 (b' sof') has 24 occurance
merge 9044/9744: (39, 45) -> 9299 (b"'-") has 24 occurance
merge 9045/9744: (2660, 6158) -> 9300 (b' Stojane') has 24 occurance
merge 9046/9744: (312, 400) -> 9301 (b' kavu') has 24 occurance
merge 9047/9744: (373, 275) -> 9302 (b' reka') has 24 occurance
merge 9048/9744: (446, 1690) -> 9303 (b' ma\xc4\x8dka') has 24 occurance
merge 9049/9744: (1944, 4135) -> 9304 (b' vezirovi\xc4\x87') has 24 occurance
merge 9050/9744: (6177, 1823) -> 9305 (b'Crnogor') has 24 occurance
merge 9051/9744: (73, 5407) -> 9306 (b'Iguman') has 24 occurance
merge 9052/9744: (750, 283) -> 9307 (b' gospoja') has 24 occurance
merge 9053/9744: (4428, 384) -> 9308 (b'Zemlju') has 23 occurance
merge 9054/9744: (979, 277) -> 9309 (b' gospodari') has 23 occurance
merge 9055/9744: (1384, 289) -> 9310 (b'drve') has 23 occurance
merge 9056/9744: (551, 282) -> 9311 (b'puni') has 23 occurance
merge 9057/9744: (272, 256) -> 9312 (b' uje') has 23 occurance
merge 9058/9744: (1586, 261) -> 9313 (b' jede\xc5\xa1') has 23 occurance
merge 9059/9744: (473, 1913) -> 9314 (b' stariji') has 23 occurance
merge 9060/9744: (552, 739) -> 9315 (b' bratom') has 23 occurance
merge 9061/9744: (1704, 707) -> 9316 (b' poslu\xc5\xa1ajte') has 23 occurance
merge 9062/9744: (5204, 860) -> 9317 (b' Izi\xc4\x91i') has 23 occurance
merge 9063/9744: (706, 566) -> 9318 (b' \xc4\x8diste') has 23 occurance
merge 9064/9744: (377, 531) -> 9319 (b' Tar') has 23 occurance
merge 9065/9744: (1744, 114) -> 9320 (b'fir') has 23 occurance
merge 9066/9744: (1787, 291) -> 9321 (b' Avrama') has 23 occurance
merge 9067/9744: (526, 322) -> 9322 (b' pe\xc4\x8de') has 23 occurance
merge 9068/9744: (1513, 2447) -> 9323 (b' cijelu') has 23 occurance
merge 9069/9744: (267, 116) -> 9324 (b'tit') has 23 occurance
merge 9070/9744: (5831, 106) -> 9325 (b' Pogledaj') has 23 occurance
merge 9071/9744: (3468, 370) -> 9326 (b' do\xc5\xa1ljaci') has 23 occurance
merge 9072/9744: (2950, 282) -> 9327 (b' ognjeni') has 23 occurance
merge 9073/9744: (667, 4061) -> 9328 (b' otjera') has 23 occurance
merge 9074/9744: (3180, 1590) -> 9329 (b' studenac') has 23 occurance
merge 9075/9744: (368, 5150) -> 9330 (b' ni\xc4\x8dice') has 23 occurance
merge 9076/9744: (1092, 313) -> 9331 (b' rodilo') has 23 occurance
merge 9077/9744: (66, 114) -> 9332 (b'Br') has 23 occurance
merge 9078/9744: (4112, 275) -> 9333 (b' mlijeka') has 23 occurance
merge 9079/9744: (341, 355) -> 9334 (b' si\xc4\x87i') has 23 occurance
merge 9080/9744: (542, 536) -> 9335 (b' gra\xc4\x91a') has 23 occurance
merge 9081/9744: (5927, 462) -> 9336 (b' brijegu') has 23 occurance
merge 9082/9744: (332, 400) -> 9337 (b'movu') has 23 occurance
merge 9083/9744: (298, 281) -> 9338 (b'rona') has 23 occurance
merge 9084/9744: (709, 495) -> 9339 (b' kr\xc4\x8da') has 23 occurance
merge 9085/9744: (871, 1072) -> 9340 (b' postavi\xc5\xa1e') has 23 occurance
merge 9086/9744: (670, 2268) -> 9341 (b' barem') has 23 occurance
merge 9087/9744: (1586, 109) -> 9342 (b' jedem') has 23 occurance
merge 9088/9744: (90, 531) -> 9343 (b'Zar') has 23 occurance
merge 9089/9744: (348, 5038) -> 9344 (b' gomilu') has 23 occurance
merge 9090/9744: (391, 314) -> 9345 (b' sude') has 23 occurance
merge 9091/9744: (441, 3207) -> 9346 (b' jaraca') has 23 occurance
merge 9092/9744: (5023, 363) -> 9347 (b' nai\xc4\x91e') has 23 occurance
merge 9093/9744: (4399, 289) -> 9348 (b' krajeve') has 23 occurance
merge 9094/9744: (4666, 267) -> 9349 (b' osramoti') has 23 occurance
merge 9095/9744: (4071, 2400) -> 9350 (b' izla\xc5\xbeahu') has 23 occurance
merge 9096/9744: (288, 295) -> 9351 (b'jite') has 23 occurance
merge 9097/9744: (2580, 291) -> 9352 (b' u\xc5\xa1ima') has 23 occurance
merge 9098/9744: (1131, 109) -> 9353 (b' istom') has 23 occurance
merge 9099/9744: (264, 295) -> 9354 (b'rate') has 23 occurance
merge 9100/9744: (102, 531) -> 9355 (b'far') has 23 occurance
merge 9101/9744: (931, 281) -> 9356 (b'Mana') has 23 occurance
merge 9102/9744: (1547, 268) -> 9357 (b'njegovo') has 23 occurance
merge 9103/9744: (309, 384) -> 9358 (b'polju') has 23 occurance
merge 9104/9744: (422, 267) -> 9359 (b' Oti') has 23 occurance
merge 9105/9744: (2102, 111) -> 9360 (b' Josifo') has 23 occurance
merge 9106/9744: (324, 288) -> 9361 (b'\xc4\x8diji') has 23 occurance
merge 9107/9744: (1836, 1080) -> 9362 (b' propadne') has 23 occurance
merge 9108/9744: (314, 367) -> 9363 (b'desi') has 23 occurance
merge 9109/9744: (1021, 392) -> 9364 (b' vre\xc4\x87u') has 23 occurance
merge 9110/9744: (3253, 267) -> 9365 (b' doznati') has 23 occurance
merge 9111/9744: (3423, 465) -> 9366 (b' postelji') has 23 occurance
merge 9112/9744: (1109, 270) -> 9367 (b'slava') has 23 occurance
merge 9113/9744: (301, 2893) -> 9368 (b' neobi') has 23 occurance
merge 9114/9744: (110, 766) -> 9369 (b'nsku') has 23 occurance
merge 9115/9744: (1856, 256) -> 9370 (b'Moje') has 23 occurance
merge 9116/9744: (5434, 2668) -> 9371 (b' jevrejski') has 23 occurance
merge 9117/9744: (1261, 681) -> 9372 (b'pustinju') has 23 occurance
merge 9118/9744: (661, 261) -> 9373 (b' u\xc4\x8dini\xc5\xa1') has 23 occurance
merge 9119/9744: (79, 1140) -> 9374 (b'Ovako') has 23 occurance
merge 9120/9744: (505, 615) -> 9375 (b' bespo') has 23 occurance
merge 9121/9744: (630, 322) -> 9376 (b' ju\xc4\x8de') has 23 occurance
merge 9122/9744: (720, 858) -> 9377 (b' onoliko') has 23 occurance
merge 9123/9744: (275, 1170) -> 9378 (b'kakav') has 23 occurance
merge 9124/9744: (275, 1257) -> 9379 (b'kakve') has 23 occurance
merge 9125/9744: (270, 436) -> 9380 (b'va\xc5\xa1a') has 23 occurance
merge 9126/9744: (112, 275) -> 9381 (b'pka') has 23 occurance
merge 9127/9744: (1539, 302) -> 9382 (b' zeleno') has 23 occurance
merge 9128/9744: (1426, 861) -> 9383 (b' gnjevom') has 23 occurance
merge 9129/9744: (323, 2923) -> 9384 (b' kvas') has 23 occurance
merge 9130/9744: (298, 112) -> 9385 (b'rop') has 23 occurance
merge 9131/9744: (632, 3057) -> 9386 (b'predak') has 23 occurance
merge 9132/9744: (749, 942) -> 9387 (b' slaviti') has 23 occurance
merge 9133/9744: (749, 1673) -> 9388 (b' slatka') has 23 occurance
merge 9134/9744: (1248, 305) -> 9389 (b' treba\xc5\xa1e') has 23 occurance
merge 9135/9744: (5864, 2452) -> 9390 (b' upotreblja') has 23 occurance
merge 9136/9744: (435, 277) -> 9391 (b'beri') has 23 occurance
merge 9137/9744: (746, 397) -> 9392 (b'vljanje') has 23 occurance
merge 9138/9744: (1204, 271) -> 9393 (b' tisu\xc4\x87') has 23 occurance
merge 9139/9744: (3512, 305) -> 9394 (b' lak\xc5\xa1e') has 23 occurance
merge 9140/9744: (8233, 294) -> 9395 (b' premda') has 23 occurance
merge 9141/9744: (1587, 442) -> 9396 (b' stupi') has 23 occurance
merge 9142/9744: (1263, 410) -> 9397 (b' truba') has 23 occurance
merge 9143/9744: (2009, 296) -> 9398 (b'bli\xc5\xbe') has 23 occurance
merge 9144/9744: (339, 866) -> 9399 (b' grom') has 23 occurance
merge 9145/9744: (341, 970) -> 9400 (b' sitnu') has 23 occurance
merge 9146/9744: (2462, 361) -> 9401 (b' Ljubi') has 23 occurance
merge 9147/9744: (1587, 3184) -> 9402 (b' stubova') has 23 occurance
merge 9148/9744: (424, 1267) -> 9403 (b' vedro') has 23 occurance
merge 9149/9744: (5370, 7664) -> 9404 (b' ople\xc4\x87ak') has 23 occurance
merge 9150/9744: (997, 106) -> 9405 (b'rnoj') has 23 occurance
merge 9151/9744: (312, 114) -> 9406 (b' kar') has 23 occurance
merge 9152/9744: (4165, 299) -> 9407 (b'drugoga') has 23 occurance
merge 9153/9744: (1096, 306) -> 9408 (b' kamene') has 23 occurance
merge 9154/9744: (406, 4672) -> 9409 (b' toliki') has 23 occurance
merge 9155/9744: (313, 571) -> 9410 (b'loge') has 23 occurance
merge 9156/9744: (342, 326) -> 9411 (b' izme') has 23 occurance
merge 9157/9744: (311, 1456) -> 9412 (b' zavr\xc5\xa1i') has 23 occurance
merge 9158/9744: (342, 6658) -> 9413 (b' izgublje') has 23 occurance
merge 9159/9744: (311, 4646) -> 9414 (b' zahvali') has 23 occurance
merge 9160/9744: (475, 1213) -> 9415 (b' njegovim') has 23 occurance
merge 9161/9744: (430, 788) -> 9416 (b' progla') has 23 occurance
merge 9162/9744: (649, 934) -> 9417 (b' divlje') has 23 occurance
merge 9163/9744: (111, 353) -> 9418 (b'o\xc5\xbee') has 23 occurance
merge 9164/9744: (2776, 364) -> 9419 (b' ostalijem') has 23 occurance
merge 9165/9744: (1217, 106) -> 9420 (b'snoj') has 23 occurance
merge 9166/9744: (630, 1679) -> 9421 (b' junca') has 23 occurance
merge 9167/9744: (114, 365) -> 9422 (b'rku') has 23 occurance
merge 9168/9744: (286, 1660) -> 9423 (b' zrna') has 23 occurance
merge 9169/9744: (405, 295) -> 9424 (b' svete') has 23 occurance
merge 9170/9744: (267, 954) -> 9425 (b'tinj') has 23 occurance
merge 9171/9744: (294, 256) -> 9426 (b'daje') has 23 occurance
merge 9172/9744: (74, 498) -> 9427 (b'JEV') has 23 occurance
merge 9173/9744: (3246, 305) -> 9428 (b' sabra\xc5\xa1e') has 23 occurance
merge 9174/9744: (296, 435) -> 9429 (b'\xc5\xbebe') has 23 occurance
merge 9175/9744: (1389, 500) -> 9430 (b' uspe') has 23 occurance
merge 9176/9744: (485, 264) -> 9431 (b'zera') has 23 occurance
merge 9177/9744: (1103, 2250) -> 9432 (b' prorokova') has 23 occurance
merge 9178/9744: (488, 362) -> 9433 (b' ru\xc5\xbei') has 23 occurance
merge 9179/9744: (368, 322) -> 9434 (b' ni\xc4\x8de') has 23 occurance
merge 9180/9744: (443, 2728) -> 9435 (b' Gospodnjemu') has 23 occurance
merge 9181/9744: (310, 841) -> 9436 (b'\xc4\x87enijeh') has 23 occurance
merge 9182/9744: (317, 452) -> 9437 (b' doho') has 23 occurance
merge 9183/9744: (665, 832) -> 9438 (b' bijasmo') has 23 occurance
merge 9184/9744: (407, 1826) -> 9439 (b' vasan') has 23 occurance
merge 9185/9744: (290, 2204) -> 9440 (b' poziva') has 23 occurance
merge 9186/9744: (2525, 4346) -> 9441 (b' Jordanu') has 23 occurance
merge 9187/9744: (7858, 416) -> 9442 (b' jaganjce') has 23 occurance
merge 9188/9744: (1431, 279) -> 9443 (b' na\xc5\xa1li') has 23 occurance
merge 9189/9744: (517, 960) -> 9444 (b' voditi') has 23 occurance
merge 9190/9744: (3679, 291) -> 9445 (b' me\xc4\x91ama') has 23 occurance
merge 9191/9744: (1172, 744) -> 9446 (b' krvnik') has 23 occurance
merge 9192/9744: (402, 270) -> 9447 (b'zava') has 23 occurance
merge 9193/9744: (2323, 1169) -> 9448 (b' Amonovi') has 23 occurance
merge 9194/9744: (3004, 270) -> 9449 (b'careva') has 23 occurance
merge 9195/9744: (545, 566) -> 9450 (b' \xc4\x8duste') has 23 occurance
merge 9196/9744: (425, 278) -> 9451 (b'vjere') has 23 occurance
merge 9197/9744: (273, 310) -> 9452 (b'vi\xc4\x87e') has 23 occurance
merge 9198/9744: (98, 1444) -> 9453 (b'bljena') has 23 occurance
merge 9199/9744: (2058, 261) -> 9454 (b' dr\xc5\xbei\xc5\xa1') has 23 occurance
merge 9200/9744: (749, 118) -> 9455 (b' slav') has 23 occurance
merge 9201/9744: (2446, 3845) -> 9456 (b' sakriveno') has 23 occurance
merge 9202/9744: (272, 957) -> 9457 (b' uslo') has 23 occurance
merge 9203/9744: (1608, 1002) -> 9458 (b' osnova') has 23 occurance
merge 9204/9744: (667, 114) -> 9459 (b' otr') has 23 occurance
merge 9205/9744: (1560, 109) -> 9460 (b'Izrailjem') has 23 occurance
merge 9206/9744: (97, 109) -> 9461 (b'am') has 23 occurance
merge 9207/9744: (1400, 114) -> 9462 (b'fer') has 23 occurance
merge 9208/9744: (264, 104) -> 9463 (b'rah') has 23 occurance
merge 9209/9744: (786, 295) -> 9464 (b' nemate') has 23 occurance
merge 9210/9744: (418, 116) -> 9465 (b' ht') has 23 occurance
merge 9211/9744: (495, 281) -> 9466 (b'\xc4\x8dana') has 23 occurance
merge 9212/9744: (668, 352) -> 9467 (b' Sisa') has 23 occurance
merge 9213/9744: (290, 1485) -> 9468 (b' posija') has 23 occurance
merge 9214/9744: (446, 567) -> 9469 (b' maha') has 23 occurance
merge 9215/9744: (301, 3143) -> 9470 (b' nepravda') has 23 occurance
merge 9216/9744: (481, 306) -> 9471 (b' svane') has 23 occurance
merge 9217/9744: (424, 277) -> 9472 (b' veri') has 23 occurance
merge 9218/9744: (3102, 305) -> 9473 (b' htje\xc5\xa1e') has 23 occurance
merge 9219/9744: (4760, 100) -> 9474 (b' Ovid') has 23 occurance
merge 9220/9744: (2651, 104) -> 9475 (b' izabrah') has 23 occurance
merge 9221/9744: (775, 533) -> 9476 (b' Mojemu') has 23 occurance
merge 9222/9744: (305, 270) -> 9477 (b'\xc5\xa1eva') has 23 occurance
merge 9223/9744: (260, 374) -> 9478 (b' pse') has 23 occurance
merge 9224/9744: (823, 1291) -> 9479 (b' Davidove') has 23 occurance
merge 9225/9744: (6139, 390) -> 9480 (b' zaludu') has 23 occurance
merge 9226/9744: (1551, 400) -> 9481 (b' Joavu') has 23 occurance
merge 9227/9744: (2130, 320) -> 9482 (b' hule') has 23 occurance
merge 9228/9744: (3284, 276) -> 9483 (b'\xc5\xbeivota') has 23 occurance
merge 9229/9744: (623, 114) -> 9484 (b' vjer') has 23 occurance
merge 9230/9744: (1606, 111) -> 9485 (b' bacio') has 23 occurance
merge 9231/9744: (1103, 382) -> 9486 (b' proroke') has 23 occurance
merge 9232/9744: (1749, 592) -> 9487 (b' ostaviv\xc5\xa1i') has 23 occurance
merge 9233/9744: (299, 302) -> 9488 (b'gano') has 23 occurance
merge 9234/9744: (319, 546) -> 9489 (b' odvr') has 23 occurance
merge 9235/9744: (1551, 567) -> 9490 (b' Joaha') has 23 occurance
merge 9236/9744: (679, 1818) -> 9491 (b' Jodaj') has 23 occurance
merge 9237/9744: (282, 1690) -> 9492 (b'ni\xc4\x8dka') has 23 occurance
merge 9238/9744: (111, 416) -> 9493 (b'oce') has 23 occurance
merge 9239/9744: (97, 955) -> 9494 (b'asir') has 23 occurance
merge 9240/9744: (413, 5708) -> 9495 (b' gadnijem') has 23 occurance
merge 9241/9744: (282, 2712) -> 9496 (b'ni\xc4\x8dkom') has 23 occurance
merge 9242/9744: (505, 305) -> 9497 (b' be\xc5\xa1e') has 23 occurance
merge 9243/9744: (749, 1938) -> 9498 (b' slavni') has 23 occurance
merge 9244/9744: (1146, 2626) -> 9499 (b' lon\xc4\x8da') has 23 occurance
merge 9245/9744: (2681, 322) -> 9500 (b' ska\xc4\x8de') has 23 occurance
merge 9246/9744: (1454, 104) -> 9501 (b' velikih') has 23 occurance
merge 9247/9744: (363, 681) -> 9502 (b'\xc4\x91enju') has 23 occurance
merge 9248/9744: (273, 390) -> 9503 (b'vidu') has 23 occurance
merge 9249/9744: (263, 632) -> 9504 (b' opre') has 23 occurance
merge 9250/9744: (2500, 1771) -> 9505 (b'Judej') has 23 occurance
merge 9251/9744: (979, 278) -> 9506 (b' gospodare') has 23 occurance
merge 9252/9744: (623, 6531) -> 9507 (b' vje\xc5\xa1ala') has 23 occurance
merge 9253/9744: (926, 1147) -> 9508 (b' \xc4\x8cim') has 23 occurance
merge 9254/9744: (465, 289) -> 9509 (b'ljive') has 23 occurance
merge 9255/9744: (319, 7912) -> 9510 (b' odbacu') has 23 occurance
merge 9256/9744: (1373, 880) -> 9511 (b' licemje') has 23 occurance
merge 9257/9744: (391, 3472) -> 9512 (b' suncu') has 23 occurance
merge 9258/9744: (273, 261) -> 9513 (b'vi\xc5\xa1') has 23 occurance
merge 9259/9744: (1148, 2009) -> 9514 (b' pogibli') has 23 occurance
merge 9260/9744: (398, 291) -> 9515 (b'\xc5\xa1ima') has 23 occurance
merge 9261/9744: (395, 1275) -> 9516 (b' prekra') has 23 occurance
merge 9262/9744: (398, 303) -> 9517 (b'\xc5\xa1iju') has 23 occurance
merge 9263/9744: (5117, 292) -> 9518 (b' zadugo') has 23 occurance
merge 9264/9744: (1677, 4146) -> 9519 (b' bla\xc5\xbeen') has 23 occurance
merge 9265/9744: (1594, 927) -> 9520 (b' na\xc5\xa1ijeh') has 23 occurance
merge 9266/9744: (5801, 346) -> 9521 (b' premudrost') has 23 occurance
merge 9267/9744: (1574, 108) -> 9522 (b' dijel') has 23 occurance
merge 9268/9744: (107, 282) -> 9523 (b'kni') has 23 occurance
merge 9269/9744: (396, 583) -> 9524 (b' ranije') has 23 occurance
merge 9270/9744: (3249, 109) -> 9525 (b' narodnom') has 23 occurance
merge 9271/9744: (6808, 6165) -> 9526 (b'PRI\xc4\x8cE') has 23 occurance
merge 9272/9744: (8525, 438) -> 9527 (b' SOLO') has 23 occurance
merge 9273/9744: (9527, 2960) -> 9528 (b' SOLOMU') has 23 occurance
merge 9274/9744: (9528, 9001) -> 9529 (b' SOLOMUNOVE') has 23 occurance
merge 9275/9744: (261, 787) -> 9530 (b'\xc5\xa1tra') has 23 occurance
merge 9276/9744: (301, 402) -> 9531 (b' neza') has 23 occurance
merge 9277/9744: (603, 69) -> 9532 (b'AVE') has 23 occurance
merge 9278/9744: (1425, 269) -> 9533 (b'ije\xc4\x8d') has 23 occurance
merge 9279/9744: (281, 278) -> 9534 (b'nare') has 23 occurance
merge 9280/9744: (1061, 106) -> 9535 (b'Naj') has 23 occurance
merge 9281/9744: (2807, 365) -> 9536 (b' \xc5\xa1iroku') has 23 occurance
merge 9282/9744: (923, 1086) -> 9537 (b' Valta') has 23 occurance
merge 9283/9744: (334, 4234) -> 9538 (b' sahat') has 23 occurance
merge 9284/9744: (68, 73) -> 9539 (b'DI') has 23 occurance
merge 9285/9744: (115, 118) -> 9540 (b'sv') has 23 occurance
merge 9286/9744: (1570, 1256) -> 9541 (b' u\xc4\x8denike') has 23 occurance
merge 9287/9744: (1115, 310) -> 9542 (b' doma\xc4\x87e') has 23 occurance
merge 9288/9744: (1658, 592) -> 9543 (b' pogledav\xc5\xa1i') has 23 occurance
merge 9289/9744: (5856, 524) -> 9544 (b'jutradan') has 23 occurance
merge 9290/9744: (4577, 4838) -> 9545 (b' MARKU') has 23 occurance
merge 9291/9744: (306, 380) -> 9546 (b'neki') has 23 occurance
merge 9292/9744: (2014, 285) -> 9547 (b'ranila') has 23 occurance
merge 9293/9744: (499, 105) -> 9548 (b'\xc5\xbdi') has 23 occurance
merge 9294/9744: (5550, 1364) -> 9549 (b' Pozdravite') has 23 occurance
merge 9295/9744: (9021, 78) -> 9550 (b'KORIN') has 23 occurance
merge 9296/9744: (9550, 479) -> 9551 (b'KORIN\xc4\x86') has 23 occurance
merge 9297/9744: (9551, 4950) -> 9552 (b'KORIN\xc4\x86ANIMA') has 23 occurance
merge 9298/9744: (506, 3031) -> 9553 (b' dru\xc5\xa1tva') has 23 occurance
merge 9299/9744: (1006, 5104) -> 9554 (b' sadr\xc5\xbei') has 23 occurance
merge 9300/9744: (513, 5386) -> 9555 (b' Dalma') has 23 occurance
merge 9301/9744: (1382, 580) -> 9556 (b' op\xc5\xa1te') has 23 occurance
merge 9302/9744: (1769, 68) -> 9557 (b'LAD') has 23 occurance
merge 9303/9744: (558, 1119) -> 9558 (b'VODA') has 23 occurance
merge 9304/9744: (68, 3011) -> 9559 (b'DIN') has 23 occurance
merge 9305/9744: (83, 1517) -> 9560 (b'SER') has 23 occurance
merge 9306/9744: (448, 2736) -> 9561 (b' pripove') has 23 occurance
merge 9307/9744: (2990, 5120) -> 9562 (b' poeziji') has 23 occurance
merge 9308/9744: (336, 2569) -> 9563 (b' bitke') has 23 occurance
merge 9309/9744: (335, 376) -> 9564 (b' Goj') has 23 occurance
merge 9310/9744: (394, 1415) -> 9565 (b' megda') has 23 occurance
merge 9311/9744: (3951, 281) -> 9566 (b' sultana') has 23 occurance
merge 9312/9744: (1264, 486) -> 9567 (b' tursko') has 23 occurance
merge 9313/9744: (3485, 283) -> 9568 (b' bo\xc5\xbeja') has 23 occurance
merge 9314/9744: (1406, 410) -> 9569 (b' Srba') has 23 occurance
merge 9315/9744: (923, 612) -> 9570 (b' Vaso') has 23 occurance
merge 9316/9744: (97, 299) -> 9571 (b'aga') has 23 occurance
merge 9317/9744: (333, 571) -> 9572 (b' age') has 23 occurance
merge 9318/9744: (3156, 1217) -> 9573 (b'Lasno') has 23 occurance
merge 9319/9744: (324, 355) -> 9574 (b'\xc4\x8di\xc4\x87i') has 23 occurance
merge 9320/9744: (3792, 4098) -> 9575 (b' Cetinju') has 23 occurance
merge 9321/9744: (3824, 306) -> 9576 (b' Bosne') has 23 occurance
merge 9322/9744: (46, 58) -> 9577 (b'.:') has 23 occurance
merge 9323/9744: (300, 4131) -> 9578 (b' dahija') has 23 occurance
merge 9324/9744: (488, 495) -> 9579 (b' ru\xc4\x8da') has 23 occurance
merge 9325/9744: (2462, 404) -> 9580 (b' Ljubo') has 23 occurance
merge 9326/9744: (5993, 321) -> 9581 (b' kraljica') has 23 occurance
merge 9327/9744: (6822, 302) -> 9582 (b' nebrojeno') has 23 occurance
merge 9328/9744: (488, 326) -> 9583 (b' rume') has 23 occurance
merge 9329/9744: (1370, 2418) -> 9584 (b' ri\xc5\xa1\xc4\x87a') has 23 occurance
merge 9330/9744: (873, 416) -> 9585 (b' \xc4\x91ece') has 23 occurance
merge 9331/9744: (1283, 1080) -> 9586 (b' grdne') has 23 occurance
merge 9332/9744: (315, 4263) -> 9587 (b' III') has 23 occurance
merge 9333/9744: (882, 108) -> 9588 (b' sol') has 23 occurance
merge 9334/9744: (3045, 114) -> 9589 (b' \xc5\xa1\xc4\x87er') has 23 occurance
merge 9335/9744: (6497, 1654) -> 9590 (b' Ciganin') has 23 occurance
merge 9336/9744: (1668, 2690) -> 9591 (b' krajcara') has 23 occurance
merge 9337/9744: (565, 106) -> 9592 (b' Ej') has 23 occurance
merge 9338/9744: (361, 1851) -> 9593 (b'bijan') has 23 occurance
merge 9339/9744: (565, 298) -> 9594 (b' Ero') has 23 occurance
merge 9340/9744: (404, 1415) -> 9595 (b'bogda') has 23 occurance
merge 9341/9744: (1315, 558) -> 9596 (b'PRVO') has 23 occurance
merge 9342/9744: (2383, 2811) -> 9597 (b'DRUGO') has 23 occurance
merge 9343/9744: (6732, 115) -> 9598 (b' nobles') has 23 occurance
merge 9344/9744: (738, 2883) -> 9599 (b' Juco') has 23 occurance
merge 9345/9744: (378, 277) -> 9600 (b'stiri') has 22 occurance
merge 9346/9744: (6282, 1683) -> 9601 (b'Pjesma') has 22 occurance
merge 9347/9744: (403, 460) -> 9602 (b' tamu') has 22 occurance
merge 9348/9744: (391, 452) -> 9603 (b' suho') has 22 occurance
merge 9349/9744: (573, 109) -> 9604 (b' \xc4\x8dem') has 22 occurance
merge 9350/9744: (346, 445) -> 9605 (b'stvori') has 22 occurance
merge 9351/9744: (697, 370) -> 9606 (b' rijeci') has 22 occurance
merge 9352/9744: (429, 307) -> 9607 (b' Jedi') has 22 occurance
merge 9353/9744: (463, 504) -> 9608 (b'djecu') has 22 occurance
merge 9354/9744: (286, 3591) -> 9609 (b' zmiji') has 22 occurance
merge 9355/9744: (345, 288) -> 9610 (b' Nji') has 22 occurance
merge 9356/9744: (996, 953) -> 9611 (b' tvojom') has 22 occurance
merge 9357/9744: (352, 285) -> 9612 (b'sala') has 22 occurance
merge 9358/9744: (329, 1915) -> 9613 (b' tlosti') has 22 occurance
merge 9359/9744: (1153, 118) -> 9614 (b' krov') has 22 occurance
merge 9360/9744: (2399, 392) -> 9615 (b' istrijebi\xc4\x87u') has 22 occurance
merge 9361/9744: (5025, 346) -> 9616 (b' \xc5\xa0est') has 22 occurance
merge 9362/9744: (4428, 401) -> 9617 (b'Zemlja') has 22 occurance
merge 9363/9744: (4965, 337) -> 9618 (b' Vavilonu') has 22 occurance
merge 9364/9744: (3695, 106) -> 9619 (b' postoj') has 22 occurance
merge 9365/9744: (301, 298) -> 9620 (b' nero') has 22 occurance
merge 9366/9744: (1303, 627) -> 9621 (b'srebro') has 22 occurance
merge 9367/9744: (440, 261) -> 9622 (b' re\xc4\x8de\xc5\xa1') has 22 occurance
merge 9368/9744: (422, 1639) -> 9623 (b' Osim') has 22 occurance
merge 9369/9744: (1194, 896) -> 9624 (b' utvari') has 22 occurance
merge 9370/9744: (924, 2437) -> 9625 (b' Vi\xc5\xa1nji') has 22 occurance
merge 9371/9744: (920, 299) -> 9626 (b' Toga') has 22 occurance
merge 9372/9744: (554, 482) -> 9627 (b' bje\xc5\xbea') has 22 occurance
merge 9373/9744: (117, 324) -> 9628 (b'u\xc4\x8di') has 22 occurance
merge 9374/9744: (1940, 277) -> 9629 (b' pokori') has 22 occurance
merge 9375/9744: (1738, 400) -> 9630 (b' dr\xc5\xbeavu') has 22 occurance
merge 9376/9744: (338, 1140) -> 9631 (b' Svako') has 22 occurance
merge 9377/9744: (891, 6756) -> 9632 (b' prijesnijeh') has 22 occurance
merge 9378/9744: (745, 270) -> 9633 (b'\xc4\x8duva') has 22 occurance
merge 9379/9744: (65, 273) -> 9634 (b'Avi') has 22 occurance
merge 9380/9744: (290, 482) -> 9635 (b' po\xc5\xbea') has 22 occurance
merge 9381/9744: (2653, 6415) -> 9636 (b' Kirijat') has 22 occurance
merge 9382/9744: (275, 108) -> 9637 (b'kal') has 22 occurance
merge 9383/9744: (894, 106) -> 9638 (b'Daj') has 22 occurance
merge 9384/9744: (914, 860) -> 9639 (b' izi\xc4\x91i') has 22 occurance
merge 9385/9744: (275, 2975) -> 9640 (b'kazati') has 22 occurance
merge 9386/9744: (2367, 115) -> 9641 (b'*Os') has 22 occurance
merge 9387/9744: (1513, 111) -> 9642 (b' cio') has 22 occurance
merge 9388/9744: (388, 278) -> 9643 (b'mire') has 22 occurance
merge 9389/9744: (4758, 299) -> 9644 (b'na\xc5\xa1ega') has 22 occurance
merge 9390/9744: (2774, 314) -> 9645 (b' ukrade') has 22 occurance
merge 9391/9744: (4917, 353) -> 9646 (b'podi\xc5\xbee') has 22 occurance
merge 9392/9744: (543, 98) -> 9647 (b' bub') has 22 occurance
merge 9393/9744: (4359, 106) -> 9648 (b' Gledaj') has 22 occurance
merge 9394/9744: (315, 326) -> 9649 (b' Ime') has 22 occurance
merge 9395/9744: (2513, 698) -> 9650 (b'dvadeset') has 22 occurance
merge 9396/9744: (1342, 495) -> 9651 (b'tr\xc4\x8da') has 22 occurance
merge 9397/9744: (3069, 270) -> 9652 (b' Jakovljeva') has 22 occurance
merge 9398/9744: (465, 295) -> 9653 (b'ljite') has 22 occurance
merge 9399/9744: (270, 997) -> 9654 (b'varno') has 22 occurance
merge 9400/9744: (1628, 2171) -> 9655 (b'Venijami') has 22 occurance
merge 9401/9744: (747, 1337) -> 9656 (b' imenima') has 22 occurance
merge 9402/9744: (311, 276) -> 9657 (b' zata') has 22 occurance
merge 9403/9744: (1889, 267) -> 9658 (b' sramoti') has 22 occurance
merge 9404/9744: (1229, 267) -> 9659 (b'nositi') has 22 occurance
merge 9405/9744: (268, 340) -> 9660 (b'volje') has 22 occurance
merge 9406/9744: (477, 500) -> 9661 (b' kupe') has 22 occurance
merge 9407/9744: (1021, 310) -> 9662 (b' vre\xc4\x87e') has 22 occurance
merge 9408/9744: (1210, 294) -> 9663 (b' zapovijeda') has 22 occurance
merge 9409/9744: (317, 4283) -> 9664 (b' do\xc4\x91osmo') has 22 occurance
merge 9410/9744: (290, 3216) -> 9665 (b' polo\xc5\xbei') has 22 occurance
merge 9411/9744: (1070, 355) -> 9666 (b'\xc5\xbeu\xc4\x87i') has 22 occurance
merge 9412/9744: (402, 4319) -> 9667 (b'zapovjedi') has 22 occurance
merge 9413/9744: (745, 1483) -> 9668 (b'\xc4\x8duvaj') has 22 occurance
merge 9414/9744: (2460, 299) -> 9669 (b' staroga') has 22 occurance
merge 9415/9744: (315, 2631) -> 9670 (b' Idem') has 22 occurance
merge 9416/9744: (2027, 376) -> 9671 (b' va\xc5\xa1oj') has 22 occurance
merge 9417/9744: (880, 378) -> 9672 (b'mjesti') has 22 occurance
merge 9418/9744: (1447, 1077) -> 9673 (b' snagom') has 22 occurance
merge 9419/9744: (263, 3638) -> 9674 (b' ozdo') has 22 occurance
merge 9420/9744: (2982, 281) -> 9675 (b' plijena') has 22 occurance
merge 9421/9744: (430, 547) -> 9676 (b' probu') has 22 occurance
merge 9422/9744: (320, 362) -> 9677 (b'le\xc5\xbei') has 22 occurance
merge 9423/9744: (360, 1885) -> 9678 (b' te\xc5\xa1ki') has 22 occurance
merge 9424/9744: (367, 279) -> 9679 (b'sili') has 22 occurance
merge 9425/9744: (334, 4597) -> 9680 (b' sa\xc5\xbeali') has 22 occurance
merge 9426/9744: (1046, 305) -> 9681 (b' gleda\xc5\xa1e') has 22 occurance
merge 9427/9744: (288, 261) -> 9682 (b'ji\xc5\xa1') has 22 occurance
merge 9428/9744: (352, 397) -> 9683 (b'sanje') has 22 occurance
merge 9429/9744: (1128, 332) -> 9684 (b' molimo') has 22 occurance
merge 9430/9744: (414, 840) -> 9685 (b' njedra') has 22 occurance
merge 9431/9744: (73, 279) -> 9686 (b'Ili') has 22 occurance
merge 9432/9744: (3424, 305) -> 9687 (b' razumje\xc5\xa1e') has 22 occurance
merge 9433/9744: (260, 340) -> 9688 (b' plje') has 22 occurance
merge 9434/9744: (275, 2049) -> 9689 (b'kakvo') has 22 occurance
merge 9435/9744: (638, 305) -> 9690 (b' govori\xc5\xa1e') has 22 occurance
merge 9436/9744: (109, 465) -> 9691 (b'mlji') has 22 occurance
merge 9437/9744: (926, 97) -> 9692 (b' \xc4\x8ca') has 22 occurance
merge 9438/9744: (294, 4101) -> 9693 (b'da\xc5\xbed') has 22 occurance
merge 9439/9744: (80, 381) -> 9694 (b'Prije') has 22 occurance
merge 9440/9744: (309, 609) -> 9695 (b'polj') has 22 occurance
merge 9441/9744: (669, 122) -> 9696 (b'praz') has 22 occurance
merge 9442/9744: (1131, 299) -> 9697 (b' istoga') has 22 occurance
merge 9443/9744: (1587, 98) -> 9698 (b' stub') has 22 occurance
merge 9444/9744: (998, 707) -> 9699 (b'jevajte') has 22 occurance
merge 9445/9744: (708, 332) -> 9700 (b' Kamo') has 22 occurance
merge 9446/9744: (265, 597) -> 9701 (b'kojim') has 22 occurance
merge 9447/9744: (985, 1343) -> 9702 (b' krilima') has 22 occurance
merge 9448/9744: (3007, 267) -> 9703 (b' prinositi') has 22 occurance
merge 9449/9744: (55, 49) -> 9704 (b'71') has 22 occurance
merge 9450/9744: (6782, 296) -> 9705 (b' lupe\xc5\xbe') has 22 occurance
merge 9451/9744: (311, 363) -> 9706 (b' za\xc4\x91e') has 22 occurance
merge 9452/9744: (2729, 432) -> 9707 (b' zaklanja') has 22 occurance
merge 9453/9744: (1965, 282) -> 9708 (b'Meni') has 22 occurance
merge 9454/9744: (1977, 306) -> 9709 (b' la\xc5\xbene') has 22 occurance
merge 9455/9744: (394, 4717) -> 9710 (b' mesec') has 22 occurance
merge 9456/9744: (1048, 580) -> 9711 (b' Sve\xc5\xa1te') has 22 occurance
merge 9457/9744: (1014, 355) -> 9712 (b' ple\xc4\x87i') has 22 occurance
merge 9458/9744: (1505, 273) -> 9713 (b' sastavi') has 22 occurance
merge 9459/9744: (4286, 265) -> 9714 (b'jednako') has 22 occurance
merge 9460/9744: (1003, 8002) -> 9715 (b' \xc5\xa1esnaest') has 22 occurance
merge 9461/9744: (413, 310) -> 9716 (b' ga\xc4\x87e') has 22 occurance
merge 9462/9744: (3203, 355) -> 9717 (b' nose\xc4\x87i') has 22 occurance
merge 9463/9744: (310, 397) -> 9718 (b'\xc4\x87enje') has 22 occurance
merge 9464/9744: (263, 1187) -> 9719 (b' oklo') has 22 occurance
merge 9465/9744: (115, 1670) -> 9720 (b'spali') has 22 occurance
merge 9466/9744: (629, 2537) -> 9721 (b' obrta') has 22 occurance
merge 9467/9744: (973, 402) -> 9722 (b' podiza') has 22 occurance
merge 9468/9744: (5765, 484) -> 9723 (b'Subotu') has 22 occurance
merge 9469/9744: (1827, 276) -> 9724 (b' hvata') has 22 occurance
merge 9470/9744: (463, 313) -> 9725 (b'djelo') has 22 occurance
merge 9471/9744: (4491, 269) -> 9726 (b' pokriva\xc4\x8d') has 22 occurance
merge 9472/9744: (934, 306) -> 9727 (b'vljene') has 22 occurance
merge 9473/9744: (282, 1858) -> 9728 (b'ni\xc4\x8dke') has 22 occurance
merge 9474/9744: (448, 289) -> 9729 (b' prive') has 22 occurance
merge 9475/9744: (80, 114) -> 9730 (b'Pr') has 22 occurance
merge 9476/9744: (1608, 388) -> 9731 (b' osmi') has 22 occurance
merge 9477/9744: (1138, 472) -> 9732 (b' ognji') has 22 occurance
merge 9478/9744: (1193, 435) -> 9733 (b' gube') has 22 occurance
merge 9479/9744: (390, 305) -> 9734 (b'du\xc5\xa1e') has 22 occurance
merge 9480/9744: (1550, 462) -> 9735 (b'drugu') has 22 occurance
merge 9481/9744: (834, 279) -> 9736 (b' \xc4\x8dinili') has 22 occurance
merge 9482/9744: (706, 724) -> 9737 (b' \xc4\x8distu') has 22 occurance
merge 9483/9744: (2051, 109) -> 9738 (b' nekim') has 22 occurance
merge 9484/9744: (612, 98) -> 9739 (b'sob') has 22 occurance
merge 9485/9744: (3579, 282) -> 9740 (b' du\xc5\xbeni') has 22 occurance
merge 9486/9744: (402, 1592) -> 9741 (b'zapovije') has 22 occurance
merge 9487/9744: (613, 861) -> 9742 (b' njihovom') has 22 occurance
merge 9488/9744: (315, 314) -> 9743 (b' Ide') has 22 occurance
merge 9489/9744: (317, 277) -> 9744 (b' dori') has 22 occurance
merge 9490/9744: (395, 1461) -> 9745 (b' prestupi') has 22 occurance
merge 9491/9744: (313, 400) -> 9746 (b'lovu') has 22 occurance
merge 9492/9744: (7353, 100) -> 9747 (b' ugled') has 22 occurance
merge 9493/9744: (310, 277) -> 9748 (b'\xc4\x87eri') has 22 occurance
merge 9494/9744: (506, 4725) -> 9749 (b' dru\xc5\xa1tvu') has 22 occurance
merge 9495/9744: (2753, 282) -> 9750 (b' polovini') has 22 occurance
merge 9496/9744: (290, 1899) -> 9751 (b' poljem') has 22 occurance
merge 9497/9744: (389, 265) -> 9752 (b' pako') has 22 occurance
merge 9498/9744: (103, 268) -> 9753 (b'gvo') has 22 occurance
merge 9499/9744: (68, 421) -> 9754 (b'DAN') has 22 occurance
merge 9500/9744: (1447, 462) -> 9755 (b' snagu') has 22 occurance
merge 9501/9744: (272, 7689) -> 9756 (b' uop\xc5\xa1te') has 22 occurance
merge 9502/9744: (3191, 307) -> 9757 (b' pojedi') has 22 occurance
merge 9503/9744: (647, 50) -> 9758 (b'182') has 22 occurance
merge 9504/9744: (2502, 310) -> 9759 (b' podignu\xc4\x87e') has 22 occurance
merge 9505/9744: (326, 310) -> 9760 (b'me\xc4\x87e') has 22 occurance
merge 9506/9744: (575, 3841) -> 9761 (b' \xc5\xbeenske') has 22 occurance
merge 9507/9744: (308, 442) -> 9762 (b' kopi') has 22 occurance
merge 9508/9744: (98, 366) -> 9763 (b'blu') has 22 occurance
merge 9509/9744: (1501, 551) -> 9764 (b' raspu') has 22 occurance
merge 9510/9744: (1975, 486) -> 9765 (b' tjesko') has 22 occurance
merge 9511/9744: (1368, 847) -> 9766 (b' Rekao') has 22 occurance
merge 9512/9744: (538, 5500) -> 9767 (b' dubine') has 22 occurance
merge 9513/9744: (110, 1346) -> 9768 (b'nskim') has 22 occurance
merge 9514/9744: (327, 285) -> 9769 (b' Ala') has 22 occurance
merge 9515/9744: (4002, 856) -> 9770 (b' arhi') has 22 occurance
merge 9516/9744: (1053, 287) -> 9771 (b' Goto') has 22 occurance
merge 9517/9744: (308, 1054) -> 9772 (b' kopita') has 22 occurance
merge 9518/9744: (446, 398) -> 9773 (b' ma\xc5\xa1i') has 22 occurance
merge 9519/9744: (520, 3636) -> 9774 (b' no\xc5\xa1a\xc5\xa1e') has 22 occurance
merge 9520/9744: (2326, 283) -> 9775 (b' Filisteja') has 22 occurance
merge 9521/9744: (749, 2061) -> 9776 (b' slatko') has 22 occurance
merge 9522/9744: (271, 382) -> 9777 (b'\xc4\x87ke') has 22 occurance
merge 9523/9744: (1276, 7887) -> 9778 (b' Nojemi') has 22 occurance
merge 9524/9744: (383, 353) -> 9779 (b' mu\xc5\xbee') has 22 occurance
merge 9525/9744: (3878, 4937) -> 9780 (b' izvr\xc5\xa1uje') has 22 occurance
merge 9526/9744: (4309, 1519) -> 9781 (b' PRVA') has 22 occurance
merge 9527/9744: (943, 111) -> 9782 (b' odgovorio') has 22 occurance
merge 9528/9744: (2700, 5270) -> 9783 (b' Samuilu') has 22 occurance
merge 9529/9744: (1327, 744) -> 9784 (b' glasnik') has 22 occurance
merge 9530/9744: (3484, 111) -> 9785 (b' odbacio') has 22 occurance
merge 9531/9744: (1993, 390) -> 9786 (b'Davidu') has 22 occurance
merge 9532/9744: (2611, 109) -> 9787 (b' kopljem') has 22 occurance
merge 9533/9744: (286, 5973) -> 9788 (b' zgrabi') has 22 occurance
merge 9534/9744: (294, 2096) -> 9789 (b'daleko') has 22 occurance
merge 9535/9744: (610, 111) -> 9790 (b' pio') has 22 occurance
merge 9536/9744: (679, 1684) -> 9791 (b' Joram') has 22 occurance
merge 9537/9744: (287, 1400) -> 9792 (b'tofe') has 22 occurance
merge 9538/9744: (105, 302) -> 9793 (b'ino') has 22 occurance
merge 9539/9744: (2053, 291) -> 9794 (b' vojvodama') has 22 occurance
merge 9540/9744: (1813, 324) -> 9795 (b' pjeva\xc4\x8di') has 22 occurance
merge 9541/9744: (6681, 283) -> 9796 (b' Venaja') has 22 occurance
merge 9542/9744: (2570, 116) -> 9797 (b' Put') has 22 occurance
merge 9543/9744: (545, 285) -> 9798 (b' \xc4\x8dula') has 22 occurance
merge 9544/9744: (4626, 960) -> 9799 (b' sagraditi') has 22 occurance
merge 9545/9744: (295, 109) -> 9800 (b'tem') has 22 occurance
merge 9546/9744: (4884, 370) -> 9801 (b' carici') has 22 occurance
merge 9547/9744: (283, 321) -> 9802 (b'jaca') has 22 occurance
merge 9548/9744: (575, 302) -> 9803 (b' \xc5\xbeeno') has 22 occurance
merge 9549/9744: (2340, 288) -> 9804 (b' Iliji') has 22 occurance
merge 9550/9744: (2995, 2803) -> 9805 (b' Samariju') has 22 occurance
merge 9551/9744: (3015, 4944) -> 9806 (b' Jezekiji') has 22 occurance
merge 9552/9744: (1645, 1180) -> 9807 (b' odavno') has 22 occurance
merge 9553/9744: (1878, 298) -> 9808 (b' Proro') has 22 occurance
merge 9554/9744: (383, 417) -> 9809 (b' muzi') has 22 occurance
merge 9555/9744: (256, 572) -> 9810 (b'jevima') has 22 occurance
merge 9556/9744: (782, 434) -> 9811 (b' carevoj') has 22 occurance
merge 9557/9744: (80, 519) -> 9812 (b'PRO') has 22 occurance
merge 9558/9744: (3717, 463) -> 9813 (b' postidje') has 22 occurance
merge 9559/9744: (1027, 367) -> 9814 (b' grijesi') has 22 occurance
merge 9560/9744: (375, 285) -> 9815 (b' Pla') has 22 occurance
merge 9561/9744: (500, 114) -> 9816 (b'per') has 22 occurance
merge 9562/9744: (311, 1078) -> 9817 (b' za\xc5\xa1ti') has 22 occurance
merge 9563/9744: (641, 256) -> 9818 (b' Lje') has 22 occurance
merge 9564/9744: (1770, 1348) -> 9819 (b' bezbo\xc5\xbenicima') has 22 occurance
merge 9565/9744: (658, 100) -> 9820 (b' Kod') has 22 occurance
merge 9566/9744: (259, 1125) -> 9821 (b' iako') has 22 occurance
merge 9567/9744: (975, 1521) -> 9822 (b' spavaju') has 22 occurance
merge 9568/9744: (4001, 313) -> 9823 (b' ogledalo') has 22 occurance
merge 9569/9744: (657, 1789) -> 9824 (b' uzdaju') has 22 occurance
merge 9570/9744: (482, 1521) -> 9825 (b'\xc5\xbeavaju') has 22 occurance
merge 9571/9744: (2411, 927) -> 9826 (b' mojijeh') has 22 occurance
merge 9572/9744: (75, 737) -> 9827 (b'KRI') has 22 occurance
merge 9573/9744: (1759, 382) -> 9828 (b' jezike') has 22 occurance
merge 9574/9744: (100, 4513) -> 9829 (b'dljivo') has 22 occurance
merge 9575/9744: (315, 4486) -> 9830 (b' Idu\xc4\x87i') has 22 occurance
merge 9576/9744: (256, 116) -> 9831 (b'jet') has 22 occurance
merge 9577/9744: (333, 122) -> 9832 (b' az') has 22 occurance
merge 9578/9744: (886, 326) -> 9833 (b'svome') has 22 occurance
merge 9579/9744: (368, 2061) -> 9834 (b' nitko') has 22 occurance
merge 9580/9744: (495, 270) -> 9835 (b'\xc4\x8dava') has 22 occurance
merge 9581/9744: (42, 8526) -> 9836 (b'*Fil') has 22 occurance
merge 9582/9744: (300, 1180) -> 9837 (b' davno') has 22 occurance
merge 9583/9744: (324, 279) -> 9838 (b'\xc4\x8dili') has 22 occurance
merge 9584/9744: (2341, 650) -> 9839 (b' ljudska') has 22 occurance
merge 9585/9744: (1401, 326) -> 9840 (b'vreme') has 22 occurance
merge 9586/9744: (743, 109) -> 9841 (b' otim') has 22 occurance
merge 9587/9744: (3291, 1351) -> 9842 (b'Starac') has 22 occurance
merge 9588/9744: (971, 364) -> 9843 (b' poznajem') has 22 occurance
merge 9589/9744: (354, 1257) -> 9844 (b' tikve') has 22 occurance
merge 9590/9744: (792, 3092) -> 9845 (b'farise') has 22 occurance
merge 9591/9744: (287, 313) -> 9846 (b'tolo') has 22 occurance
merge 9592/9744: (399, 927) -> 9847 (b' kojijeh') has 22 occurance
merge 9593/9744: (290, 712) -> 9848 (b' pozo') has 22 occurance
merge 9594/9744: (3672, 3933) -> 9849 (b' Dvanaesto') has 22 occurance
merge 9595/9744: (567, 4791) -> 9850 (b'hajdu') has 22 occurance
merge 9596/9744: (1565, 277) -> 9851 (b' ve\xc4\x8deri') has 22 occurance
merge 9597/9744: (5010, 1769) -> 9852 (b' APOSTOLA') has 22 occurance
merge 9598/9744: (917, 332) -> 9853 (b' Timo') has 22 occurance
merge 9599/9744: (327, 380) -> 9854 (b' Aki') has 22 occurance
merge 9600/9744: (2613, 830) -> 9855 (b'SVETOGA') has 22 occurance
merge 9601/9744: (380, 364) -> 9856 (b'kijem') has 22 occurance
merge 9602/9744: (460, 1740) -> 9857 (b'mudri') has 22 occurance
merge 9603/9744: (1803, 314) -> 9858 (b' slobode') has 22 occurance
merge 9604/9744: (706, 397) -> 9859 (b' \xc4\x8dinje') has 22 occurance
merge 9605/9744: (33, 41) -> 9860 (b'!)') has 22 occurance
merge 9606/9744: (322, 378) -> 9861 (b'\xc4\x8desti') has 22 occurance
merge 9607/9744: (79, 84) -> 9862 (b'OT') has 22 occurance
merge 9608/9744: (377, 676) -> 9863 (b' TUR') has 22 occurance
merge 9609/9744: (338, 2076) -> 9864 (b' SMR') has 22 occurance
merge 9610/9744: (46, 44) -> 9865 (b'.,') has 22 occurance
merge 9611/9744: (8551, 4254) -> 9866 (b' feudalizma') has 22 occurance
merge 9612/9744: (1780, 111) -> 9867 (b' \xc5\xbeiveo') has 22 occurance
merge 9613/9744: (668, 361) -> 9868 (b' Sibi') has 22 occurance
merge 9614/9744: (3298, 6954) -> 9869 (b' Vuka\xc5\xa1in') has 22 occurance
merge 9615/9744: (6383, 840) -> 9870 (b' Skadra') has 22 occurance
merge 9616/9744: (6393, 2507) -> 9871 (b' Vojinovi\xc4\x87') has 22 occurance
merge 9617/9744: (461, 363) -> 9872 (b' on\xc4\x91e') has 22 occurance
merge 9618/9744: (557, 285) -> 9873 (b' dela') has 22 occurance
merge 9619/9744: (3485, 303) -> 9874 (b' bo\xc5\xbeju') has 22 occurance
merge 9620/9744: (3094, 111) -> 9875 (b' hteo') has 22 occurance
merge 9621/9744: (1622, 104) -> 9876 (b' vi\xc4\x91eh') has 22 occurance
merge 9622/9744: (505, 299) -> 9877 (b' bega') has 22 occurance
merge 9623/9744: (506, 460) -> 9878 (b' drumu') has 22 occurance
merge 9624/9744: (1335, 3505) -> 9879 (b' Latin') has 22 occurance
merge 9625/9744: (4183, 102) -> 9880 (b' Mustaf') has 22 occurance
merge 9626/9744: (2363, 109) -> 9881 (b' pobratim') has 22 occurance
merge 9627/9744: (259, 108) -> 9882 (b' il') has 22 occurance
merge 9628/9744: (4138, 3207) -> 9883 (b' Crnogoraca') has 22 occurance
merge 9629/9744: (543, 9036) -> 9884 (b' buzdovan') has 22 occurance
merge 9630/9744: (6600, 4723) -> 9885 (b' \xc5\xbdenidba') has 22 occurance
merge 9631/9744: (4840, 1216) -> 9886 (b' megdana') has 22 occurance
merge 9632/9744: (4500, 267) -> 9887 (b' uputi') has 22 occurance
merge 9633/9744: (1251, 858) -> 9888 (b'Koliko') has 22 occurance
merge 9634/9744: (446, 114) -> 9889 (b' mar') has 22 occurance
merge 9635/9744: (3291, 314) -> 9890 (b'Stade') has 22 occurance
merge 9636/9744: (873, 3560) -> 9891 (b' \xc4\x91evera') has 22 occurance
merge 9637/9744: (1335, 712) -> 9892 (b' Lazo') has 22 occurance
merge 9638/9744: (573, 320) -> 9893 (b' \xc4\x8dele') has 22 occurance
merge 9639/9744: (7563, 748) -> 9894 (b' \xc4\x86upri') has 22 occurance
merge 9640/9744: (6178, 2414) -> 9895 (b' Doj\xc4\x8dine') has 22 occurance
merge 9641/9744: (7413, 313) -> 9896 (b' Manojlo') has 22 occurance
merge 9642/9744: (5446, 7752) -> 9897 (b' efendija') has 22 occurance
merge 9643/9744: (333, 261) -> 9898 (b' a\xc5\xa1') has 22 occurance
merge 9644/9744: (497, 73) -> 9899 (b'\xc4\x8cI') has 22 occurance
merge 9645/9744: (77, 2105) -> 9900 (b'MET') has 22 occurance
merge 9646/9744: (557, 1554) -> 9901 (b' de\xc4\x8dko') has 22 occurance
merge 9647/9744: (7769, 435) -> 9902 (b' \xc5\xbedrebe') has 22 occurance
merge 9648/9744: (3718, 410) -> 9903 (b'Baba') has 22 occurance
merge 9649/9744: (6980, 3190) -> 9904 (b'-\xc4\x8celik') has 22 occurance
merge 9650/9744: (736, 276) -> 9905 (b' hata') has 22 occurance
merge 9651/9744: (430, 612) -> 9906 (b' proso') has 22 occurance
merge 9652/9744: (65, 2030) -> 9907 (b'Ajde') has 22 occurance
merge 9653/9744: (290, 108) -> 9908 (b' pol') has 22 occurance
merge 9654/9744: (74, 6461) -> 9909 (b'JSTVO') has 22 occurance
merge 9655/9744: (373, 1171) -> 9910 (b' re\xc5\xa1ko') has 22 occurance
merge 9656/9744: (86, 85) -> 9911 (b'VU') has 21 occurance
merge 9657/9744: (55, 52) -> 9912 (b'74') has 21 occurance
merge 9658/9744: (356, 696) -> 9913 (b'dobra') has 21 occurance
merge 9659/9744: (354, 267) -> 9914 (b' titi') has 21 occurance
merge 9660/9744: (367, 2225) -> 9915 (b'sinove') has 21 occurance
merge 9661/9744: (967, 392) -> 9916 (b' pusti\xc4\x87u') has 21 occurance
merge 9662/9744: (324, 378) -> 9917 (b'\xc4\x8disti') has 21 occurance
merge 9663/9744: (98, 3590) -> 9918 (b'bricanje') has 21 occurance
merge 9664/9744: (928, 306) -> 9919 (b' Nine') has 21 occurance
merge 9665/9744: (268, 116) -> 9920 (b'vot') has 21 occurance
merge 9666/9744: (327, 374) -> 9921 (b' Ase') has 21 occurance
merge 9667/9744: (396, 367) -> 9922 (b' rasi') has 21 occurance
merge 9668/9744: (4266, 305) -> 9923 (b' naseli\xc5\xa1e') has 21 occurance
merge 9669/9744: (4348, 766) -> 9924 (b' hanansku') has 21 occurance
merge 9670/9744: (1513, 1036) -> 9925 (b' cijela') has 21 occurance
merge 9671/9744: (784, 6989) -> 9926 (b' Melhi') has 21 occurance
merge 9672/9744: (297, 281) -> 9927 (b' sena') has 21 occurance
merge 9673/9744: (4111, 98) -> 9928 (b'hljeb') has 21 occurance
merge 9674/9744: (681, 355) -> 9929 (b'nju\xc4\x87i') has 21 occurance
merge 9675/9744: (1246, 104) -> 9930 (b' Gospodnjih') has 21 occurance
merge 9676/9744: (42, 6010) -> 9931 (b'*Jak') has 21 occurance
merge 9677/9744: (300, 332) -> 9932 (b' damo') has 21 occurance
merge 9678/9744: (3804, 397) -> 9933 (b' robinje') has 21 occurance
merge 9679/9744: (332, 732) -> 9934 (b'mojega') has 21 occurance
merge 9680/9744: (2031, 1332) -> 9935 (b' magarce') has 21 occurance
merge 9681/9744: (287, 640) -> 9936 (b'tovijeh') has 21 occurance
merge 9682/9744: (1225, 1422) -> 9937 (b' njezinoj') has 21 occurance
merge 9683/9744: (430, 351) -> 9938 (b' prosta') has 21 occurance
merge 9684/9744: (2748, 305) -> 9939 (b' napi\xc5\xa1e') has 21 occurance
merge 9685/9744: (4440, 3160) -> 9940 (b'gospodara') has 21 occurance
merge 9686/9744: (4433, 285) -> 9941 (b'an\xc4\x91ela') has 21 occurance
merge 9687/9744: (2666, 303) -> 9942 (b' k\xc4\x87erju') has 21 occurance
merge 9688/9744: (272, 1905) -> 9943 (b' umoli') has 21 occurance
merge 9689/9744: (615, 294) -> 9944 (b'spoda') has 21 occurance
merge 9690/9744: (1349, 287) -> 9945 (b'Zato') has 21 occurance
merge 9691/9744: (315, 378) -> 9946 (b' Isti') has 21 occurance
merge 9692/9744: (117, 1773) -> 9947 (b'umno') has 21 occurance
merge 9693/9744: (1005, 363) -> 9948 (b' mla\xc4\x91e') has 21 occurance
merge 9694/9744: (386, 109) -> 9949 (b'pam') has 21 occurance
merge 9695/9744: (8836, 305) -> 9950 (b' ljublja\xc5\xa1e') has 21 occurance
merge 9696/9744: (278, 306) -> 9951 (b'rene') has 21 occurance
merge 9697/9744: (6872, 686) -> 9952 (b'nasljedstvo') has 21 occurance
merge 9698/9744: (2654, 111) -> 9953 (b' prodao') has 21 occurance
merge 9699/9744: (348, 3158) -> 9954 (b' gomila') has 21 occurance
merge 9700/9744: (9106, 288) -> 9955 (b'Bo\xc5\xbeji') has 21 occurance
merge 9701/9744: (311, 1688) -> 9956 (b' zabri') has 21 occurance
merge 9702/9744: (301, 3065) -> 9957 (b' nejaka') has 21 occurance
merge 9703/9744: (1382, 634) -> 9958 (b' oplije') has 21 occurance
merge 9704/9744: (360, 6423) -> 9959 (b' te\xc5\xbeak') has 21 occurance
merge 9705/9744: (269, 953) -> 9960 (b'\xc4\x8dom') has 21 occurance
merge 9706/9744: (291, 295) -> 9961 (b'mate') has 21 occurance
merge 9707/9744: (771, 820) -> 9962 (b' sjedo\xc5\xa1e') has 21 occurance
merge 9708/9744: (356, 285) -> 9963 (b'dola') has 21 occurance
merge 9709/9744: (639, 1401) -> 9964 (b'Jevre') has 21 occurance
merge 9710/9744: (430, 99) -> 9965 (b' proc') has 21 occurance
merge 9711/9744: (278, 847) -> 9966 (b'rekao') has 21 occurance
merge 9712/9744: (652, 318) -> 9967 (b' mjeru') has 21 occurance
merge 9713/9744: (114, 854) -> 9968 (b'rcima') has 21 occurance
merge 9714/9744: (985, 273) -> 9969 (b' krivi') has 21 occurance
merge 9715/9744: (2228, 313) -> 9970 (b' nestalo') has 21 occurance
merge 9716/9744: (2957, 291) -> 9971 (b' Jefrema') has 21 occurance
merge 9717/9744: (290, 1040) -> 9972 (b' povede') has 21 occurance
merge 9718/9744: (779, 1216) -> 9973 (b' bezdana') has 21 occurance
merge 9719/9744: (1565, 866) -> 9974 (b' ve\xc4\x8derom') has 21 occurance
merge 9720/9744: (1584, 111) -> 9975 (b'mislio') has 21 occurance
merge 9721/9744: (287, 318) -> 9976 (b'toru') has 21 occurance
merge 9722/9744: (430, 1161) -> 9977 (b' prostra') has 21 occurance
merge 9723/9744: (315, 3911) -> 9978 (b' Itama') has 21 occurance
merge 9724/9744: (495, 277) -> 9979 (b'\xc4\x8dari') has 21 occurance
merge 9725/9744: (42, 7269) -> 9980 (b'*Prop') has 21 occurance
merge 9726/9744: (539, 1279) -> 9981 (b' nijedna') has 21 occurance
merge 9727/9744: (367, 364) -> 9982 (b'sijem') has 21 occurance
merge 9728/9744: (290, 2822) -> 9983 (b' popada') has 21 occurance
merge 9729/9744: (771, 875) -> 9984 (b' sjedio') has 21 occurance
merge 9730/9744: (276, 294) -> 9985 (b'tada') has 21 occurance
merge 9731/9744: (115, 992) -> 9986 (b'snica') has 21 occurance
merge 9732/9744: (311, 460) -> 9987 (b' zamu') has 21 occurance
merge 9733/9744: (279, 674) -> 9988 (b'likom') has 21 occurance
merge 9734/9744: (433, 275) -> 9989 (b' lika') has 21 occurance
merge 9735/9744: (283, 265) -> 9990 (b'jako') has 21 occurance
merge 9736/9744: (891, 2849) -> 9991 (b' prijevare') has 21 occurance
merge 9737/9744: (291, 299) -> 9992 (b'maga') has 21 occurance
merge 9738/9744: (3704, 416) -> 9993 (b' udovice') has 21 occurance
merge 9739/9744: (311, 4614) -> 9994 (b' zajam') has 21 occurance
merge 9740/9744: (263, 832) -> 9995 (b' osmo') has 21 occurance
merge 9741/9744: (1529, 744) -> 9996 (b'raznik') has 21 occurance
merge 9742/9744: (2753, 337) -> 9997 (b' polovinu') has 21 occurance
merge 9743/9744: (294, 118) -> 9998 (b'dav') has 21 occurance
merge 9744/9744: (256, 1911) -> 9999 (b'jednu') has 21 occurance
Final length: 1497809 (23.01%)
GOOD test:  Luckily friends do ashamed to do suppose. Tried meant mr smile so.
GOOD test:  I would never let someone and playing
GOOD test:  Moje ime je Petrić Petrović
