Working on 32 number of cpu cores
max_length:  256
merge 1/9744: (32, 116) -> 256 (b' t') has 2936428 occurance
merge 2/9744: (104, 101) -> 257 (b'he') has 2730195 occurance
merge 3/9744: (32, 97) -> 258 (b' a') has 2097644 occurance
merge 4/9744: (105, 110) -> 259 (b'in') has 1722220 occurance
merge 5/9744: (32, 115) -> 260 (b' s') has 1388200 occurance
merge 6/9744: (256, 257) -> 261 (b' the') has 1378430 occurance
merge 7/9744: (32, 119) -> 262 (b' w') has 1347663 occurance
merge 8/9744: (114, 101) -> 263 (b're') has 1234598 occurance
merge 9/9744: (32, 111) -> 264 (b' o') has 1208028 occurance
merge 10/9744: (110, 100) -> 265 (b'nd') has 1028305 occurance
merge 11/9744: (104, 97) -> 266 (b'ha') has 967140 occurance
merge 12/9744: (111, 117) -> 267 (b'ou') has 958628 occurance
merge 13/9744: (101, 114) -> 268 (b'er') has 928228 occurance
merge 14/9744: (32, 98) -> 269 (b' b') has 833373 occurance
merge 15/9744: (101, 100) -> 270 (b'ed') has 829198 occurance
merge 16/9744: (105, 116) -> 271 (b'it') has 786881 occurance
merge 17/9744: (32, 109) -> 272 (b' m') has 756868 occurance
merge 18/9744: (105, 115) -> 273 (b'is') has 746842 occurance
merge 19/9744: (226, 128) -> 274 (b'\xe2\x80') has 732660 occurance
merge 20/9744: (111, 110) -> 275 (b'on') has 706144 occurance
merge 21/9744: (32, 102) -> 276 (b' f') has 702144 occurance
merge 22/9744: (101, 110) -> 277 (b'en') has 700430 occurance
merge 23/9744: (259, 103) -> 278 (b'ing') has 699986 occurance
merge 24/9744: (32, 99) -> 279 (b' c') has 694012 occurance
merge 25/9744: (256, 111) -> 280 (b' to') has 662765 occurance
merge 26/9744: (264, 102) -> 281 (b' of') has 605291 occurance
merge 27/9744: (111, 114) -> 282 (b'or') has 597712 occurance
merge 28/9744: (258, 265) -> 283 (b' and') has 589417 occurance
merge 29/9744: (101, 115) -> 284 (b'es') has 562148 occurance
merge 30/9744: (32, 100) -> 285 (b' d') has 558111 occurance
merge 31/9744: (108, 108) -> 286 (b'll') has 551271 occurance
merge 32/9744: (97, 115) -> 287 (b'as') has 523646 occurance
merge 33/9744: (97, 110) -> 288 (b'an') has 508899 occurance
merge 34/9744: (32, 112) -> 289 (b' p') has 507108 occurance
merge 35/9744: (97, 114) -> 290 (b'ar') has 506509 occurance
merge 36/9744: (32, 257) -> 291 (b' he') has 495096 occurance
merge 37/9744: (32, 108) -> 292 (b' l') has 492768 occurance
merge 38/9744: (32, 104) -> 293 (b' h') has 479983 occurance
merge 39/9744: (32, 259) -> 294 (b' in') has 473323 occurance
merge 40/9744: (97, 116) -> 295 (b'at') has 457781 occurance
merge 41/9744: (32, 73) -> 296 (b' I') has 416359 occurance
merge 42/9744: (32, 110) -> 297 (b' n') has 410555 occurance
merge 43/9744: (111, 109) -> 298 (b'om') has 400471 occurance
merge 44/9744: (32, 266) -> 299 (b' ha') has 399093 occurance
merge 45/9744: (266, 116) -> 300 (b'hat') has 368334 occurance
merge 46/9744: (108, 101) -> 301 (b'le') has 342744 occurance
merge 47/9744: (111, 116) -> 302 (b'ot') has 340442 occurance
merge 48/9744: (32, 103) -> 303 (b' g') has 339845 occurance
merge 49/9744: (46, 10) -> 304 (b'.\n') has 330544 occurance
merge 50/9744: (111, 119) -> 305 (b'ow') has 325274 occurance
merge 51/9744: (269, 101) -> 306 (b' be') has 323510 occurance
merge 52/9744: (117, 116) -> 307 (b'ut') has 323326 occurance
merge 53/9744: (105, 100) -> 308 (b'id') has 314310 occurance
merge 54/9744: (105, 99) -> 309 (b'ic') has 305212 occurance
merge 55/9744: (108, 100) -> 310 (b'ld') has 293566 occurance
merge 56/9744: (32, 121) -> 311 (b' y') has 289936 occurance
merge 57/9744: (118, 101) -> 312 (b've') has 288325 occurance
merge 58/9744: (32, 101) -> 313 (b' e') has 287591 occurance
merge 59/9744: (115, 116) -> 314 (b'st') has 287425 occurance
merge 60/9744: (105, 109) -> 315 (b'im') has 281199 occurance
merge 61/9744: (115, 101) -> 316 (b'se') has 274202 occurance
merge 62/9744: (262, 287) -> 317 (b' was') has 269194 occurance
merge 63/9744: (108, 121) -> 318 (b'ly') has 267205 occurance
merge 64/9744: (256, 104) -> 319 (b' th') has 264990 occurance
merge 65/9744: (103, 104) -> 320 (b'gh') has 259835 occurance
merge 66/9744: (274, 153) -> 321 (b'\xe2\x80\x99') has 257471 occurance
merge 67/9744: (311, 267) -> 322 (b' you') has 245438 occurance
merge 68/9744: (32, 271) -> 323 (b' it') has 243522 occurance
merge 69/9744: (256, 300) -> 324 (b' that') has 243225 occurance
merge 70/9744: (264, 110) -> 325 (b' on') has 242420 occurance
merge 71/9744: (101, 116) -> 326 (b'et') has 237734 occurance
merge 72/9744: (97, 99) -> 327 (b'ac') has 237378 occurance
merge 73/9744: (97, 121) -> 328 (b'ay') has 236101 occurance
merge 74/9744: (97, 108) -> 329 (b'al') has 233968 occurance
merge 75/9744: (277, 116) -> 330 (b'ent') has 227964 occurance
merge 76/9744: (105, 275) -> 331 (b'ion') has 215827 occurance
merge 77/9744: (118, 268) -> 332 (b'ver') has 214929 occurance
merge 78/9744: (32, 263) -> 333 (b' re') has 212839 occurance
merge 79/9744: (32, 117) -> 334 (b' u') has 208571 occurance
merge 80/9744: (105, 114) -> 335 (b'ir') has 206747 occurance
merge 81/9744: (271, 104) -> 336 (b'ith') has 203998 occurance
merge 82/9744: (97, 100) -> 337 (b'ad') has 192151 occurance
merge 83/9744: (32, 84) -> 338 (b' T') has 191162 occurance
merge 84/9744: (274, 156) -> 339 (b'\xe2\x80\x9c') has 190080 occurance
merge 85/9744: (293, 273) -> 340 (b' his') has 188907 occurance
merge 86/9744: (274, 157) -> 341 (b'\xe2\x80\x9d') has 187413 occurance
merge 87/9744: (260, 116) -> 342 (b' st') has 187388 occurance
merge 88/9744: (114, 111) -> 343 (b'ro') has 186288 occurance
merge 89/9744: (117, 114) -> 344 (b'ur') has 182189 occurance
merge 90/9744: (276, 282) -> 345 (b' for') has 181638 occurance
merge 91/9744: (320, 116) -> 346 (b'ght') has 180235 occurance
merge 92/9744: (258, 115) -> 347 (b' as') has 178217 occurance
merge 93/9744: (262, 336) -> 348 (b' with') has 177519 occurance
merge 94/9744: (262, 104) -> 349 (b' wh') has 170019 occurance
merge 95/9744: (262, 101) -> 350 (b' we') has 168191 occurance
merge 96/9744: (257, 114) -> 351 (b'her') has 166876 occurance
merge 97/9744: (291, 114) -> 352 (b' her') has 166450 occurance
merge 98/9744: (111, 111) -> 353 (b'oo') has 164872 occurance
merge 99/9744: (114, 105) -> 354 (b'ri') has 163142 occurance
merge 100/9744: (299, 100) -> 355 (b' had') has 162014 occurance
merge 101/9744: (99, 101) -> 356 (b'ce') has 159341 occurance
merge 102/9744: (267, 310) -> 357 (b'ould') has 158636 occurance
merge 103/9744: (97, 109) -> 358 (b'am') has 157952 occurance
merge 104/9744: (107, 101) -> 359 (b'ke') has 153042 occurance
merge 105/9744: (258, 110) -> 360 (b' an') has 149430 occurance
merge 106/9744: (32, 72) -> 361 (b' H') has 146543 occurance
merge 107/9744: (297, 302) -> 362 (b' not') has 145071 occurance
merge 108/9744: (32, 83) -> 363 (b' S') has 144759 occurance
merge 109/9744: (32, 65) -> 364 (b' A') has 140384 occurance
merge 110/9744: (272, 101) -> 365 (b' me') has 139069 occurance
merge 111/9744: (258, 116) -> 366 (b' at') has 136267 occurance
merge 112/9744: (32, 273) -> 367 (b' is') has 134043 occurance
merge 113/9744: (116, 268) -> 368 (b'ter') has 133855 occurance
merge 114/9744: (105, 102) -> 369 (b'if') has 130598 occurance
merge 115/9744: (260, 97) -> 370 (b' sa') has 130426 occurance
merge 116/9744: (101, 99) -> 371 (b'ec') has 129886 occurance
merge 117/9744: (32, 77) -> 372 (b' M') has 125400 occurance
merge 118/9744: (105, 286) -> 373 (b'ill') has 125057 occurance
merge 119/9744: (99, 104) -> 374 (b'ch') has 123874 occurance
merge 120/9744: (97, 259) -> 375 (b'ain') has 122670 occurance
merge 121/9744: (260, 257) -> 376 (b' she') has 121083 occurance
merge 122/9744: (97, 265) -> 377 (b'and') has 120332 occurance
merge 123/9744: (293, 315) -> 378 (b' him') has 118586 occurance
merge 124/9744: (97, 286) -> 379 (b'all') has 115254 occurance
merge 125/9744: (272, 121) -> 380 (b' my') has 114437 occurance
merge 126/9744: (105, 108) -> 381 (b'il') has 114193 occurance
merge 127/9744: (263, 100) -> 382 (b'red') has 110797 occurance
merge 128/9744: (338, 257) -> 383 (b' The') has 109552 occurance
merge 129/9744: (44, 10) -> 384 (b',\n') has 108402 occurance
merge 130/9744: (116, 104) -> 385 (b'th') has 107669 occurance
merge 131/9744: (32, 107) -> 386 (b' k') has 107305 occurance
merge 132/9744: (260, 101) -> 387 (b' se') has 104193 occurance
merge 133/9744: (111, 263) -> 388 (b'ore') has 103375 occurance
merge 134/9744: (112, 112) -> 389 (b'pp') has 102088 occurance
merge 135/9744: (284, 115) -> 390 (b'ess') has 101390 occurance
merge 136/9744: (32, 66) -> 391 (b' B') has 99945 occurance
merge 137/9744: (114, 298) -> 392 (b'rom') has 99718 occurance
merge 138/9744: (370, 308) -> 393 (b' said') has 98498 occurance
merge 139/9744: (298, 101) -> 394 (b'ome') has 97972 occurance
merge 140/9744: (260, 111) -> 395 (b' so') has 97268 occurance
merge 141/9744: (341, 10) -> 396 (b'\xe2\x80\x9d\n') has 96606 occurance
merge 142/9744: (292, 105) -> 397 (b' li') has 95778 occurance
merge 143/9744: (117, 115) -> 398 (b'us') has 94954 occurance
merge 144/9744: (101, 108) -> 399 (b'el') has 94558 occurance
merge 145/9744: (32, 114) -> 400 (b' r') has 94140 occurance
merge 146/9744: (299, 312) -> 401 (b' have') has 92829 occurance
merge 147/9744: (97, 103) -> 402 (b'ag') has 91947 occurance
merge 148/9744: (117, 110) -> 403 (b'un') has 91713 occurance
merge 149/9744: (32, 0) -> 404 (b' \x00') has 90916 occurance
merge 150/9744: (321, 115) -> 405 (b'\xe2\x80\x99s') has 90445 occurance
merge 151/9744: (32, 67) -> 406 (b' C') has 90204 occurance
merge 152/9744: (285, 111) -> 407 (b' do') has 88643 occurance
merge 153/9744: (258, 286) -> 408 (b' all') has 87857 occurance
merge 154/9744: (116, 111) -> 409 (b'to') has 87423 occurance
merge 155/9744: (269, 307) -> 410 (b' but') has 87394 occurance
merge 156/9744: (288, 116) -> 411 (b'ant') has 86944 occurance
merge 157/9744: (116, 257) -> 412 (b'the') has 84283 occurance
merge 158/9744: (32, 32) -> 413 (b'  ') has 84097 occurance
merge 159/9744: (32, 87) -> 414 (b' W') has 83782 occurance
merge 160/9744: (101, 109) -> 415 (b'em') has 83746 occurance
merge 161/9744: (117, 108) -> 416 (b'ul') has 83326 occurance
merge 162/9744: (113, 117) -> 417 (b'qu') has 82970 occurance
merge 163/9744: (97, 98) -> 418 (b'ab') has 82877 occurance
merge 164/9744: (260, 117) -> 419 (b' su') has 82557 occurance
merge 165/9744: (276, 392) -> 420 (b' from') has 81748 occurance
merge 166/9744: (117, 314) -> 421 (b'ust') has 81605 occurance
merge 167/9744: (334, 112) -> 422 (b' up') has 81565 occurance
merge 168/9744: (105, 346) -> 423 (b'ight') has 80645 occurance
merge 169/9744: (257, 110) -> 424 (b'hen') has 79149 occurance
merge 170/9744: (260, 104) -> 425 (b' sh') has 78902 occurance
merge 171/9744: (269, 121) -> 426 (b' by') has 78238 occurance
merge 172/9744: (267, 116) -> 427 (b'out') has 78139 occurance
merge 173/9744: (264, 114) -> 428 (b' or') has 78048 occurance
merge 174/9744: (319, 273) -> 429 (b' this') has 77641 occurance
merge 175/9744: (32, 339) -> 430 (b' \xe2\x80\x9c') has 77274 occurance
merge 176/9744: (297, 101) -> 431 (b' ne') has 76950 occurance
merge 177/9744: (309, 104) -> 432 (b'ich') has 76332 occurance
merge 178/9744: (261, 121) -> 433 (b' they') has 75950 occurance
merge 179/9744: (107, 270) -> 434 (b'ked') has 75575 occurance
merge 180/9744: (39, 115) -> 435 (b"'s") has 74962 occurance
merge 181/9744: (259, 100) -> 436 (b'ind') has 74154 occurance
merge 182/9744: (350, 263) -> 437 (b' were') has 73926 occurance
merge 183/9744: (32, 80) -> 438 (b' P') has 73881 occurance
merge 184/9744: (295, 331) -> 439 (b'ation') has 73046 occurance
merge 185/9744: (386, 110) -> 440 (b' kn') has 72829 occurance
merge 186/9744: (263, 115) -> 441 (b'res') has 72664 occurance
merge 187/9744: (290, 100) -> 442 (b'ard') has 72578 occurance
merge 188/9744: (279, 275) -> 443 (b' con') has 72548 occurance
merge 189/9744: (284, 116) -> 444 (b'est') has 71424 occurance
merge 190/9744: (361, 101) -> 445 (b' He') has 71057 occurance
merge 191/9744: (267, 114) -> 446 (b'our') has 70884 occurance
merge 192/9744: (275, 101) -> 447 (b'one') has 70295 occurance
merge 193/9744: (268, 115) -> 448 (b'ers') has 69828 occurance
merge 194/9744: (264, 307) -> 449 (b' out') has 69274 occurance
merge 195/9744: (273, 116) -> 450 (b'ist') has 68527 occurance
merge 196/9744: (117, 109) -> 451 (b'um') has 68247 occurance
merge 197/9744: (101, 286) -> 452 (b'ell') has 68235 occurance
merge 198/9744: (267, 115) -> 453 (b'ous') has 67078 occurance
merge 199/9744: (32, 118) -> 454 (b' v') has 66956 occurance
merge 200/9744: (267, 265) -> 455 (b'ound') has 66784 occurance
merge 201/9744: (327, 107) -> 456 (b'ack') has 66686 occurance
merge 202/9744: (34, 10) -> 457 (b'"\n') has 66682 occurance
merge 203/9744: (111, 108) -> 458 (b'ol') has 66422 occurance
merge 204/9744: (313, 120) -> 459 (b' ex') has 66219 occurance
merge 205/9744: (258, 108) -> 460 (b' al') has 66185 occurance
merge 206/9744: (111, 112) -> 461 (b'op') has 65918 occurance
merge 207/9744: (297, 111) -> 462 (b' no') has 65478 occurance
merge 208/9744: (258, 98) -> 463 (b' ab') has 65410 occurance
merge 209/9744: (262, 357) -> 464 (b' would') has 65402 occurance
merge 210/9744: (325, 101) -> 465 (b' one') has 65337 occurance
merge 211/9744: (353, 100) -> 466 (b'ood') has 64967 occurance
merge 212/9744: (108, 102) -> 467 (b'lf') has 64869 occurance
merge 213/9744: (290, 116) -> 468 (b'art') has 64821 occurance
merge 214/9744: (332, 121) -> 469 (b'very') has 64290 occurance
merge 215/9744: (105, 101) -> 470 (b'ie') has 64265 occurance
merge 216/9744: (371, 116) -> 471 (b'ect') has 64144 occurance
merge 217/9744: (111, 115) -> 472 (b'os') has 64014 occurance
merge 218/9744: (261, 109) -> 473 (b' them') has 63806 occurance
merge 219/9744: (275, 103) -> 474 (b'ong') has 63406 occurance
merge 220/9744: (287, 116) -> 475 (b'ast') has 62605 occurance
merge 221/9744: (358, 101) -> 476 (b'ame') has 62564 occurance
merge 222/9744: (285, 101) -> 477 (b' de') has 61960 occurance
merge 223/9744: (262, 282) -> 478 (b' wor') has 61934 occurance
merge 224/9744: (349, 432) -> 479 (b' which') has 61655 occurance
merge 225/9744: (32, 76) -> 480 (b' L') has 61527 occurance
merge 226/9744: (349, 111) -> 481 (b' who') has 61490 occurance
merge 227/9744: (105, 103) -> 482 (b'ig') has 61448 occurance
merge 228/9744: (32, 71) -> 483 (b' G') has 61342 occurance
merge 229/9744: (46, 396) -> 484 (b'.\xe2\x80\x9d\n') has 61292 occurance
merge 230/9744: (266, 110) -> 485 (b'han') has 60551 occurance
merge 231/9744: (32, 34) -> 486 (b' "') has 60444 occurance
merge 232/9744: (305, 110) -> 487 (b'own') has 60237 occurance
merge 233/9744: (32, 106) -> 488 (b' j') has 60057 occurance
merge 234/9744: (260, 112) -> 489 (b' sp') has 59960 occurance
merge 235/9744: (84, 257) -> 490 (b'The') has 59861 occurance
merge 236/9744: (114, 121) -> 491 (b'ry') has 59183 occurance
merge 237/9744: (114, 97) -> 492 (b'ra') has 58594 occurance
merge 238/9744: (107, 278) -> 493 (b'king') has 58268 occurance
merge 239/9744: (267, 320) -> 494 (b'ough') has 58265 occurance
merge 240/9744: (295, 101) -> 495 (b'ate') has 58200 occurance
merge 241/9744: (118, 277) -> 496 (b'ven') has 57498 occurance
merge 242/9744: (292, 101) -> 497 (b' le') has 57250 occurance
merge 243/9744: (258, 263) -> 498 (b' are') has 56838 occurance
merge 244/9744: (272, 288) -> 499 (b' man') has 56455 occurance
merge 245/9744: (303, 111) -> 500 (b' go') has 55840 occurance
merge 246/9744: (32, 68) -> 501 (b' D') has 55576 occurance
merge 247/9744: (321, 116) -> 502 (b'\xe2\x80\x99t') has 55411 occurance
merge 248/9744: (308, 101) -> 503 (b'ide') has 55400 occurance
merge 249/9744: (261, 263) -> 504 (b' there') has 54030 occurance
merge 250/9744: (97, 117) -> 505 (b'au') has 53335 occurance
merge 251/9744: (32, 70) -> 506 (b' F') has 53251 occurance
merge 252/9744: (99, 116) -> 507 (b'ct') has 52834 occurance
merge 253/9744: (262, 300) -> 508 (b' what') has 52532 occurance
merge 254/9744: (279, 357) -> 509 (b' could') has 52292 occurance
merge 255/9744: (105, 312) -> 510 (b'ive') has 52287 occurance
merge 256/9744: (110, 116) -> 511 (b'nt') has 52041 occurance
merge 257/9744: (327, 101) -> 512 (b'ace') has 51696 occurance
merge 258/9744: (257, 100) -> 513 (b'hed') has 51665 occurance
merge 259/9744: (274, 148) -> 514 (b'\xe2\x80\x94') has 51579 occurance
merge 260/9744: (103, 101) -> 515 (b'ge') has 50853 occurance
merge 261/9744: (306, 277) -> 516 (b' been') has 50616 occurance
merge 262/9744: (104, 278) -> 517 (b'hing') has 50469 occurance
merge 263/9744: (111, 100) -> 518 (b'od') has 50120 occurance
merge 264/9744: (316, 467) -> 519 (b'self') has 49883 occurance
merge 265/9744: (397, 359) -> 520 (b' like') has 49871 occurance
merge 266/9744: (261, 335) -> 521 (b' their') has 49840 occurance
merge 267/9744: (112, 116) -> 522 (b'pt') has 49717 occurance
merge 268/9744: (282, 116) -> 523 (b'ort') has 49646 occurance
merge 269/9744: (32, 369) -> 524 (b' if') has 49260 occurance
merge 270/9744: (279, 298) -> 525 (b' com') has 49052 occurance
merge 271/9744: (360, 121) -> 526 (b' any') has 48639 occurance
merge 272/9744: (271, 116) -> 527 (b'itt') has 48610 occurance
merge 273/9744: (44, 341) -> 528 (b',\xe2\x80\x9d') has 48318 occurance
merge 274/9744: (97, 359) -> 529 (b'ake') has 47972 occurance
merge 275/9744: (322, 114) -> 530 (b' your') has 47689 occurance
merge 276/9744: (258, 103) -> 531 (b' ag') has 47612 occurance
merge 277/9744: (39, 116) -> 532 (b"'t") has 47548 occurance
merge 278/9744: (258, 114) -> 533 (b' ar') has 47463 occurance
merge 279/9744: (111, 314) -> 534 (b'ost') has 47114 occurance
merge 280/9744: (262, 424) -> 535 (b' when') has 47076 occurance
merge 281/9744: (285, 308) -> 536 (b' did') has 46887 occurance
merge 282/9744: (119, 328) -> 537 (b'way') has 46742 occurance
merge 283/9744: (279, 288) -> 538 (b' can') has 46565 occurance
merge 284/9744: (276, 101) -> 539 (b' fe') has 46550 occurance
merge 285/9744: (116, 351) -> 540 (b'ther') has 46524 occurance
merge 286/9744: (271, 121) -> 541 (b'ity') has 46405 occurance
merge 287/9744: (292, 353) -> 542 (b' loo') has 46396 occurance
merge 288/9744: (32, 78) -> 543 (b' N') has 46007 occurance
merge 289/9744: (101, 112) -> 544 (b'ep') has 45879 occurance
merge 290/9744: (32, 69) -> 545 (b' E') has 45240 occurance
merge 291/9744: (294, 409) -> 546 (b' into') has 44587 occurance
merge 292/9744: (315, 101) -> 547 (b'ime') has 44587 occurance
merge 293/9744: (289, 108) -> 548 (b' pl') has 44368 occurance
merge 294/9744: (0, 101) -> 549 (b'\x00e') has 44239 occurance
merge 295/9744: (440, 305) -> 550 (b' know') has 44216 occurance
merge 296/9744: (302, 351) -> 551 (b'other') has 43781 occurance
merge 297/9744: (32, 82) -> 552 (b' R') has 43709 occurance
merge 298/9744: (259, 101) -> 553 (b'ine') has 43564 occurance
merge 299/9744: (117, 263) -> 554 (b'ure') has 43194 occurance
merge 300/9744: (32, 79) -> 555 (b' O') has 43184 occurance
merge 301/9744: (97, 263) -> 556 (b'are') has 43013 occurance
merge 302/9744: (309, 101) -> 557 (b'ice') has 42853 occurance
merge 303/9744: (32, 74) -> 558 (b' J') has 42759 occurance
merge 304/9744: (116, 101) -> 559 (b'te') has 42655 occurance
merge 305/9744: (89, 267) -> 560 (b'You') has 41918 occurance
merge 306/9744: (379, 121) -> 561 (b'ally') has 41864 occurance
merge 307/9744: (463, 427) -> 562 (b' about') has 41758 occurance
merge 308/9744: (32, 343) -> 563 (b' ro') has 41603 occurance
merge 309/9744: (287, 115) -> 564 (b'ass') has 41405 occurance
merge 310/9744: (46, 457) -> 565 (b'."\n') has 41327 occurance
merge 311/9744: (289, 343) -> 566 (b' pro') has 41284 occurance
merge 312/9744: (99, 107) -> 567 (b'ck') has 41283 occurance
merge 313/9744: (97, 107) -> 568 (b'ak') has 41228 occurance
merge 314/9744: (262, 373) -> 569 (b' will') has 41119 occurance
merge 315/9744: (263, 295) -> 570 (b'reat') has 40893 occurance
merge 316/9744: (334, 110) -> 571 (b' un') has 40892 occurance
merge 317/9744: (344, 110) -> 572 (b'urn') has 40856 occurance
merge 318/9744: (111, 316) -> 573 (b'ose') has 40775 occurance
merge 319/9744: (279, 108) -> 574 (b' cl') has 40692 occurance
merge 320/9744: (256, 114) -> 575 (b' tr') has 40540 occurance
merge 321/9744: (296, 116) -> 576 (b' It') has 40506 occurance
merge 322/9744: (101, 290) -> 577 (b'ear') has 40382 occurance
merge 323/9744: (45, 45) -> 578 (b'--') has 40108 occurance
merge 324/9744: (272, 388) -> 579 (b' more') has 39923 occurance
merge 325/9744: (105, 284) -> 580 (b'ies') has 39713 occurance
merge 326/9744: (97, 112) -> 581 (b'ap') has 39440 occurance
merge 327/9744: (265, 268) -> 582 (b'nder') has 39395 occurance
merge 328/9744: (260, 394) -> 583 (b' some') has 39315 occurance
merge 329/9744: (118, 270) -> 584 (b'ved') has 39267 occurance
merge 330/9744: (102, 102) -> 585 (b'ff') has 39152 occurance
merge 331/9744: (32, 417) -> 586 (b' qu') has 38659 occurance
merge 332/9744: (267, 346) -> 587 (b'ought') has 38652 occurance
merge 333/9744: (334, 115) -> 588 (b' us') has 38221 occurance
merge 334/9744: (260, 328) -> 589 (b' say') has 37989 occurance
merge 335/9744: (112, 108) -> 590 (b'pl') has 37951 occurance
merge 336/9744: (257, 263) -> 591 (b'here') has 37841 occurance
merge 337/9744: (271, 101) -> 592 (b'ite') has 37751 occurance
merge 338/9744: (280, 111) -> 593 (b' too') has 37727 occurance
merge 339/9744: (269, 108) -> 594 (b' bl') has 37594 occurance
merge 340/9744: (413, 413) -> 595 (b'    ') has 37429 occurance
merge 341/9744: (117, 100) -> 596 (b'ud') has 36701 occurance
merge 342/9744: (418, 301) -> 597 (b'able') has 36588 occurance
merge 343/9744: (98, 268) -> 598 (b'ber') has 36472 occurance
merge 344/9744: (259, 107) -> 599 (b'ink') has 36411 occurance
merge 345/9744: (264, 332) -> 600 (b' over') has 36295 occurance
merge 346/9744: (256, 547) -> 601 (b' time') has 36285 occurance
merge 347/9744: (264, 540) -> 602 (b' other') has 36066 occurance
merge 348/9744: (303, 114) -> 603 (b' gr') has 35772 occurance
merge 349/9744: (111, 312) -> 604 (b'ove') has 35545 occurance
merge 350/9744: (269, 456) -> 605 (b' back') has 35078 occurance
merge 351/9744: (387, 101) -> 606 (b' see') has 35033 occurance
merge 352/9744: (119, 101) -> 607 (b'we') has 34713 occurance
merge 353/9744: (299, 265) -> 608 (b' hand') has 34692 occurance
merge 354/9744: (256, 119) -> 609 (b' tw') has 34580 occurance
merge 355/9744: (102, 388) -> 610 (b'fore') has 34519 occurance
merge 356/9744: (44, 34) -> 611 (b',"') has 34489 occurance
merge 357/9744: (261, 110) -> 612 (b' then') has 34460 occurance
merge 358/9744: (297, 305) -> 613 (b' now') has 34266 occurance
merge 359/9744: (285, 487) -> 614 (b' down') has 34111 occurance
merge 360/9744: (363, 257) -> 615 (b' She') has 33964 occurance
merge 361/9744: (531, 375) -> 616 (b' again') has 33947 occurance
merge 362/9744: (279, 104) -> 617 (b' ch') has 33877 occurance
merge 363/9744: (269, 114) -> 618 (b' br') has 33409 occurance
merge 364/9744: (277, 356) -> 619 (b'ence') has 33158 occurance
merge 365/9744: (256, 485) -> 620 (b' than') has 33056 occurance
merge 366/9744: (337, 101) -> 621 (b'ade') has 33015 occurance
merge 367/9744: (102, 368) -> 622 (b'fter') has 32988 occurance
merge 368/9744: (98, 301) -> 623 (b'ble') has 32763 occurance
merge 369/9744: (191, 189) -> 624 (b'\xbf\xbd') has 32617 occurance
merge 370/9744: (239, 624) -> 625 (b'\xef\xbf\xbd') has 32617 occurance
merge 371/9744: (98, 101) -> 626 (b'be') has 32477 occurance
merge 372/9744: (111, 265) -> 627 (b'ond') has 32375 occurance
merge 373/9744: (260, 266) -> 628 (b' sha') has 32207 occurance
merge 374/9744: (441, 115) -> 629 (b'ress') has 32176 occurance
merge 375/9744: (391, 307) -> 630 (b' But') has 31710 occurance
merge 376/9744: (105, 301) -> 631 (b'ile') has 31648 occurance
merge 377/9744: (107, 115) -> 632 (b'ks') has 31600 occurance
merge 378/9744: (281, 102) -> 633 (b' off') has 31438 occurance
merge 379/9744: (278, 115) -> 634 (b'ings') has 31417 occurance
merge 380/9744: (274, 152) -> 635 (b'\xe2\x80\x98') has 31359 occurance
merge 381/9744: (32, 315) -> 636 (b' im') has 31314 occurance
merge 382/9744: (119, 110) -> 637 (b'wn') has 31235 occurance
merge 383/9744: (354, 346) -> 638 (b'right') has 31218 occurance
merge 384/9744: (112, 268) -> 639 (b'per') has 31117 occurance
merge 385/9744: (325, 318) -> 640 (b' only') has 31051 occurance
merge 386/9744: (364, 265) -> 641 (b' And') has 30937 occurance
merge 387/9744: (288, 356) -> 642 (b'ance') has 30932 occurance
merge 388/9744: (258, 109) -> 643 (b' am') has 30837 occurance
merge 389/9744: (263, 101) -> 644 (b'ree') has 30639 occurance
merge 390/9744: (527, 301) -> 645 (b'ittle') has 30519 occurance
merge 391/9744: (295, 351) -> 646 (b'ather') has 30277 occurance
merge 392/9744: (117, 286) -> 647 (b'ull') has 30260 occurance
merge 393/9744: (276, 108) -> 648 (b' fl') has 30227 occurance
merge 394/9744: (109, 330) -> 649 (b'ment') has 30165 occurance
merge 395/9744: (105, 263) -> 650 (b'ire') has 30146 occurance
merge 396/9744: (260, 109) -> 651 (b' sm') has 30080 occurance
merge 397/9744: (32, 277) -> 652 (b' en') has 30065 occurance
merge 398/9744: (111, 102) -> 653 (b'of') has 29879 occurance
merge 399/9744: (117, 101) -> 654 (b'ue') has 29851 occurance
merge 400/9744: (285, 273) -> 655 (b' dis') has 29803 occurance
merge 401/9744: (118, 278) -> 656 (b'ving') has 29793 occurance
merge 402/9744: (110, 101) -> 657 (b'ne') has 29744 occurance
merge 403/9744: (402, 101) -> 658 (b'age') has 29582 occurance
merge 404/9744: (101, 265) -> 659 (b'end') has 29154 occurance
merge 405/9744: (105, 453) -> 660 (b'ious') has 29016 occurance
merge 406/9744: (118, 284) -> 661 (b'ves') has 28956 occurance
merge 407/9744: (488, 421) -> 662 (b' just') has 28632 occurance
merge 408/9744: (32, 46) -> 663 (b' .') has 28542 occurance
merge 409/9744: (273, 104) -> 664 (b'ish') has 28311 occurance
merge 410/9744: (327, 116) -> 665 (b'act') has 28268 occurance
merge 411/9744: (258, 99) -> 666 (b' ac') has 28252 occurance
merge 412/9744: (117, 374) -> 667 (b'uch') has 28162 occurance
merge 413/9744: (309, 107) -> 668 (b'ick') has 28143 occurance
merge 414/9744: (285, 328) -> 669 (b' day') has 28114 occurance
merge 415/9744: (111, 310) -> 670 (b'old') has 28051 occurance
merge 416/9744: (98, 108) -> 671 (b'bl') has 28041 occurance
merge 417/9744: (282, 100) -> 672 (b'ord') has 27606 occurance
merge 418/9744: (32, 469) -> 673 (b' very') has 27527 occurance
merge 419/9744: (105, 112) -> 674 (b'ip') has 27446 occurance
merge 420/9744: (299, 115) -> 675 (b' has') has 27392 occurance
merge 421/9744: (292, 645) -> 676 (b' little') has 27058 occurance
merge 422/9744: (369, 101) -> 677 (b'ife') has 26978 occurance
merge 423/9744: (313, 121) -> 678 (b' ey') has 26952 occurance
merge 424/9744: (72, 101) -> 679 (b'He') has 26921 occurance
merge 425/9744: (110, 103) -> 680 (b'ng') has 26659 occurance
merge 426/9744: (111, 121) -> 681 (b'oy') has 26587 occurance
merge 427/9744: (313, 496) -> 682 (b' even') has 26537 occurance
merge 428/9744: (105, 310) -> 683 (b'ild') has 26479 occurance
merge 429/9744: (289, 114) -> 684 (b' pr') has 26403 occurance
merge 430/9744: (264, 344) -> 685 (b' our') has 26373 occurance
merge 431/9744: (293, 305) -> 686 (b' how') has 26218 occurance
merge 432/9744: (295, 270) -> 687 (b'ated') has 26086 occurance
merge 433/9744: (262, 328) -> 688 (b' way') has 26062 occurance
merge 434/9744: (331, 115) -> 689 (b'ions') has 26040 occurance
merge 435/9744: (288, 115) -> 690 (b'ans') has 25987 occurance
merge 436/9744: (260, 99) -> 691 (b' sc') has 25893 occurance
merge 437/9744: (262, 411) -> 692 (b' want') has 25852 occurance
merge 438/9744: (290, 121) -> 693 (b'ary') has 25841 occurance
merge 439/9744: (258, 100) -> 694 (b' ad') has 25827 occurance
merge 440/9744: (104, 273) -> 695 (b'his') has 25801 occurance
merge 441/9744: (303, 326) -> 696 (b' get') has 25761 occurance
merge 442/9744: (292, 474) -> 697 (b' long') has 25587 occurance
merge 443/9744: (319, 114) -> 698 (b' thr') has 25563 occurance
merge 444/9744: (298, 326) -> 699 (b'omet') has 25500 occurance
merge 445/9744: (289, 101) -> 700 (b' pe') has 25464 occurance
merge 446/9744: (313, 469) -> 701 (b' every') has 25438 occurance
merge 447/9744: (288, 103) -> 702 (b'ang') has 25425 occurance
merge 448/9744: (285, 275) -> 703 (b' don') has 25380 occurance
merge 449/9744: (327, 104) -> 704 (b'ach') has 25358 occurance
merge 450/9744: (306, 99) -> 705 (b' bec') has 25319 occurance
merge 451/9744: (425, 357) -> 706 (b' should') has 25123 occurance
merge 452/9744: (0, 110) -> 707 (b'\x00n') has 24970 occurance
merge 453/9744: (111, 286) -> 708 (b'oll') has 24899 occurance
merge 454/9744: (505, 316) -> 709 (b'ause') has 24876 occurance
merge 455/9744: (0, 111) -> 710 (b'\x00o') has 24725 occurance
merge 456/9744: (306, 610) -> 711 (b' before') has 24708 occurance
merge 457/9744: (97, 312) -> 712 (b'ave') has 24643 occurance
merge 458/9744: (431, 332) -> 713 (b' never') has 24621 occurance
merge 459/9744: (116, 121) -> 714 (b'ty') has 24619 occurance
merge 460/9744: (319, 587) -> 715 (b' thought') has 24616 occurance
merge 461/9744: (372, 114) -> 716 (b' Mr') has 24610 occurance
merge 462/9744: (258, 622) -> 717 (b' after') has 24405 occurance
merge 463/9744: (289, 268) -> 718 (b' per') has 24200 occurance
merge 464/9744: (303, 466) -> 719 (b' good') has 24136 occurance
merge 465/9744: (335, 314) -> 720 (b'irst') has 24134 occurance
merge 466/9744: (319, 599) -> 721 (b' think') has 24126 occurance
merge 467/9744: (102, 116) -> 722 (b'ft') has 24059 occurance
merge 468/9744: (119, 442) -> 723 (b'ward') has 24040 occurance
merge 469/9744: (267, 511) -> 724 (b'ount') has 23947 occurance
merge 470/9744: (289, 111) -> 725 (b' po') has 23826 occurance
merge 471/9744: (273, 115) -> 726 (b'iss') has 23764 occurance
merge 472/9744: (609, 111) -> 727 (b' two') has 23720 occurance
merge 473/9744: (272, 621) -> 728 (b' made') has 23456 occurance
merge 474/9744: (334, 582) -> 729 (b' under') has 23389 occurance
merge 475/9744: (116, 270) -> 730 (b'ted') has 23289 occurance
merge 476/9744: (105, 270) -> 731 (b'ied') has 23190 occurance
merge 477/9744: (282, 110) -> 732 (b'orn') has 23101 occurance
merge 478/9744: (110, 390) -> 733 (b'ness') has 23078 occurance
merge 479/9744: (260, 108) -> 734 (b' sl') has 23032 occurance
merge 480/9744: (114, 117) -> 735 (b'ru') has 22991 occurance
merge 481/9744: (290, 107) -> 736 (b'ark') has 22754 occurance
merge 482/9744: (32, 75) -> 737 (b' K') has 22628 occurance
merge 483/9744: (63, 396) -> 738 (b'?\xe2\x80\x9d\n') has 22614 occurance
merge 484/9744: (272, 667) -> 739 (b' much') has 22596 occurance
merge 485/9744: (101, 119) -> 740 (b'ew') has 22594 occurance
merge 486/9744: (333, 109) -> 741 (b' rem') has 22478 occurance
merge 487/9744: (0, 97) -> 742 (b'\x00a') has 22237 occurance
merge 488/9744: (32, 40) -> 743 (b' (') has 22174 occurance
merge 489/9744: (337, 121) -> 744 (b'ady') has 22162 occurance
merge 490/9744: (258, 389) -> 745 (b' app') has 22061 occurance
merge 491/9744: (289, 263) -> 746 (b' pre') has 22011 occurance
merge 492/9744: (279, 394) -> 747 (b' come') has 21974 occurance
merge 493/9744: (291, 263) -> 748 (b' here') has 21974 occurance
merge 494/9744: (262, 591) -> 749 (b' where') has 21899 occurance
merge 495/9744: (105, 122) -> 750 (b'iz') has 21894 occurance
merge 496/9744: (102, 282) -> 751 (b'for') has 21865 occurance
merge 497/9744: (101, 382) -> 752 (b'ered') has 21737 occurance
merge 498/9744: (273, 101) -> 753 (b'ise') has 21658 occurance
merge 499/9744: (295, 104) -> 754 (b'ath') has 21632 occurance
merge 500/9744: (291, 337) -> 755 (b' head') has 21543 occurance
merge 501/9744: (111, 99) -> 756 (b'oc') has 21532 occurance
merge 502/9744: (102, 416) -> 757 (b'ful') has 21453 occurance
merge 503/9744: (108, 270) -> 758 (b'led') has 21388 occurance
merge 504/9744: (266, 114) -> 759 (b'har') has 21378 occurance
merge 505/9744: (385, 278) -> 760 (b'thing') has 21323 occurance
merge 506/9744: (264, 310) -> 761 (b' old') has 21318 occurance
merge 507/9744: (272, 421) -> 762 (b' must') has 21310 occurance
merge 508/9744: (678, 284) -> 763 (b' eyes') has 21291 occurance
merge 509/9744: (105, 318) -> 764 (b'ily') has 21229 occurance
merge 510/9744: (112, 115) -> 765 (b'ps') has 21225 occurance
merge 511/9744: (289, 468) -> 766 (b' part') has 21189 occurance
merge 512/9744: (354, 270) -> 767 (b'ried') has 21125 occurance
merge 513/9744: (99, 108) -> 768 (b'cl') has 21017 occurance
merge 514/9744: (306, 116) -> 769 (b' bet') has 21006 occurance
merge 515/9744: (461, 301) -> 770 (b'ople') has 20937 occurance
merge 516/9744: (275, 115) -> 771 (b'ons') has 20737 occurance
merge 517/9744: (46, 46) -> 772 (b'..') has 20720 occurance
merge 518/9744: (303, 108) -> 773 (b' gl') has 20655 occurance
merge 519/9744: (279, 476) -> 774 (b' came') has 20624 occurance
merge 520/9744: (73, 116) -> 775 (b'It') has 20551 occurance
merge 521/9744: (267, 316) -> 776 (b'ouse') has 20460 occurance
merge 522/9744: (276, 720) -> 777 (b' first') has 20433 occurance
merge 523/9744: (0, 116) -> 778 (b'\x00t') has 20378 occurance
merge 524/9744: (323, 115) -> 779 (b' its') has 20361 occurance
merge 525/9744: (264, 637) -> 780 (b' own') has 20348 occurance
merge 526/9744: (292, 326) -> 781 (b' let') has 20326 occurance
merge 527/9744: (482, 110) -> 782 (b'ign') has 20152 occurance
merge 528/9744: (116, 375) -> 783 (b'tain') has 20115 occurance
merge 529/9744: (32, 638) -> 784 (b' right') has 20006 occurance
merge 530/9744: (256, 572) -> 785 (b' turn') has 19995 occurance
merge 531/9744: (342, 373) -> 786 (b' still') has 19970 occurance
merge 532/9744: (65, 265) -> 787 (b'And') has 19953 occurance
merge 533/9744: (288, 99) -> 788 (b'anc') has 19908 occurance
merge 534/9744: (263, 110) -> 789 (b'ren') has 19903 occurance
merge 535/9744: (303, 570) -> 790 (b' great') has 19902 occurance
merge 536/9744: (285, 284) -> 791 (b' des') has 19889 occurance
merge 537/9744: (698, 494) -> 792 (b' through') has 19864 occurance
merge 538/9744: (277, 270) -> 793 (b'ened') has 19813 occurance
merge 539/9744: (115, 112) -> 794 (b'sp') has 19737 occurance
merge 540/9744: (105, 97) -> 795 (b'ia') has 19630 occurance
merge 541/9744: (295, 268) -> 796 (b'ater') has 19571 occurance
merge 542/9744: (32, 560) -> 797 (b' You') has 19504 occurance
merge 543/9744: (387, 415) -> 798 (b' seem') has 19433 occurance
merge 544/9744: (258, 537) -> 799 (b' away') has 19349 occurance
merge 545/9744: (262, 330) -> 800 (b' went') has 19324 occurance
merge 546/9744: (260, 699) -> 801 (b' somet') has 19203 occurance
merge 547/9744: (389, 270) -> 802 (b'pped') has 18975 occurance
merge 548/9744: (0, 114) -> 803 (b'\x00r') has 18824 occurance
merge 549/9744: (272, 529) -> 804 (b' make') has 18814 occurance
merge 550/9744: (306, 103) -> 805 (b' beg') has 18801 occurance
merge 551/9744: (419, 374) -> 806 (b' such') has 18736 occurance
merge 552/9744: (0, 105) -> 807 (b'\x00i') has 18681 occurance
merge 553/9744: (116, 278) -> 808 (b'ting') has 18642 occurance
merge 554/9744: (106, 471) -> 809 (b'ject') has 18604 occurance
merge 555/9744: (472, 115) -> 810 (b'oss') has 18575 occurance
merge 556/9744: (303, 302) -> 811 (b' got') has 18536 occurance
merge 557/9744: (32, 359) -> 812 (b' ke') has 18523 occurance
merge 558/9744: (542, 434) -> 813 (b' looked') has 18519 occurance
merge 559/9744: (109, 288) -> 814 (b'man') has 18495 occurance
merge 560/9744: (272, 328) -> 815 (b' may') has 18466 occurance
merge 561/9744: (102, 101) -> 816 (b'fe') has 18451 occurance
merge 562/9744: (287, 101) -> 817 (b'ase') has 18278 occurance
merge 563/9744: (257, 115) -> 818 (b'hes') has 18244 occurance
merge 564/9744: (277, 115) -> 819 (b'ens') has 18186 occurance
merge 565/9744: (0, 104) -> 820 (b'\x00h') has 18165 occurance
merge 566/9744: (116, 300) -> 821 (b'that') has 18048 occurance
merge 567/9744: (525, 112) -> 822 (b' comp') has 18035 occurance
merge 568/9744: (97, 118) -> 823 (b'av') has 18008 occurance
merge 569/9744: (111, 103) -> 824 (b'og') has 17974 occurance
merge 570/9744: (272, 423) -> 825 (b' might') has 17967 occurance
merge 571/9744: (97, 119) -> 826 (b'aw') has 17775 occurance
merge 572/9744: (353, 107) -> 827 (b'ook') has 17705 occurance
merge 573/9744: (577, 115) -> 828 (b'ears') has 17672 occurance
merge 574/9744: (383, 121) -> 829 (b' They') has 17650 occurance
merge 575/9744: (302, 104) -> 830 (b'oth') has 17629 occurance
merge 576/9744: (262, 114) -> 831 (b' wr') has 17591 occurance
merge 577/9744: (700, 770) -> 832 (b' people') has 17536 occurance
merge 578/9744: (350, 286) -> 833 (b' well') has 17525 occurance
merge 579/9744: (443, 116) -> 834 (b' cont') has 17524 occurance
merge 580/9744: (378, 519) -> 835 (b' himself') has 17466 occurance
merge 581/9744: (279, 379) -> 836 (b' call') has 17428 occurance
merge 582/9744: (256, 452) -> 837 (b' tell') has 17410 occurance
merge 583/9744: (518, 121) -> 838 (b'ody') has 17407 occurance
merge 584/9744: (97, 382) -> 839 (b'ared') has 17346 occurance
merge 585/9744: (32, 86) -> 840 (b' V') has 17330 occurance
merge 586/9744: (97, 335) -> 841 (b'air') has 17306 occurance
merge 587/9744: (32, 95) -> 842 (b' _') has 17249 occurance
merge 588/9744: (282, 121) -> 843 (b'ory') has 17209 occurance
merge 589/9744: (422, 275) -> 844 (b' upon') has 17169 occurance
merge 590/9744: (115, 111) -> 845 (b'so') has 17146 occurance
merge 591/9744: (276, 512) -> 846 (b' face') has 17145 occurance
merge 592/9744: (115, 104) -> 847 (b'sh') has 17048 occurance
merge 593/9744: (339, 73) -> 848 (b'\xe2\x80\x9cI') has 16971 occurance
merge 594/9744: (110, 302) -> 849 (b'not') has 16954 occurance
merge 595/9744: (104, 121) -> 850 (b'hy') has 16947 occurance
merge 596/9744: (296, 110) -> 851 (b' In') has 16917 occurance
merge 597/9744: (264, 112) -> 852 (b' op') has 16905 occurance
merge 598/9744: (105, 288) -> 853 (b'ian') has 16878 occurance
merge 599/9744: (108, 390) -> 854 (b'less') has 16758 occurance
merge 600/9744: (261, 316) -> 855 (b' these') has 16654 occurance
merge 601/9744: (101, 332) -> 856 (b'ever') has 16646 occurance
merge 602/9744: (321, 100) -> 857 (b'\xe2\x80\x99d') has 16612 occurance
merge 603/9744: (32, 39) -> 858 (b" '") has 16598 occurance
merge 604/9744: (500, 278) -> 859 (b' going') has 16492 occurance
merge 605/9744: (66, 307) -> 860 (b'But') has 16467 occurance
merge 606/9744: (63, 457) -> 861 (b'?"\n') has 16361 occurance
merge 607/9744: (262, 298) -> 862 (b' wom') has 16350 occurance
merge 608/9744: (279, 114) -> 863 (b' cr') has 16294 occurance
merge 609/9744: (289, 307) -> 864 (b' put') has 16294 occurance
merge 610/9744: (292, 677) -> 865 (b' life') has 16280 occurance
merge 611/9744: (105, 118) -> 866 (b'iv') has 16277 occurance
merge 612/9744: (407, 282) -> 867 (b' door') has 16263 occurance
merge 613/9744: (636, 112) -> 868 (b' imp') has 16196 occurance
merge 614/9744: (537, 115) -> 869 (b'ways') has 16176 occurance
merge 615/9744: (306, 108) -> 870 (b' bel') has 16142 occurance
merge 616/9744: (319, 573) -> 871 (b' those') has 16054 occurance
merge 617/9744: (119, 104) -> 872 (b'wh') has 15977 occurance
merge 618/9744: (105, 329) -> 873 (b'ial') has 15843 occurance
merge 619/9744: (97, 381) -> 874 (b'ail') has 15760 occurance
merge 620/9744: (478, 100) -> 875 (b' word') has 15749 occurance
merge 621/9744: (263, 116) -> 876 (b'ret') has 15724 occurance
merge 622/9744: (63, 10) -> 877 (b'?\n') has 15717 occurance
merge 623/9744: (256, 529) -> 878 (b' take') has 15653 occurance
merge 624/9744: (272, 277) -> 879 (b' men') has 15598 occurance
merge 625/9744: (563, 298) -> 880 (b' room') has 15571 occurance
merge 626/9744: (363, 116) -> 881 (b' St') has 15568 occurance
merge 627/9744: (259, 116) -> 882 (b'int') has 15555 occurance
merge 628/9744: (297, 423) -> 883 (b' night') has 15553 occurance
merge 629/9744: (115, 115) -> 884 (b'ss') has 15535 occurance
merge 630/9744: (97, 493) -> 885 (b'aking') has 15510 occurance
merge 631/9744: (406, 104) -> 886 (b' Ch') has 15503 occurance
merge 632/9744: (111, 98) -> 887 (b'ob') has 15469 occurance
merge 633/9744: (103, 326) -> 888 (b'get') has 15460 occurance
merge 634/9744: (801, 517) -> 889 (b' something') has 15448 occurance
merge 635/9744: (539, 399) -> 890 (b' feel') has 15441 occurance
merge 636/9744: (348, 427) -> 891 (b' without') has 15412 occurance
merge 637/9744: (0, 115) -> 892 (b'\x00s') has 15405 occurance
merge 638/9744: (299, 389) -> 893 (b' happ') has 15376 occurance
merge 639/9744: (459, 112) -> 894 (b' exp') has 15363 occurance
merge 640/9744: (292, 475) -> 895 (b' last') has 15360 occurance
merge 641/9744: (342, 114) -> 896 (b' str') has 15347 occurance
merge 642/9744: (272, 534) -> 897 (b' most') has 15305 occurance
merge 643/9744: (100, 100) -> 898 (b'dd') has 15302 occurance
merge 644/9744: (279, 290) -> 899 (b' car') has 15299 occurance
merge 645/9744: (0, 10) -> 900 (b'\x00\n') has 15296 occurance
merge 646/9744: (347, 434) -> 901 (b' asked') has 15289 occurance
merge 647/9744: (109, 101) -> 902 (b'me') has 15172 occurance
merge 648/9744: (0, 100) -> 903 (b'\x00d') has 15152 occurance
merge 649/9744: (399, 116) -> 904 (b'elt') has 15091 occurance
merge 650/9744: (595, 595) -> 905 (b'        ') has 15086 occurance
merge 651/9744: (108, 284) -> 906 (b'les') has 15084 occurance
merge 652/9744: (536, 110) -> 907 (b' didn') has 15061 occurance
merge 653/9744: (117, 112) -> 908 (b'up') has 15028 occurance
merge 654/9744: (705, 709) -> 909 (b' because') has 15022 occurance
merge 655/9744: (32, 89) -> 910 (b' Y') has 15006 occurance
merge 656/9744: (109, 268) -> 911 (b'mer') has 14981 occurance
merge 657/9744: (289, 564) -> 912 (b' pass') has 14947 occurance
merge 658/9744: (259, 356) -> 913 (b'ince') has 14917 occurance
merge 659/9744: (105, 320) -> 914 (b'igh') has 14906 occurance
merge 660/9744: (306, 278) -> 915 (b' being') has 14902 occurance
merge 661/9744: (275, 116) -> 916 (b'ont') has 14856 occurance
merge 662/9744: (299, 114) -> 917 (b' har') has 14849 occurance
merge 663/9744: (105, 623) -> 918 (b'ible') has 14801 occurance
merge 664/9744: (83, 257) -> 919 (b'She') has 14792 occurance
merge 665/9744: (99, 513) -> 920 (b'ched') has 14784 occurance
merge 666/9744: (354, 659) -> 921 (b'riend') has 14779 occurance
merge 667/9744: (87, 300) -> 922 (b'What') has 14724 occurance
merge 668/9744: (32, 635) -> 923 (b' \xe2\x80\x98') has 14667 occurance
merge 669/9744: (370, 119) -> 924 (b' saw') has 14663 occurance
merge 670/9744: (260, 476) -> 925 (b' same') has 14616 occurance
merge 671/9744: (109, 270) -> 926 (b'med') has 14587 occurance
merge 672/9744: (100, 101) -> 927 (b'de') has 14533 occurance
merge 673/9744: (542, 107) -> 928 (b' look') has 14493 occurance
merge 674/9744: (99, 298) -> 929 (b'com') has 14404 occurance
merge 675/9744: (115, 503) -> 930 (b'side') has 14373 occurance
merge 676/9744: (362, 517) -> 931 (b' nothing') has 14361 occurance
merge 677/9744: (109, 115) -> 932 (b'ms') has 14359 occurance
merge 678/9744: (119, 287) -> 933 (b'was') has 14284 occurance
merge 679/9744: (313, 290) -> 934 (b' ear') has 14280 occurance
merge 680/9744: (282, 115) -> 935 (b'ors') has 14237 occurance
merge 681/9744: (262, 97) -> 936 (b' wa') has 14218 occurance
merge 682/9744: (298, 330) -> 937 (b'oment') has 14167 occurance
merge 683/9744: (279, 446) -> 938 (b' cour') has 14158 occurance
merge 684/9744: (321, 10) -> 939 (b'\xe2\x80\x99\n') has 14145 occurance
merge 685/9744: (264, 98) -> 940 (b' ob') has 14126 occurance
merge 686/9744: (431, 119) -> 941 (b' new') has 14087 occurance
merge 687/9744: (280, 310) -> 942 (b' told') has 14082 occurance
merge 688/9744: (333, 112) -> 943 (b' rep') has 14079 occurance
merge 689/9744: (101, 120) -> 944 (b'ex') has 14065 occurance
merge 690/9744: (111, 567) -> 945 (b'ock') has 14045 occurance
merge 691/9744: (313, 265) -> 946 (b' end') has 14030 occurance
merge 692/9744: (256, 329) -> 947 (b' tal') has 14026 occurance
merge 693/9744: (414, 101) -> 948 (b' We') has 14021 occurance
merge 694/9744: (98, 307) -> 949 (b'but') has 13968 occurance
merge 695/9744: (593, 107) -> 950 (b' took') has 13942 occurance
merge 696/9744: (293, 776) -> 951 (b' house') has 13891 occurance
merge 697/9744: (309, 116) -> 952 (b'ict') has 13887 occurance
merge 698/9744: (497, 722) -> 953 (b' left') has 13862 occurance
merge 699/9744: (103, 270) -> 954 (b'ged') has 13847 occurance
merge 700/9744: (478, 107) -> 955 (b' work') has 13843 occurance
merge 701/9744: (117, 99) -> 956 (b'uc') has 13822 occurance
merge 702/9744: (108, 105) -> 957 (b'li') has 13748 occurance
merge 703/9744: (439, 115) -> 958 (b'ations') has 13637 occurance
merge 704/9744: (313, 109) -> 959 (b' em') has 13601 occurance
merge 705/9744: (319, 634) -> 960 (b' things') has 13596 occurance
merge 706/9744: (119, 336) -> 961 (b'with') has 13590 occurance
merge 707/9744: (353, 108) -> 962 (b'ool') has 13546 occurance
merge 708/9744: (105, 120) -> 963 (b'ix') has 13541 occurance
merge 709/9744: (313, 332) -> 964 (b' ever') has 13536 occurance
merge 710/9744: (271, 331) -> 965 (b'ition') has 13506 occurance
merge 711/9744: (440, 740) -> 966 (b' knew') has 13461 occurance
merge 712/9744: (319, 278) -> 967 (b' thing') has 13429 occurance
merge 713/9744: (305, 270) -> 968 (b'owed') has 13407 occurance
merge 714/9744: (319, 494) -> 969 (b' though') has 13381 occurance
merge 715/9744: (295, 368) -> 970 (b'atter') has 13372 occurance
merge 716/9744: (110, 278) -> 971 (b'ning') has 13346 occurance
merge 717/9744: (397, 346) -> 972 (b' light') has 13313 occurance
merge 718/9744: (335, 108) -> 973 (b'irl') has 13311 occurance
merge 719/9744: (303, 117) -> 974 (b' gu') has 13267 occurance
merge 720/9744: (260, 371) -> 975 (b' sec') has 13263 occurance
merge 721/9744: (360, 551) -> 976 (b' another') has 13249 occurance
merge 722/9744: (460, 869) -> 977 (b' always') has 13216 occurance
merge 723/9744: (276, 455) -> 978 (b' found') has 13215 occurance
merge 724/9744: (63, 341) -> 979 (b'?\xe2\x80\x9d') has 13186 occurance
merge 725/9744: (628, 286) -> 980 (b' shall') has 13185 occurance
merge 726/9744: (416, 116) -> 981 (b'ult') has 13160 occurance
merge 727/9744: (617, 683) -> 982 (b' child') has 13156 occurance
merge 728/9744: (292, 604) -> 983 (b' love') has 13116 occurance
merge 729/9744: (32, 330) -> 984 (b' ent') has 13095 occurance
merge 730/9744: (305, 115) -> 985 (b'ows') has 13061 occurance
merge 731/9744: (111, 557) -> 986 (b'oice') has 12999 occurance
merge 732/9744: (349, 631) -> 987 (b' while') has 12991 occurance
merge 733/9744: (533, 455) -> 988 (b' around') has 12975 occurance
merge 734/9744: (117, 265) -> 989 (b'und') has 12952 occurance
merge 735/9744: (272, 436) -> 990 (b' mind') has 12941 occurance
merge 736/9744: (315, 284) -> 991 (b'imes') has 12935 occurance
merge 737/9744: (112, 301) -> 992 (b'ple') has 12934 occurance
merge 738/9744: (276, 904) -> 993 (b' felt') has 12929 occurance
merge 739/9744: (383, 263) -> 994 (b' There') has 12900 occurance
merge 740/9744: (272, 937) -> 995 (b' moment') has 12889 occurance
merge 741/9744: (260, 119) -> 996 (b' sw') has 12887 occurance
merge 742/9744: (285, 450) -> 997 (b' dist') has 12791 occurance
merge 743/9744: (260, 268) -> 998 (b' ser') has 12766 occurance
merge 744/9744: (309, 329) -> 999 (b'ical') has 12699 occurance
merge 745/9744: (105, 98) -> 1000 (b'ib') has 12693 occurance
merge 746/9744: (273, 513) -> 1001 (b'ished') has 12678 occurance
merge 747/9744: (32, 85) -> 1002 (b' U') has 12654 occurance
merge 748/9744: (0, 108) -> 1003 (b'\x00l') has 12593 occurance
merge 749/9744: (256, 101) -> 1004 (b' te') has 12564 occurance
merge 750/9744: (276, 114) -> 1005 (b' fr') has 12544 occurance
merge 751/9744: (46, 341) -> 1006 (b'.\xe2\x80\x9d') has 12537 occurance
merge 752/9744: (343, 884) -> 1007 (b'ross') has 12529 occurance
merge 753/9744: (276, 921) -> 1008 (b' friend') has 12474 occurance
merge 754/9744: (285, 114) -> 1009 (b' dr') has 12462 occurance
merge 755/9744: (548, 512) -> 1010 (b' place') has 12441 occurance
merge 756/9744: (59, 10) -> 1011 (b';\n') has 12419 occurance
merge 757/9744: (295, 374) -> 1012 (b'atch') has 12389 occurance
merge 758/9744: (325, 356) -> 1013 (b' once') has 12347 occurance
merge 759/9744: (276, 290) -> 1014 (b' far') has 12299 occurance
merge 760/9744: (279, 266) -> 1015 (b' cha') has 12283 occurance
merge 761/9744: (268, 783) -> 1016 (b'ertain') has 12252 occurance
merge 762/9744: (260, 326) -> 1017 (b' set') has 12246 occurance
merge 763/9744: (333, 116) -> 1018 (b' ret') has 12232 occurance
merge 764/9744: (608, 115) -> 1019 (b' hands') has 12217 occurance
merge 765/9744: (121, 267) -> 1020 (b'you') has 12185 occurance
merge 766/9744: (276, 646) -> 1021 (b' father') has 12165 occurance
merge 767/9744: (305, 268) -> 1022 (b'ower') has 12159 occurance
merge 768/9744: (262, 329) -> 1023 (b' wal') has 12152 occurance
merge 769/9744: (478, 310) -> 1024 (b' world') has 12147 occurance
merge 770/9744: (272, 290) -> 1025 (b' mar') has 12146 occurance
merge 771/9744: (105, 326) -> 1026 (b'iet') has 12129 occurance
merge 772/9744: (279, 111) -> 1027 (b' co') has 12122 occurance
merge 773/9744: (499, 121) -> 1028 (b' many') has 12111 occurance
merge 774/9744: (356, 522) -> 1029 (b'cept') has 12101 occurance
merge 775/9744: (109, 534) -> 1030 (b'most') has 12067 occurance
merge 776/9744: (366, 116) -> 1031 (b' att') has 12061 occurance
merge 777/9744: (277, 316) -> 1032 (b'ense') has 12024 occurance
merge 778/9744: (97, 308) -> 1033 (b'aid') has 12022 occurance
merge 779/9744: (58, 10) -> 1034 (b':\n') has 11996 occurance
merge 780/9744: (289, 448) -> 1035 (b' pers') has 11913 occurance
merge 781/9744: (505, 346) -> 1036 (b'aught') has 11900 occurance
merge 782/9744: (616, 314) -> 1037 (b' against') has 11882 occurance
merge 783/9744: (276, 436) -> 1038 (b' find') has 11876 occurance
merge 784/9744: (403, 103) -> 1039 (b'ung') has 11866 occurance
merge 785/9744: (321, 286) -> 1040 (b'\xe2\x80\x99ll') has 11832 occurance
merge 786/9744: (39, 10) -> 1041 (b"'\n") has 11824 occurance
merge 787/9744: (39, 100) -> 1042 (b"'d") has 11818 occurance
merge 788/9744: (798, 270) -> 1043 (b' seemed') has 11766 occurance
merge 789/9744: (272, 111) -> 1044 (b' mo') has 11752 occurance
merge 790/9744: (271, 351) -> 1045 (b'ither') has 11706 occurance
merge 791/9744: (489, 101) -> 1046 (b' spe') has 11692 occurance
merge 792/9744: (289, 441) -> 1047 (b' pres') has 11669 occurance
merge 793/9744: (271, 270) -> 1048 (b'ited') has 11651 occurance
merge 794/9744: (109, 121) -> 1049 (b'my') has 11631 occurance
merge 795/9744: (279, 257) -> 1050 (b' che') has 11616 occurance
merge 796/9744: (321, 109) -> 1051 (b'\xe2\x80\x99m') has 11607 occurance
merge 797/9744: (322, 680) -> 1052 (b' young') has 11605 occurance
merge 798/9744: (333, 99) -> 1053 (b' rec') has 11599 occurance
merge 799/9744: (262, 436) -> 1054 (b' wind') has 11541 occurance
merge 800/9744: (260, 295) -> 1055 (b' sat') has 11502 occurance
merge 801/9744: (262, 290) -> 1056 (b' war') has 11500 occurance
merge 802/9744: (99, 99) -> 1057 (b'cc') has 11476 occurance
merge 803/9744: (666, 99) -> 1058 (b' acc') has 11468 occurance
merge 804/9744: (258, 507) -> 1059 (b' act') has 11406 occurance
merge 805/9744: (289, 301) -> 1060 (b' ple') has 11399 occurance
merge 806/9744: (311, 828) -> 1061 (b' years') has 11396 occurance
merge 807/9744: (296, 102) -> 1062 (b' If') has 11389 occurance
merge 808/9744: (330, 318) -> 1063 (b'ently') has 11379 occurance
merge 809/9744: (260, 344) -> 1064 (b' sur') has 11357 occurance
merge 810/9744: (431, 270) -> 1065 (b' need') has 11345 occurance
merge 811/9744: (419, 389) -> 1066 (b' supp') has 11310 occurance
merge 812/9744: (260, 381) -> 1067 (b' sil') has 11308 occurance
merge 813/9744: (272, 551) -> 1068 (b' mother') has 11306 occurance
merge 814/9744: (46, 34) -> 1069 (b'."') has 11304 occurance
merge 815/9744: (97, 122) -> 1070 (b'az') has 11294 occurance
merge 816/9744: (117, 329) -> 1071 (b'ual') has 11274 occurance
merge 817/9744: (291, 442) -> 1072 (b' heard') has 11246 occurance
merge 818/9744: (0, 117) -> 1073 (b'\x00u') has 11218 occurance
merge 819/9744: (443, 115) -> 1074 (b' cons') has 11211 occurance
merge 820/9744: (311, 326) -> 1075 (b' yet') has 11191 occurance
merge 821/9744: (319, 644) -> 1076 (b' three') has 11187 occurance
merge 822/9744: (263, 358) -> 1077 (b'ream') has 11157 occurance
merge 823/9744: (108, 278) -> 1078 (b'ling') has 11150 occurance
merge 824/9744: (332, 115) -> 1079 (b'vers') has 11128 occurance
merge 825/9744: (785, 270) -> 1080 (b' turned') has 11109 occurance
merge 826/9744: (34, 73) -> 1081 (b'"I') has 11106 occurance
merge 827/9744: (271, 115) -> 1082 (b'its') has 11100 occurance
merge 828/9744: (303, 973) -> 1083 (b' girl') has 11093 occurance
merge 829/9744: (288, 107) -> 1084 (b'ank') has 11091 occurance
merge 830/9744: (407, 284) -> 1085 (b' does') has 11062 occurance
merge 831/9744: (269, 111) -> 1086 (b' bo') has 11028 occurance
merge 832/9744: (525, 109) -> 1087 (b' comm') has 11009 occurance
merge 833/9744: (110, 268) -> 1088 (b'ner') has 11006 occurance
merge 834/9744: (303, 510) -> 1089 (b' give') has 10998 occurance
merge 835/9744: (78, 111) -> 1090 (b'No') has 10976 occurance
merge 836/9744: (290, 115) -> 1091 (b'ars') has 10956 occurance
merge 837/9744: (112, 101) -> 1092 (b'pe') has 10952 occurance
merge 838/9744: (285, 371) -> 1093 (b' dec') has 10944 occurance
merge 839/9744: (117, 98) -> 1094 (b'ub') has 10942 occurance
merge 840/9744: (862, 288) -> 1095 (b' woman') has 10893 occurance
merge 841/9744: (100, 268) -> 1096 (b'der') has 10873 occurance
merge 842/9744: (539, 119) -> 1097 (b' few') has 10854 occurance
merge 843/9744: (330, 115) -> 1098 (b'ents') has 10835 occurance
merge 844/9744: (607, 277) -> 1099 (b'ween') has 10807 occurance
merge 845/9744: (279, 301) -> 1100 (b' cle') has 10796 occurance
merge 846/9744: (101, 101) -> 1101 (b'ee') has 10790 occurance
merge 847/9744: (260, 503) -> 1102 (b' side') has 10787 occurance
merge 848/9744: (269, 681) -> 1103 (b' boy') has 10744 occurance
merge 849/9744: (303, 105) -> 1104 (b' gi') has 10719 occurance
merge 850/9744: (103, 103) -> 1105 (b'gg') has 10712 occurance
merge 851/9744: (273, 270) -> 1106 (b'ised') has 10704 occurance
merge 852/9744: (333, 115) -> 1107 (b' res') has 10687 occurance
merge 853/9744: (69, 82) -> 1108 (b'ER') has 10644 occurance
merge 854/9744: (279, 485) -> 1109 (b' chan') has 10631 occurance
merge 855/9744: (32, 45) -> 1110 (b' -') has 10611 occurance
merge 856/9744: (316, 108) -> 1111 (b'sel') has 10609 occurance
merge 857/9744: (285, 369) -> 1112 (b' dif') has 10581 occurance
merge 858/9744: (287, 275) -> 1113 (b'ason') has 10565 occurance
merge 859/9744: (295, 278) -> 1114 (b'ating') has 10564 occurance
merge 860/9744: (98, 114) -> 1115 (b'br') has 10559 occurance
merge 861/9744: (386, 436) -> 1116 (b' kind') has 10556 occurance
merge 862/9744: (263, 119) -> 1117 (b'rew') has 10535 occurance
merge 863/9744: (293, 394) -> 1118 (b' home') has 10530 occurance
merge 864/9744: (454, 986) -> 1119 (b' voice') has 10520 occurance
merge 865/9744: (117, 567) -> 1120 (b'uck') has 10445 occurance
merge 866/9744: (84, 300) -> 1121 (b'That') has 10428 occurance
merge 867/9744: (277, 268) -> 1122 (b'ener') has 10417 occurance
merge 868/9744: (291, 468) -> 1123 (b' heart') has 10411 occurance
merge 869/9744: (313, 108) -> 1124 (b' el') has 10407 occurance
merge 870/9744: (333, 329) -> 1125 (b' real') has 10402 occurance
merge 871/9744: (333, 337) -> 1126 (b' read') has 10369 occurance
merge 872/9744: (294, 314) -> 1127 (b' inst') has 10360 occurance
merge 873/9744: (313, 704) -> 1128 (b' each') has 10343 occurance
merge 874/9744: (333, 108) -> 1129 (b' rel') has 10330 occurance
merge 875/9744: (291, 108) -> 1130 (b' hel') has 10320 occurance
merge 876/9744: (260, 107) -> 1131 (b' sk') has 10304 occurance
merge 877/9744: (472, 270) -> 1132 (b'osed') has 10301 occurance
merge 878/9744: (285, 736) -> 1133 (b' dark') has 10291 occurance
merge 879/9744: (39, 286) -> 1134 (b"'ll") has 10282 occurance
merge 880/9744: (112, 114) -> 1135 (b'pr') has 10282 occurance
merge 881/9744: (256, 268) -> 1136 (b' ter') has 10260 occurance
merge 882/9744: (87, 101) -> 1137 (b'We') has 10255 occurance
merge 883/9744: (259, 99) -> 1138 (b'inc') has 10229 occurance
merge 884/9744: (414, 300) -> 1139 (b' What') has 10222 occurance
merge 885/9744: (652, 494) -> 1140 (b' enough') has 10201 occurance
merge 886/9744: (110, 270) -> 1141 (b'ned') has 10187 occurance
merge 887/9744: (263, 314) -> 1142 (b'rest') has 10161 occurance
merge 888/9744: (266, 100) -> 1143 (b'had') has 10118 occurance
merge 889/9744: (302, 116) -> 1144 (b'ott') has 10104 occurance
merge 890/9744: (812, 544) -> 1145 (b' keep') has 10083 occurance
merge 891/9744: (259, 115) -> 1146 (b'ins') has 10073 occurance
merge 892/9744: (112, 104) -> 1147 (b'ph') has 10067 occurance
merge 893/9744: (347, 115) -> 1148 (b' ass') has 10042 occurance
merge 894/9744: (98, 121) -> 1149 (b'by') has 10039 occurance
merge 895/9744: (120, 116) -> 1150 (b'xt') has 10032 occurance
merge 896/9744: (259, 270) -> 1151 (b'ined') has 10027 occurance
merge 897/9744: (33, 10) -> 1152 (b'!\n') has 10013 occurance
merge 898/9744: (380, 519) -> 1153 (b' myself') has 10010 occurance
merge 899/9744: (333, 314) -> 1154 (b' rest') has 9957 occurance
merge 900/9744: (100, 328) -> 1155 (b'day') has 9935 occurance
merge 901/9744: (97, 307) -> 1156 (b'aut') has 9934 occurance
merge 902/9744: (314, 377) -> 1157 (b'stand') has 9914 occurance
merge 903/9744: (917, 100) -> 1158 (b' hard') has 9911 occurance
merge 904/9744: (870, 470) -> 1159 (b' belie') has 9875 occurance
merge 905/9744: (259, 390) -> 1160 (b'iness') has 9868 occurance
merge 906/9744: (45, 10) -> 1161 (b'-\n') has 9836 occurance
merge 907/9744: (63, 34) -> 1162 (b'?"') has 9812 occurance
merge 908/9744: (526, 760) -> 1163 (b' anything') has 9798 occurance
merge 909/9744: (365, 288) -> 1164 (b' mean') has 9788 occurance
merge 910/9744: (104, 436) -> 1165 (b'hind') has 9742 occurance
merge 911/9744: (483, 518) -> 1166 (b' God') has 9716 occurance
merge 912/9744: (297, 476) -> 1167 (b' name') has 9708 occurance
merge 913/9744: (288, 121) -> 1168 (b'any') has 9707 occurance
merge 914/9744: (589, 115) -> 1169 (b' says') has 9696 occurance
merge 915/9744: (305, 278) -> 1170 (b'owing') has 9661 occurance
merge 916/9744: (97, 389) -> 1171 (b'app') has 9652 occurance
merge 917/9744: (276, 708) -> 1172 (b' foll') has 9652 occurance
merge 918/9744: (383, 110) -> 1173 (b' Then') has 9606 occurance
merge 919/9744: (103, 114) -> 1174 (b'gr') has 9597 occurance
merge 920/9744: (269, 270) -> 1175 (b' bed') has 9593 occurance
merge 921/9744: (491, 278) -> 1176 (b'rying') has 9568 occurance
merge 922/9744: (368, 115) -> 1177 (b'ters') has 9552 occurance
merge 923/9744: (291, 290) -> 1178 (b' hear') has 9548 occurance
merge 924/9744: (277, 99) -> 1179 (b'enc') has 9506 occurance
merge 925/9744: (387, 277) -> 1180 (b' seen') has 9506 occurance
merge 926/9744: (279, 724) -> 1181 (b' count') has 9497 occurance
merge 927/9744: (105, 382) -> 1182 (b'ired') has 9493 occurance
merge 928/9744: (338, 300) -> 1183 (b' That') has 9482 occurance
merge 929/9744: (360, 115) -> 1184 (b' ans') has 9470 occurance
merge 930/9744: (110, 121) -> 1185 (b'ny') has 9445 occurance
merge 931/9744: (460, 845) -> 1186 (b' also') has 9433 occurance
merge 932/9744: (321, 263) -> 1187 (b'\xe2\x80\x99re') has 9427 occurance
merge 933/9744: (116, 115) -> 1188 (b'ts') has 9426 occurance
merge 934/9744: (361, 273) -> 1189 (b' His') has 9419 occurance
merge 935/9744: (338, 695) -> 1190 (b' This') has 9402 occurance
merge 936/9744: (294, 116) -> 1191 (b' int') has 9391 occurance
merge 937/9744: (419, 98) -> 1192 (b' sub') has 9370 occurance
merge 938/9744: (651, 379) -> 1193 (b' small') has 9360 occurance
merge 939/9744: (295, 284) -> 1194 (b'ates') has 9345 occurance
merge 940/9744: (805, 288) -> 1195 (b' began') has 9339 occurance
merge 941/9744: (118, 330) -> 1196 (b'vent') has 9335 occurance
merge 942/9744: (269, 263) -> 1197 (b' bre') has 9335 occurance
merge 943/9744: (307, 104) -> 1198 (b'uth') has 9319 occurance
merge 944/9744: (769, 368) -> 1199 (b' better') has 9318 occurance
merge 945/9744: (285, 447) -> 1200 (b' done') has 9307 occurance
merge 946/9744: (294, 100) -> 1201 (b' ind') has 9307 occurance
merge 947/9744: (769, 1099) -> 1202 (b' between') has 9307 occurance
merge 948/9744: (342, 468) -> 1203 (b' start') has 9292 occurance
merge 949/9744: (271, 278) -> 1204 (b'iting') has 9286 occurance
merge 950/9744: (333, 561) -> 1205 (b' really') has 9278 occurance
merge 951/9744: (647, 121) -> 1206 (b'ully') has 9254 occurance
merge 952/9744: (97, 301) -> 1207 (b'ale') has 9250 occurance
merge 953/9744: (342, 377) -> 1208 (b' stand') has 9239 occurance
merge 954/9744: (111, 359) -> 1209 (b'oke') has 9237 occurance
merge 955/9744: (276, 358) -> 1210 (b' fam') has 9219 occurance
merge 956/9744: (438, 343) -> 1211 (b' Pro') has 9210 occurance
merge 957/9744: (269, 830) -> 1212 (b' both') has 9185 occurance
merge 958/9744: (888, 351) -> 1213 (b'gether') has 9183 occurance
merge 959/9744: (716, 115) -> 1214 (b' Mrs') has 9172 occurance
merge 960/9744: (419, 263) -> 1215 (b' sure') has 9157 occurance
merge 961/9744: (280, 723) -> 1216 (b' toward') has 9156 occurance
merge 962/9744: (111, 332) -> 1217 (b'over') has 9153 occurance
merge 963/9744: (301, 507) -> 1218 (b'lect') has 9106 occurance
merge 964/9744: (99, 275) -> 1219 (b'con') has 9101 occurance
merge 965/9744: (307, 101) -> 1220 (b'ute') has 9085 occurance
merge 966/9744: (267, 385) -> 1221 (b'outh') has 9044 occurance
merge 967/9744: (852, 277) -> 1222 (b' open') has 9037 occurance
merge 968/9744: (266, 765) -> 1223 (b'haps') has 9026 occurance
merge 969/9744: (334, 511) -> 1224 (b' unt') has 9018 occurance
merge 970/9744: (110, 305) -> 1225 (b'now') has 9012 occurance
merge 971/9744: (279, 759) -> 1226 (b' char') has 8995 occurance
merge 972/9744: (260, 301) -> 1227 (b' sle') has 8954 occurance
merge 973/9744: (111, 302) -> 1228 (b'oot') has 8952 occurance
merge 974/9744: (279, 556) -> 1229 (b' care') has 8939 occurance
merge 975/9744: (267, 100) -> 1230 (b'oud') has 8938 occurance
merge 976/9744: (279, 344) -> 1231 (b' cur') has 8909 occurance
merge 977/9744: (105, 268) -> 1232 (b'ier') has 8896 occurance
merge 978/9744: (282, 114) -> 1233 (b'orr') has 8894 occurance
merge 979/9744: (263, 511) -> 1234 (b'rent') has 8891 occurance
merge 980/9744: (289, 810) -> 1235 (b' poss') has 8873 occurance
merge 981/9744: (303, 712) -> 1236 (b' gave') has 8862 occurance
merge 982/9744: (375, 270) -> 1237 (b'ained') has 8848 occurance
merge 983/9744: (1018, 572) -> 1238 (b' return') has 8845 occurance
merge 984/9744: (333, 102) -> 1239 (b' ref') has 8836 occurance
merge 985/9744: (293, 461) -> 1240 (b' hop') has 8833 occurance
merge 986/9744: (33, 341) -> 1241 (b'!\xe2\x80\x9d') has 8815 occurance
merge 987/9744: (1130, 112) -> 1242 (b' help') has 8810 occurance
merge 988/9744: (39, 109) -> 1243 (b"'m") has 8807 occurance
merge 989/9744: (299, 467) -> 1244 (b' half') has 8806 occurance
merge 990/9744: (938, 316) -> 1245 (b' course') has 8788 occurance
merge 991/9744: (98, 270) -> 1246 (b'bed') has 8783 occurance
merge 992/9744: (481, 301) -> 1247 (b' whole') has 8776 occurance
merge 993/9744: (443, 102) -> 1248 (b' conf') has 8741 occurance
merge 994/9744: (594, 456) -> 1249 (b' black') has 8718 occurance
merge 995/9744: (447, 121) -> 1250 (b'oney') has 8694 occurance
merge 996/9744: (312, 108) -> 1251 (b'vel') has 8691 occurance
merge 997/9744: (272, 275) -> 1252 (b' mon') has 8666 occurance
merge 998/9744: (836, 270) -> 1253 (b' called') has 8661 occurance
merge 999/9744: (277, 101) -> 1254 (b'ene') has 8660 occurance
merge 1000/9744: (272, 259) -> 1255 (b' min') has 8655 occurance
merge 1001/9744: (307, 277) -> 1256 (b'uten') has 8652 occurance
merge 1002/9744: (655, 99) -> 1257 (b' disc') has 8625 occurance
merge 1003/9744: (669, 115) -> 1258 (b' days') has 8624 occurance
merge 1004/9744: (293, 451) -> 1259 (b' hum') has 8621 occurance
merge 1005/9744: (338, 104) -> 1260 (b' Th') has 8604 occurance
merge 1006/9744: (97, 104) -> 1261 (b'ah') has 8602 occurance
merge 1007/9744: (416, 290) -> 1262 (b'ular') has 8601 occurance
merge 1008/9744: (460, 1030) -> 1263 (b' almost') has 8592 occurance
merge 1009/9744: (418, 318) -> 1264 (b'ably') has 8591 occurance
merge 1010/9744: (342, 466) -> 1265 (b' stood') has 8581 occurance
merge 1011/9744: (263, 326) -> 1266 (b'reet') has 8568 occurance
merge 1012/9744: (471, 270) -> 1267 (b'ected') has 8546 occurance
merge 1013/9744: (287, 368) -> 1268 (b'aster') has 8540 occurance
merge 1014/9744: (269, 117) -> 1269 (b' bu') has 8532 occurance
merge 1015/9744: (89, 284) -> 1270 (b'Yes') has 8531 occurance
merge 1016/9744: (395, 275) -> 1271 (b' soon') has 8527 occurance
merge 1017/9744: (403, 116) -> 1272 (b'unt') has 8495 occurance
merge 1018/9744: (115, 257) -> 1273 (b'she') has 8481 occurance
merge 1019/9744: (1035, 275) -> 1274 (b' person') has 8477 occurance
merge 1020/9744: (111, 282) -> 1275 (b'oor') has 8469 occurance
merge 1021/9744: (276, 259) -> 1276 (b' fin') has 8468 occurance
merge 1022/9744: (306, 1165) -> 1277 (b' behind') has 8460 occurance
merge 1023/9744: (73, 110) -> 1278 (b'In') has 8450 occurance
merge 1024/9744: (349, 121) -> 1279 (b' why') has 8428 occurance
merge 1025/9744: (260, 455) -> 1280 (b' sound') has 8427 occurance
merge 1026/9744: (262, 796) -> 1281 (b' water') has 8425 occurance
merge 1027/9744: (414, 424) -> 1282 (b' When') has 8422 occurance
merge 1028/9744: (260, 913) -> 1283 (b' since') has 8420 occurance
merge 1029/9744: (321, 312) -> 1284 (b'\xe2\x80\x99ve') has 8408 occurance
merge 1030/9744: (32, 503) -> 1285 (b' ide') has 8395 occurance
merge 1031/9744: (586, 592) -> 1286 (b' quite') has 8390 occurance
merge 1032/9744: (732, 278) -> 1287 (b'orning') has 8389 occurance
merge 1033/9744: (542, 493) -> 1288 (b' looking') has 8386 occurance
merge 1034/9744: (256, 568) -> 1289 (b' tak') has 8378 occurance
merge 1035/9744: (39, 263) -> 1290 (b"'re") has 8330 occurance
merge 1036/9744: (598, 103) -> 1291 (b'berg') has 8329 occurance
merge 1037/9744: (1111, 661) -> 1292 (b'selves') has 8327 occurance
merge 1038/9744: (875, 115) -> 1293 (b' words') has 8320 occurance
merge 1039/9744: (292, 505) -> 1294 (b' lau') has 8319 occurance
merge 1040/9744: (297, 295) -> 1295 (b' nat') has 8316 occurance
merge 1041/9744: (108, 377) -> 1296 (b'land') has 8306 occurance
merge 1042/9744: (349, 592) -> 1297 (b' white') has 8306 occurance
merge 1043/9744: (117, 561) -> 1298 (b'ually') has 8305 occurance
merge 1044/9744: (276, 452) -> 1299 (b' fell') has 8281 occurance
merge 1045/9744: (548, 328) -> 1300 (b' play') has 8280 occurance
merge 1046/9744: (431, 1150) -> 1301 (b' next') has 8268 occurance
merge 1047/9744: (490, 263) -> 1302 (b'There') has 8240 occurance
merge 1048/9744: (263, 744) -> 1303 (b'ready') has 8232 occurance
merge 1049/9744: (559, 265) -> 1304 (b'tend') has 8206 occurance
merge 1050/9744: (364, 114) -> 1305 (b' Ar') has 8171 occurance
merge 1051/9744: (279, 1016) -> 1306 (b' certain') has 8169 occurance
merge 1052/9744: (490, 121) -> 1307 (b'They') has 8168 occurance
merge 1053/9744: (293, 446) -> 1308 (b' hour') has 8158 occurance
merge 1054/9744: (400, 403) -> 1309 (b' run') has 8154 occurance
merge 1055/9744: (326, 104) -> 1310 (b'eth') has 8152 occurance
merge 1056/9744: (495, 318) -> 1311 (b'ately') has 8147 occurance
merge 1057/9744: (364, 110) -> 1312 (b' An') has 8146 occurance
merge 1058/9744: (117, 103) -> 1313 (b'ug') has 8106 occurance
merge 1059/9744: (492, 119) -> 1314 (b'raw') has 8081 occurance
merge 1060/9744: (694, 100) -> 1315 (b' add') has 8078 occurance
merge 1061/9744: (1224, 381) -> 1316 (b' until') has 8052 occurance
merge 1062/9744: (297, 282) -> 1317 (b' nor') has 8048 occurance
merge 1063/9744: (117, 441) -> 1318 (b'ures') has 8043 occurance
merge 1064/9744: (98, 838) -> 1319 (b'body') has 8042 occurance
merge 1065/9744: (352, 519) -> 1320 (b' herself') has 8027 occurance
merge 1066/9744: (263, 109) -> 1321 (b'rem') has 8005 occurance
merge 1067/9744: (303, 447) -> 1322 (b' gone') has 7983 occurance
merge 1068/9744: (333, 103) -> 1323 (b' reg') has 7979 occurance
merge 1069/9744: (342, 101) -> 1324 (b' ste') has 7978 occurance
merge 1070/9744: (293, 670) -> 1325 (b' hold') has 7974 occurance
merge 1071/9744: (46, 939) -> 1326 (b'.\xe2\x80\x99\n') has 7969 occurance
merge 1072/9744: (741, 415) -> 1327 (b' remem') has 7962 occurance
merge 1073/9744: (431, 290) -> 1328 (b' near') has 7950 occurance
merge 1074/9744: (625, 0) -> 1329 (b'\xef\xbf\xbd\x00') has 7941 occurance
merge 1075/9744: (121, 278) -> 1330 (b'ying') has 7923 occurance
merge 1076/9744: (272, 970) -> 1331 (b' matter') has 7919 occurance
merge 1077/9744: (285, 399) -> 1332 (b' del') has 7907 occurance
merge 1078/9744: (692, 270) -> 1333 (b' wanted') has 7907 occurance
merge 1079/9744: (361, 268) -> 1334 (b' Her') has 7895 occurance
merge 1080/9744: (398, 270) -> 1335 (b'used') has 7865 occurance
merge 1081/9744: (290, 114) -> 1336 (b'arr') has 7841 occurance
merge 1082/9744: (329, 115) -> 1337 (b'als') has 7839 occurance
merge 1083/9744: (364, 115) -> 1338 (b' As') has 7828 occurance
merge 1084/9744: (1256, 1291) -> 1339 (b'utenberg') has 7800 occurance
merge 1085/9744: (0, 46) -> 1340 (b'\x00.') has 7773 occurance
merge 1086/9744: (267, 110) -> 1341 (b'oun') has 7773 occurance
merge 1087/9744: (295, 116) -> 1342 (b'att') has 7739 occurance
merge 1088/9744: (79, 104) -> 1343 (b'Oh') has 7675 occurance
merge 1089/9744: (258, 335) -> 1344 (b' air') has 7661 occurance
merge 1090/9744: (506, 282) -> 1345 (b' For') has 7660 occurance
merge 1091/9744: (269, 343) -> 1346 (b' bro') has 7646 occurance
merge 1092/9744: (103, 268) -> 1347 (b'ger') has 7636 occurance
merge 1093/9744: (629, 270) -> 1348 (b'ressed') has 7619 occurance
merge 1094/9744: (110, 111) -> 1349 (b'no') has 7618 occurance
merge 1095/9744: (334, 316) -> 1350 (b' use') has 7609 occurance
merge 1096/9744: (39, 312) -> 1351 (b"'ve") has 7598 occurance
merge 1097/9744: (308, 100) -> 1352 (b'idd') has 7592 occurance
merge 1098/9744: (292, 111) -> 1353 (b' lo') has 7582 occurance
merge 1099/9744: (294, 368) -> 1354 (b' inter') has 7567 occurance
merge 1100/9744: (263, 337) -> 1355 (b'read') has 7547 occurance
merge 1101/9744: (287, 104) -> 1356 (b'ash') has 7528 occurance
merge 1102/9744: (44, 321) -> 1357 (b',\xe2\x80\x99') has 7522 occurance
merge 1103/9744: (105, 330) -> 1358 (b'ient') has 7519 occurance
merge 1104/9744: (415, 330) -> 1359 (b'ement') has 7509 occurance
merge 1105/9744: (358, 112) -> 1360 (b'amp') has 7488 occurance
merge 1106/9744: (276, 647) -> 1361 (b' full') has 7480 occurance
merge 1107/9744: (1060, 287) -> 1362 (b' pleas') has 7466 occurance
merge 1108/9744: (293, 914) -> 1363 (b' high') has 7463 occurance
merge 1109/9744: (87, 452) -> 1364 (b'Well') has 7457 occurance
merge 1110/9744: (119, 591) -> 1365 (b'where') has 7448 occurance
merge 1111/9744: (264, 1057) -> 1366 (b' occ') has 7422 occurance
merge 1112/9744: (290, 278) -> 1367 (b'aring') has 7420 occurance
merge 1113/9744: (32, 354) -> 1368 (b' ri') has 7417 occurance
merge 1114/9744: (272, 1287) -> 1369 (b' morning') has 7407 occurance
merge 1115/9744: (269, 838) -> 1370 (b' body') has 7402 occurance
merge 1116/9744: (1124, 316) -> 1371 (b' else') has 7396 occurance
merge 1117/9744: (117, 382) -> 1372 (b'ured') has 7383 occurance
merge 1118/9744: (273, 368) -> 1373 (b'ister') has 7382 occurance
merge 1119/9744: (335, 100) -> 1374 (b'ird') has 7343 occurance
merge 1120/9744: (102, 1206) -> 1375 (b'fully') has 7330 occurance
merge 1121/9744: (259, 493) -> 1376 (b'inking') has 7326 occurance
merge 1122/9744: (276, 665) -> 1377 (b' fact') has 7324 occurance
merge 1123/9744: (363, 111) -> 1378 (b' So') has 7304 occurance
merge 1124/9744: (315, 112) -> 1379 (b'imp') has 7294 occurance
merge 1125/9744: (104, 315) -> 1380 (b'him') has 7284 occurance
merge 1126/9744: (372, 290) -> 1381 (b' Mar') has 7269 occurance
merge 1127/9744: (454, 273) -> 1382 (b' vis') has 7269 occurance
merge 1128/9744: (543, 111) -> 1383 (b' No') has 7260 occurance
merge 1129/9744: (269, 398) -> 1384 (b' bus') has 7255 occurance
merge 1130/9744: (898, 277) -> 1385 (b'dden') has 7236 occurance
merge 1131/9744: (112, 468) -> 1386 (b'part') has 7230 occurance
merge 1132/9744: (117, 585) -> 1387 (b'uff') has 7216 occurance
merge 1133/9744: (109, 277) -> 1388 (b'men') has 7210 occurance
merge 1134/9744: (460, 474) -> 1389 (b' along') has 7199 occurance
merge 1135/9744: (116, 277) -> 1390 (b'ten') has 7193 occurance
merge 1136/9744: (280, 1213) -> 1391 (b' together') has 7176 occurance
merge 1137/9744: (586, 444) -> 1392 (b' quest') has 7175 occurance
merge 1138/9744: (299, 335) -> 1393 (b' hair') has 7167 occurance
merge 1139/9744: (276, 446) -> 1394 (b' four') has 7165 occurance
merge 1140/9744: (276, 379) -> 1395 (b' fall') has 7162 occurance
merge 1141/9744: (101, 121) -> 1396 (b'ey') has 7142 occurance
merge 1142/9744: (289, 375) -> 1397 (b' pain') has 7132 occurance
merge 1143/9744: (289, 344) -> 1398 (b' pur') has 7117 occurance
merge 1144/9744: (276, 388) -> 1399 (b' fore') has 7107 occurance
merge 1145/9744: (260, 330) -> 1400 (b' sent') has 7086 occurance
merge 1146/9744: (299, 656) -> 1401 (b' having') has 7074 occurance
merge 1147/9744: (750, 270) -> 1402 (b'ized') has 7071 occurance
merge 1148/9744: (330, 331) -> 1403 (b'ention') has 7054 occurance
merge 1149/9744: (292, 390) -> 1404 (b' less') has 7052 occurance
merge 1150/9744: (115, 268) -> 1405 (b'ser') has 7044 occurance
merge 1151/9744: (105, 619) -> 1406 (b'ience') has 7039 occurance
merge 1152/9744: (110, 97) -> 1407 (b'na') has 7039 occurance
merge 1153/9744: (119, 282) -> 1408 (b'wor') has 7025 occurance
merge 1154/9744: (419, 1385) -> 1409 (b' sudden') has 7025 occurance
merge 1155/9744: (260, 403) -> 1410 (b' sun') has 6993 occurance
merge 1156/9744: (333, 1113) -> 1411 (b' reason') has 6953 occurance
merge 1157/9744: (460, 1303) -> 1412 (b' already') has 6950 occurance
merge 1158/9744: (650, 507) -> 1413 (b'irect') has 6939 occurance
merge 1159/9744: (975, 627) -> 1414 (b' second') has 6935 occurance
merge 1160/9744: (262, 379) -> 1415 (b' wall') has 6922 occurance
merge 1161/9744: (364, 116) -> 1416 (b' At') has 6914 occurance
merge 1162/9744: (343, 298) -> 1417 (b'room') has 6909 occurance
merge 1163/9744: (104, 111) -> 1418 (b'ho') has 6906 occurance
merge 1164/9744: (297, 371) -> 1419 (b' nec') has 6891 occurance
merge 1165/9744: (411, 115) -> 1420 (b'ants') has 6882 occurance
merge 1166/9744: (294, 99) -> 1421 (b' inc') has 6872 occurance
merge 1167/9744: (72, 69) -> 1422 (b'HE') has 6854 occurance
merge 1168/9744: (195, 188) -> 1423 (b'\xc3\xbc') has 6852 occurance
merge 1169/9744: (477, 337) -> 1424 (b' dead') has 6842 occurance
merge 1170/9744: (269, 444) -> 1425 (b' best') has 6840 occurance
merge 1171/9744: (32, 274) -> 1426 (b' \xe2\x80') has 6831 occurance
merge 1172/9744: (258, 119) -> 1427 (b' aw') has 6823 occurance
merge 1173/9744: (381, 270) -> 1428 (b'iled') has 6813 occurance
merge 1174/9744: (539, 326) -> 1429 (b' feet') has 6811 occurance
merge 1175/9744: (258, 585) -> 1430 (b' aff') has 6809 occurance
merge 1176/9744: (625, 10) -> 1431 (b'\xef\xbf\xbd\n') has 6799 occurance
merge 1177/9744: (470, 310) -> 1432 (b'ield') has 6796 occurance
merge 1178/9744: (256, 354) -> 1433 (b' tri') has 6795 occurance
merge 1179/9744: (102, 471) -> 1434 (b'fect') has 6794 occurance
merge 1180/9744: (372, 726) -> 1435 (b' Miss') has 6792 occurance
merge 1181/9744: (119, 268) -> 1436 (b'wer') has 6787 occurance
merge 1182/9744: (327, 513) -> 1437 (b'ached') has 6782 occurance
merge 1183/9744: (729, 1157) -> 1438 (b' understand') has 6773 occurance
merge 1184/9744: (1112, 816) -> 1439 (b' diffe') has 6756 occurance
merge 1185/9744: (102, 523) -> 1440 (b'fort') has 6754 occurance
merge 1186/9744: (1329, 1329) -> 1441 (b'\xef\xbf\xbd\x00\xef\xbf\xbd\x00') has 6731 occurance
merge 1187/9744: (257, 337) -> 1442 (b'head') has 6726 occurance
merge 1188/9744: (751, 109) -> 1443 (b'form') has 6715 occurance
merge 1189/9744: (288, 515) -> 1444 (b'ange') has 6712 occurance
merge 1190/9744: (115, 99) -> 1445 (b'sc') has 6710 occurance
merge 1191/9744: (333, 100) -> 1446 (b' red') has 6710 occurance
merge 1192/9744: (349, 298) -> 1447 (b' whom') has 6707 occurance
merge 1193/9744: (239, 172) -> 1448 (b'\xef\xac') has 6705 occurance
merge 1194/9744: (279, 97) -> 1449 (b' ca') has 6689 occurance
merge 1195/9744: (344, 278) -> 1450 (b'uring') has 6676 occurance
merge 1196/9744: (451, 112) -> 1451 (b'ump') has 6675 occurance
merge 1197/9744: (99, 301) -> 1452 (b'cle') has 6665 occurance
merge 1198/9744: (33, 396) -> 1453 (b'!\xe2\x80\x9d\n') has 6652 occurance
merge 1199/9744: (1159, 312) -> 1454 (b' believe') has 6648 occurance
merge 1200/9744: (84, 695) -> 1455 (b'This') has 6636 occurance
merge 1201/9744: (588, 270) -> 1456 (b' used') has 6626 occurance
merge 1202/9744: (289, 458) -> 1457 (b' pol') has 6621 occurance
merge 1203/9744: (308, 270) -> 1458 (b'ided') has 6612 occurance
merge 1204/9744: (262, 257) -> 1459 (b' whe') has 6610 occurance
merge 1205/9744: (356, 105) -> 1460 (b'cei') has 6607 occurance
merge 1206/9744: (872, 432) -> 1461 (b'which') has 6606 occurance
merge 1207/9744: (269, 482) -> 1462 (b' big') has 6598 occurance
merge 1208/9744: (558, 111) -> 1463 (b' Jo') has 6598 occurance
merge 1209/9744: (107, 277) -> 1464 (b'ken') has 6595 occurance
merge 1210/9744: (313, 118) -> 1465 (b' ev') has 6587 occurance
merge 1211/9744: (327, 284) -> 1466 (b'aces') has 6583 occurance
merge 1212/9744: (285, 354) -> 1467 (b' dri') has 6580 occurance
merge 1213/9744: (268, 121) -> 1468 (b'ery') has 6577 occurance
merge 1214/9744: (308, 284) -> 1469 (b'ides') has 6571 occurance
merge 1215/9744: (112, 343) -> 1470 (b'pro') has 6554 occurance
merge 1216/9744: (272, 1250) -> 1471 (b' money') has 6551 occurance
merge 1217/9744: (46, 1041) -> 1472 (b".'\n") has 6544 occurance
merge 1218/9744: (373, 270) -> 1473 (b'illed') has 6544 occurance
merge 1219/9744: (87, 424) -> 1474 (b'When') has 6540 occurance
merge 1220/9744: (285, 343) -> 1475 (b' dro') has 6535 occurance
merge 1221/9744: (294, 118) -> 1476 (b' inv') has 6516 occurance
merge 1222/9744: (0, 103) -> 1477 (b'\x00g') has 6512 occurance
merge 1223/9744: (117, 671) -> 1478 (b'ubl') has 6509 occurance
merge 1224/9744: (45, 99) -> 1479 (b'-c') has 6494 occurance
merge 1225/9744: (285, 267) -> 1480 (b' dou') has 6482 occurance
merge 1226/9744: (364, 108) -> 1481 (b' Al') has 6482 occurance
merge 1227/9744: (292, 450) -> 1482 (b' list') has 6480 occurance
merge 1228/9744: (256, 597) -> 1483 (b' table') has 6478 occurance
merge 1229/9744: (477, 754) -> 1484 (b' death') has 6468 occurance
merge 1230/9744: (725, 882) -> 1485 (b' point') has 6465 occurance
merge 1231/9744: (460, 447) -> 1486 (b' alone') has 6463 occurance
merge 1232/9744: (701, 760) -> 1487 (b' everything') has 6460 occurance
merge 1233/9744: (497, 712) -> 1488 (b' leave') has 6459 occurance
merge 1234/9744: (259, 284) -> 1489 (b'ines') has 6455 occurance
merge 1235/9744: (32, 270) -> 1490 (b' ed') has 6447 occurance
merge 1236/9744: (497, 475) -> 1491 (b' least') has 6446 occurance
merge 1237/9744: (372, 121) -> 1492 (b' My') has 6432 occurance
merge 1238/9744: (45, 102) -> 1493 (b'-f') has 6424 occurance
merge 1239/9744: (459, 590) -> 1494 (b' expl') has 6421 occurance
merge 1240/9744: (49, 57) -> 1495 (b'19') has 6411 occurance
merge 1241/9744: (97, 120) -> 1496 (b'ax') has 6407 occurance
merge 1242/9744: (1046, 568) -> 1497 (b' speak') has 6405 occurance
merge 1243/9744: (0, 121) -> 1498 (b'\x00y') has 6393 occurance
merge 1244/9744: (308, 330) -> 1499 (b'ident') has 6393 occurance
merge 1245/9744: (618, 587) -> 1500 (b' brought') has 6381 occurance
merge 1246/9744: (666, 1007) -> 1501 (b' across') has 6363 occurance
merge 1247/9744: (44, 39) -> 1502 (b",'") has 6358 occurance
merge 1248/9744: (559, 1142) -> 1503 (b'terest') has 6354 occurance
merge 1249/9744: (292, 328) -> 1504 (b' lay') has 6345 occurance
merge 1250/9744: (292, 826) -> 1505 (b' law') has 6339 occurance
merge 1251/9744: (260, 607) -> 1506 (b' swe') has 6318 occurance
merge 1252/9744: (290, 491) -> 1507 (b'arry') has 6315 occurance
merge 1253/9744: (947, 107) -> 1508 (b' talk') has 6310 occurance
merge 1254/9744: (989, 382) -> 1509 (b'undred') has 6309 occurance
merge 1255/9744: (268, 278) -> 1510 (b'ering') has 6276 occurance
merge 1256/9744: (400, 646) -> 1511 (b' rather') has 6274 occurance
merge 1257/9744: (1005, 916) -> 1512 (b' front') has 6272 occurance
merge 1258/9744: (333, 794) -> 1513 (b' resp') has 6270 occurance
merge 1259/9744: (555, 110) -> 1514 (b' On') has 6252 occurance
merge 1260/9744: (46, 95) -> 1515 (b'._') has 6238 occurance
merge 1261/9744: (317, 110) -> 1516 (b' wasn') has 6230 occurance
merge 1262/9744: (269, 337) -> 1517 (b' bad') has 6218 occurance
merge 1263/9744: (32, 91) -> 1518 (b' [') has 6210 occurance
merge 1264/9744: (361, 305) -> 1519 (b' How') has 6210 occurance
merge 1265/9744: (1289, 277) -> 1520 (b' taken') has 6204 occurance
merge 1266/9744: (391, 114) -> 1521 (b' Br') has 6201 occurance
merge 1267/9744: (400, 455) -> 1522 (b' round') has 6196 occurance
merge 1268/9744: (289, 104) -> 1523 (b' ph') has 6179 occurance
merge 1269/9744: (262, 677) -> 1524 (b' wife') has 6170 occurance
merge 1270/9744: (326, 115) -> 1525 (b'ets') has 6164 occurance
merge 1271/9744: (402, 284) -> 1526 (b'ages') has 6157 occurance
merge 1272/9744: (117, 270) -> 1527 (b'ued') has 6156 occurance
merge 1273/9744: (289, 1022) -> 1528 (b' power') has 6155 occurance
merge 1274/9744: (73, 78) -> 1529 (b'IN') has 6152 occurance
merge 1275/9744: (119, 300) -> 1530 (b'what') has 6152 occurance
merge 1276/9744: (326, 268) -> 1531 (b'eter') has 6148 occurance
merge 1277/9744: (602, 115) -> 1532 (b' others') has 6140 occurance
merge 1278/9744: (72, 305) -> 1533 (b'How') has 6135 occurance
merge 1279/9744: (313, 287) -> 1534 (b' eas') has 6135 occurance
merge 1280/9744: (266, 312) -> 1535 (b'have') has 6134 occurance
merge 1281/9744: (292, 377) -> 1536 (b' land') has 6134 occurance
merge 1282/9744: (527, 278) -> 1537 (b'itting') has 6131 occurance
merge 1283/9744: (111, 582) -> 1538 (b'onder') has 6126 occurance
merge 1284/9744: (1211, 809) -> 1539 (b' Project') has 6115 occurance
merge 1285/9744: (288, 101) -> 1540 (b'ane') has 6114 occurance
merge 1286/9744: (509, 110) -> 1541 (b' couldn') has 6101 occurance
merge 1287/9744: (596, 101) -> 1542 (b'ude') has 6097 occurance
merge 1288/9744: (303, 1122) -> 1543 (b' gener') has 6090 occurance
merge 1289/9744: (1227, 544) -> 1544 (b' sleep') has 6079 occurance
merge 1290/9744: (77, 121) -> 1545 (b'My') has 6076 occurance
merge 1291/9744: (313, 585) -> 1546 (b' eff') has 6070 occurance
merge 1292/9744: (269, 271) -> 1547 (b' bit') has 6069 occurance
merge 1293/9744: (271, 580) -> 1548 (b'ities') has 6067 occurance
merge 1294/9744: (400, 97) -> 1549 (b' ra') has 6062 occurance
merge 1295/9744: (262, 275) -> 1550 (b' won') has 6058 occurance
merge 1296/9744: (101, 107) -> 1551 (b'ek') has 6044 occurance
merge 1297/9744: (272, 326) -> 1552 (b' met') has 6040 occurance
merge 1298/9744: (574, 573) -> 1553 (b' close') has 6037 occurance
merge 1299/9744: (292, 290) -> 1554 (b' lar') has 6035 occurance
merge 1300/9744: (477, 544) -> 1555 (b' deep') has 6026 occurance
merge 1301/9744: (65, 82) -> 1556 (b'AR') has 6019 occurance
merge 1302/9744: (104, 110) -> 1557 (b'hn') has 6012 occurance
merge 1303/9744: (268, 110) -> 1558 (b'ern') has 6012 occurance
merge 1304/9744: (276, 650) -> 1559 (b' fire') has 6012 occurance
merge 1305/9744: (347, 107) -> 1560 (b' ask') has 6007 occurance
merge 1306/9744: (79, 82) -> 1561 (b'OR') has 6001 occurance
merge 1307/9744: (533, 109) -> 1562 (b' arm') has 6001 occurance
merge 1308/9744: (459, 116) -> 1563 (b' ext') has 6000 occurance
merge 1309/9744: (982, 789) -> 1564 (b' children') has 5994 occurance
merge 1310/9744: (111, 118) -> 1565 (b'ov') has 5990 occurance
merge 1311/9744: (306, 1156) -> 1566 (b' beaut') has 5984 occurance
merge 1312/9744: (260, 335) -> 1567 (b' sir') has 5978 occurance
merge 1313/9744: (335, 116) -> 1568 (b'irt') has 5975 occurance
merge 1314/9744: (330, 121) -> 1569 (b'enty') has 5962 occurance
merge 1315/9744: (263, 277) -> 1570 (b'reen') has 5959 occurance
merge 1316/9744: (99, 270) -> 1571 (b'ced') has 5944 occurance
merge 1317/9744: (1104, 496) -> 1572 (b' given') has 5944 occurance
merge 1318/9744: (256, 492) -> 1573 (b' tra') has 5943 occurance
merge 1319/9744: (834, 259) -> 1574 (b' contin') has 5936 occurance
merge 1320/9744: (260, 275) -> 1575 (b' son') has 5929 occurance
merge 1321/9744: (102, 108) -> 1576 (b'fl') has 5927 occurance
merge 1322/9744: (649, 115) -> 1577 (b'ments') has 5923 occurance
merge 1323/9744: (506, 114) -> 1578 (b' Fr') has 5896 occurance
merge 1324/9744: (256, 991) -> 1579 (b' times') has 5884 occurance
merge 1325/9744: (293, 275) -> 1580 (b' hon') has 5882 occurance
merge 1326/9744: (575, 654) -> 1581 (b' true') has 5874 occurance
merge 1327/9744: (267, 108) -> 1582 (b'oul') has 5871 occurance
merge 1328/9744: (339, 560) -> 1583 (b'\xe2\x80\x9cYou') has 5870 occurance
merge 1329/9744: (342, 328) -> 1584 (b' stay') has 5870 occurance
merge 1330/9744: (342, 111) -> 1585 (b' sto') has 5868 occurance
merge 1331/9744: (289, 290) -> 1586 (b' par') has 5860 occurance
merge 1332/9744: (114, 275) -> 1587 (b'ron') has 5859 occurance
merge 1333/9744: (289, 475) -> 1588 (b' past') has 5851 occurance
merge 1334/9744: (262, 1012) -> 1589 (b' watch') has 5849 occurance
merge 1335/9744: (358, 284) -> 1590 (b'ames') has 5845 occurance
merge 1336/9744: (470, 102) -> 1591 (b'ief') has 5845 occurance
merge 1337/9744: (618, 551) -> 1592 (b' brother') has 5844 occurance
merge 1338/9744: (279, 458) -> 1593 (b' col') has 5842 occurance
merge 1339/9744: (643, 474) -> 1594 (b' among') has 5842 occurance
merge 1340/9744: (327, 270) -> 1595 (b'aced') has 5835 occurance
merge 1341/9744: (33, 34) -> 1596 (b'!"') has 5831 occurance
merge 1342/9744: (260, 523) -> 1597 (b' sort') has 5822 occurance
merge 1343/9744: (289, 647) -> 1598 (b' pull') has 5821 occurance
merge 1344/9744: (105, 398) -> 1599 (b'ius') has 5815 occurance
merge 1345/9744: (289, 354) -> 1600 (b' pri') has 5808 occurance
merge 1346/9744: (260, 782) -> 1601 (b' sign') has 5807 occurance
merge 1347/9744: (483, 1339) -> 1602 (b' Gutenberg') has 5798 occurance
merge 1348/9744: (374, 962) -> 1603 (b'chool') has 5793 occurance
merge 1349/9744: (459, 99) -> 1604 (b' exc') has 5793 occurance
merge 1350/9744: (568, 284) -> 1605 (b'akes') has 5789 occurance
merge 1351/9744: (1285, 97) -> 1606 (b' idea') has 5789 occurance
merge 1352/9744: (269, 570) -> 1607 (b' breat') has 5784 occurance
merge 1353/9744: (293, 344) -> 1608 (b' hur') has 5784 occurance
merge 1354/9744: (660, 318) -> 1609 (b'iously') has 5775 occurance
merge 1355/9744: (594, 466) -> 1610 (b' blood') has 5774 occurance
merge 1356/9744: (1210, 764) -> 1611 (b' family') has 5764 occurance
merge 1357/9744: (330, 301) -> 1612 (b'entle') has 5760 occurance
merge 1358/9744: (272, 1221) -> 1613 (b' mouth') has 5759 occurance
merge 1359/9744: (345, 109) -> 1614 (b' form') has 5750 occurance
merge 1360/9744: (442, 115) -> 1615 (b'ards') has 5744 occurance
merge 1361/9744: (93, 10) -> 1616 (b']\n') has 5742 occurance
merge 1362/9744: (957, 359) -> 1617 (b'like') has 5740 occurance
merge 1363/9744: (497, 103) -> 1618 (b' leg') has 5736 occurance
merge 1364/9744: (525, 278) -> 1619 (b' coming') has 5734 occurance
merge 1365/9744: (79, 78) -> 1620 (b'ON') has 5728 occurance
merge 1366/9744: (117, 316) -> 1621 (b'use') has 5724 occurance
merge 1367/9744: (291, 310) -> 1622 (b' held') has 5724 occurance
merge 1368/9744: (812, 522) -> 1623 (b' kept') has 5712 occurance
merge 1369/9744: (83, 111) -> 1624 (b'So') has 5701 occurance
merge 1370/9744: (260, 278) -> 1625 (b' sing') has 5695 occurance
merge 1371/9744: (381, 541) -> 1626 (b'ility') has 5691 occurance
merge 1372/9744: (538, 849) -> 1627 (b' cannot') has 5688 occurance
merge 1373/9744: (69, 78) -> 1628 (b'EN') has 5664 occurance
merge 1374/9744: (301, 116) -> 1629 (b'let') has 5662 occurance
merge 1375/9744: (1036, 268) -> 1630 (b'aughter') has 5657 occurance
merge 1376/9744: (45, 115) -> 1631 (b'-s') has 5654 occurance
merge 1377/9744: (279, 670) -> 1632 (b' cold') has 5628 occurance
merge 1378/9744: (671, 270) -> 1633 (b'bled') has 5624 occurance
merge 1379/9744: (285, 1413) -> 1634 (b' direct') has 5613 occurance
merge 1380/9744: (471, 331) -> 1635 (b'ection') has 5605 occurance
merge 1381/9744: (32, 284) -> 1636 (b' es') has 5598 occurance
merge 1382/9744: (256, 767) -> 1637 (b' tried') has 5595 occurance
merge 1383/9744: (226, 132) -> 1638 (b'\xe2\x84') has 5593 occurance
merge 1384/9744: (694, 118) -> 1639 (b' adv') has 5593 occurance
merge 1385/9744: (354, 101) -> 1640 (b'rie') has 5581 occurance
merge 1386/9744: (311, 577) -> 1641 (b' year') has 5576 occurance
merge 1387/9744: (412, 121) -> 1642 (b'they') has 5575 occurance
merge 1388/9744: (1638, 162) -> 1643 (b'\xe2\x84\xa2') has 5574 occurance
merge 1389/9744: (293, 282) -> 1644 (b' hor') has 5561 occurance
merge 1390/9744: (295, 115) -> 1645 (b'ats') has 5552 occurance
merge 1391/9744: (45, 116) -> 1646 (b'-t') has 5542 occurance
merge 1392/9744: (114, 450) -> 1647 (b'rist') has 5540 occurance
merge 1393/9744: (302, 101) -> 1648 (b'ote') has 5539 occurance
merge 1394/9744: (277, 278) -> 1649 (b'ening') has 5532 occurance
merge 1395/9744: (375, 116) -> 1650 (b'aint') has 5532 occurance
merge 1396/9744: (364, 286) -> 1651 (b' All') has 5520 occurance
merge 1397/9744: (102, 392) -> 1652 (b'from') has 5516 occurance
merge 1398/9744: (289, 392) -> 1653 (b' prom') has 5511 occurance
merge 1399/9744: (533, 116) -> 1654 (b' art') has 5509 occurance
merge 1400/9744: (477, 290) -> 1655 (b' dear') has 5499 occurance
merge 1401/9744: (101, 337) -> 1656 (b'ead') has 5498 occurance
merge 1402/9744: (49, 48) -> 1657 (b'10') has 5495 occurance
merge 1403/9744: (559, 382) -> 1658 (b'tered') has 5492 occurance
merge 1404/9744: (333, 590) -> 1659 (b' repl') has 5490 occurance
merge 1405/9744: (397, 312) -> 1660 (b' live') has 5485 occurance
merge 1406/9744: (293, 1509) -> 1661 (b' hundred') has 5484 occurance
merge 1407/9744: (111, 284) -> 1662 (b'oes') has 5474 occurance
merge 1408/9744: (308, 268) -> 1663 (b'ider') has 5466 occurance
merge 1409/9744: (1340, 0) -> 1664 (b'\x00.\x00') has 5453 occurance
merge 1410/9744: (275, 121) -> 1665 (b'ony') has 5449 occurance
merge 1411/9744: (1100, 290) -> 1666 (b' clear') has 5434 occurance
merge 1412/9744: (84, 424) -> 1667 (b'Then') has 5427 occurance
merge 1413/9744: (398, 104) -> 1668 (b'ush') has 5422 occurance
merge 1414/9744: (718, 1223) -> 1669 (b' perhaps') has 5421 occurance
merge 1415/9744: (998, 118) -> 1670 (b' serv') has 5415 occurance
merge 1416/9744: (694, 109) -> 1671 (b' adm') has 5406 occurance
merge 1417/9744: (65, 78) -> 1672 (b'AN') has 5401 occurance
merge 1418/9744: (702, 268) -> 1673 (b'anger') has 5392 occurance
merge 1419/9744: (260, 271) -> 1674 (b' sit') has 5369 occurance
merge 1420/9744: (65, 115) -> 1675 (b'As') has 5366 occurance
merge 1421/9744: (101, 839) -> 1676 (b'eared') has 5365 occurance
merge 1422/9744: (84, 111) -> 1677 (b'To') has 5362 occurance
merge 1423/9744: (294, 115) -> 1678 (b' ins') has 5351 occurance
merge 1424/9744: (1240, 101) -> 1679 (b' hope') has 5349 occurance
merge 1425/9744: (292, 534) -> 1680 (b' lost') has 5348 occurance
merge 1426/9744: (294, 1503) -> 1681 (b' interest') has 5342 occurance
merge 1427/9744: (297, 451) -> 1682 (b' num') has 5342 occurance
merge 1428/9744: (497, 290) -> 1683 (b' lear') has 5337 occurance
merge 1429/9744: (1023, 434) -> 1684 (b' walked') has 5328 occurance
merge 1430/9744: (279, 461) -> 1685 (b' cop') has 5327 occurance
merge 1431/9744: (269, 290) -> 1686 (b' bar') has 5323 occurance
merge 1432/9744: (87, 850) -> 1687 (b'Why') has 5320 occurance
merge 1433/9744: (725, 282) -> 1688 (b' poor') has 5320 occurance
merge 1434/9744: (273, 275) -> 1689 (b'ison') has 5318 occurance
merge 1435/9744: (276, 344) -> 1690 (b' fur') has 5316 occurance
merge 1436/9744: (425, 523) -> 1691 (b' short') has 5313 occurance
merge 1437/9744: (289, 581) -> 1692 (b' pap') has 5303 occurance
merge 1438/9744: (1047, 330) -> 1693 (b' present') has 5302 occurance
merge 1439/9744: (271, 374) -> 1694 (b'itch') has 5298 occurance
merge 1440/9744: (415, 522) -> 1695 (b'empt') has 5292 occurance
merge 1441/9744: (0, 109) -> 1696 (b'\x00m') has 5291 occurance
merge 1442/9744: (1327, 598) -> 1697 (b' remember') has 5290 occurance
merge 1443/9744: (586, 668) -> 1698 (b' quick') has 5289 occurance
merge 1444/9744: (841, 115) -> 1699 (b'airs') has 5284 occurance
merge 1445/9744: (279, 817) -> 1700 (b' case') has 5272 occurance
merge 1446/9744: (296, 115) -> 1701 (b' Is') has 5260 occurance
merge 1447/9744: (0, 44) -> 1702 (b'\x00,') has 5259 occurance
merge 1448/9744: (269, 284) -> 1703 (b' bes') has 5258 occurance
merge 1449/9744: (41, 44) -> 1704 (b'),') has 5249 occurance
merge 1450/9744: (50, 48) -> 1705 (b'20') has 5243 occurance
merge 1451/9744: (862, 277) -> 1706 (b' women') has 5242 occurance
merge 1452/9744: (119, 357) -> 1707 (b'would') has 5237 occurance
merge 1453/9744: (443, 99) -> 1708 (b' conc') has 5237 occurance
merge 1454/9744: (268, 99) -> 1709 (b'erc') has 5226 occurance
merge 1455/9744: (260, 121) -> 1710 (b' sy') has 5224 occurance
merge 1456/9744: (313, 1045) -> 1711 (b' either') has 5222 occurance
merge 1457/9744: (473, 1292) -> 1712 (b' themselves') has 5221 occurance
merge 1458/9744: (260, 417) -> 1713 (b' squ') has 5214 occurance
merge 1459/9744: (277, 103) -> 1714 (b'eng') has 5203 occurance
merge 1460/9744: (256, 267) -> 1715 (b' tou') has 5200 occurance
merge 1461/9744: (98, 116) -> 1716 (b'bt') has 5193 occurance
merge 1462/9744: (279, 335) -> 1717 (b' cir') has 5190 occurance
merge 1463/9744: (533, 932) -> 1718 (b' arms') has 5190 occurance
merge 1464/9744: (269, 344) -> 1719 (b' bur') has 5183 occurance
merge 1465/9744: (481, 316) -> 1720 (b' whose') has 5180 occurance
merge 1466/9744: (604, 382) -> 1721 (b'overed') has 5179 occurance
merge 1467/9744: (1181, 491) -> 1722 (b' country') has 5176 occurance
merge 1468/9744: (342, 544) -> 1723 (b' step') has 5175 occurance
merge 1469/9744: (586, 1026) -> 1724 (b' quiet') has 5170 occurance
merge 1470/9744: (114, 309) -> 1725 (b'ric') has 5159 occurance
merge 1471/9744: (0, 99) -> 1726 (b'\x00c') has 5157 occurance
merge 1472/9744: (406, 108) -> 1727 (b' Cl') has 5155 occurance
merge 1473/9744: (734, 305) -> 1728 (b' slow') has 5153 occurance
merge 1474/9744: (280, 637) -> 1729 (b' town') has 5148 occurance
merge 1475/9744: (369, 309) -> 1730 (b'ific') has 5143 occurance
merge 1476/9744: (470, 119) -> 1731 (b'iew') has 5143 occurance
merge 1477/9744: (399, 115) -> 1732 (b'els') has 5141 occurance
merge 1478/9744: (603, 455) -> 1733 (b' ground') has 5138 occurance
merge 1479/9744: (402, 270) -> 1734 (b'aged') has 5129 occurance
merge 1480/9744: (365, 109) -> 1735 (b' mem') has 5127 occurance
merge 1481/9744: (589, 278) -> 1736 (b' saying') has 5127 occurance
merge 1482/9744: (365, 326) -> 1737 (b' meet') has 5124 occurance
merge 1483/9744: (276, 644) -> 1738 (b' free') has 5122 occurance
merge 1484/9744: (412, 263) -> 1739 (b'there') has 5117 occurance
merge 1485/9744: (1439, 1234) -> 1740 (b' different') has 5116 occurance
merge 1486/9744: (108, 423) -> 1741 (b'light') has 5108 occurance
merge 1487/9744: (314, 114) -> 1742 (b'str') has 5108 occurance
merge 1488/9744: (99, 354) -> 1743 (b'cri') has 5106 occurance
merge 1489/9744: (453, 377) -> 1744 (b'ousand') has 5103 occurance
merge 1490/9744: (407, 278) -> 1745 (b' doing') has 5099 occurance
merge 1491/9744: (292, 744) -> 1746 (b' lady') has 5095 occurance
merge 1492/9744: (98, 377) -> 1747 (b'band') has 5092 occurance
merge 1493/9744: (788, 284) -> 1748 (b'ances') has 5090 occurance
merge 1494/9744: (260, 963) -> 1749 (b' six') has 5089 occurance
merge 1495/9744: (117, 507) -> 1750 (b'uct') has 5087 occurance
merge 1496/9744: (1184, 1436) -> 1751 (b' answer') has 5086 occurance
merge 1497/9744: (102, 309) -> 1752 (b'fic') has 5075 occurance
merge 1498/9744: (403, 101) -> 1753 (b'une') has 5073 occurance
merge 1499/9744: (256, 277) -> 1754 (b' ten') has 5068 occurance
merge 1500/9744: (276, 278) -> 1755 (b' fing') has 5067 occurance
merge 1501/9744: (463, 604) -> 1756 (b' above') has 5061 occurance
merge 1502/9744: (412, 109) -> 1757 (b'them') has 5059 occurance
merge 1503/9744: (629, 331) -> 1758 (b'ression') has 5049 occurance
merge 1504/9744: (419, 585) -> 1759 (b' suff') has 5044 occurance
merge 1505/9744: (1392, 331) -> 1760 (b' question') has 5044 occurance
merge 1506/9744: (271, 268) -> 1761 (b'iter') has 5043 occurance
merge 1507/9744: (1002, 110) -> 1762 (b' Un') has 5032 occurance
merge 1508/9744: (281, 1390) -> 1763 (b' often') has 5022 occurance
merge 1509/9744: (497, 97) -> 1764 (b' lea') has 5017 occurance
merge 1510/9744: (428, 1096) -> 1765 (b' order') has 5012 occurance
merge 1511/9744: (463, 301) -> 1766 (b' able') has 5010 occurance
merge 1512/9744: (905, 905) -> 1767 (b'                ') has 5000 occurance
merge 1513/9744: (279, 627) -> 1768 (b' cond') has 4997 occurance
merge 1514/9744: (77, 114) -> 1769 (b'Mr') has 4991 occurance
merge 1515/9744: (539, 290) -> 1770 (b' fear') has 4986 occurance
merge 1516/9744: (262, 1538) -> 1771 (b' wonder') has 4983 occurance
merge 1517/9744: (1054, 305) -> 1772 (b' window') has 4981 occurance
merge 1518/9744: (353, 632) -> 1773 (b'ooks') has 4977 occurance
merge 1519/9744: (301, 121) -> 1774 (b'ley') has 4974 occurance
merge 1520/9744: (282, 109) -> 1775 (b'orm') has 4963 occurance
merge 1521/9744: (342, 1266) -> 1776 (b' street') has 4960 occurance
merge 1522/9744: (618, 278) -> 1777 (b' bring') has 4959 occurance
merge 1523/9744: (279, 767) -> 1778 (b' cried') has 4956 occurance
merge 1524/9744: (1409, 318) -> 1779 (b' suddenly') has 4955 occurance
merge 1525/9744: (912, 270) -> 1780 (b' passed') has 4953 occurance
merge 1526/9744: (391, 101) -> 1781 (b' Be') has 4944 occurance
merge 1527/9744: (1702, 0) -> 1782 (b'\x00,\x00') has 4944 occurance
merge 1528/9744: (279, 708) -> 1783 (b' coll') has 4938 occurance
merge 1529/9744: (375, 115) -> 1784 (b'ains') has 4934 occurance
merge 1530/9744: (360, 103) -> 1785 (b' ang') has 4931 occurance
merge 1531/9744: (268, 116) -> 1786 (b'ert') has 4925 occurance
merge 1532/9744: (32, 373) -> 1787 (b' ill') has 4915 occurance
merge 1533/9744: (32, 335) -> 1788 (b' ir') has 4914 occurance
merge 1534/9744: (292, 796) -> 1789 (b' later') has 4911 occurance
merge 1535/9744: (104, 305) -> 1790 (b'how') has 4905 occurance
merge 1536/9744: (338, 111) -> 1791 (b' To') has 4905 occurance
merge 1537/9744: (97, 315) -> 1792 (b'aim') has 4900 occurance
merge 1538/9744: (556, 511) -> 1793 (b'arent') has 4895 occurance
merge 1539/9744: (114, 278) -> 1794 (b'ring') has 4890 occurance
merge 1540/9744: (260, 110) -> 1795 (b' sn') has 4885 occurance
merge 1541/9744: (323, 519) -> 1796 (b' itself') has 4879 occurance
merge 1542/9744: (543, 302) -> 1797 (b' Not') has 4877 occurance
merge 1543/9744: (678, 101) -> 1798 (b' eye') has 4875 occurance
merge 1544/9744: (385, 494) -> 1799 (b'though') has 4872 occurance
merge 1545/9744: (342, 596) -> 1800 (b' stud') has 4858 occurance
merge 1546/9744: (272, 604) -> 1801 (b' move') has 4855 occurance
merge 1547/9744: (1460, 584) -> 1802 (b'ceived') has 4855 occurance
merge 1548/9744: (256, 1176) -> 1803 (b' trying') has 4854 occurance
merge 1549/9744: (398, 513) -> 1804 (b'ushed') has 4839 occurance
merge 1550/9744: (1554, 515) -> 1805 (b' large') has 4835 occurance
merge 1551/9744: (105, 111) -> 1806 (b'io') has 4834 occurance
merge 1552/9744: (893, 793) -> 1807 (b' happened') has 4829 occurance
merge 1553/9744: (339, 65) -> 1808 (b'\xe2\x80\x9cA') has 4823 occurance
merge 1554/9744: (264, 389) -> 1809 (b' opp') has 4815 occurance
merge 1555/9744: (636, 402) -> 1810 (b' imag') has 4812 occurance
merge 1556/9744: (256, 263) -> 1811 (b' tre') has 4809 occurance
merge 1557/9744: (309, 434) -> 1812 (b'icked') has 4806 occurance
merge 1558/9744: (400, 288) -> 1813 (b' ran') has 4799 occurance
merge 1559/9744: (279, 307) -> 1814 (b' cut') has 4790 occurance
merge 1560/9744: (483, 114) -> 1815 (b' Gr') has 4789 occurance
merge 1561/9744: (259, 730) -> 1816 (b'inted') has 4787 occurance
merge 1562/9744: (319, 267) -> 1817 (b' thou') has 4784 occurance
merge 1563/9744: (295, 510) -> 1818 (b'ative') has 4782 occurance
merge 1564/9744: (697, 268) -> 1819 (b' longer') has 4774 occurance
merge 1565/9744: (789, 356) -> 1820 (b'rence') has 4770 occurance
merge 1566/9744: (84, 104) -> 1821 (b'Th') has 4768 occurance
merge 1567/9744: (463, 115) -> 1822 (b' abs') has 4757 occurance
merge 1568/9744: (1259, 288) -> 1823 (b' human') has 4755 occurance
merge 1569/9744: (101, 118) -> 1824 (b'ev') has 4754 occurance
merge 1570/9744: (116, 275) -> 1825 (b'ton') has 4752 occurance
merge 1571/9744: (1478, 309) -> 1826 (b'ublic') has 4747 occurance
merge 1572/9744: (303, 1612) -> 1827 (b' gentle') has 4746 occurance
merge 1573/9744: (269, 827) -> 1828 (b' book') has 4743 occurance
merge 1574/9744: (289, 328) -> 1829 (b' pay') has 4743 occurance
merge 1575/9744: (302, 115) -> 1830 (b'ots') has 4735 occurance
merge 1576/9744: (272, 885) -> 1831 (b' making') has 4724 occurance
merge 1577/9744: (440, 487) -> 1832 (b' known') has 4713 occurance
merge 1578/9744: (260, 1032) -> 1833 (b' sense') has 4712 occurance
merge 1579/9744: (477, 112) -> 1834 (b' dep') has 4710 occurance
merge 1580/9744: (45, 109) -> 1835 (b'-m') has 4709 occurance
merge 1581/9744: (750, 101) -> 1836 (b'ize') has 4709 occurance
merge 1582/9744: (69, 83) -> 1837 (b'ES') has 4708 occurance
merge 1583/9744: (285, 1077) -> 1838 (b' dream') has 4705 occurance
merge 1584/9744: (385, 273) -> 1839 (b'this') has 4700 occurance
merge 1585/9744: (262, 466) -> 1840 (b' wood') has 4695 occurance
merge 1586/9744: (279, 282) -> 1841 (b' cor') has 4692 occurance
merge 1587/9744: (398, 115) -> 1842 (b'uss') has 4692 occurance
merge 1588/9744: (103, 278) -> 1843 (b'ging') has 4691 occurance
merge 1589/9744: (290, 374) -> 1844 (b'arch') has 4687 occurance
merge 1590/9744: (607, 263) -> 1845 (b'were') has 4673 occurance
merge 1591/9744: (275, 284) -> 1846 (b'ones') has 4667 occurance
merge 1592/9744: (566, 118) -> 1847 (b' prov') has 4664 occurance
merge 1593/9744: (464, 110) -> 1848 (b' wouldn') has 4663 occurance
merge 1594/9744: (289, 295) -> 1849 (b' pat') has 4662 occurance
merge 1595/9744: (260, 1603) -> 1850 (b' school') has 4661 occurance
merge 1596/9744: (575, 690) -> 1851 (b' trans') has 4657 occurance
merge 1597/9744: (332, 329) -> 1852 (b'veral') has 4655 occurance
merge 1598/9744: (276, 1228) -> 1853 (b' foot') has 4649 occurance
merge 1599/9744: (489, 371) -> 1854 (b' spec') has 4645 occurance
merge 1600/9744: (543, 305) -> 1855 (b' Now') has 4645 occurance
merge 1601/9744: (116, 114) -> 1856 (b'tr') has 4635 occurance
merge 1602/9744: (1008, 115) -> 1857 (b' friends') has 4634 occurance
merge 1603/9744: (45, 98) -> 1858 (b'-b') has 4629 occurance
merge 1604/9744: (398, 1747) -> 1859 (b'usband') has 4621 occurance
merge 1605/9744: (95, 44) -> 1860 (b'_,') has 4619 occurance
merge 1606/9744: (294, 927) -> 1861 (b' inde') has 4618 occurance
merge 1607/9744: (70, 282) -> 1862 (b'For') has 4615 occurance
merge 1608/9744: (256, 373) -> 1863 (b' till') has 4610 occurance
merge 1609/9744: (369, 416) -> 1864 (b'iful') has 4605 occurance
merge 1610/9744: (103, 259) -> 1865 (b'gin') has 4604 occurance
merge 1611/9744: (545, 680) -> 1866 (b' Eng') has 4603 occurance
merge 1612/9744: (890, 278) -> 1867 (b' feeling') has 4603 occurance
merge 1613/9744: (805, 259) -> 1868 (b' begin') has 4602 occurance
merge 1614/9744: (847, 674) -> 1869 (b'ship') has 4601 occurance
merge 1615/9744: (276, 97) -> 1870 (b' fa') has 4600 occurance
merge 1616/9744: (33, 457) -> 1871 (b'!"\n') has 4596 occurance
merge 1617/9744: (381, 278) -> 1872 (b'iling') has 4589 occurance
merge 1618/9744: (276, 510) -> 1873 (b' five') has 4569 occurance
merge 1619/9744: (78, 302) -> 1874 (b'Not') has 4566 occurance
merge 1620/9744: (596, 100) -> 1875 (b'udd') has 4560 occurance
merge 1621/9744: (279, 581) -> 1876 (b' cap') has 4558 occurance
merge 1622/9744: (472, 965) -> 1877 (b'osition') has 4558 occurance
merge 1623/9744: (648, 1275) -> 1878 (b' floor') has 4557 occurance
merge 1624/9744: (260, 315) -> 1879 (b' sim') has 4550 occurance
merge 1625/9744: (1252, 385) -> 1880 (b' month') has 4549 occurance
merge 1626/9744: (309, 561) -> 1881 (b'ically') has 4540 occurance
merge 1627/9744: (1294, 320) -> 1882 (b' laugh') has 4540 occurance
merge 1628/9744: (272, 381) -> 1883 (b' mil') has 4536 occurance
merge 1629/9744: (365, 690) -> 1884 (b' means') has 4529 occurance
merge 1630/9744: (67, 72) -> 1885 (b'CH') has 4525 occurance
merge 1631/9744: (773, 564) -> 1886 (b' glass') has 4518 occurance
merge 1632/9744: (45, 112) -> 1887 (b'-p') has 4514 occurance
merge 1633/9744: (566, 112) -> 1888 (b' prop') has 4509 occurance
merge 1634/9744: (49, 54) -> 1889 (b'16') has 4505 occurance
merge 1635/9744: (371, 709) -> 1890 (b'ecause') has 4502 occurance
merge 1636/9744: (105, 359) -> 1891 (b'ike') has 4498 occurance
merge 1637/9744: (45, 108) -> 1892 (b'-l') has 4494 occurance
merge 1638/9744: (98, 271) -> 1893 (b'bit') has 4488 occurance
merge 1639/9744: (262, 664) -> 1894 (b' wish') has 4483 occurance
merge 1640/9744: (302, 331) -> 1895 (b'otion') has 4483 occurance
merge 1641/9744: (896, 474) -> 1896 (b' strong') has 4466 occurance
merge 1642/9744: (1064, 1135) -> 1897 (b' surpr') has 4464 occurance
merge 1643/9744: (389, 278) -> 1898 (b'pping') has 4457 occurance
merge 1644/9744: (492, 308) -> 1899 (b'raid') has 4453 occurance
merge 1645/9744: (295, 920) -> 1900 (b'atched') has 4452 occurance
merge 1646/9744: (477, 102) -> 1901 (b' def') has 4450 occurance
merge 1647/9744: (279, 330) -> 1902 (b' cent') has 4446 occurance
merge 1648/9744: (279, 732) -> 1903 (b' corn') has 4443 occurance
merge 1649/9744: (307, 284) -> 1904 (b'utes') has 4442 occurance
merge 1650/9744: (852, 793) -> 1905 (b' opened') has 4434 occurance
merge 1651/9744: (489, 335) -> 1906 (b' spir') has 4430 occurance
merge 1652/9744: (1459, 540) -> 1907 (b' whether') has 4428 occurance
merge 1653/9744: (822, 301) -> 1908 (b' comple') has 4415 occurance
merge 1654/9744: (105, 332) -> 1909 (b'iver') has 4412 occurance
merge 1655/9744: (1585, 802) -> 1910 (b' stopped') has 4410 occurance
merge 1656/9744: (309, 284) -> 1911 (b'ices') has 4408 occurance
merge 1657/9744: (419, 109) -> 1912 (b' sum') has 4402 occurance
merge 1658/9744: (527, 270) -> 1913 (b'itted') has 4402 occurance
merge 1659/9744: (97, 496) -> 1914 (b'aven') has 4396 occurance
merge 1660/9744: (115, 117) -> 1915 (b'su') has 4393 occurance
merge 1661/9744: (98, 1264) -> 1916 (b'bably') has 4389 occurance
merge 1662/9744: (285, 415) -> 1917 (b' dem') has 4389 occurance
merge 1663/9744: (651, 631) -> 1918 (b' smile') has 4387 occurance
merge 1664/9744: (342, 843) -> 1919 (b' story') has 4386 occurance
merge 1665/9744: (682, 278) -> 1920 (b' evening') has 4376 occurance
merge 1666/9744: (354, 949) -> 1921 (b'ribut') has 4375 occurance
merge 1667/9744: (319, 1744) -> 1922 (b' thousand') has 4372 occurance
merge 1668/9744: (292, 305) -> 1923 (b' low') has 4371 occurance
merge 1669/9744: (500, 310) -> 1924 (b' gold') has 4368 occurance
merge 1670/9744: (271, 99) -> 1925 (b'itc') has 4362 occurance
merge 1671/9744: (279, 101) -> 1926 (b' ce') has 4358 occurance
merge 1672/9744: (273, 278) -> 1927 (b'ising') has 4352 occurance
merge 1673/9744: (356, 270) -> 1928 (b'ceed') has 4351 occurance
merge 1674/9744: (705, 394) -> 1929 (b' become') has 4350 occurance
merge 1675/9744: (319, 1376) -> 1930 (b' thinking') has 4347 occurance
merge 1676/9744: (746, 116) -> 1931 (b' pret') has 4345 occurance
merge 1677/9744: (575, 1198) -> 1932 (b' truth') has 4344 occurance
merge 1678/9744: (575, 267) -> 1933 (b' trou') has 4342 occurance
merge 1679/9744: (294, 930) -> 1934 (b' inside') has 4339 occurance
merge 1680/9744: (929, 112) -> 1935 (b'comp') has 4335 occurance
merge 1681/9744: (342, 735) -> 1936 (b' stru') has 4333 occurance
merge 1682/9744: (425, 305) -> 1937 (b' show') has 4331 occurance
merge 1683/9744: (1015, 335) -> 1938 (b' chair') has 4329 occurance
merge 1684/9744: (368, 110) -> 1939 (b'tern') has 4326 occurance
merge 1685/9744: (263, 270) -> 1940 (b'reed') has 4325 occurance
merge 1686/9744: (342, 461) -> 1941 (b' stop') has 4315 occurance
merge 1687/9744: (1233, 305) -> 1942 (b'orrow') has 4315 occurance
merge 1688/9744: (117, 582) -> 1943 (b'under') has 4303 occurance
merge 1689/9744: (349, 273) -> 1944 (b' whis') has 4299 occurance
merge 1690/9744: (272, 273) -> 1945 (b' mis') has 4298 occurance
merge 1691/9744: (598, 116) -> 1946 (b'bert') has 4296 occurance
merge 1692/9744: (272, 450) -> 1947 (b' mist') has 4292 occurance
merge 1693/9744: (309, 1262) -> 1948 (b'icular') has 4291 occurance
merge 1694/9744: (73, 102) -> 1949 (b'If') has 4286 occurance
merge 1695/9744: (555, 657) -> 1950 (b' One') has 4286 occurance
merge 1696/9744: (105, 107) -> 1951 (b'ik') has 4282 occurance
merge 1697/9744: (117, 346) -> 1952 (b'ught') has 4276 occurance
merge 1698/9744: (395, 722) -> 1953 (b' soft') has 4276 occurance
merge 1699/9744: (563, 337) -> 1954 (b' road') has 4272 occurance
merge 1700/9744: (398, 112) -> 1955 (b'usp') has 4270 occurance
merge 1701/9744: (266, 265) -> 1956 (b'hand') has 4267 occurance
merge 1702/9744: (686, 856) -> 1957 (b' however') has 4264 occurance
merge 1703/9744: (345, 103) -> 1958 (b' forg') has 4258 occurance
merge 1704/9744: (428, 100) -> 1959 (b' ord') has 4257 occurance
merge 1705/9744: (32, 81) -> 1960 (b' Q') has 4255 occurance
merge 1706/9744: (105, 690) -> 1961 (b'ians') has 4255 occurance
merge 1707/9744: (533, 354) -> 1962 (b' arri') has 4253 occurance
merge 1708/9744: (293, 302) -> 1963 (b' hot') has 4251 occurance
merge 1709/9744: (387, 1852) -> 1964 (b' several') has 4251 occurance
merge 1710/9744: (258, 102) -> 1965 (b' af') has 4249 occurance
merge 1711/9744: (438, 114) -> 1966 (b' Pr') has 4236 occurance
merge 1712/9744: (1203, 270) -> 1967 (b' started') has 4233 occurance
merge 1713/9744: (101, 103) -> 1968 (b'eg') has 4220 occurance
merge 1714/9744: (477, 118) -> 1969 (b' dev') has 4218 occurance
merge 1715/9744: (319, 121) -> 1970 (b' thy') has 4217 occurance
merge 1716/9744: (112, 270) -> 1971 (b'ped') has 4215 occurance
merge 1717/9744: (607, 382) -> 1972 (b'wered') has 4209 occurance
merge 1718/9744: (1384, 1160) -> 1973 (b' business') has 4195 occurance
merge 1719/9744: (705, 476) -> 1974 (b' became') has 4188 occurance
merge 1720/9744: (119, 111) -> 1975 (b'wo') has 4172 occurance
merge 1721/9744: (119, 452) -> 1976 (b'well') has 4168 occurance
merge 1722/9744: (337, 100) -> 1977 (b'add') has 4165 occurance
merge 1723/9744: (307, 331) -> 1978 (b'ution') has 4162 occurance
merge 1724/9744: (781, 368) -> 1979 (b' letter') has 4161 occurance
merge 1725/9744: (100, 273) -> 1980 (b'dis') has 4160 occurance
merge 1726/9744: (684, 302) -> 1981 (b' prot') has 4156 occurance
merge 1727/9744: (84, 1108) -> 1982 (b'TER') has 4153 occurance
merge 1728/9744: (274, 147) -> 1983 (b'\xe2\x80\x93') has 4151 occurance
merge 1729/9744: (115, 275) -> 1984 (b'son') has 4146 occurance
merge 1730/9744: (260, 1582) -> 1985 (b' soul') has 4136 occurance
merge 1731/9744: (507, 282) -> 1986 (b'ctor') has 4134 occurance
merge 1732/9744: (99, 111) -> 1987 (b'co') has 4133 occurance
merge 1733/9744: (450, 115) -> 1988 (b'ists') has 4129 occurance
merge 1734/9744: (339, 922) -> 1989 (b'\xe2\x80\x9cWhat') has 4128 occurance
merge 1735/9744: (414, 373) -> 1990 (b' Will') has 4126 occurance
merge 1736/9744: (0, 102) -> 1991 (b'\x00f') has 4122 occurance
merge 1737/9744: (73, 73) -> 1992 (b'II') has 4121 occurance
merge 1738/9744: (391, 108) -> 1993 (b' Bl') has 4115 occurance
merge 1739/9744: (287, 270) -> 1994 (b'ased') has 4114 occurance
merge 1740/9744: (940, 809) -> 1995 (b' object') has 4113 occurance
merge 1741/9744: (1480, 1716) -> 1996 (b' doubt') has 4113 occurance
merge 1742/9744: (114, 665) -> 1997 (b'ract') has 4110 occurance
merge 1743/9744: (1026, 121) -> 1998 (b'iety') has 4108 occurance
merge 1744/9744: (111, 301) -> 1999 (b'ole') has 4107 occurance
merge 1745/9744: (256, 491) -> 2000 (b' try') has 4098 occurance
merge 1746/9744: (279, 329) -> 2001 (b' cal') has 4096 occurance
merge 1747/9744: (1197, 568) -> 2002 (b' break') has 4096 occurance
merge 1748/9744: (292, 302) -> 2003 (b' lot') has 4094 occurance
merge 1749/9744: (65, 116) -> 2004 (b'At') has 4088 occurance
merge 1750/9744: (108, 115) -> 2005 (b'ls') has 4087 occurance
merge 1751/9744: (1044, 584) -> 2006 (b' moved') has 4087 occurance
merge 1752/9744: (285, 1314) -> 2007 (b' draw') has 4082 occurance
merge 1753/9744: (501, 111) -> 2008 (b' Do') has 4068 occurance
merge 1754/9744: (108, 664) -> 2009 (b'lish') has 4067 occurance
merge 1755/9744: (282, 491) -> 2010 (b'orry') has 4062 occurance
merge 1756/9744: (1861, 270) -> 2011 (b' indeed') has 4061 occurance
merge 1757/9744: (329, 541) -> 2012 (b'ality') has 4059 occurance
merge 1758/9744: (926, 105) -> 2013 (b'medi') has 4059 occurance
merge 1759/9744: (369, 102) -> 2014 (b'iff') has 4058 occurance
merge 1760/9744: (259, 439) -> 2015 (b'ination') has 4055 occurance
merge 1761/9744: (276, 553) -> 2016 (b' fine') has 4055 occurance
merge 1762/9744: (934, 385) -> 2017 (b' earth') has 4050 occurance
merge 1763/9744: (293, 1859) -> 2018 (b' husband') has 4045 occurance
merge 1764/9744: (294, 102) -> 2019 (b' inf') has 4043 occurance
merge 1765/9744: (285, 259) -> 2020 (b' din') has 4041 occurance
merge 1766/9744: (272, 398) -> 2021 (b' mus') has 4040 occurance
merge 1767/9744: (896, 1444) -> 2022 (b' strange') has 4031 occurance
merge 1768/9744: (745, 343) -> 2023 (b' appro') has 4026 occurance
merge 1769/9744: (266, 109) -> 2024 (b'ham') has 4023 occurance
merge 1770/9744: (348, 259) -> 2025 (b' within') has 4023 occurance
merge 1771/9744: (480, 672) -> 2026 (b' Lord') has 4023 occurance
merge 1772/9744: (342, 495) -> 2027 (b' state') has 4022 occurance
merge 1773/9744: (1085, 110) -> 2028 (b' doesn') has 4022 occurance
merge 1774/9744: (886, 1647) -> 2029 (b' Christ') has 4019 occurance
merge 1775/9744: (363, 112) -> 2030 (b' Sp') has 4013 occurance
merge 1776/9744: (831, 474) -> 2031 (b' wrong') has 4010 occurance
merge 1777/9744: (1659, 731) -> 2032 (b' replied') has 4005 occurance
merge 1778/9744: (272, 344) -> 2033 (b' mur') has 4004 occurance
merge 1779/9744: (555, 114) -> 2034 (b' Or') has 4004 occurance
merge 1780/9744: (344, 374) -> 2035 (b'urch') has 4001 occurance
merge 1781/9744: (718, 1434) -> 2036 (b' perfect') has 3998 occurance
merge 1782/9744: (975, 876) -> 2037 (b' secret') has 3997 occurance
merge 1783/9744: (79, 110) -> 2038 (b'On') has 3995 occurance
merge 1784/9744: (342, 492) -> 2039 (b' stra') has 3992 occurance
merge 1785/9744: (345, 723) -> 2040 (b' forward') has 3982 occurance
merge 1786/9744: (344, 329) -> 2041 (b'ural') has 3979 occurance
merge 1787/9744: (100, 111) -> 2042 (b'do') has 3969 occurance
merge 1788/9744: (112, 290) -> 2043 (b'par') has 3968 occurance
merge 1789/9744: (276, 482) -> 2044 (b' fig') has 3964 occurance
merge 1790/9744: (344, 121) -> 2045 (b'ury') has 3960 occurance
merge 1791/9744: (497, 337) -> 2046 (b' lead') has 3960 occurance
merge 1792/9744: (530, 519) -> 2047 (b' yourself') has 3960 occurance
merge 1793/9744: (272, 726) -> 2048 (b' miss') has 3959 occurance
merge 1794/9744: (390, 331) -> 2049 (b'ession') has 3951 occurance
merge 1795/9744: (745, 577) -> 2050 (b' appear') has 3950 occurance
merge 1796/9744: (1426, 166) -> 2051 (b' \xe2\x80\xa6') has 3950 occurance
merge 1797/9744: (458, 824) -> 2052 (b'olog') has 3946 occurance
merge 1798/9744: (109, 388) -> 2053 (b'more') has 3943 occurance
merge 1799/9744: (279, 1007) -> 2054 (b' cross') has 3943 occurance
merge 1800/9744: (78, 305) -> 2055 (b'Now') has 3942 occurance
merge 1801/9744: (280, 112) -> 2056 (b' top') has 3939 occurance
merge 1802/9744: (279, 570) -> 2057 (b' creat') has 3938 occurance
merge 1803/9744: (99, 357) -> 2058 (b'could') has 3937 occurance
merge 1804/9744: (893, 121) -> 2059 (b' happy') has 3931 occurance
merge 1805/9744: (109, 275) -> 2060 (b'mon') has 3926 occurance
merge 1806/9744: (313, 417) -> 2061 (b' equ') has 3925 occurance
merge 1807/9744: (45, 104) -> 2062 (b'-h') has 3921 occurance
merge 1808/9744: (311, 284) -> 2063 (b' yes') has 3918 occurance
merge 1809/9744: (489, 1209) -> 2064 (b' spoke') has 3910 occurance
merge 1810/9744: (105, 282) -> 2065 (b'ior') has 3905 occurance
merge 1811/9744: (256, 885) -> 2066 (b' taking') has 3900 occurance
merge 1812/9744: (609, 1569) -> 2067 (b' twenty') has 3896 occurance
merge 1813/9744: (1235, 918) -> 2068 (b' possible') has 3890 occurance
merge 1814/9744: (333, 1437) -> 2069 (b' reached') has 3889 occurance
merge 1815/9744: (105, 561) -> 2070 (b'ially') has 3886 occurance
merge 1816/9744: (411, 318) -> 2071 (b'antly') has 3885 occurance
merge 1817/9744: (314, 268) -> 2072 (b'ster') has 3879 occurance
merge 1818/9744: (412, 335) -> 2073 (b'their') has 3879 occurance
merge 1819/9744: (940, 1405) -> 2074 (b' obser') has 3879 occurance
merge 1820/9744: (115, 394) -> 2075 (b'some') has 3877 occurance
merge 1821/9744: (0, 112) -> 2076 (b'\x00p') has 3869 occurance
merge 1822/9744: (291, 823) -> 2077 (b' heav') has 3869 occurance
merge 1823/9744: (911, 309) -> 2078 (b'meric') has 3866 occurance
merge 1824/9744: (947, 493) -> 2079 (b' talking') has 3861 occurance
merge 1825/9744: (303, 492) -> 2080 (b' gra') has 3858 occurance
merge 1826/9744: (657, 121) -> 2081 (b'ney') has 3856 occurance
merge 1827/9744: (1295, 554) -> 2082 (b' nature') has 3856 occurance
merge 1828/9744: (566, 100) -> 2083 (b' prod') has 3849 occurance
merge 1829/9744: (273, 109) -> 2084 (b'ism') has 3847 occurance
merge 1830/9744: (868, 523) -> 2085 (b' import') has 3847 occurance
merge 1831/9744: (936, 1204) -> 2086 (b' waiting') has 3845 occurance
merge 1832/9744: (260, 423) -> 2087 (b' sight') has 3844 occurance
merge 1833/9744: (292, 553) -> 2088 (b' line') has 3842 occurance
merge 1834/9744: (361, 1507) -> 2089 (b' Harry') has 3841 occurance
merge 1835/9744: (449, 930) -> 2090 (b' outside') has 3836 occurance
merge 1836/9744: (98, 115) -> 2091 (b'bs') has 3835 occurance
merge 1837/9744: (395, 108) -> 2092 (b' sol') has 3835 occurance
merge 1838/9744: (386, 373) -> 2093 (b' kill') has 3822 occurance
merge 1839/9744: (99, 660) -> 2094 (b'cious') has 3820 occurance
merge 1840/9744: (1184, 1972) -> 2095 (b' answered') has 3818 occurance
merge 1841/9744: (696, 808) -> 2096 (b' getting') has 3814 occurance
merge 1842/9744: (103, 111) -> 2097 (b'go') has 3806 occurance
merge 1843/9744: (103, 513) -> 2098 (b'ghed') has 3806 occurance
merge 1844/9744: (1463, 1557) -> 2099 (b' John') has 3804 occurance
merge 1845/9744: (260, 1537) -> 2100 (b' sitting') has 3803 occurance
merge 1846/9744: (459, 639) -> 2101 (b' exper') has 3800 occurance
merge 1847/9744: (369, 116) -> 2102 (b'ift') has 3799 occurance
merge 1848/9744: (397, 656) -> 2103 (b' living') has 3796 occurance
merge 1849/9744: (414, 850) -> 2104 (b' Why') has 3794 occurance
merge 1850/9744: (583, 447) -> 2105 (b' someone') has 3792 occurance
merge 1851/9744: (1965, 1899) -> 2106 (b' afraid') has 3792 occurance
merge 1852/9744: (287, 107) -> 2107 (b'ask') has 3791 occurance
merge 1853/9744: (34, 560) -> 2108 (b'"You') has 3788 occurance
merge 1854/9744: (566, 639) -> 2109 (b' proper') has 3788 occurance
merge 1855/9744: (119, 424) -> 2110 (b'when') has 3786 occurance
merge 1856/9744: (531, 111) -> 2111 (b' ago') has 3781 occurance
merge 1857/9744: (109, 278) -> 2112 (b'ming') has 3777 occurance
merge 1858/9744: (594, 654) -> 2113 (b' blue') has 3776 occurance
merge 1859/9744: (279, 541) -> 2114 (b' city') has 3772 occurance
merge 1860/9744: (333, 417) -> 2115 (b' requ') has 3770 occurance
merge 1861/9744: (1208, 278) -> 2116 (b' standing') has 3769 occurance
merge 1862/9744: (111, 382) -> 2117 (b'ored') has 3766 occurance
merge 1863/9744: (269, 1144) -> 2118 (b' bott') has 3766 occurance
merge 1864/9744: (478, 632) -> 2119 (b' works') has 3762 occurance
merge 1865/9744: (406, 759) -> 2120 (b' Char') has 3761 occurance
merge 1866/9744: (103, 284) -> 2121 (b'ges') has 3757 occurance
merge 1867/9744: (386, 278) -> 2122 (b' king') has 3757 occurance
merge 1868/9744: (122, 101) -> 2123 (b'ze') has 3748 occurance
merge 1869/9744: (459, 1029) -> 2124 (b' except') has 3745 occurance
merge 1870/9744: (32, 444) -> 2125 (b' est') has 3743 occurance
merge 1871/9744: (308, 278) -> 2126 (b'iding') has 3742 occurance
merge 1872/9744: (272, 518) -> 2127 (b' mod') has 3739 occurance
merge 1873/9744: (548, 288) -> 2128 (b' plan') has 3733 occurance
merge 1874/9744: (99, 818) -> 2129 (b'ches') has 3729 occurance
merge 1875/9744: (0, 107) -> 2130 (b'\x00k') has 3727 occurance
merge 1876/9744: (387, 97) -> 2131 (b' sea') has 3727 occurance
merge 1877/9744: (1308, 115) -> 2132 (b' hours') has 3722 occurance
merge 1878/9744: (292, 495) -> 2133 (b' late') has 3718 occurance
merge 1879/9744: (117, 284) -> 2134 (b'ues') has 3716 occurance
merge 1880/9744: (287, 331) -> 2135 (b'asion') has 3715 occurance
merge 1881/9744: (470, 356) -> 2136 (b'iece') has 3715 occurance
merge 1882/9744: (108, 268) -> 2137 (b'ler') has 3709 occurance
merge 1883/9744: (99, 581) -> 2138 (b'cap') has 3706 occurance
merge 1884/9744: (83, 116) -> 2139 (b'St') has 3705 occurance
merge 1885/9744: (288, 110) -> 2140 (b'ann') has 3703 occurance
merge 1886/9744: (110, 423) -> 2141 (b'night') has 3699 occurance
merge 1887/9744: (450, 270) -> 2142 (b'isted') has 3696 occurance
merge 1888/9744: (1023, 107) -> 2143 (b' walk') has 3690 occurance
merge 1889/9744: (1419, 390) -> 2144 (b' necess') has 3688 occurance
merge 1890/9744: (1238, 270) -> 2145 (b' returned') has 3684 occurance
merge 1891/9744: (272, 402) -> 2146 (b' mag') has 3683 occurance
merge 1892/9744: (501, 275) -> 2147 (b' Don') has 3681 occurance
merge 1893/9744: (313, 295) -> 2148 (b' eat') has 3678 occurance
merge 1894/9744: (526, 447) -> 2149 (b' anyone') has 3678 occurance
merge 1895/9744: (272, 553) -> 2150 (b' mine') has 3677 occurance
merge 1896/9744: (68, 111) -> 2151 (b'Do') has 3672 occurance
merge 1897/9744: (603, 377) -> 2152 (b' grand') has 3671 occurance
merge 1898/9744: (260, 1373) -> 2153 (b' sister') has 3667 occurance
merge 1899/9744: (756, 434) -> 2154 (b'ocked') has 3665 occurance
merge 1900/9744: (333, 744) -> 2155 (b' ready') has 3661 occurance
merge 1901/9744: (501, 101) -> 2156 (b' De') has 3661 occurance
merge 1902/9744: (735, 522) -> 2157 (b'rupt') has 3660 occurance
merge 1903/9744: (335, 714) -> 2158 (b'irty') has 3655 occurance
merge 1904/9744: (329, 385) -> 2159 (b'alth') has 3652 occurance
merge 1905/9744: (101, 632) -> 2160 (b'eks') has 3648 occurance
merge 1906/9744: (566, 102) -> 2161 (b' prof') has 3647 occurance
merge 1907/9744: (381, 116) -> 2162 (b'ilt') has 3646 occurance
merge 1908/9744: (1931, 714) -> 2163 (b' pretty') has 3645 occurance
merge 1909/9744: (403, 107) -> 2164 (b'unk') has 3643 occurance
merge 1910/9744: (772, 46) -> 2165 (b'...') has 3642 occurance
merge 1911/9744: (574, 564) -> 2166 (b' class') has 3632 occurance
merge 1912/9744: (105, 661) -> 2167 (b'ives') has 3631 occurance
merge 1913/9744: (259, 368) -> 2168 (b'inter') has 3628 occurance
merge 1914/9744: (628, 100) -> 2169 (b' shad') has 3627 occurance
merge 1915/9744: (98, 111) -> 2170 (b'bo') has 3625 occurance
merge 1916/9744: (260, 819) -> 2171 (b' sens') has 3623 occurance
merge 1917/9744: (1216, 115) -> 2172 (b' towards') has 3621 occurance
merge 1918/9744: (1352, 301) -> 2173 (b'iddle') has 3621 occurance
merge 1919/9744: (1067, 619) -> 2174 (b' silence') has 3614 occurance
merge 1920/9744: (259, 97) -> 2175 (b'ina') has 3613 occurance
merge 1921/9744: (293, 1039) -> 2176 (b' hung') has 3611 occurance
merge 1922/9744: (488, 596) -> 2177 (b' jud') has 3609 occurance
merge 1923/9744: (285, 1450) -> 2178 (b' during') has 3603 occurance
merge 1924/9744: (32, 90) -> 2179 (b' Z') has 3600 occurance
merge 1925/9744: (305, 100) -> 2180 (b'owd') has 3597 occurance
merge 1926/9744: (453, 318) -> 2181 (b'ously') has 3593 occurance
merge 1927/9744: (407, 103) -> 2182 (b' dog') has 3587 occurance
merge 1928/9744: (1192, 809) -> 2183 (b' subject') has 3584 occurance
merge 1929/9744: (438, 97) -> 2184 (b' Pa') has 3581 occurance
merge 1930/9744: (625, 625) -> 2185 (b'\xef\xbf\xbd\xef\xbf\xbd') has 3570 occurance
merge 1931/9744: (1607, 104) -> 2186 (b' breath') has 3567 occurance
merge 1932/9744: (276, 841) -> 2187 (b' fair') has 3566 occurance
merge 1933/9744: (105, 290) -> 2188 (b'iar') has 3564 occurance
merge 1934/9744: (543, 740) -> 2189 (b' New') has 3560 occurance
merge 1935/9744: (104, 381) -> 2190 (b'hil') has 3554 occurance
merge 1936/9744: (2, 10) -> 2191 (b'\x02\n') has 3552 occurance
merge 1937/9744: (272, 1605) -> 2192 (b' makes') has 3552 occurance
merge 1938/9744: (507, 331) -> 2193 (b'ction') has 3552 occurance
merge 1939/9744: (1136, 354) -> 2194 (b' terri') has 3551 occurance
merge 1940/9744: (272, 270) -> 2195 (b' med') has 3550 occurance
merge 1941/9744: (488, 111) -> 2196 (b' jo') has 3550 occurance
merge 1942/9744: (545, 109) -> 2197 (b' Em') has 3550 occurance
merge 1943/9744: (766, 1948) -> 2198 (b' particular') has 3548 occurance
merge 1944/9744: (285, 629) -> 2199 (b' dress') has 3547 occurance
merge 1945/9744: (525, 284) -> 2200 (b' comes') has 3547 occurance
merge 1946/9744: (269, 1254) -> 2201 (b' bene') has 3544 occurance
merge 1947/9744: (406, 298) -> 2202 (b' Com') has 3544 occurance
merge 1948/9744: (49, 56) -> 2203 (b'18') has 3543 occurance
merge 1949/9744: (276, 403) -> 2204 (b' fun') has 3540 occurance
merge 1950/9744: (365, 411) -> 2205 (b' meant') has 3540 occurance
merge 1951/9744: (272, 337) -> 2206 (b' mad') has 3534 occurance
merge 1952/9744: (309, 115) -> 2207 (b'ics') has 3534 occurance
merge 1953/9744: (289, 952) -> 2208 (b' pict') has 3533 occurance
merge 1954/9744: (105, 358) -> 2209 (b'iam') has 3528 occurance
merge 1955/9744: (285, 470) -> 2210 (b' die') has 3526 occurance
merge 1956/9744: (1728, 318) -> 2211 (b' slowly') has 3526 occurance
merge 1957/9744: (98, 448) -> 2212 (b'bers') has 3524 occurance
merge 1958/9744: (276, 423) -> 2213 (b' fight') has 3520 occurance
merge 1959/9744: (1269, 683) -> 2214 (b' build') has 3515 occurance
merge 1960/9744: (305, 448) -> 2215 (b'owers') has 3509 occurance
merge 1961/9744: (65, 80) -> 2216 (b'AP') has 3508 occurance
merge 1962/9744: (552, 101) -> 2217 (b' Re') has 3506 occurance
merge 1963/9744: (286, 270) -> 2218 (b'lled') has 3502 occurance
merge 1964/9744: (313, 1218) -> 2219 (b' elect') has 3500 occurance
merge 1965/9744: (338, 1422) -> 2220 (b' THE') has 3500 occurance
merge 1966/9744: (276, 823) -> 2221 (b' fav') has 3495 occurance
merge 1967/9744: (294, 768) -> 2222 (b' incl') has 3493 occurance
merge 1968/9744: (260, 1955) -> 2223 (b' susp') has 3491 occurance
merge 1969/9744: (417, 101) -> 2224 (b'que') has 3486 occurance
merge 1970/9744: (550, 115) -> 2225 (b' knows') has 3486 occurance
merge 1971/9744: (45, 100) -> 2226 (b'-d') has 3485 occurance
merge 1972/9744: (121, 627) -> 2227 (b'yond') has 3485 occurance
merge 1973/9744: (271, 1542) -> 2228 (b'itude') has 3484 occurance
merge 1974/9744: (459, 358) -> 2229 (b' exam') has 3476 occurance
merge 1975/9744: (1172, 968) -> 2230 (b' followed') has 3476 occurance
merge 1976/9744: (111, 585) -> 2231 (b'off') has 3475 occurance
merge 1977/9744: (103, 108) -> 2232 (b'gl') has 3471 occurance
merge 1978/9744: (73, 83) -> 2233 (b'IS') has 3470 occurance
merge 1979/9744: (285, 326) -> 2234 (b' det') has 3470 occurance
merge 1980/9744: (99, 288) -> 2235 (b'can') has 3468 occurance
merge 1981/9744: (651, 1428) -> 2236 (b' smiled') has 3466 occurance
merge 1982/9744: (801, 991) -> 2237 (b' sometimes') has 3464 occurance
merge 1983/9744: (263, 108) -> 2238 (b'rel') has 3459 occurance
merge 1984/9744: (268, 118) -> 2239 (b'erv') has 3454 occurance
merge 1985/9744: (79, 85) -> 2240 (b'OU') has 3451 occurance
merge 1986/9744: (1692, 268) -> 2241 (b' paper') has 3445 occurance
merge 1987/9744: (309, 270) -> 2242 (b'iced') has 3442 occurance
merge 1988/9744: (772, 772) -> 2243 (b'....') has 3439 occurance
merge 1989/9744: (105, 458) -> 2244 (b'iol') has 3438 occurance
merge 1990/9744: (395, 310) -> 2245 (b' sold') has 3436 occurance
merge 1991/9744: (339, 775) -> 2246 (b'\xe2\x80\x9cIt') has 3433 occurance
merge 1992/9744: (308, 619) -> 2247 (b'idence') has 3430 occurance
merge 1993/9744: (1255, 1904) -> 2248 (b' minutes') has 3430 occurance
merge 1994/9744: (788, 270) -> 2249 (b'anced') has 3428 occurance
merge 1995/9744: (574, 302) -> 2250 (b' clot') has 3427 occurance
merge 1996/9744: (261, 101) -> 2251 (b' thee') has 3422 occurance
merge 1997/9744: (272, 1268) -> 2252 (b' master') has 3420 occurance
merge 1998/9744: (263, 99) -> 2253 (b'rec') has 3419 occurance
merge 1999/9744: (295, 554) -> 2254 (b'ature') has 3418 occurance
merge 2000/9744: (443, 314) -> 2255 (b' const') has 3418 occurance
merge 2001/9744: (269, 572) -> 2256 (b' burn') has 3415 occurance
merge 2002/9744: (339, 1090) -> 2257 (b'\xe2\x80\x9cNo') has 3415 occurance
merge 2003/9744: (459, 665) -> 2258 (b' exact') has 3414 occurance
merge 2004/9744: (327, 368) -> 2259 (b'acter') has 3411 occurance
merge 2005/9744: (671, 278) -> 2260 (b'bling') has 3408 occurance
merge 2006/9744: (73, 84) -> 2261 (b'IT') has 3405 occurance
merge 2007/9744: (652, 103) -> 2262 (b' eng') has 3405 occurance
merge 2008/9744: (798, 115) -> 2263 (b' seems') has 3404 occurance
merge 2009/9744: (1682, 598) -> 2264 (b' number') has 3402 occurance
merge 2010/9744: (68, 275) -> 2265 (b'Don') has 3401 occurance
merge 2011/9744: (566, 1916) -> 2266 (b' probably') has 3401 occurance
merge 2012/9744: (99, 394) -> 2267 (b'come') has 3399 occurance
merge 2013/9744: (699, 517) -> 2268 (b'omething') has 3399 occurance
merge 2014/9744: (397, 765) -> 2269 (b' lips') has 3398 occurance
merge 2015/9744: (118, 329) -> 2270 (b'val') has 3394 occurance
merge 2016/9744: (119, 373) -> 2271 (b'will') has 3394 occurance
merge 2017/9744: (527, 277) -> 2272 (b'itten') has 3393 occurance
merge 2018/9744: (264, 1952) -> 2273 (b' ought') has 3391 occurance
merge 2019/9744: (285, 444) -> 2274 (b' dest') has 3390 occurance
merge 2020/9744: (480, 101) -> 2275 (b' Le') has 3389 occurance
merge 2021/9744: (99, 257) -> 2276 (b'che') has 3386 occurance
merge 2022/9744: (936, 271) -> 2277 (b' wait') has 3386 occurance
merge 2023/9744: (32, 312) -> 2278 (b' ve') has 3384 occurance
merge 2024/9744: (454, 1731) -> 2279 (b' view') has 3383 occurance
merge 2025/9744: (279, 475) -> 2280 (b' cast') has 3376 occurance
merge 2026/9744: (387, 265) -> 2281 (b' send') has 3375 occurance
merge 2027/9744: (1448, 134) -> 2282 (b'\xef\xac\x86') has 3372 occurance
merge 2028/9744: (2039, 423) -> 2283 (b' straight') has 3369 occurance
merge 2029/9744: (99, 451) -> 2284 (b'cum') has 3365 occurance
merge 2030/9744: (418, 427) -> 2285 (b'about') has 3362 occurance
merge 2031/9744: (48, 48) -> 2286 (b'00') has 3361 occurance
merge 2032/9744: (367, 110) -> 2287 (b' isn') has 3355 occurance
merge 2033/9744: (338, 298) -> 2288 (b' Tom') has 3354 occurance
merge 2034/9744: (872, 111) -> 2289 (b'who') has 3354 occurance
merge 2035/9744: (363, 335) -> 2290 (b' Sir') has 3353 occurance
merge 2036/9744: (303, 1570) -> 2291 (b' green') has 3348 occurance
merge 2037/9744: (1703, 503) -> 2292 (b' beside') has 3347 occurance
merge 2038/9744: (313, 301) -> 2293 (b' ele') has 3345 occurance
merge 2039/9744: (633, 309) -> 2294 (b' offic') has 3344 occurance
merge 2040/9744: (478, 385) -> 2295 (b' worth') has 3343 occurance
merge 2041/9744: (109, 97) -> 2296 (b'ma') has 3341 occurance
merge 2042/9744: (1566, 1864) -> 2297 (b' beautiful') has 3339 occurance
merge 2043/9744: (299, 286) -> 2298 (b' hall') has 3336 occurance
merge 2044/9744: (45, 121) -> 2299 (b'-y') has 3335 occurance
merge 2045/9744: (1644, 316) -> 2300 (b' horse') has 3335 occurance
merge 2046/9744: (289, 1826) -> 2301 (b' public') has 3333 occurance
merge 2047/9744: (354, 658) -> 2302 (b'riage') has 3333 occurance
merge 2048/9744: (63, 939) -> 2303 (b'?\xe2\x80\x99\n') has 3331 occurance
merge 2049/9744: (282, 580) -> 2304 (b'ories') has 3331 occurance
merge 2050/9744: (1109, 515) -> 2305 (b' change') has 3331 occurance
merge 2051/9744: (279, 1036) -> 2306 (b' caught') has 3330 occurance
merge 2052/9744: (285, 1630) -> 2307 (b' daughter') has 3327 occurance
merge 2053/9744: (49, 53) -> 2308 (b'15') has 3324 occurance
merge 2054/9744: (425, 427) -> 2309 (b' shout') has 3324 occurance
merge 2055/9744: (365, 263) -> 2310 (b' mere') has 3320 occurance
merge 2056/9744: (276, 369) -> 2311 (b' fif') has 3318 occurance
merge 2057/9744: (299, 116) -> 2312 (b' hat') has 3315 occurance
merge 2058/9744: (390, 270) -> 2313 (b'essed') has 3313 occurance
merge 2059/9744: (395, 99) -> 2314 (b' soc') has 3310 occurance
merge 2060/9744: (273, 102) -> 2315 (b'isf') has 3308 occurance
merge 2061/9744: (745, 1676) -> 2316 (b' appeared') has 3307 occurance
merge 2062/9744: (105, 105) -> 2317 (b'ii') has 3306 occurance
merge 2063/9744: (386, 726) -> 2318 (b' kiss') has 3303 occurance
merge 2064/9744: (418, 121) -> 2319 (b'aby') has 3299 occurance
merge 2065/9744: (504, 610) -> 2320 (b' therefore') has 3295 occurance
merge 2066/9744: (1056, 109) -> 2321 (b' warm') has 3291 occurance
merge 2067/9744: (79, 102) -> 2322 (b'Of') has 3290 occurance
merge 2068/9744: (106, 421) -> 2323 (b'just') has 3289 occurance
merge 2069/9744: (280, 114) -> 2324 (b' tor') has 3288 occurance
merge 2070/9744: (354, 284) -> 2325 (b'ries') has 3288 occurance
merge 2071/9744: (414, 336) -> 2326 (b' With') has 3285 occurance
merge 2072/9744: (271, 329) -> 2327 (b'ital') has 3282 occurance
merge 2073/9744: (339, 1270) -> 2328 (b'\xe2\x80\x9cYes') has 3281 occurance
merge 2074/9744: (374, 278) -> 2329 (b'ching') has 3281 occurance
merge 2075/9744: (824, 110) -> 2330 (b'ogn') has 3278 occurance
merge 2076/9744: (105, 802) -> 2331 (b'ipped') has 3276 occurance
merge 2077/9744: (442, 277) -> 2332 (b'arden') has 3275 occurance
merge 2078/9744: (100, 275) -> 2333 (b'don') has 3269 occurance
merge 2079/9744: (984, 650) -> 2334 (b' entire') has 3268 occurance
merge 2080/9744: (99, 771) -> 2335 (b'cons') has 3264 occurance
merge 2081/9744: (1294, 2098) -> 2336 (b' laughed') has 3255 occurance
merge 2082/9744: (1598, 270) -> 2337 (b' pulled') has 3254 occurance
merge 2083/9744: (32, 307) -> 2338 (b' ut') has 3253 occurance
merge 2084/9744: (364, 622) -> 2339 (b' After') has 3251 occurance
merge 2085/9744: (414, 104) -> 2340 (b' Wh') has 3250 occurance
merge 2086/9744: (499, 1088) -> 2341 (b' manner') has 3250 occurance
merge 2087/9744: (256, 415) -> 2342 (b' tem') has 3246 occurance
merge 2088/9744: (111, 318) -> 2343 (b'oly') has 3245 occurance
merge 2089/9744: (278, 318) -> 2344 (b'ingly') has 3242 occurance
merge 2090/9744: (364, 2078) -> 2345 (b' Americ') has 3242 occurance
merge 2091/9744: (342, 354) -> 2346 (b' stri') has 3241 occurance
merge 2092/9744: (107, 284) -> 2347 (b'kes') has 3237 occurance
merge 2093/9744: (360, 315) -> 2348 (b' anim') has 3237 occurance
merge 2094/9744: (1131, 121) -> 2349 (b' sky') has 3237 occurance
merge 2095/9744: (41, 10) -> 2350 (b')\n') has 3236 occurance
merge 2096/9744: (262, 683) -> 2351 (b' wild') has 3235 occurance
merge 2097/9744: (1513, 471) -> 2352 (b' respect') has 3235 occurance
merge 2098/9744: (49, 52) -> 2353 (b'14') has 3233 occurance
merge 2099/9744: (269, 638) -> 2354 (b' bright') has 3232 occurance
merge 2100/9744: (272, 724) -> 2355 (b' mount') has 3232 occurance
merge 2101/9744: (956, 270) -> 2356 (b'uced') has 3231 occurance
merge 2102/9744: (1066, 573) -> 2357 (b' suppose') has 3228 occurance
merge 2103/9744: (260, 2010) -> 2358 (b' sorry') has 3227 occurance
merge 2104/9744: (1304, 270) -> 2359 (b'tended') has 3227 occurance
merge 2105/9744: (298, 288) -> 2360 (b'oman') has 3226 occurance
merge 2106/9744: (258, 515) -> 2361 (b' age') has 3225 occurance
merge 2107/9744: (332, 110) -> 2362 (b'vern') has 3218 occurance
merge 2108/9744: (104, 670) -> 2363 (b'hold') has 3217 occurance
merge 2109/9744: (308, 515) -> 2364 (b'idge') has 3215 occurance
merge 2110/9744: (477, 329) -> 2365 (b' deal') has 3212 occurance
merge 2111/9744: (1074, 1663) -> 2366 (b' consider') has 3212 occurance
merge 2112/9744: (501, 114) -> 2367 (b' Dr') has 3207 occurance
merge 2113/9744: (109, 726) -> 2368 (b'miss') has 3206 occurance
merge 2114/9744: (345, 116) -> 2369 (b' fort') has 3203 occurance
merge 2115/9744: (358, 270) -> 2370 (b'amed') has 3203 occurance
merge 2116/9744: (626, 277) -> 2371 (b'been') has 3202 occurance
merge 2117/9744: (65, 76) -> 2372 (b'AL') has 3201 occurance
merge 2118/9744: (65, 84) -> 2373 (b'AT') has 3201 occurance
merge 2119/9744: (387, 467) -> 2374 (b' self') has 3198 occurance
merge 2120/9744: (461, 101) -> 2375 (b'ope') has 3195 occurance
merge 2121/9744: (525, 590) -> 2376 (b' compl') has 3193 occurance
merge 2122/9744: (1506, 326) -> 2377 (b' sweet') has 3192 occurance
merge 2123/9744: (655, 1171) -> 2378 (b' disapp') has 3185 occurance
merge 2124/9744: (1382, 271) -> 2379 (b' visit') has 3184 occurance
merge 2125/9744: (319, 398) -> 2380 (b' thus') has 3172 occurance
merge 2126/9744: (1698, 318) -> 2381 (b' quickly') has 3172 occurance
merge 2127/9744: (563, 316) -> 2382 (b' rose') has 3170 occurance
merge 2128/9744: (406, 275) -> 2383 (b' Con') has 3168 occurance
merge 2129/9744: (1574, 1527) -> 2384 (b' continued') has 3166 occurance
merge 2130/9744: (758, 515) -> 2385 (b'ledge') has 3164 occurance
merge 2131/9744: (684, 1138) -> 2386 (b' princ') has 3160 occurance
merge 2132/9744: (115, 1033) -> 2387 (b'said') has 3159 occurance
merge 2133/9744: (425, 827) -> 2388 (b' shook') has 3158 occurance
merge 2134/9744: (734, 423) -> 2389 (b' slight') has 3158 occurance
merge 2135/9744: (1087, 275) -> 2390 (b' common') has 3158 occurance
merge 2136/9744: (1685, 121) -> 2391 (b' copy') has 3158 occurance
merge 2137/9744: (335, 109) -> 2392 (b'irm') has 3157 occurance
merge 2138/9744: (454, 458) -> 2393 (b' vol') has 3157 occurance
merge 2139/9744: (372, 337) -> 2394 (b' Mad') has 3156 occurance
merge 2140/9744: (67, 104) -> 2395 (b'Ch') has 3154 occurance
merge 2141/9744: (446, 115) -> 2396 (b'ours') has 3146 occurance
merge 2142/9744: (514, 10) -> 2397 (b'\xe2\x80\x94\n') has 3146 occurance
merge 2143/9744: (97, 106) -> 2398 (b'aj') has 3145 occurance
merge 2144/9744: (1315, 270) -> 2399 (b' added') has 3145 occurance
merge 2145/9744: (115, 109) -> 2400 (b'sm') has 3143 occurance
merge 2146/9744: (106, 681) -> 2401 (b'joy') has 3141 occurance
merge 2147/9744: (666, 1029) -> 2402 (b' accept') has 3141 occurance
merge 2148/9744: (306, 2227) -> 2403 (b' beyond') has 3140 occurance
merge 2149/9744: (99, 284) -> 2404 (b'ces') has 3138 occurance
merge 2150/9744: (455, 270) -> 2405 (b'ounded') has 3132 occurance
merge 2151/9744: (1112, 1752) -> 2406 (b' diffic') has 3129 occurance
merge 2152/9744: (99, 266) -> 2407 (b'cha') has 3128 occurance
merge 2153/9744: (111, 584) -> 2408 (b'oved') has 3128 occurance
merge 2154/9744: (61, 61) -> 2409 (b'==') has 3125 occurance
merge 2155/9744: (1198, 282) -> 2410 (b'uthor') has 3123 occurance
merge 2156/9744: (350, 1551) -> 2411 (b' week') has 3122 occurance
merge 2157/9744: (497, 288) -> 2412 (b' lean') has 3120 occurance
merge 2158/9744: (810, 918) -> 2413 (b'ossible') has 3116 occurance
merge 2159/9744: (279, 267) -> 2414 (b' cou') has 3114 occurance
merge 2160/9744: (65, 286) -> 2415 (b'All') has 3111 occurance
merge 2161/9744: (276, 962) -> 2416 (b' fool') has 3110 occurance
merge 2162/9744: (438, 290) -> 2417 (b' Par') has 3110 occurance
merge 2163/9744: (462, 898) -> 2418 (b' nodd') has 3110 occurance
merge 2164/9744: (65, 110) -> 2419 (b'An') has 3109 occurance
merge 2165/9744: (406, 290) -> 2420 (b' Car') has 3105 occurance
merge 2166/9744: (574, 1132) -> 2421 (b' closed') has 3105 occurance
merge 2167/9744: (285, 1673) -> 2422 (b' danger') has 3104 occurance
merge 2168/9744: (101, 282) -> 2423 (b'eor') has 3100 occurance
merge 2169/9744: (259, 278) -> 2424 (b'ining') has 3100 occurance
merge 2170/9744: (295, 257) -> 2425 (b'athe') has 3094 occurance
merge 2171/9744: (894, 471) -> 2426 (b' expect') has 3093 occurance
merge 2172/9744: (259, 121) -> 2427 (b'iny') has 3091 occurance
merge 2173/9744: (355, 110) -> 2428 (b' hadn') has 3091 occurance
merge 2174/9744: (101, 496) -> 2429 (b'even') has 3090 occurance
merge 2175/9744: (107, 121) -> 2430 (b'ky') has 3087 occurance
merge 2176/9744: (545, 108) -> 2431 (b' El') has 3087 occurance
merge 2177/9744: (87, 336) -> 2432 (b'With') has 3081 occurance
merge 2178/9744: (344, 115) -> 2433 (b'urs') has 3081 occurance
merge 2179/9744: (285, 731) -> 2434 (b' died') has 3080 occurance
merge 2180/9744: (397, 584) -> 2435 (b' lived') has 3078 occurance
merge 2181/9744: (45, 374) -> 2436 (b'-ch') has 3077 occurance
merge 2182/9744: (97, 105) -> 2437 (b'ai') has 3074 occurance
merge 2183/9744: (311, 452) -> 2438 (b' yell') has 3074 occurance
merge 2184/9744: (1083, 115) -> 2439 (b' girls') has 3073 occurance
merge 2185/9744: (98, 278) -> 2440 (b'bing') has 3071 occurance
merge 2186/9744: (559, 277) -> 2441 (b'teen') has 3066 occurance
merge 2187/9744: (959, 522) -> 2442 (b' empt') has 3066 occurance
merge 2188/9744: (369, 731) -> 2443 (b'ified') has 3063 occurance
merge 2189/9744: (258, 118) -> 2444 (b' av') has 3061 occurance
merge 2190/9744: (257, 108) -> 2445 (b'hel') has 3056 occurance
merge 2191/9744: (292, 270) -> 2446 (b' led') has 3051 occurance
merge 2192/9744: (1546, 471) -> 2447 (b' effect') has 3050 occurance
merge 2193/9744: (425, 307) -> 2448 (b' shut') has 3049 occurance
merge 2194/9744: (480, 326) -> 2449 (b' Let') has 3046 occurance
merge 2195/9744: (1908, 559) -> 2450 (b' complete') has 3045 occurance
merge 2196/9744: (46, 39) -> 2451 (b".'") has 3042 occurance
merge 2197/9744: (1379, 318) -> 2452 (b'imply') has 3042 occurance
merge 2198/9744: (262, 1900) -> 2453 (b' watched') has 3040 occurance
merge 2199/9744: (49, 50) -> 2454 (b'12') has 3037 occurance
merge 2200/9744: (1811, 284) -> 2455 (b' trees') has 3037 occurance
merge 2201/9744: (259, 693) -> 2456 (b'inary') has 3034 occurance
merge 2202/9744: (626, 382) -> 2457 (b'bered') has 3034 occurance
merge 2203/9744: (316, 116) -> 2458 (b'set') has 3033 occurance
merge 2204/9744: (542, 632) -> 2459 (b' looks') has 3033 occurance
merge 2205/9744: (285, 866) -> 2460 (b' div') has 3030 occurance
merge 2206/9744: (1543, 329) -> 2461 (b' general') has 3025 occurance
merge 2207/9744: (292, 337) -> 2462 (b' lad') has 3024 occurance
merge 2208/9744: (636, 2013) -> 2463 (b' immedi') has 3024 occurance
merge 2209/9744: (327, 434) -> 2464 (b'acked') has 3023 occurance
merge 2210/9744: (276, 475) -> 2465 (b' fast') has 3020 occurance
merge 2211/9744: (49, 55) -> 2466 (b'17') has 3016 occurance
merge 2212/9744: (49, 51) -> 2467 (b'13') has 3010 occurance
merge 2213/9744: (1058, 724) -> 2468 (b' account') has 3008 occurance
merge 2214/9744: (72, 273) -> 2469 (b'His') has 3005 occurance
merge 2215/9744: (103, 288) -> 2470 (b'gan') has 3005 occurance
merge 2216/9744: (260, 329) -> 2471 (b' sal') has 3005 occurance
merge 2217/9744: (1925, 424) -> 2472 (b'itchen') has 3004 occurance
merge 2218/9744: (345, 385) -> 2473 (b' forth') has 2996 occurance
merge 2219/9744: (107, 110) -> 2474 (b'kn') has 2995 occurance
merge 2220/9744: (105, 277) -> 2475 (b'ien') has 2994 occurance
merge 2221/9744: (279, 709) -> 2476 (b' cause') has 2994 occurance
merge 2222/9744: (674, 115) -> 2477 (b'ips') has 2992 occurance
merge 2223/9744: (313, 423) -> 2478 (b' eight') has 2991 occurance
merge 2224/9744: (99, 485) -> 2479 (b'chan') has 2990 occurance
merge 2225/9744: (102, 268) -> 2480 (b'fer') has 2989 occurance
merge 2226/9744: (328, 626) -> 2481 (b'aybe') has 2989 occurance
merge 2227/9744: (295, 282) -> 2482 (b'ator') has 2986 occurance
merge 2228/9744: (454, 329) -> 2483 (b' val') has 2986 occurance
merge 2229/9744: (1903, 268) -> 2484 (b' corner') has 2986 occurance
merge 2230/9744: (111, 275) -> 2485 (b'oon') has 2984 occurance
merge 2231/9744: (850, 115) -> 2486 (b'hys') has 2984 occurance
merge 2232/9744: (791, 112) -> 2487 (b' desp') has 2982 occurance
merge 2233/9744: (1009, 599) -> 2488 (b' drink') has 2982 occurance
merge 2234/9744: (4, 10) -> 2489 (b'\x04\n') has 2981 occurance
merge 2235/9744: (400, 117) -> 2490 (b' ru') has 2979 occurance
merge 2236/9744: (46, 321) -> 2491 (b'.\xe2\x80\x99') has 2978 occurance
merge 2237/9744: (443, 1079) -> 2492 (b' convers') has 2976 occurance
merge 2238/9744: (1933, 623) -> 2493 (b' trouble') has 2976 occurance
merge 2239/9744: (454, 290) -> 2494 (b' var') has 2973 occurance
merge 2240/9744: (97, 522) -> 2495 (b'apt') has 2971 occurance
merge 2241/9744: (32, 88) -> 2496 (b' X') has 2970 occurance
merge 2242/9744: (363, 394) -> 2497 (b' Some') has 2969 occurance
merge 2243/9744: (276, 466) -> 2498 (b' food') has 2961 occurance
merge 2244/9744: (118, 458) -> 2499 (b'vol') has 2960 occurance
merge 2245/9744: (273, 331) -> 2500 (b'ision') has 2960 occurance
merge 2246/9744: (651, 452) -> 2501 (b' smell') has 2959 occurance
merge 2247/9744: (363, 99) -> 2502 (b' Sc') has 2958 occurance
merge 2248/9744: (103, 117) -> 2503 (b'gu') has 2955 occurance
merge 2249/9744: (296, 265) -> 2504 (b' Ind') has 2955 occurance
merge 2250/9744: (76, 69) -> 2505 (b'LE') has 2950 occurance
merge 2251/9744: (1906, 271) -> 2506 (b' spirit') has 2950 occurance
merge 2252/9744: (112, 573) -> 2507 (b'pose') has 2949 occurance
merge 2253/9744: (441, 330) -> 2508 (b'resent') has 2948 occurance
merge 2254/9744: (684, 328) -> 2509 (b' pray') has 2948 occurance
merge 2255/9744: (114, 282) -> 2510 (b'ror') has 2946 occurance
merge 2256/9744: (472, 112) -> 2511 (b'osp') has 2945 occurance
merge 2257/9744: (1136, 932) -> 2512 (b' terms') has 2945 occurance
merge 2258/9744: (97, 585) -> 2513 (b'aff') has 2943 occurance
merge 2259/9744: (337, 270) -> 2514 (b'aded') has 2940 occurance
merge 2260/9744: (412, 110) -> 2515 (b'then') has 2936 occurance
merge 2261/9744: (292, 369) -> 2516 (b' lif') has 2931 occurance
merge 2262/9744: (628, 114) -> 2517 (b' shar') has 2931 occurance
merge 2263/9744: (112, 263) -> 2518 (b'pre') has 2930 occurance
merge 2264/9744: (297, 447) -> 2519 (b' none') has 2926 occurance
merge 2265/9744: (32, 321) -> 2520 (b' \xe2\x80\x99') has 2925 occurance
merge 2266/9744: (116, 547) -> 2521 (b'time') has 2925 occurance
merge 2267/9744: (279, 491) -> 2522 (b' cry') has 2924 occurance
merge 2268/9744: (1640, 102) -> 2523 (b'rief') has 2924 occurance
merge 2269/9744: (267, 112) -> 2524 (b'oup') has 2923 occurance
merge 2270/9744: (1755, 448) -> 2525 (b' fingers') has 2920 occurance
merge 2271/9744: (398, 331) -> 2526 (b'usion') has 2919 occurance
merge 2272/9744: (943, 101) -> 2527 (b' repe') has 2917 occurance
merge 2273/9744: (340, 116) -> 2528 (b' hist') has 2915 occurance
merge 2274/9744: (1362, 554) -> 2529 (b' pleasure') has 2915 occurance
merge 2275/9744: (276, 1432) -> 2530 (b' field') has 2911 occurance
merge 2276/9744: (545, 469) -> 2531 (b' Every') has 2911 occurance
merge 2277/9744: (663, 772) -> 2532 (b' ...') has 2911 occurance
merge 2278/9744: (863, 2180) -> 2533 (b' crowd') has 2907 occurance
merge 2279/9744: (271, 689) -> 2534 (b'itions') has 2905 occurance
merge 2280/9744: (702, 117) -> 2535 (b'angu') has 2905 occurance
merge 2281/9744: (260, 668) -> 2536 (b' sick') has 2903 occurance
merge 2282/9744: (98, 456) -> 2537 (b'back') has 2901 occurance
merge 2283/9744: (342, 263) -> 2538 (b' stre') has 2900 occurance
merge 2284/9744: (397, 101) -> 2539 (b' lie') has 2898 occurance
merge 2285/9744: (360, 110) -> 2540 (b' ann') has 2897 occurance
merge 2286/9744: (272, 375) -> 2541 (b' main') has 2896 occurance
merge 2287/9744: (723, 115) -> 2542 (b'wards') has 2896 occurance
merge 2288/9744: (364, 109) -> 2543 (b' Am') has 2895 occurance
merge 2289/9744: (552, 111) -> 2544 (b' Ro') has 2893 occurance
merge 2290/9744: (737, 278) -> 2545 (b' King') has 2892 occurance
merge 2291/9744: (773, 337) -> 2546 (b' glad') has 2891 occurance
merge 2292/9744: (1087, 377) -> 2547 (b' command') has 2890 occurance
merge 2293/9744: (114, 328) -> 2548 (b'ray') has 2889 occurance
merge 2294/9744: (2077, 121) -> 2549 (b' heavy') has 2888 occurance
merge 2295/9744: (1419, 107) -> 2550 (b' neck') has 2887 occurance
merge 2296/9744: (1349, 275) -> 2551 (b'noon') has 2886 occurance
merge 2297/9744: (1060, 817) -> 2552 (b' please') has 2885 occurance
merge 2298/9744: (289, 329) -> 2553 (b' pal') has 2882 occurance
merge 2299/9744: (101, 469) -> 2554 (b'every') has 2881 occurance
merge 2300/9744: (419, 639) -> 2555 (b' super') has 2881 occurance
merge 2301/9744: (934, 318) -> 2556 (b' early') has 2880 occurance
merge 2302/9744: (256, 828) -> 2557 (b' tears') has 2878 occurance
merge 2303/9744: (97, 310) -> 2558 (b'ald') has 2872 occurance
merge 2304/9744: (1600, 118) -> 2559 (b' priv') has 2871 occurance
merge 2305/9744: (289, 534) -> 2560 (b' post') has 2870 occurance
merge 2306/9744: (402, 375) -> 2561 (b'again') has 2870 occurance
merge 2307/9744: (273, 517) -> 2562 (b'ishing') has 2869 occurance
merge 2308/9744: (510, 318) -> 2563 (b'ively') has 2868 occurance
merge 2309/9744: (45, 119) -> 2564 (b'-w') has 2867 occurance
merge 2310/9744: (259, 507) -> 2565 (b'inct') has 2867 occurance
merge 2311/9744: (339, 1343) -> 2566 (b'\xe2\x80\x9cOh') has 2866 occurance
merge 2312/9744: (1353, 584) -> 2567 (b' loved') has 2860 occurance
merge 2313/9744: (122, 122) -> 2568 (b'zz') has 2858 occurance
merge 2314/9744: (1000, 318) -> 2569 (b'ibly') has 2855 occurance
merge 2315/9744: (314, 466) -> 2570 (b'stood') has 2854 occurance
merge 2316/9744: (441, 104) -> 2571 (b'resh') has 2854 occurance
merge 2317/9744: (555, 70) -> 2572 (b' OF') has 2852 occurance
merge 2318/9744: (263, 121) -> 2573 (b'rey') has 2851 occurance
merge 2319/9744: (269, 1773) -> 2574 (b' books') has 2849 occurance
merge 2320/9744: (1342, 301) -> 2575 (b'attle') has 2849 occurance
merge 2321/9744: (633, 557) -> 2576 (b' office') has 2847 occurance
merge 2322/9744: (266, 389) -> 2577 (b'happ') has 2846 occurance
merge 2323/9744: (375, 278) -> 2578 (b'aining') has 2845 occurance
merge 2324/9744: (121, 446) -> 2579 (b'your') has 2842 occurance
merge 2325/9744: (114, 494) -> 2580 (b'rough') has 2841 occurance
merge 2326/9744: (1309, 971) -> 2581 (b' running') has 2841 occurance
merge 2327/9744: (1534, 121) -> 2582 (b' easy') has 2841 occurance
merge 2328/9744: (97, 637) -> 2583 (b'awn') has 2839 occurance
merge 2329/9744: (99, 114) -> 2584 (b'cr') has 2831 occurance
merge 2330/9744: (276, 874) -> 2585 (b' fail') has 2830 occurance
merge 2331/9744: (389, 268) -> 2586 (b'pper') has 2828 occurance
merge 2332/9744: (1105, 444) -> 2587 (b'ggest') has 2827 occurance
merge 2333/9744: (789, 374) -> 2588 (b'rench') has 2826 occurance
merge 2334/9744: (258, 1386) -> 2589 (b' apart') has 2815 occurance
merge 2335/9744: (299, 680) -> 2590 (b' hang') has 2814 occurance
merge 2336/9744: (339, 83) -> 2591 (b'\xe2\x80\x9cS') has 2813 occurance
merge 2337/9744: (443, 118) -> 2592 (b' conv') has 2813 occurance
merge 2338/9744: (1587, 309) -> 2593 (b'ronic') has 2811 occurance
merge 2339/9744: (285, 358) -> 2594 (b' dam') has 2804 occurance
merge 2340/9744: (273, 284) -> 2595 (b'ises') has 2803 occurance
merge 2341/9744: (788, 121) -> 2596 (b'ancy') has 2800 occurance
merge 2342/9744: (1109, 356) -> 2597 (b' chance') has 2794 occurance
merge 2343/9744: (1103, 115) -> 2598 (b' boys') has 2790 occurance
merge 2344/9744: (76, 326) -> 2599 (b'Let') has 2789 occurance
merge 2345/9744: (117, 356) -> 2600 (b'uce') has 2789 occurance
merge 2346/9744: (1067, 330) -> 2601 (b' silent') has 2789 occurance
merge 2347/9744: (103, 121) -> 2602 (b'gy') has 2787 occurance
merge 2348/9744: (279, 263) -> 2603 (b' cre') has 2786 occurance
merge 2349/9744: (492, 1147) -> 2604 (b'raph') has 2785 occurance
merge 2350/9744: (353, 493) -> 2605 (b'ooking') has 2782 occurance
merge 2351/9744: (333, 1802) -> 2606 (b' received') has 2779 occurance
merge 2352/9744: (1549, 1106) -> 2607 (b' raised') has 2779 occurance
merge 2353/9744: (1625, 301) -> 2608 (b' single') has 2779 occurance
merge 2354/9744: (104, 466) -> 2609 (b'hood') has 2777 occurance
merge 2355/9744: (563, 567) -> 2610 (b' rock') has 2776 occurance
merge 2356/9744: (725, 567) -> 2611 (b' pock') has 2773 occurance
merge 2357/9744: (944, 112) -> 2612 (b'exp') has 2768 occurance
merge 2358/9744: (121, 115) -> 2613 (b'ys') has 2767 occurance
merge 2359/9744: (402, 268) -> 2614 (b'ager') has 2762 occurance
merge 2360/9744: (105, 441) -> 2615 (b'ires') has 2761 occurance
merge 2361/9744: (1366, 2135) -> 2616 (b' occasion') has 2761 occurance
merge 2362/9744: (345, 356) -> 2617 (b' force') has 2760 occurance
merge 2363/9744: (768, 1792) -> 2618 (b'claim') has 2760 occurance
merge 2364/9744: (1299, 305) -> 2619 (b' fellow') has 2760 occurance
merge 2365/9744: (363, 101) -> 2620 (b' Se') has 2759 occurance
merge 2366/9744: (431, 1045) -> 2621 (b' neither') has 2759 occurance
merge 2367/9744: (363, 104) -> 2622 (b' Sh') has 2758 occurance
merge 2368/9744: (938, 116) -> 2623 (b' court') has 2758 occurance
merge 2369/9744: (454, 373) -> 2624 (b' vill') has 2757 occurance
merge 2370/9744: (105, 451) -> 2625 (b'ium') has 2756 occurance
merge 2371/9744: (272, 1403) -> 2626 (b' mention') has 2755 occurance
merge 2372/9744: (419, 1057) -> 2627 (b' succ') has 2754 occurance
merge 2373/9744: (63, 1041) -> 2628 (b"?'\n") has 2753 occurance
merge 2374/9744: (759, 100) -> 2629 (b'hard') has 2753 occurance
merge 2375/9744: (1086, 120) -> 2630 (b' box') has 2753 occurance
merge 2376/9744: (342, 447) -> 2631 (b' stone') has 2750 occurance
merge 2377/9744: (414, 452) -> 2632 (b' Well') has 2743 occurance
merge 2378/9744: (297, 557) -> 2633 (b' nice') has 2739 occurance
merge 2379/9744: (356, 510) -> 2634 (b'ceive') has 2739 occurance
merge 2380/9744: (691, 290) -> 2635 (b' scar') has 2739 occurance
merge 2381/9744: (87, 104) -> 2636 (b'Wh') has 2735 occurance
merge 2382/9744: (115, 266) -> 2637 (b'sha') has 2734 occurance
merge 2383/9744: (578, 578) -> 2638 (b'----') has 2734 occurance
merge 2384/9744: (1880, 115) -> 2639 (b' months') has 2734 occurance
merge 2385/9744: (258, 2410) -> 2640 (b' author') has 2730 occurance
merge 2386/9744: (451, 101) -> 2641 (b'ume') has 2730 occurance
merge 2387/9744: (0, 119) -> 2642 (b'\x00w') has 2723 occurance
merge 2388/9744: (109, 259) -> 2643 (b'min') has 2723 occurance
merge 2389/9744: (259, 409) -> 2644 (b'into') has 2722 occurance
merge 2390/9744: (311, 101) -> 2645 (b' ye') has 2720 occurance
merge 2391/9744: (438, 101) -> 2646 (b' Pe') has 2720 occurance
merge 2392/9744: (32, 268) -> 2647 (b' er') has 2717 occurance
merge 2393/9744: (391, 121) -> 2648 (b' By') has 2715 occurance
merge 2394/9744: (1276, 561) -> 2649 (b' finally') has 2715 occurance
merge 2395/9744: (2250, 818) -> 2650 (b' clothes') has 2714 occurance
merge 2396/9744: (2020, 1088) -> 2651 (b' dinner') has 2713 occurance
merge 2397/9744: (606, 278) -> 2652 (b' seeing') has 2712 occurance
merge 2398/9744: (1866, 2009) -> 2653 (b' English') has 2711 occurance
merge 2399/9744: (2418, 270) -> 2654 (b' nodded') has 2711 occurance
merge 2400/9744: (99, 916) -> 2655 (b'cont') has 2707 occurance
merge 2401/9744: (459, 450) -> 2656 (b' exist') has 2707 occurance
merge 2402/9744: (306, 290) -> 2657 (b' bear') has 2706 occurance
merge 2403/9744: (87, 1418) -> 2658 (b'Who') has 2705 occurance
merge 2404/9744: (274, 166) -> 2659 (b'\xe2\x80\xa6') has 2705 occurance
merge 2405/9744: (339, 1364) -> 2660 (b'\xe2\x80\x9cWell') has 2705 occurance
merge 2406/9744: (700, 512) -> 2661 (b' peace') has 2703 occurance
merge 2407/9744: (1690, 540) -> 2662 (b' further') has 2702 occurance
merge 2408/9744: (899, 767) -> 2663 (b' carried') has 2700 occurance
merge 2409/9744: (267, 382) -> 2664 (b'oured') has 2699 occurance
merge 2410/9744: (386, 2472) -> 2665 (b' kitchen') has 2699 occurance
merge 2411/9744: (119, 753) -> 2666 (b'wise') has 2696 occurance
merge 2412/9744: (271, 439) -> 2667 (b'itation') has 2696 occurance
merge 2413/9744: (104, 776) -> 2668 (b'house') has 2693 occurance
merge 2414/9744: (1885, 2216) -> 2669 (b'CHAP') has 2693 occurance
merge 2415/9744: (438, 268) -> 2670 (b' Per') has 2692 occurance
merge 2416/9744: (822, 1168) -> 2671 (b' company') has 2691 occurance
merge 2417/9744: (1636, 2138) -> 2672 (b' escap') has 2690 occurance
merge 2418/9744: (1618, 115) -> 2673 (b' legs') has 2689 occurance
merge 2419/9744: (99, 446) -> 2674 (b'cour') has 2688 occurance
merge 2420/9744: (264, 671) -> 2675 (b' obl') has 2688 occurance
merge 2421/9744: (2, 27) -> 2676 (b'\x02\x1b') has 2687 occurance
merge 2422/9744: (315, 330) -> 2677 (b'iment') has 2684 occurance
merge 2423/9744: (0, 118) -> 2678 (b'\x00v') has 2683 occurance
merge 2424/9744: (666, 417) -> 2679 (b' acqu') has 2683 occurance
merge 2425/9744: (272, 2173) -> 2680 (b' middle') has 2679 occurance
merge 2426/9744: (260, 2452) -> 2681 (b' simply') has 2675 occurance
merge 2427/9744: (289, 277) -> 2682 (b' pen') has 2674 occurance
merge 2428/9744: (1127, 1656) -> 2683 (b' instead') has 2673 occurance
merge 2429/9744: (109, 112) -> 2684 (b'mp') has 2672 occurance
merge 2430/9744: (458, 1220) -> 2685 (b'olute') has 2671 occurance
merge 2431/9744: (1031, 1403) -> 2686 (b' attention') has 2671 occurance
merge 2432/9744: (1017, 116) -> 2687 (b' sett') has 2670 occurance
merge 2433/9744: (115, 121) -> 2688 (b'sy') has 2667 occurance
merge 2434/9744: (269, 556) -> 2689 (b' bare') has 2667 occurance
merge 2435/9744: (407, 1986) -> 2690 (b' doctor') has 2662 occurance
merge 2436/9744: (894, 1758) -> 2691 (b' expression') has 2661 occurance
merge 2437/9744: (263, 103) -> 2692 (b'reg') has 2657 occurance
merge 2438/9744: (343, 100) -> 2693 (b'rod') has 2655 occurance
merge 2439/9744: (371, 104) -> 2694 (b'ech') has 2655 occurance
merge 2440/9744: (292, 418) -> 2695 (b' lab') has 2653 occurance
merge 2441/9744: (32, 625) -> 2696 (b' \xef\xbf\xbd') has 2652 occurance
merge 2442/9744: (34, 922) -> 2697 (b'"What') has 2651 occurance
merge 2443/9744: (706, 268) -> 2698 (b' shoulder') has 2650 occurance
merge 2444/9744: (299, 314) -> 2699 (b' hast') has 2648 occurance
merge 2445/9744: (1158, 318) -> 2700 (b' hardly') has 2648 occurance
merge 2446/9744: (101, 329) -> 2701 (b'eal') has 2647 occurance
merge 2447/9744: (400, 375) -> 2702 (b' rain') has 2645 occurance
merge 2448/9744: (684, 665) -> 2703 (b' pract') has 2645 occurance
merge 2449/9744: (523, 270) -> 2704 (b'orted') has 2644 occurance
merge 2450/9744: (102, 512) -> 2705 (b'face') has 2643 occurance
merge 2451/9744: (586, 290) -> 2706 (b' quar') has 2643 occurance
merge 2452/9744: (288, 374) -> 2707 (b'anch') has 2642 occurance
merge 2453/9744: (92, 39) -> 2708 (b"\\'") has 2639 occurance
merge 2454/9744: (280, 109) -> 2709 (b' tom') has 2639 occurance
merge 2455/9744: (1325, 278) -> 2710 (b' holding') has 2637 occurance
merge 2456/9744: (319, 668) -> 2711 (b' thick') has 2636 occurance
merge 2457/9744: (272, 390) -> 2712 (b' mess') has 2635 occurance
merge 2458/9744: (72, 268) -> 2713 (b'Her') has 2632 occurance
merge 2459/9744: (328, 115) -> 2714 (b'ays') has 2632 occurance
merge 2460/9744: (364, 100) -> 2715 (b' Ad') has 2631 occurance
merge 2461/9744: (87, 591) -> 2716 (b'Where') has 2629 occurance
merge 2462/9744: (2669, 1982) -> 2717 (b'CHAPTER') has 2629 occurance
merge 2463/9744: (345, 888) -> 2718 (b' forget') has 2628 occurance
merge 2464/9744: (276, 963) -> 2719 (b' fix') has 2624 occurance
merge 2465/9744: (1346, 1464) -> 2720 (b' broken') has 2623 occurance
merge 2466/9744: (101, 284) -> 2721 (b'ees') has 2622 occurance
merge 2467/9744: (1449, 522) -> 2722 (b' capt') has 2622 occurance
merge 2468/9744: (256, 570) -> 2723 (b' treat') has 2619 occurance
merge 2469/9744: (672, 115) -> 2724 (b'ords') has 2619 occurance
merge 2470/9744: (1328, 318) -> 2725 (b' nearly') has 2618 occurance
merge 2471/9744: (308, 115) -> 2726 (b'ids') has 2617 occurance
merge 2472/9744: (373, 115) -> 2727 (b'ills') has 2617 occurance
merge 2473/9744: (364, 98) -> 2728 (b' Ab') has 2616 occurance
merge 2474/9744: (1179, 121) -> 2729 (b'ency') has 2616 occurance
merge 2475/9744: (574, 315) -> 2730 (b' clim') has 2606 occurance
merge 2476/9744: (914, 98) -> 2731 (b'ighb') has 2604 occurance
merge 2477/9744: (290, 109) -> 2732 (b'arm') has 2601 occurance
merge 2478/9744: (870, 305) -> 2733 (b' below') has 2601 occurance
merge 2479/9744: (303, 1070) -> 2734 (b' gaz') has 2600 occurance
merge 2480/9744: (276, 307) -> 2735 (b' fut') has 2594 occurance
merge 2481/9744: (316, 417) -> 2736 (b'sequ') has 2594 occurance
merge 2482/9744: (421, 298) -> 2737 (b'ustom') has 2593 occurance
merge 2483/9744: (260, 337) -> 2738 (b' sad') has 2591 occurance
merge 2484/9744: (488, 887) -> 2739 (b' job') has 2591 occurance
merge 2485/9744: (555, 104) -> 2740 (b' Oh') has 2591 occurance
merge 2486/9744: (1131, 259) -> 2741 (b' skin') has 2589 occurance
merge 2487/9744: (97, 622) -> 2742 (b'after') has 2588 occurance
merge 2488/9744: (2258, 318) -> 2743 (b' exactly') has 2588 occurance
merge 2489/9744: (655, 112) -> 2744 (b' disp') has 2587 occurance
merge 2490/9744: (112, 371) -> 2745 (b'pec') has 2585 occurance
merge 2491/9744: (101, 277) -> 2746 (b'een') has 2584 occurance
merge 2492/9744: (831, 592) -> 2747 (b' write') has 2581 occurance
merge 2493/9744: (276, 1473) -> 2748 (b' filled') has 2580 occurance
merge 2494/9744: (105, 448) -> 2749 (b'iers') has 2579 occurance
merge 2495/9744: (2442, 121) -> 2750 (b' empty') has 2579 occurance
merge 2496/9744: (1306, 318) -> 2751 (b' certainly') has 2576 occurance
merge 2497/9744: (455, 115) -> 2752 (b'ounds') has 2573 occurance
merge 2498/9744: (356, 265) -> 2753 (b'cend') has 2572 occurance
merge 2499/9744: (403, 374) -> 2754 (b'unch') has 2569 occurance
merge 2500/9744: (746, 112) -> 2755 (b' prep') has 2569 occurance
merge 2501/9744: (294, 110) -> 2756 (b' inn') has 2566 occurance
merge 2502/9744: (303, 403) -> 2757 (b' gun') has 2566 occurance
merge 2503/9744: (306, 286) -> 2758 (b' bell') has 2562 occurance
merge 2504/9744: (1255, 1220) -> 2759 (b' minute') has 2562 occurance
merge 2505/9744: (834, 114) -> 2760 (b' contr') has 2560 occurance
merge 2506/9744: (276, 295) -> 2761 (b' fat') has 2557 occurance
merge 2507/9744: (287, 284) -> 2762 (b'ases') has 2556 occurance
merge 2508/9744: (483, 268) -> 2763 (b' Ger') has 2556 occurance
merge 2509/9744: (105, 1079) -> 2764 (b'ivers') has 2553 occurance
merge 2510/9744: (1093, 1458) -> 2765 (b' decided') has 2553 occurance
merge 2511/9744: (1723, 115) -> 2766 (b' steps') has 2552 occurance
merge 2512/9744: (555, 102) -> 2767 (b' Of') has 2550 occurance
merge 2513/9744: (262, 503) -> 2768 (b' wide') has 2548 occurance
merge 2514/9744: (65, 83) -> 2769 (b'AS') has 2546 occurance
merge 2515/9744: (327, 121) -> 2770 (b'acy') has 2546 occurance
merge 2516/9744: (373, 121) -> 2771 (b'illy') has 2545 occurance
merge 2517/9744: (109, 551) -> 2772 (b'mother') has 2544 occurance
merge 2518/9744: (289, 2136) -> 2773 (b' piece') has 2544 occurance
merge 2519/9744: (316, 109) -> 2774 (b'sem') has 2543 occurance
merge 2520/9744: (1179, 284) -> 2775 (b'ences') has 2543 occurance
merge 2521/9744: (1144, 277) -> 2776 (b'otten') has 2542 occurance
merge 2522/9744: (256, 644) -> 2777 (b' tree') has 2529 occurance
merge 2523/9744: (508, 856) -> 2778 (b' whatever') has 2528 occurance
merge 2524/9744: (525, 1440) -> 2779 (b' comfort') has 2528 occurance
merge 2525/9744: (97, 434) -> 2780 (b'aked') has 2527 occurance
merge 2526/9744: (419, 2587) -> 2781 (b' suggest') has 2526 occurance
merge 2527/9744: (847, 357) -> 2782 (b'should') has 2524 occurance
merge 2528/9744: (32, 514) -> 2783 (b' \xe2\x80\x94') has 2523 occurance
merge 2529/9744: (285, 307) -> 2784 (b' dut') has 2523 occurance
merge 2530/9744: (741, 1237) -> 2785 (b' remained') has 2523 occurance
merge 2531/9744: (73, 115) -> 2786 (b'Is') has 2518 occurance
merge 2532/9744: (115, 105) -> 2787 (b'si') has 2516 occurance
merge 2533/9744: (556, 116) -> 2788 (b'aret') has 2516 occurance
merge 2534/9744: (289, 1033) -> 2789 (b' paid') has 2515 occurance
merge 2535/9744: (32, 578) -> 2790 (b' --') has 2511 occurance
merge 2536/9744: (715, 115) -> 2791 (b' thoughts') has 2511 occurance
merge 2537/9744: (472, 278) -> 2792 (b'osing') has 2510 occurance
merge 2538/9744: (2517, 112) -> 2793 (b' sharp') has 2510 occurance
merge 2539/9744: (545, 496) -> 2794 (b' Even') has 2509 occurance
merge 2540/9744: (350, 568) -> 2795 (b' weak') has 2507 occurance
merge 2541/9744: (876, 572) -> 2796 (b'return') has 2506 occurance
merge 2542/9744: (269, 1374) -> 2797 (b' bird') has 2505 occurance
merge 2543/9744: (303, 1117) -> 2798 (b' grew') has 2505 occurance
merge 2544/9744: (874, 115) -> 2799 (b'ails') has 2505 occurance
merge 2545/9744: (1226, 2259) -> 2800 (b' character') has 2505 occurance
merge 2546/9744: (1443, 439) -> 2801 (b'formation') has 2504 occurance
merge 2547/9744: (65, 114) -> 2802 (b'Ar') has 2503 occurance
merge 2548/9744: (558, 421) -> 2803 (b' Just') has 2502 occurance
merge 2549/9744: (657, 119) -> 2804 (b'new') has 2502 occurance
merge 2550/9744: (82, 69) -> 2805 (b'RE') has 2501 occurance
merge 2551/9744: (492, 112) -> 2806 (b'rap') has 2501 occurance
merge 2552/9744: (652, 2401) -> 2807 (b' enjoy') has 2498 occurance
merge 2553/9744: (66, 101) -> 2808 (b'Be') has 2497 occurance
merge 2554/9744: (343, 112) -> 2809 (b'rop') has 2496 occurance
merge 2555/9744: (256, 1321) -> 2810 (b' trem') has 2494 occurance
merge 2556/9744: (454, 2244) -> 2811 (b' viol') has 2494 occurance
merge 2557/9744: (500, 2362) -> 2812 (b' govern') has 2493 occurance
merge 2558/9744: (1368, 332) -> 2813 (b' river') has 2493 occurance
merge 2559/9744: (2085, 411) -> 2814 (b' important') has 2493 occurance
merge 2560/9744: (279, 295) -> 2815 (b' cat') has 2492 occurance
merge 2561/9744: (82, 79) -> 2816 (b'RO') has 2490 occurance
merge 2562/9744: (339, 787) -> 2817 (b'\xe2\x80\x9cAnd') has 2490 occurance
merge 2563/9744: (717, 2551) -> 2818 (b' afternoon') has 2490 occurance
merge 2564/9744: (1058, 672) -> 2819 (b' accord') has 2490 occurance
merge 2565/9744: (100, 487) -> 2820 (b'down') has 2489 occurance
merge 2566/9744: (292, 315) -> 2821 (b' lim') has 2486 occurance
merge 2567/9744: (944, 116) -> 2822 (b'ext') has 2486 occurance
merge 2568/9744: (1100, 288) -> 2823 (b' clean') has 2486 occurance
merge 2569/9744: (256, 121) -> 2824 (b' ty') has 2485 occurance
merge 2570/9744: (2423, 515) -> 2825 (b'eorge') has 2485 occurance
merge 2571/9744: (1589, 278) -> 2826 (b' watching') has 2484 occurance
merge 2572/9744: (301, 544) -> 2827 (b'leep') has 2483 occurance
merge 2573/9744: (1714, 385) -> 2828 (b'ength') has 2482 occurance
merge 2574/9744: (852, 259) -> 2829 (b' opin') has 2480 occurance
merge 2575/9744: (1055, 2315) -> 2830 (b' satisf') has 2480 occurance
merge 2576/9744: (100, 298) -> 2831 (b'dom') has 2476 occurance
merge 2577/9744: (791, 1743) -> 2832 (b' descri') has 2475 occurance
merge 2578/9744: (831, 2272) -> 2833 (b' written') has 2475 occurance
merge 2579/9744: (402, 275) -> 2834 (b'agon') has 2473 occurance
merge 2580/9744: (361, 277) -> 2835 (b' Hen') has 2472 occurance
merge 2581/9744: (1025, 767) -> 2836 (b' married') has 2472 occurance
merge 2582/9744: (1960, 117) -> 2837 (b' Qu') has 2472 occurance
merge 2583/9744: (46, 1616) -> 2838 (b'.]\n') has 2471 occurance
merge 2584/9744: (226, 130) -> 2839 (b'\xe2\x82') has 2471 occurance
merge 2585/9744: (287, 112) -> 2840 (b'asp') has 2471 occurance
merge 2586/9744: (319, 1374) -> 2841 (b' third') has 2471 occurance
merge 2587/9744: (2839, 172) -> 2842 (b'\xe2\x82\xac') has 2465 occurance
merge 2588/9744: (1295, 2041) -> 2843 (b' natural') has 2464 occurance
merge 2589/9744: (97, 344) -> 2844 (b'aur') has 2463 occurance
merge 2590/9744: (381, 284) -> 2845 (b'iles') has 2462 occurance
merge 2591/9744: (691, 1077) -> 2846 (b' scream') has 2462 occurance
merge 2592/9744: (680, 385) -> 2847 (b'ngth') has 2457 occurance
merge 2593/9744: (112, 752) -> 2848 (b'pered') has 2456 occurance
merge 2594/9744: (815, 626) -> 2849 (b' maybe') has 2456 occurance
merge 2595/9744: (1608, 116) -> 2850 (b' hurt') has 2455 occurance
merge 2596/9744: (327, 99) -> 2851 (b'acc') has 2453 occurance
merge 2597/9744: (195, 162) -> 2852 (b'\xc3\xa2') has 2450 occurance
merge 2598/9744: (1053, 2330) -> 2853 (b' recogn') has 2450 occurance
merge 2599/9744: (342, 839) -> 2854 (b' stared') has 2448 occurance
merge 2600/9744: (46, 44) -> 2855 (b'.,') has 2447 occurance
merge 2601/9744: (1531, 109) -> 2856 (b'eterm') has 2443 occurance
merge 2602/9744: (766, 121) -> 2857 (b' party') has 2441 occurance
merge 2603/9744: (617, 2035) -> 2858 (b' church') has 2437 occurance
merge 2604/9744: (98, 399) -> 2859 (b'bel') has 2434 occurance
merge 2605/9744: (488, 681) -> 2860 (b' joy') has 2433 occurance
merge 2606/9744: (319, 343) -> 2861 (b' thro') has 2431 occurance
merge 2607/9744: (272, 308) -> 2862 (b' mid') has 2430 occurance
merge 2608/9744: (701, 447) -> 2863 (b' everyone') has 2430 occurance
merge 2609/9744: (112, 368) -> 2864 (b'pter') has 2429 occurance
merge 2610/9744: (115, 270) -> 2865 (b'sed') has 2429 occurance
merge 2611/9744: (533, 114) -> 2866 (b' arr') has 2428 occurance
merge 2612/9744: (325, 284) -> 2867 (b' ones') has 2423 occurance
merge 2613/9744: (974, 390) -> 2868 (b' guess') has 2420 occurance
merge 2614/9744: (116, 485) -> 2869 (b'than') has 2419 occurance
merge 2615/9744: (1426, 147) -> 2870 (b' \xe2\x80\x93') has 2416 occurance
merge 2616/9744: (1962, 584) -> 2871 (b' arrived') has 2415 occurance
merge 2617/9744: (32, 782) -> 2872 (b' ign') has 2413 occurance
merge 2618/9744: (343, 121) -> 2873 (b'roy') has 2413 occurance
merge 2619/9744: (1093, 108) -> 2874 (b' decl') has 2412 occurance
merge 2620/9744: (287, 513) -> 2875 (b'ashed') has 2410 occurance
merge 2621/9744: (103, 290) -> 2876 (b'gar') has 2409 occurance
merge 2622/9744: (334, 265) -> 2877 (b' und') has 2409 occurance
merge 2623/9744: (411, 270) -> 2878 (b'anted') has 2408 occurance
merge 2624/9744: (439, 329) -> 2879 (b'ational') has 2408 occurance
merge 2625/9744: (402, 654) -> 2880 (b'ague') has 2406 occurance
merge 2626/9744: (102, 646) -> 2881 (b'father') has 2400 occurance
merge 2627/9744: (590, 328) -> 2882 (b'play') has 2399 occurance
merge 2628/9744: (386, 1473) -> 2883 (b' killed') has 2398 occurance
merge 2629/9744: (1323, 442) -> 2884 (b' regard') has 2398 occurance
merge 2630/9744: (295, 309) -> 2885 (b'atic') has 2394 occurance
merge 2631/9744: (327, 517) -> 2886 (b'aching') has 2394 occurance
merge 2632/9744: (316, 99) -> 2887 (b'sec') has 2389 occurance
merge 2633/9744: (1441, 1441) -> 2888 (b'\xef\xbf\xbd\x00\xef\xbf\xbd\x00\xef\xbf\xbd\x00\xef\xbf\xbd\x00') has 2389 occurance
merge 2634/9744: (575, 421) -> 2889 (b' trust') has 2388 occurance
merge 2635/9744: (272, 307) -> 2890 (b' mut') has 2387 occurance
merge 2636/9744: (1868, 971) -> 2891 (b' beginning') has 2387 occurance
merge 2637/9744: (65, 622) -> 2892 (b'After') has 2386 occurance
merge 2638/9744: (107, 1225) -> 2893 (b'know') has 2385 occurance
merge 2639/9744: (361, 290) -> 2894 (b' Har') has 2385 occurance
merge 2640/9744: (264, 354) -> 2895 (b' ori') has 2383 occurance
merge 2641/9744: (362, 101) -> 2896 (b' note') has 2381 occurance
merge 2642/9744: (297, 1336) -> 2897 (b' narr') has 2380 occurance
merge 2643/9744: (79, 657) -> 2898 (b'One') has 2378 occurance
merge 2644/9744: (32, 332) -> 2899 (b' ver') has 2377 occurance
merge 2645/9744: (397, 434) -> 2900 (b' liked') has 2377 occurance
merge 2646/9744: (117, 515) -> 2901 (b'uge') has 2376 occurance
merge 2647/9744: (335, 385) -> 2902 (b'irth') has 2376 occurance
merge 2648/9744: (100, 308) -> 2903 (b'did') has 2375 occurance
merge 2649/9744: (292, 756) -> 2904 (b' loc') has 2374 occurance
merge 2650/9744: (282, 107) -> 2905 (b'ork') has 2371 occurance
merge 2651/9744: (122, 277) -> 2906 (b'zen') has 2370 occurance
merge 2652/9744: (34, 1090) -> 2907 (b'"No') has 2368 occurance
merge 2653/9744: (117, 439) -> 2908 (b'uation') has 2368 occurance
merge 2654/9744: (2021, 309) -> 2909 (b' music') has 2366 occurance
merge 2655/9744: (201, 185) -> 2910 (b'\xc9\xb9') has 2361 occurance
merge 2656/9744: (100, 284) -> 2911 (b'des') has 2360 occurance
merge 2657/9744: (500, 284) -> 2912 (b' goes') has 2360 occurance
merge 2658/9744: (1415, 115) -> 2913 (b' walls') has 2359 occurance
merge 2659/9744: (260, 1225) -> 2914 (b' snow') has 2356 occurance
merge 2660/9744: (327, 351) -> 2915 (b'acher') has 2356 occurance
merge 2661/9744: (343, 108) -> 2916 (b'rol') has 2356 occurance
merge 2662/9744: (1172, 305) -> 2917 (b' follow') has 2355 occurance
merge 2663/9744: (269, 379) -> 2918 (b' ball') has 2354 occurance
merge 2664/9744: (108, 474) -> 2919 (b'long') has 2351 occurance
merge 2665/9744: (454, 288) -> 2920 (b' van') has 2351 occurance
merge 2666/9744: (791, 650) -> 2921 (b' desire') has 2350 occurance
merge 2667/9744: (111, 298) -> 2922 (b'oom') has 2347 occurance
merge 2668/9744: (478, 316) -> 2923 (b' worse') has 2347 occurance
merge 2669/9744: (34, 775) -> 2924 (b'"It') has 2346 occurance
merge 2670/9744: (1059, 1298) -> 2925 (b' actually') has 2346 occurance
merge 2671/9744: (272, 282) -> 2926 (b' mor') has 2344 occurance
merge 2672/9744: (111, 882) -> 2927 (b'oint') has 2343 occurance
merge 2673/9744: (665, 331) -> 2928 (b'action') has 2343 occurance
merge 2674/9744: (279, 1341) -> 2929 (b' coun') has 2341 occurance
merge 2675/9744: (285, 492) -> 2930 (b' dra') has 2341 occurance
merge 2676/9744: (2044, 554) -> 2931 (b' figure') has 2341 occurance
merge 2677/9744: (2201, 754) -> 2932 (b' beneath') has 2341 occurance
merge 2678/9744: (866, 308) -> 2933 (b'ivid') has 2339 occurance
merge 2679/9744: (1715, 374) -> 2934 (b' touch') has 2339 occurance
merge 2680/9744: (893, 277) -> 2935 (b' happen') has 2338 occurance
merge 2681/9744: (1172, 1170) -> 2936 (b' following') has 2335 occurance
merge 2682/9744: (98, 326) -> 2937 (b'bet') has 2333 occurance
merge 2683/9744: (489, 330) -> 2938 (b' spent') has 2333 occurance
merge 2684/9744: (269, 2319) -> 2939 (b' baby') has 2332 occurance
merge 2685/9744: (292, 1033) -> 2940 (b' laid') has 2331 occurance
merge 2686/9744: (316, 101) -> 2941 (b'see') has 2330 occurance
merge 2687/9744: (1683, 1141) -> 2942 (b' learned') has 2330 occurance
merge 2688/9744: (1870, 336) -> 2943 (b' faith') has 2330 occurance
merge 2689/9744: (116, 309) -> 2944 (b'tic') has 2329 occurance
merge 2690/9744: (319, 259) -> 2945 (b' thin') has 2329 occurance
merge 2691/9744: (626, 610) -> 2946 (b'before') has 2325 occurance
merge 2692/9744: (984, 752) -> 2947 (b' entered') has 2325 occurance
merge 2693/9744: (339, 860) -> 2948 (b'\xe2\x80\x9cBut') has 2322 occurance
merge 2694/9744: (936, 1048) -> 2949 (b' waited') has 2321 occurance
merge 2695/9744: (370, 816) -> 2950 (b' safe') has 2320 occurance
merge 2696/9744: (708, 121) -> 2951 (b'olly') has 2320 occurance
merge 2697/9744: (997, 642) -> 2952 (b' distance') has 2320 occurance
merge 2698/9744: (2492, 439) -> 2953 (b' conversation') has 2318 occurance
merge 2699/9744: (354, 286) -> 2954 (b'rill') has 2317 occurance
merge 2700/9744: (1340, 900) -> 2955 (b'\x00.\x00\n') has 2316 occurance
merge 2701/9744: (2735, 554) -> 2956 (b' future') has 2316 occurance
merge 2702/9744: (941, 115) -> 2957 (b' news') has 2315 occurance
merge 2703/9744: (1332, 423) -> 2958 (b' delight') has 2315 occurance
merge 2704/9744: (262, 627) -> 2959 (b' wond') has 2314 occurance
merge 2705/9744: (523, 115) -> 2960 (b'orts') has 2313 occurance
merge 2706/9744: (1764, 656) -> 2961 (b' leaving') has 2313 occurance
merge 2707/9744: (105, 590) -> 2962 (b'ipl') has 2311 occurance
merge 2708/9744: (929, 109) -> 2963 (b'comm') has 2308 occurance
merge 2709/9744: (1066, 1132) -> 2964 (b' supposed') has 2308 occurance
merge 2710/9744: (785, 278) -> 2965 (b' turning') has 2307 occurance
merge 2711/9744: (506, 2588) -> 2966 (b' French') has 2305 occurance
merge 2712/9744: (1793, 115) -> 2967 (b'arents') has 2305 occurance
merge 2713/9744: (590, 681) -> 2968 (b'ploy') has 2304 occurance
merge 2714/9744: (2463, 1311) -> 2969 (b' immediately') has 2304 occurance
merge 2715/9744: (574, 1230) -> 2970 (b' cloud') has 2303 occurance
merge 2716/9744: (276, 638) -> 2971 (b' fright') has 2301 occurance
merge 2717/9744: (1044, 275) -> 2972 (b' moon') has 2301 occurance
merge 2718/9744: (256, 423) -> 2973 (b' tight') has 2300 occurance
merge 2719/9744: (117, 453) -> 2974 (b'uous') has 2298 occurance
merge 2720/9744: (292, 1230) -> 2975 (b' loud') has 2297 occurance
merge 2721/9744: (287, 554) -> 2976 (b'asure') has 2295 occurance
merge 2722/9744: (385, 587) -> 2977 (b'thought') has 2294 occurance
merge 2723/9744: (276, 318) -> 2978 (b' fly') has 2293 occurance
merge 2724/9744: (358, 330) -> 2979 (b'ament') has 2290 occurance
merge 2725/9744: (545, 100) -> 2980 (b' Ed') has 2290 occurance
merge 2726/9744: (571, 409) -> 2981 (b' unto') has 2289 occurance
merge 2727/9744: (339, 490) -> 2982 (b'\xe2\x80\x9cThe') has 2285 occurance
merge 2728/9744: (403, 541) -> 2983 (b'unity') has 2284 occurance
merge 2729/9744: (475, 101) -> 2984 (b'aste') has 2284 occurance
merge 2730/9744: (1133, 733) -> 2985 (b' darkness') has 2281 occurance
merge 2731/9744: (636, 109) -> 2986 (b' imm') has 2279 occurance
merge 2732/9744: (122, 121) -> 2987 (b'zy') has 2277 occurance
merge 2733/9744: (276, 301) -> 2988 (b' fle') has 2276 occurance
merge 2734/9744: (34, 1270) -> 2989 (b'"Yes') has 2269 occurance
merge 2735/9744: (402, 103) -> 2990 (b'agg') has 2269 occurance
merge 2736/9744: (2144, 693) -> 2991 (b' necessary') has 2269 occurance
merge 2737/9744: (291, 1914) -> 2992 (b' heaven') has 2267 occurance
merge 2738/9744: (280, 1155) -> 2993 (b' today') has 2265 occurance
merge 2739/9744: (381, 115) -> 2994 (b'ils') has 2265 occurance
merge 2740/9744: (1067, 332) -> 2995 (b' silver') has 2265 occurance
merge 2741/9744: (1529, 71) -> 2996 (b'ING') has 2265 occurance
merge 2742/9744: (114, 271) -> 2997 (b'rit') has 2264 occurance
merge 2743/9744: (289, 1877) -> 2998 (b' position') has 2263 occurance
merge 2744/9744: (783, 270) -> 2999 (b'tained') has 2262 occurance
merge 2745/9744: (1210, 381) -> 3000 (b' famil') has 2262 occurance
merge 2746/9744: (462, 316) -> 3001 (b' nose') has 2261 occurance
merge 2747/9744: (1044, 656) -> 3002 (b' moving') has 2260 occurance
merge 2748/9744: (266, 115) -> 3003 (b'has') has 2258 occurance
merge 2749/9744: (289, 629) -> 3004 (b' press') has 2258 occurance
merge 2750/9744: (314, 415) -> 3005 (b'stem') has 2258 occurance
merge 2751/9744: (289, 1207) -> 3006 (b' pale') has 2256 occurance
merge 2752/9744: (489, 111) -> 3007 (b' spo') has 2256 occurance
merge 2753/9744: (543, 282) -> 3008 (b' Nor') has 2256 occurance
merge 2754/9744: (1346, 359) -> 3009 (b' broke') has 2255 occurance
merge 2755/9744: (1827, 814) -> 3010 (b' gentleman') has 2254 occurance
merge 2756/9744: (456, 115) -> 3011 (b'acks') has 2253 occurance
merge 2757/9744: (292, 1330) -> 3012 (b' lying') has 2251 occurance
merge 2758/9744: (256, 379) -> 3013 (b' tall') has 2250 occurance
merge 2759/9744: (506, 646) -> 3014 (b' Father') has 2250 occurance
merge 2760/9744: (65, 108) -> 3015 (b'Al') has 2247 occurance
merge 2761/9744: (444, 115) -> 3016 (b'ests') has 2247 occurance
merge 2762/9744: (338, 114) -> 3017 (b' Tr') has 2244 occurance
merge 2763/9744: (105, 389) -> 3018 (b'ipp') has 2243 occurance
merge 2764/9744: (603, 305) -> 3019 (b' grow') has 2241 occurance
merge 2765/9744: (652, 415) -> 3020 (b' enem') has 2240 occurance
merge 2766/9744: (1398, 2507) -> 3021 (b' purpose') has 2240 occurance
merge 2767/9744: (1050, 314) -> 3022 (b' chest') has 2238 occurance
merge 2768/9744: (275, 318) -> 3023 (b'only') has 2236 occurance
merge 2769/9744: (377, 268) -> 3024 (b'ander') has 2235 occurance
merge 2770/9744: (531, 644) -> 3025 (b' agree') has 2235 occurance
merge 2771/9744: (1104, 656) -> 3026 (b' giving') has 2233 occurance
merge 2772/9744: (353, 316) -> 3027 (b'oose') has 2232 occurance
merge 2773/9744: (98, 371) -> 3028 (b'bec') has 2229 occurance
merge 2774/9744: (109, 290) -> 3029 (b'mar') has 2229 occurance
merge 2775/9744: (735, 103) -> 3030 (b'rug') has 2227 occurance
merge 2776/9744: (339, 1121) -> 3031 (b'\xe2\x80\x9cThat') has 2224 occurance
merge 2777/9744: (89, 446) -> 3032 (b'Your') has 2222 occurance
merge 2778/9744: (97, 102) -> 3033 (b'af') has 2222 occurance
merge 2779/9744: (1879, 992) -> 3034 (b' simple') has 2222 occurance
merge 2780/9744: (291, 286) -> 3035 (b' hell') has 2221 occurance
merge 2781/9744: (1109, 954) -> 3036 (b' changed') has 2221 occurance
merge 2782/9744: (325, 409) -> 3037 (b' onto') has 2220 occurance
merge 2783/9744: (872, 631) -> 3038 (b'while') has 2219 occurance
merge 2784/9744: (339, 679) -> 3039 (b'\xe2\x80\x9cHe') has 2218 occurance
merge 2785/9744: (506, 108) -> 3040 (b' Fl') has 2216 occurance
merge 2786/9744: (1408, 107) -> 3041 (b'work') has 2215 occurance
merge 2787/9744: (2284, 314) -> 3042 (b'cumst') has 2215 occurance
merge 2788/9744: (391, 290) -> 3043 (b' Bar') has 2214 occurance
merge 2789/9744: (451, 1633) -> 3044 (b'umbled') has 2214 occurance
merge 2790/9744: (356, 286) -> 3045 (b'cell') has 2212 occurance
merge 2791/9744: (360, 99) -> 3046 (b' anc') has 2212 occurance
merge 2792/9744: (362, 557) -> 3047 (b' notice') has 2207 occurance
merge 2793/9744: (262, 271) -> 3048 (b' wit') has 2206 occurance
merge 2794/9744: (99, 330) -> 3049 (b'cent') has 2205 occurance
merge 2795/9744: (397, 661) -> 3050 (b' lives') has 2204 occurance
merge 2796/9744: (550, 2385) -> 3051 (b' knowledge') has 2204 occurance
merge 2797/9744: (329, 270) -> 3052 (b'aled') has 2201 occurance
merge 2798/9744: (292, 2535) -> 3053 (b' langu') has 2200 occurance
merge 2799/9744: (262, 553) -> 3054 (b' wine') has 2197 occurance
merge 2800/9744: (2745, 2070) -> 3055 (b'pecially') has 2197 occurance
merge 2801/9744: (285, 1117) -> 3056 (b' drew') has 2196 occurance
merge 2802/9744: (292, 672) -> 3057 (b' lord') has 2194 occurance
merge 2803/9744: (974, 442) -> 3058 (b' guard') has 2194 occurance
merge 2804/9744: (751, 926) -> 3059 (b'formed') has 2193 occurance
merge 2805/9744: (1031, 1695) -> 3060 (b' attempt') has 2193 occurance
merge 2806/9744: (837, 278) -> 3061 (b' telling') has 2192 occurance
merge 2807/9744: (362, 2242) -> 3062 (b' noticed') has 2191 occurance
merge 2808/9744: (425, 302) -> 3063 (b' shot') has 2191 occurance
merge 2809/9744: (277, 110) -> 3064 (b'enn') has 2189 occurance
merge 2810/9744: (659, 270) -> 3065 (b'ended') has 2187 occurance
merge 2811/9744: (49, 49) -> 3066 (b'11') has 2186 occurance
merge 2812/9744: (269, 305) -> 3067 (b' bow') has 2185 occurance
merge 2813/9744: (868, 2413) -> 3068 (b' impossible') has 2184 occurance
merge 2814/9744: (400, 432) -> 3069 (b' rich') has 2183 occurance
merge 2815/9744: (1936, 567) -> 3070 (b' struck') has 2183 occurance
merge 2816/9744: (263, 902) -> 3071 (b'reme') has 2182 occurance
merge 2817/9744: (303, 2332) -> 3072 (b' garden') has 2182 occurance
merge 2818/9744: (71, 466) -> 3073 (b'Good') has 2181 occurance
merge 2819/9744: (2208, 554) -> 3074 (b' picture') has 2179 occurance
merge 2820/9744: (514, 377) -> 3075 (b'\xe2\x80\x94and') has 2176 occurance
merge 2821/9744: (1023, 493) -> 3076 (b' walking') has 2175 occurance
merge 2822/9744: (831, 1648) -> 3077 (b' wrote') has 2174 occurance
merge 2823/9744: (453, 284) -> 3078 (b'ouses') has 2173 occurance
merge 2824/9744: (651, 111) -> 3079 (b' smo') has 2172 occurance
merge 2825/9744: (272, 335) -> 3080 (b' mir') has 2171 occurance
merge 2826/9744: (461, 104) -> 3081 (b'oph') has 2171 occurance
merge 2827/9744: (372, 693) -> 3082 (b' Mary') has 2170 occurance
merge 2828/9744: (1327, 2457) -> 3083 (b' remembered') has 2170 occurance
merge 2829/9744: (69, 68) -> 3084 (b'ED') has 2169 occurance
merge 2830/9744: (117, 359) -> 3085 (b'uke') has 2168 occurance
merge 2831/9744: (289, 754) -> 3086 (b' path') has 2168 occurance
merge 2832/9744: (1276, 1001) -> 3087 (b' finished') has 2168 occurance
merge 2833/9744: (1917, 377) -> 3088 (b' demand') has 2168 occurance
merge 2834/9744: (327, 278) -> 3089 (b'acing') has 2166 occurance
merge 2835/9744: (2675, 482) -> 3090 (b' oblig') has 2164 occurance
merge 2836/9744: (1046, 885) -> 3091 (b' speaking') has 2163 occurance
merge 2837/9744: (2627, 390) -> 3092 (b' success') has 2163 occurance
merge 2838/9744: (373, 101) -> 3093 (b'ille') has 2162 occurance
merge 2839/9744: (910, 284) -> 3094 (b' Yes') has 2162 occurance
merge 2840/9744: (73, 76) -> 3095 (b'IL') has 2160 occurance
merge 2841/9744: (289, 523) -> 3096 (b' port') has 2160 occurance
merge 2842/9744: (438, 2190) -> 3097 (b' Phil') has 2158 occurance
merge 2843/9744: (894, 1267) -> 3098 (b' expected') has 2158 occurance
merge 2844/9744: (1065, 270) -> 3099 (b' needed') has 2158 occurance
merge 2845/9744: (34, 65) -> 3100 (b'"A') has 2157 occurance
merge 2846/9744: (952, 331) -> 3101 (b'iction') has 2157 occurance
merge 2847/9744: (1423, 288) -> 3102 (b'\xc3\xbcan') has 2157 occurance
merge 2848/9744: (418, 906) -> 3103 (b'ables') has 2155 occurance
merge 2849/9744: (2895, 1865) -> 3104 (b' origin') has 2155 occurance
merge 2850/9744: (870, 474) -> 3105 (b' belong') has 2154 occurance
merge 2851/9744: (112, 448) -> 3106 (b'pers') has 2153 occurance
merge 2852/9744: (1505, 115) -> 3107 (b' laws') has 2153 occurance
merge 2853/9744: (387, 295) -> 3108 (b' seat') has 2150 occurance
merge 2854/9744: (276, 2571) -> 3109 (b' fresh') has 2149 occurance
merge 2855/9744: (627, 275) -> 3110 (b'ondon') has 2149 occurance
merge 2856/9744: (108, 111) -> 3111 (b'lo') has 2148 occurance
merge 2857/9744: (431, 2731) -> 3112 (b' neighb') has 2148 occurance
merge 2858/9744: (314, 1699) -> 3113 (b'stairs') has 2147 occurance
merge 2859/9744: (379, 270) -> 3114 (b'alled') has 2147 occurance
merge 2860/9744: (1191, 452) -> 3115 (b' intell') has 2146 occurance
merge 2861/9744: (455, 439) -> 3116 (b'oundation') has 2145 occurance
merge 2862/9744: (478, 493) -> 3117 (b' working') has 2145 occurance
merge 2863/9744: (947, 434) -> 3118 (b' talked') has 2145 occurance
merge 2864/9744: (2611, 326) -> 3119 (b' pocket') has 2145 occurance
merge 2865/9744: (100, 115) -> 3120 (b'ds') has 2142 occurance
merge 2866/9744: (84, 1422) -> 3121 (b'THE') has 2141 occurance
merge 2867/9744: (1126, 278) -> 3122 (b' reading') has 2139 occurance
merge 2868/9744: (263, 417) -> 3123 (b'requ') has 2138 occurance
merge 2869/9744: (279, 908) -> 3124 (b' cup') has 2138 occurance
merge 2870/9744: (1566, 121) -> 3125 (b' beauty') has 2138 occurance
merge 2871/9744: (425, 674) -> 3126 (b' ship') has 2136 occurance
merge 2872/9744: (1004, 1310) -> 3127 (b' teeth') has 2136 occurance
merge 2873/9744: (959, 98) -> 3128 (b' emb') has 2135 occurance
merge 2874/9744: (2406, 981) -> 3129 (b' difficult') has 2135 occurance
merge 2875/9744: (276, 343) -> 3130 (b' fro') has 2134 occurance
merge 2876/9744: (67, 394) -> 3131 (b'Come') has 2133 occurance
merge 2877/9744: (2538, 2847) -> 3132 (b' strength') has 2133 occurance
merge 2878/9744: (301, 817) -> 3133 (b'lease') has 2132 occurance
merge 2879/9744: (292, 2828) -> 3134 (b' length') has 2129 occurance
merge 2880/9744: (831, 1204) -> 3135 (b' writing') has 2129 occurance
merge 2881/9744: (313, 116) -> 3136 (b' et') has 2125 occurance
merge 2882/9744: (299, 496) -> 3137 (b' haven') has 2124 occurance
merge 2883/9744: (816, 1820) -> 3138 (b'ference') has 2124 occurance
merge 2884/9744: (102, 475) -> 3139 (b'fast') has 2123 occurance
merge 2885/9744: (73, 67) -> 3140 (b'IC') has 2122 occurance
merge 2886/9744: (289, 97) -> 3141 (b' pa') has 2122 occurance
merge 2887/9744: (111, 308) -> 3142 (b'oid') has 2121 occurance
merge 2888/9744: (256, 1182) -> 3143 (b' tired') has 2120 occurance
merge 2889/9744: (594, 436) -> 3144 (b' blind') has 2119 occurance
merge 2890/9744: (279, 492) -> 3145 (b' cra') has 2116 occurance
merge 2891/9744: (279, 534) -> 3146 (b' cost') has 2115 occurance
merge 2892/9744: (1490, 515) -> 3147 (b' edge') has 2115 occurance
merge 2893/9744: (480, 744) -> 3148 (b' Lady') has 2111 occurance
merge 2894/9744: (684, 1689) -> 3149 (b' prison') has 2111 occurance
merge 2895/9744: (69, 76) -> 3150 (b'EL') has 2109 occurance
merge 2896/9744: (425, 968) -> 3151 (b' showed') has 2108 occurance
merge 2897/9744: (1912, 911) -> 3152 (b' summer') has 2108 occurance
merge 2898/9744: (67, 266) -> 3153 (b'Cha') has 2104 occurance
merge 2899/9744: (1534, 764) -> 3154 (b' easily') has 2104 occurance
merge 2900/9744: (438, 108) -> 3155 (b' Pl') has 2103 occurance
merge 2901/9744: (45, 0) -> 3156 (b'-\x00') has 2102 occurance
merge 2902/9744: (285, 277) -> 3157 (b' den') has 2101 occurance
merge 2903/9744: (478, 434) -> 3158 (b' worked') has 2100 occurance
merge 2904/9744: (263, 507) -> 3159 (b'rect') has 2098 occurance
merge 2905/9744: (303, 476) -> 3160 (b' game') has 2098 occurance
merge 2906/9744: (289, 2486) -> 3161 (b' phys') has 2097 occurance
merge 2907/9744: (262, 273) -> 3162 (b' wis') has 2095 occurance
merge 2908/9744: (460, 510) -> 3163 (b' alive') has 2094 occurance
merge 2909/9744: (32, 38) -> 3164 (b' &') has 2093 occurance
merge 2910/9744: (115, 2268) -> 3165 (b'something') has 2093 occurance
merge 2911/9744: (876, 920) -> 3166 (b'retched') has 2091 occurance
merge 2912/9744: (260, 474) -> 3167 (b' song') has 2090 occurance
merge 2913/9744: (575, 375) -> 3168 (b' train') has 2089 occurance
merge 2914/9744: (286, 278) -> 3169 (b'lling') has 2088 occurance
merge 2915/9744: (1735, 843) -> 3170 (b' memory') has 2088 occurance
merge 2916/9744: (121, 110) -> 3171 (b'yn') has 2087 occurance
merge 2917/9744: (279, 377) -> 3172 (b' cand') has 2087 occurance
merge 2918/9744: (360, 120) -> 3173 (b' anx') has 2085 occurance
merge 2919/9744: (370, 312) -> 3174 (b' save') has 2085 occurance
merge 2920/9744: (603, 564) -> 3175 (b' grass') has 2083 occurance
merge 2921/9744: (1475, 802) -> 3176 (b' dropped') has 2083 occurance
merge 2922/9744: (441, 112) -> 3177 (b'resp') has 2079 occurance
merge 2923/9744: (279, 1012) -> 3178 (b' catch') has 2076 occurance
merge 2924/9744: (2528, 843) -> 3179 (b' history') has 2076 occurance
merge 2925/9744: (312, 263) -> 3180 (b'vere') has 2075 occurance
merge 2926/9744: (101, 270) -> 3181 (b'eed') has 2071 occurance
merge 2927/9744: (363, 1101) -> 3182 (b' See') has 2069 occurance
merge 2928/9744: (706, 448) -> 3183 (b' shoulders') has 2068 occurance
merge 2929/9744: (269, 402) -> 3184 (b' bag') has 2067 occurance
merge 2930/9744: (306, 295) -> 3185 (b' beat') has 2067 occurance
merge 2931/9744: (342, 295) -> 3186 (b' stat') has 2065 occurance
merge 2932/9744: (372, 288) -> 3187 (b' Man') has 2065 occurance
merge 2933/9744: (365, 108) -> 3188 (b' mel') has 2064 occurance
merge 2934/9744: (368, 278) -> 3189 (b'tering') has 2064 occurance
merge 2935/9744: (98, 318) -> 3190 (b'bly') has 2063 occurance
merge 2936/9744: (101, 288) -> 3191 (b'ean') has 2062 occurance
merge 2937/9744: (461, 115) -> 3192 (b'ops') has 2062 occurance
merge 2938/9744: (118, 660) -> 3193 (b'vious') has 2061 occurance
merge 2939/9744: (345, 911) -> 3194 (b' former') has 2061 occurance
merge 2940/9744: (1289, 284) -> 3195 (b' takes') has 2061 occurance
merge 2941/9744: (46, 41) -> 3196 (b'.)') has 2058 occurance
merge 2942/9744: (881, 1194) -> 3197 (b' States') has 2058 occurance
merge 2943/9744: (1239, 1218) -> 3198 (b' reflect') has 2058 occurance
merge 2944/9744: (350, 2160) -> 3199 (b' weeks') has 2057 occurance
merge 2945/9744: (289, 1812) -> 3200 (b' picked') has 2055 occurance
merge 2946/9744: (935, 284) -> 3201 (b'orses') has 2055 occurance
merge 2947/9744: (1352, 277) -> 3202 (b'idden') has 2054 occurance
merge 2948/9744: (781, 1177) -> 3203 (b' letters') has 2053 occurance
merge 2949/9744: (111, 101) -> 3204 (b'oe') has 2052 occurance
merge 2950/9744: (114, 273) -> 3205 (b'ris') has 2052 occurance
merge 2951/9744: (63, 321) -> 3206 (b'?\xe2\x80\x99') has 2051 occurance
merge 2952/9744: (354, 326) -> 3207 (b'riet') has 2050 occurance
merge 2953/9744: (269, 732) -> 3208 (b' born') has 2049 occurance
merge 2954/9744: (458, 584) -> 3209 (b'olved') has 2049 occurance
merge 2955/9744: (404, 10) -> 3210 (b' \x00\n') has 2048 occurance
merge 2956/9744: (279, 1721) -> 3211 (b' covered') has 2047 occurance
merge 2957/9744: (588, 1071) -> 3212 (b' usual') has 2046 occurance
merge 2958/9744: (735, 507) -> 3213 (b'ruct') has 2046 occurance
merge 2959/9744: (271, 284) -> 3214 (b'ites') has 2045 occurance
merge 2960/9744: (285, 2856) -> 3215 (b' determ') has 2045 occurance
merge 2961/9744: (596, 270) -> 3216 (b'uded') has 2045 occurance
merge 2962/9744: (287, 99) -> 3217 (b'asc') has 2044 occurance
merge 2963/9744: (119, 466) -> 3218 (b'wood') has 2043 occurance
merge 2964/9744: (1944, 2848) -> 3219 (b' whispered') has 2043 occurance
merge 2965/9744: (107, 328) -> 3220 (b'kay') has 2042 occurance
merge 2966/9744: (1027, 585) -> 3221 (b' coff') has 2041 occurance
merge 2967/9744: (272, 564) -> 3222 (b' mass') has 2040 occurance
merge 2968/9744: (34, 83) -> 3223 (b'"S') has 2039 occurance
merge 2969/9744: (483, 117) -> 3224 (b' Gu') has 2039 occurance
merge 2970/9744: (548, 375) -> 3225 (b' plain') has 2039 occurance
merge 2971/9744: (1000, 1626) -> 3226 (b'ibility') has 2039 occurance
merge 2972/9744: (272, 302) -> 3227 (b' mot') has 2038 occurance
merge 2973/9744: (272, 373) -> 3228 (b' mill') has 2038 occurance
merge 2974/9744: (339, 77) -> 3229 (b'\xe2\x80\x9cM') has 2038 occurance
merge 2975/9744: (342, 1387) -> 3230 (b' stuff') has 2037 occurance
merge 2976/9744: (363, 358) -> 3231 (b' Sam') has 2037 occurance
merge 2977/9744: (934, 115) -> 3232 (b' ears') has 2037 occurance
merge 2978/9744: (2194, 623) -> 3233 (b' terrible') has 2036 occurance
merge 2979/9744: (84, 72) -> 3234 (b'TH') has 2035 occurance
merge 2980/9744: (489, 512) -> 3235 (b' space') has 2035 occurance
merge 2981/9744: (692, 115) -> 3236 (b' wants') has 2035 occurance
merge 2982/9744: (45, 103) -> 3237 (b'-g') has 2033 occurance
merge 2983/9744: (1047, 619) -> 3238 (b' presence') has 2033 occurance
merge 2984/9744: (258, 314) -> 3239 (b' ast') has 2032 occurance
merge 2985/9744: (489, 302) -> 3240 (b' spot') has 2032 occurance
merge 2986/9744: (66, 121) -> 3241 (b'By') has 2030 occurance
merge 2987/9744: (259, 592) -> 3242 (b'inite') has 2028 occurance
merge 2988/9744: (1580, 446) -> 3243 (b' honour') has 2027 occurance
merge 2989/9744: (566, 623) -> 3244 (b' proble') has 2025 occurance
merge 2990/9744: (256, 447) -> 3245 (b' tone') has 2023 occurance
merge 2991/9744: (454, 1568) -> 3246 (b' virt') has 2022 occurance
merge 2992/9744: (590, 512) -> 3247 (b'place') has 2020 occurance
merge 2993/9744: (400, 278) -> 3248 (b' ring') has 2019 occurance
merge 2994/9744: (488, 446) -> 3249 (b' jour') has 2019 occurance
merge 2995/9744: (746, 99) -> 3250 (b' prec') has 2018 occurance
merge 2996/9744: (260, 327) -> 3251 (b' sac') has 2015 occurance
merge 2997/9744: (272, 1895) -> 3252 (b' motion') has 2014 occurance
merge 2998/9744: (268, 312) -> 3253 (b'erve') has 2013 occurance
merge 2999/9744: (899, 491) -> 3254 (b' carry') has 2012 occurance
merge 3000/9744: (483, 2825) -> 3255 (b' George') has 2010 occurance
merge 3001/9744: (419, 271) -> 3256 (b' suit') has 2009 occurance
merge 3002/9744: (109, 271) -> 3257 (b'mit') has 2007 occurance
merge 3003/9744: (289, 403) -> 3258 (b' pun') has 2007 occurance
merge 3004/9744: (46, 69) -> 3259 (b'.E') has 2006 occurance
merge 3005/9744: (1004, 97) -> 3260 (b' tea') has 2003 occurance
merge 3006/9744: (353, 434) -> 3261 (b'ooked') has 2002 occurance
merge 3007/9744: (277, 390) -> 3262 (b'eness') has 2000 occurance
merge 3008/9744: (1683, 110) -> 3263 (b' learn') has 1999 occurance
merge 3009/9744: (385, 2580) -> 3264 (b'through') has 1996 occurance
merge 3010/9744: (44, 514) -> 3265 (b',\xe2\x80\x94') has 1993 occurance
merge 3011/9744: (866, 381) -> 3266 (b'ivil') has 1992 occurance
merge 3012/9744: (1054, 985) -> 3267 (b' windows') has 1992 occurance
merge 3013/9744: (387, 496) -> 3268 (b' seven') has 1989 occurance
merge 3014/9744: (1708, 268) -> 3269 (b' concer') has 1989 occurance
merge 3015/9744: (269, 301) -> 3270 (b' ble') has 1987 occurance
merge 3016/9744: (294, 417) -> 3271 (b' inqu') has 1987 occurance
merge 3017/9744: (358, 97) -> 3272 (b'ama') has 1987 occurance
merge 3018/9744: (1897, 1106) -> 3273 (b' surprised') has 1987 occurance
merge 3019/9744: (108, 645) -> 3274 (b'little') has 1985 occurance
merge 3020/9744: (309, 495) -> 3275 (b'icate') has 1985 occurance
merge 3021/9744: (293, 271) -> 3276 (b' hit') has 1984 occurance
merge 3022/9744: (409, 1213) -> 3277 (b'together') has 1983 occurance
merge 3023/9744: (648, 295) -> 3278 (b' flat') has 1983 occurance
merge 3024/9744: (32, 308) -> 3279 (b' id') has 1981 occurance
merge 3025/9744: (105, 518) -> 3280 (b'iod') has 1980 occurance
merge 3026/9744: (279, 735) -> 3281 (b' cru') has 1980 occurance
merge 3027/9744: (2310, 318) -> 3282 (b' merely') has 1980 occurance
merge 3028/9744: (635, 73) -> 3283 (b'\xe2\x80\x98I') has 1979 occurance
merge 3029/9744: (699, 991) -> 3284 (b'ometimes') has 1979 occurance
merge 3030/9744: (506, 3116) -> 3285 (b' Foundation') has 1977 occurance
merge 3031/9744: (2829, 331) -> 3286 (b' opinion') has 1977 occurance
merge 3032/9744: (107, 268) -> 3287 (b'ker') has 1976 occurance
merge 3033/9744: (400, 1094) -> 3288 (b' rub') has 1976 occurance
merge 3034/9744: (548, 1466) -> 3289 (b' places') has 1975 occurance
merge 3035/9744: (290, 764) -> 3290 (b'arily') has 1974 occurance
merge 3036/9744: (671, 284) -> 3291 (b'bles') has 1974 occurance
merge 3037/9744: (279, 418) -> 3292 (b' cab') has 1972 occurance
merge 3038/9744: (285, 491) -> 3293 (b' dry') has 1971 occurance
merge 3039/9744: (460, 1799) -> 3294 (b' although') has 1971 occurance
merge 3040/9744: (269, 455) -> 3295 (b' bound') has 1970 occurance
merge 3041/9744: (0, 25) -> 3296 (b'\x00\x19') has 1968 occurance
merge 3042/9744: (45, 377) -> 3297 (b'-and') has 1968 occurance
merge 3043/9744: (262, 1001) -> 3298 (b' wished') has 1968 occurance
merge 3044/9744: (279, 1360) -> 3299 (b' camp') has 1968 occurance
merge 3045/9744: (285, 315) -> 3300 (b' dim') has 1968 occurance
merge 3046/9744: (489, 1355) -> 3301 (b' spread') has 1968 occurance
merge 3047/9744: (98, 1890) -> 3302 (b'because') has 1967 occurance
merge 3048/9744: (107, 259) -> 3303 (b'kin') has 1966 occurance
merge 3049/9744: (292, 1120) -> 3304 (b' luck') has 1966 occurance
merge 3050/9744: (69, 120) -> 3305 (b'Ex') has 1965 occurance
merge 3051/9744: (275, 270) -> 3306 (b'oned') has 1965 occurance
merge 3052/9744: (41, 46) -> 3307 (b').') has 1964 occurance
merge 3053/9744: (1122, 329) -> 3308 (b'eneral') has 1962 occurance
merge 3054/9744: (98, 344) -> 3309 (b'bur') has 1960 occurance
merge 3055/9744: (285, 1355) -> 3310 (b' dread') has 1960 occurance
merge 3056/9744: (575, 337) -> 3311 (b' trad') has 1960 occurance
merge 3057/9744: (299, 385) -> 3312 (b' hath') has 1959 occurance
merge 3058/9744: (408, 968) -> 3313 (b' allowed') has 1959 occurance
merge 3059/9744: (997, 1921) -> 3314 (b' distribut') has 1959 occurance
merge 3060/9744: (618, 487) -> 3315 (b' brown') has 1958 occurance
merge 3061/9744: (297, 1590) -> 3316 (b' names') has 1957 occurance
merge 3062/9744: (1769, 115) -> 3317 (b'Mrs') has 1957 occurance
merge 3063/9744: (80, 343) -> 3318 (b'Pro') has 1956 occurance
merge 3064/9744: (451, 98) -> 3319 (b'umb') has 1956 occurance
merge 3065/9744: (1785, 491) -> 3320 (b' angry') has 1956 occurance
merge 3066/9744: (263, 1359) -> 3321 (b'reement') has 1955 occurance
merge 3067/9744: (68, 308) -> 3322 (b'Did') has 1952 occurance
merge 3068/9744: (451, 270) -> 3323 (b'umed') has 1950 occurance
merge 3069/9744: (657, 332) -> 3324 (b'never') has 1950 occurance
merge 3070/9744: (438, 1531) -> 3325 (b' Peter') has 1949 occurance
merge 3071/9744: (117, 318) -> 3326 (b'uly') has 1946 occurance
merge 3072/9744: (339, 72) -> 3327 (b'\xe2\x80\x9cH') has 1946 occurance
merge 3073/9744: (2835, 491) -> 3328 (b' Henry') has 1943 occurance
merge 3074/9744: (445, 263) -> 3329 (b' Here') has 1942 occurance
merge 3075/9744: (99, 1016) -> 3330 (b'certain') has 1938 occurance
merge 3076/9744: (272, 268) -> 3331 (b' mer') has 1938 occurance
merge 3077/9744: (2001, 109) -> 3332 (b' calm') has 1938 occurance
merge 3078/9744: (78, 68) -> 3333 (b'ND') has 1936 occurance
merge 3079/9744: (109, 110) -> 3334 (b'mn') has 1936 occurance
merge 3080/9744: (272, 736) -> 3335 (b' mark') has 1936 occurance
merge 3081/9744: (343, 337) -> 3336 (b'road') has 1936 occurance
merge 3082/9744: (959, 2968) -> 3337 (b' employ') has 1935 occurance
merge 3083/9744: (2214, 278) -> 3338 (b' building') has 1935 occurance
merge 3084/9744: (2368, 331) -> 3339 (b'mission') has 1935 occurance
merge 3085/9744: (45, 259) -> 3340 (b'-in') has 1934 occurance
merge 3086/9744: (271, 693) -> 3341 (b'itary') has 1934 occurance
merge 3087/9744: (2861, 295) -> 3342 (b' throat') has 1934 occurance
merge 3088/9744: (276, 1466) -> 3343 (b' faces') has 1933 occurance
merge 3089/9744: (277, 318) -> 3344 (b'enly') has 1931 occurance
merge 3090/9744: (788, 278) -> 3345 (b'ancing') has 1931 occurance
merge 3091/9744: (790, 268) -> 3346 (b' greater') has 1927 occurance
merge 3092/9744: (912, 331) -> 3347 (b' passion') has 1927 occurance
merge 3093/9744: (1457, 557) -> 3348 (b' police') has 1927 occurance
merge 3094/9744: (272, 1709) -> 3349 (b' merc') has 1926 occurance
merge 3095/9744: (488, 1451) -> 3350 (b' jump') has 1926 occurance
merge 3096/9744: (1366, 344) -> 3351 (b' occur') has 1926 occurance
merge 3097/9744: (454, 952) -> 3352 (b' vict') has 1925 occurance
merge 3098/9744: (276, 1650) -> 3353 (b' faint') has 1924 occurance
merge 3099/9744: (398, 517) -> 3354 (b'ushing') has 1924 occurance
merge 3100/9744: (514, 396) -> 3355 (b'\xe2\x80\x94\xe2\x80\x9d\n') has 1924 occurance
merge 3101/9744: (289, 2967) -> 3356 (b' parents') has 1923 occurance
merge 3102/9744: (791, 107) -> 3357 (b' desk') has 1922 occurance
merge 3103/9744: (2080, 312) -> 3358 (b' grave') has 1922 occurance
merge 3104/9744: (334, 114) -> 3359 (b' ur') has 1921 occurance
merge 3105/9744: (2414, 992) -> 3360 (b' couple') has 1921 occurance
merge 3106/9744: (85, 83) -> 3361 (b'US') has 1919 occurance
merge 3107/9744: (1125, 1402) -> 3362 (b' realized') has 1918 occurance
merge 3108/9744: (522, 331) -> 3363 (b'ption') has 1917 occurance
merge 3109/9744: (578, 10) -> 3364 (b'--\n') has 1915 occurance
merge 3110/9744: (1724, 318) -> 3365 (b' quietly') has 1915 occurance
merge 3111/9744: (1883, 284) -> 3366 (b' miles') has 1915 occurance
merge 3112/9744: (79, 76) -> 3367 (b'OL') has 1914 occurance
merge 3113/9744: (309, 632) -> 3368 (b'icks') has 1914 occurance
merge 3114/9744: (766, 115) -> 3369 (b' parts') has 1913 occurance
merge 3115/9744: (115, 271) -> 3370 (b'sit') has 1912 occurance
merge 3116/9744: (256, 474) -> 3371 (b' tong') has 1912 occurance
merge 3117/9744: (319, 1117) -> 3372 (b' threw') has 1910 occurance
merge 3118/9744: (319, 2158) -> 3373 (b' thirty') has 1910 occurance
merge 3119/9744: (691, 1254) -> 3374 (b' scene') has 1909 occurance
merge 3120/9744: (111, 120) -> 3375 (b'ox') has 1907 occurance
merge 3121/9744: (400, 308) -> 3376 (b' rid') has 1906 occurance
merge 3122/9744: (2959, 752) -> 3377 (b' wondered') has 1906 occurance
merge 3123/9744: (293, 482) -> 3378 (b' hig') has 1905 occurance
merge 3124/9744: (114, 358) -> 3379 (b'ram') has 1903 occurance
merge 3125/9744: (550, 278) -> 3380 (b' knowing') has 1903 occurance
merge 3126/9744: (651, 1872) -> 3381 (b' smiling') has 1901 occurance
merge 3127/9744: (339, 84) -> 3382 (b'\xe2\x80\x9cT') has 1900 occurance
merge 3128/9744: (364, 103) -> 3383 (b' Ag') has 1898 occurance
merge 3129/9744: (1810, 553) -> 3384 (b' imagine') has 1898 occurance
merge 3130/9744: (258, 1442) -> 3385 (b' ahead') has 1895 occurance
merge 3131/9744: (27, 2) -> 3386 (b'\x1b\x02') has 1892 occurance
merge 3132/9744: (1563, 492) -> 3387 (b' extra') has 1891 occurance
merge 3133/9744: (289, 302) -> 3388 (b' pot') has 1890 occurance
merge 3134/9744: (370, 265) -> 3389 (b' sand') has 1888 occurance
merge 3135/9744: (399, 390) -> 3390 (b'eless') has 1888 occurance
merge 3136/9744: (282, 97) -> 3391 (b'ora') has 1887 occurance
merge 3137/9744: (729, 2570) -> 3392 (b' understood') has 1887 occurance
merge 3138/9744: (74, 421) -> 3393 (b'Just') has 1886 occurance
merge 3139/9744: (103, 466) -> 3394 (b'good') has 1886 occurance
merge 3140/9744: (276, 329) -> 3395 (b' fal') has 1886 occurance
merge 3141/9744: (1285, 287) -> 3396 (b' ideas') has 1886 occurance
merge 3142/9744: (112, 564) -> 3397 (b'pass') has 1885 occurance
merge 3143/9744: (581, 101) -> 3398 (b'ape') has 1885 occurance
merge 3144/9744: (285, 421) -> 3399 (b' dust') has 1884 occurance
merge 3145/9744: (333, 704) -> 3400 (b' reach') has 1884 occurance
merge 3146/9744: (725, 1816) -> 3401 (b' pointed') has 1881 occurance
merge 3147/9744: (2417, 273) -> 3402 (b' Paris') has 1880 occurance
merge 3148/9744: (369, 121) -> 3403 (b'ify') has 1879 occurance
merge 3149/9744: (1356, 331) -> 3404 (b'ashion') has 1879 occurance
merge 3150/9744: (387, 2043) -> 3405 (b' separ') has 1878 occurance
merge 3151/9744: (1086, 295) -> 3406 (b' boat') has 1876 occurance
merge 3152/9744: (480, 3110) -> 3407 (b' London') has 1875 occurance
merge 3153/9744: (1788, 275) -> 3408 (b' iron') has 1874 occurance
merge 3154/9744: (115, 278) -> 3409 (b'sing') has 1873 occurance
merge 3155/9744: (566, 1928) -> 3410 (b' proceed') has 1872 occurance
merge 3156/9744: (908, 308) -> 3411 (b'upid') has 1872 occurance
merge 3157/9744: (2169, 305) -> 3412 (b' shadow') has 1872 occurance
merge 3158/9744: (2527, 687) -> 3413 (b' repeated') has 1867 occurance
merge 3159/9744: (443, 768) -> 3414 (b' concl') has 1866 occurance
merge 3160/9744: (440, 2721) -> 3415 (b' knees') has 1863 occurance
merge 3161/9744: (117, 343) -> 3416 (b'uro') has 1862 occurance
merge 3162/9744: (571, 1452) -> 3417 (b' uncle') has 1862 occurance
merge 3163/9744: (399, 312) -> 3418 (b'elve') has 1861 occurance
merge 3164/9744: (0, 98) -> 3419 (b'\x00b') has 1860 occurance
merge 3165/9744: (1482, 277) -> 3420 (b' listen') has 1860 occurance
merge 3166/9744: (372, 97) -> 3421 (b' Ma') has 1859 occurance
merge 3167/9744: (390, 282) -> 3422 (b'essor') has 1859 occurance
merge 3168/9744: (568, 277) -> 3423 (b'aken') has 1858 occurance
merge 3169/9744: (1362, 270) -> 3424 (b' pleased') has 1858 occurance
merge 3170/9744: (294, 1576) -> 3425 (b' infl') has 1857 occurance
merge 3171/9744: (558, 416) -> 3426 (b' Jul') has 1857 occurance
merge 3172/9744: (100, 450) -> 3427 (b'dist') has 1856 occurance
merge 3173/9744: (1226, 515) -> 3428 (b' charge') has 1853 occurance
merge 3174/9744: (256, 1496) -> 3429 (b' tax') has 1852 occurance
merge 3175/9744: (961, 427) -> 3430 (b'without') has 1850 occurance
merge 3176/9744: (105, 371) -> 3431 (b'iec') has 1849 occurance
merge 3177/9744: (506, 392) -> 3432 (b' From') has 1849 occurance
merge 3178/9744: (1897, 753) -> 3433 (b' surprise') has 1849 occurance
merge 3179/9744: (98, 290) -> 3434 (b'bar') has 1848 occurance
merge 3180/9744: (1392, 689) -> 3435 (b' questions') has 1846 occurance
merge 3181/9744: (533, 103) -> 3436 (b' arg') has 1842 occurance
merge 3182/9744: (20, 2) -> 3437 (b'\x14\x02') has 1841 occurance
merge 3183/9744: (105, 598) -> 3438 (b'iber') has 1841 occurance
merge 3184/9744: (1710, 3005) -> 3439 (b' system') has 1841 occurance
merge 3185/9744: (1004, 301) -> 3440 (b' tele') has 1839 occurance
merge 3186/9744: (32, 42) -> 3441 (b' *') has 1837 occurance
merge 3187/9744: (489, 1794) -> 3442 (b' spring') has 1837 occurance
merge 3188/9744: (1670, 557) -> 3443 (b' service') has 1837 occurance
merge 3189/9744: (548, 1595) -> 3444 (b' placed') has 1835 occurance
merge 3190/9744: (383, 316) -> 3445 (b' These') has 1834 occurance
merge 3191/9744: (276, 271) -> 3446 (b' fit') has 1833 occurance
merge 3192/9744: (477, 103) -> 3447 (b' deg') has 1833 occurance
merge 3193/9744: (477, 1386) -> 3448 (b' depart') has 1832 occurance
merge 3194/9744: (1719, 314) -> 3449 (b' burst') has 1832 occurance
merge 3195/9744: (50, 53) -> 3450 (b'25') has 1831 occurance
merge 3196/9744: (112, 282) -> 3451 (b'por') has 1831 occurance
merge 3197/9744: (303, 379) -> 3452 (b' gall') has 1831 occurance
merge 3198/9744: (1467, 312) -> 3453 (b' drive') has 1831 occurance
merge 3199/9744: (303, 343) -> 3454 (b' gro') has 1829 occurance
merge 3200/9744: (114, 115) -> 3455 (b'rs') has 1827 occurance
merge 3201/9744: (269, 492) -> 3456 (b' bra') has 1826 occurance
merge 3202/9744: (514, 412) -> 3457 (b'\xe2\x80\x94the') has 1826 occurance
merge 3203/9744: (99, 351) -> 3458 (b'cher') has 1823 occurance
merge 3204/9744: (1822, 2685) -> 3459 (b' absolute') has 1823 occurance
merge 3205/9744: (333, 312) -> 3460 (b' reve') has 1822 occurance
merge 3206/9744: (563, 653) -> 3461 (b' roof') has 1819 occurance
merge 3207/9744: (98, 263) -> 3462 (b'bre') has 1818 occurance
merge 3208/9744: (269, 288) -> 3463 (b' ban') has 1818 occurance
merge 3209/9744: (287, 517) -> 3464 (b'ashing') has 1818 occurance
merge 3210/9744: (276, 2392) -> 3465 (b' firm') has 1817 occurance
merge 3211/9744: (407, 286) -> 3466 (b' doll') has 1817 occurance
merge 3212/9744: (264, 898) -> 3467 (b' odd') has 1814 occurance
merge 3213/9744: (395, 301) -> 3468 (b' sole') has 1814 occurance
merge 3214/9744: (406, 458) -> 3469 (b' Col') has 1814 occurance
merge 3215/9744: (1313, 421) -> 3470 (b'ugust') has 1814 occurance
merge 3216/9744: (1717, 3042) -> 3471 (b' circumst') has 1813 occurance
merge 3217/9744: (287, 121) -> 3472 (b'asy') has 1812 occurance
merge 3218/9744: (794, 471) -> 3473 (b'spect') has 1812 occurance
merge 3219/9744: (262, 388) -> 3474 (b' wore') has 1811 occurance
merge 3220/9744: (109, 598) -> 3475 (b'mber') has 1808 occurance
merge 3221/9744: (2438, 305) -> 3476 (b' yellow') has 1807 occurance
merge 3222/9744: (258, 112) -> 3477 (b' ap') has 1804 occurance
merge 3223/9744: (87, 373) -> 3478 (b'Will') has 1803 occurance
merge 3224/9744: (279, 452) -> 3479 (b' cell') has 1802 occurance
merge 3225/9744: (1636, 3055) -> 3480 (b' especially') has 1802 occurance
merge 3226/9744: (285, 298) -> 3481 (b' dom') has 1801 occurance
merge 3227/9744: (566, 99) -> 3482 (b' proc') has 1801 occurance
merge 3228/9744: (480, 956) -> 3483 (b' Luc') has 1800 occurance
merge 3229/9744: (34, 1343) -> 3484 (b'"Oh') has 1798 occurance
merge 3230/9744: (114, 329) -> 3485 (b'ral') has 1798 occurance
merge 3231/9744: (1009, 402) -> 3486 (b' drag') has 1798 occurance
merge 3232/9744: (1762, 1048) -> 3487 (b' United') has 1797 occurance
merge 3233/9744: (279, 482) -> 3488 (b' cig') has 1796 occurance
merge 3234/9744: (1129, 482) -> 3489 (b' relig') has 1796 occurance
merge 3235/9744: (400, 337) -> 3490 (b' rad') has 1795 occurance
merge 3236/9744: (342, 343) -> 3491 (b' stro') has 1794 occurance
merge 3237/9744: (768, 945) -> 3492 (b'clock') has 1794 occurance
merge 3238/9744: (63, 39) -> 3493 (b"?'") has 1791 occurance
merge 3239/9744: (443, 110) -> 3494 (b' conn') has 1790 occurance
merge 3240/9744: (596, 278) -> 3495 (b'uding') has 1789 occurance
merge 3241/9744: (34, 1364) -> 3496 (b'"Well') has 1788 occurance
merge 3242/9744: (1159, 584) -> 3497 (b' believed') has 1788 occurance
merge 3243/9744: (462, 1319) -> 3498 (b' nobody') has 1787 occurance
merge 3244/9744: (2933, 1071) -> 3499 (b'ividual') has 1787 occurance
merge 3245/9744: (1312, 657) -> 3500 (b' Anne') has 1786 occurance
merge 3246/9744: (1854, 873) -> 3501 (b' special') has 1786 occurance
merge 3247/9744: (269, 2902) -> 3502 (b' birth') has 1785 occurance
merge 3248/9744: (908, 275) -> 3503 (b'upon') has 1785 occurance
merge 3249/9744: (2784, 121) -> 3504 (b' duty') has 1784 occurance
merge 3250/9744: (45, 1417) -> 3505 (b'-room') has 1783 occurance
merge 3251/9744: (98, 284) -> 3506 (b'bes') has 1783 occurance
merge 3252/9744: (293, 3201) -> 3507 (b' horses') has 1783 occurance
merge 3253/9744: (414, 1418) -> 3508 (b' Who') has 1783 occurance
merge 3254/9744: (416, 453) -> 3509 (b'ulous') has 1782 occurance
merge 3255/9744: (617, 1591) -> 3510 (b' chief') has 1782 occurance
merge 3256/9744: (755, 115) -> 3511 (b' heads') has 1782 occurance
merge 3257/9744: (2334, 318) -> 3512 (b' entirely') has 1782 occurance
merge 3258/9744: (3431, 284) -> 3513 (b'ieces') has 1781 occurance
merge 3259/9744: (1465, 381) -> 3514 (b' evil') has 1778 occurance
merge 3260/9744: (115, 284) -> 3515 (b'ses') has 1777 occurance
merge 3261/9744: (2559, 495) -> 3516 (b' private') has 1777 occurance
merge 3262/9744: (117, 120) -> 3517 (b'ux') has 1776 occurance
merge 3263/9744: (118, 288) -> 3518 (b'van') has 1775 occurance
merge 3264/9744: (558, 456) -> 3519 (b' Jack') has 1775 occurance
merge 3265/9744: (292, 573) -> 3520 (b' lose') has 1773 occurance
merge 3266/9744: (1341, 1571) -> 3521 (b'ounced') has 1773 occurance
merge 3267/9744: (342, 290) -> 3522 (b' star') has 1772 occurance
merge 3268/9744: (46, 514) -> 3523 (b'.\xe2\x80\x94') has 1771 occurance
merge 3269/9744: (415, 598) -> 3524 (b'ember') has 1771 occurance
merge 3270/9744: (2101, 1406) -> 3525 (b' experience') has 1769 occurance
merge 3271/9744: (1958, 2776) -> 3526 (b' forgotten') has 1768 occurance
merge 3272/9744: (299, 559) -> 3527 (b' hate') has 1766 occurance
merge 3273/9744: (1427, 556) -> 3528 (b' aware') has 1766 occurance
merge 3274/9744: (97, 318) -> 3529 (b'aly') has 1764 occurance
merge 3275/9744: (303, 277) -> 3530 (b' gen') has 1764 occurance
merge 3276/9744: (406, 288) -> 3531 (b' Can') has 1763 occurance
merge 3277/9744: (45, 110) -> 3532 (b'-n') has 1760 occurance
merge 3278/9744: (342, 1367) -> 3533 (b' staring') has 1760 occurance
merge 3279/9744: (462, 753) -> 3534 (b' noise') has 1760 occurance
merge 3280/9744: (259, 110) -> 3535 (b'inn') has 1759 occurance
merge 3281/9744: (350, 423) -> 3536 (b' weight') has 1759 occurance
merge 3282/9744: (1229, 1375) -> 3537 (b' carefully') has 1759 occurance
merge 3283/9744: (2118, 298) -> 3538 (b' bottom') has 1759 occurance
merge 3284/9744: (108, 116) -> 3539 (b'lt') has 1758 occurance
merge 3285/9744: (2036, 318) -> 3540 (b' perfectly') has 1758 occurance
merge 3286/9744: (2618, 270) -> 3541 (b'claimed') has 1755 occurance
merge 3287/9744: (284, 104) -> 3542 (b'esh') has 1753 occurance
merge 3288/9744: (45, 314) -> 3543 (b'-st') has 1752 occurance
merge 3289/9744: (1764, 661) -> 3544 (b' leaves') has 1752 occurance
merge 3290/9744: (118, 105) -> 3545 (b'vi') has 1751 occurance
merge 3291/9744: (263, 112) -> 3546 (b'rep') has 1751 occurance
merge 3292/9744: (910, 446) -> 3547 (b' Your') has 1751 occurance
merge 3293/9744: (1737, 278) -> 3548 (b' meeting') has 1751 occurance
merge 3294/9744: (342, 1699) -> 3549 (b' stairs') has 1750 occurance
merge 3295/9744: (285, 105) -> 3550 (b' di') has 1749 occurance
merge 3296/9744: (293, 121) -> 3551 (b' hy') has 1749 occurance
merge 3297/9744: (518, 580) -> 3552 (b'odies') has 1749 occurance
merge 3298/9744: (684, 1230) -> 3553 (b' proud') has 1746 occurance
merge 3299/9744: (867, 115) -> 3554 (b' doors') has 1746 occurance
merge 3300/9744: (322, 385) -> 3555 (b' youth') has 1745 occurance
merge 3301/9744: (1457, 271) -> 3556 (b' polit') has 1745 occurance
merge 3302/9744: (114, 439) -> 3557 (b'ration') has 1744 occurance
merge 3303/9744: (414, 591) -> 3558 (b' Where') has 1741 occurance
merge 3304/9744: (99, 416) -> 3559 (b'cul') has 1739 occurance
merge 3305/9744: (256, 444) -> 3560 (b' test') has 1739 occurance
merge 3306/9744: (309, 493) -> 3561 (b'icking') has 1738 occurance
merge 3307/9744: (303, 495) -> 3562 (b' gate') has 1737 occurance
merge 3308/9744: (443, 930) -> 3563 (b' conside') has 1737 occurance
merge 3309/9744: (107, 436) -> 3564 (b'kind') has 1736 occurance
merge 3310/9744: (293, 503) -> 3565 (b' hide') has 1736 occurance
merge 3311/9744: (2309, 270) -> 3566 (b' shouted') has 1734 occurance
merge 3312/9744: (301, 120) -> 3567 (b'lex') has 1733 occurance
merge 3313/9744: (3563, 382) -> 3568 (b' considered') has 1733 occurance
merge 3314/9744: (65, 77) -> 3569 (b'AM') has 1732 occurance
merge 3315/9744: (419, 99) -> 3570 (b' suc') has 1732 occurance
merge 3316/9744: (2314, 1998) -> 3571 (b' society') has 1732 occurance
merge 3317/9744: (2516, 730) -> 3572 (b' lifted') has 1732 occurance
merge 3318/9744: (266, 286) -> 3573 (b'hall') has 1730 occurance
merge 3319/9744: (1448, 129) -> 3574 (b'\xef\xac\x81') has 1730 occurance
merge 3320/9744: (119, 114) -> 3575 (b'wr') has 1729 occurance
merge 3321/9744: (2624, 658) -> 3576 (b' village') has 1728 occurance
merge 3322/9744: (330, 270) -> 3577 (b'ented') has 1727 occurance
merge 3323/9744: (2450, 318) -> 3578 (b' completely') has 1727 occurance
merge 3324/9744: (2495, 375) -> 3579 (b'aptain') has 1725 occurance
merge 3325/9744: (1421, 263) -> 3580 (b' incre') has 1724 occurance
merge 3326/9744: (39, 0) -> 3581 (b"'\x00") has 1723 occurance
merge 3327/9744: (289, 461) -> 3582 (b' pop') has 1723 occurance
merge 3328/9744: (289, 554) -> 3583 (b' pure') has 1723 occurance
merge 3329/9744: (1561, 68) -> 3584 (b'ORD') has 1723 occurance
merge 3330/9744: (705, 298) -> 3585 (b' becom') has 1722 occurance
merge 3331/9744: (996, 672) -> 3586 (b' sword') has 1722 occurance
merge 3332/9744: (289, 1804) -> 3587 (b' pushed') has 1719 occurance
merge 3333/9744: (1866, 1296) -> 3588 (b' England') has 1719 occurance
merge 3334/9744: (1027, 332) -> 3589 (b' cover') has 1717 occurance
merge 3335/9744: (356, 318) -> 3590 (b'cely') has 1716 occurance
merge 3336/9744: (1380, 519) -> 3591 (b'himself') has 1716 occurance
merge 3337/9744: (945, 115) -> 3592 (b'ocks') has 1715 occurance
merge 3338/9744: (387, 1844) -> 3593 (b' search') has 1714 occurance
merge 3339/9744: (741, 436) -> 3594 (b' remind') has 1714 occurance
merge 3340/9744: (782, 270) -> 3595 (b'igned') has 1713 occurance
merge 3341/9744: (1634, 331) -> 3596 (b' direction') has 1712 occurance
merge 3342/9744: (620, 107) -> 3597 (b' thank') has 1711 occurance
merge 3343/9744: (105, 411) -> 3598 (b'iant') has 1710 occurance
merge 3344/9744: (109, 621) -> 3599 (b'made') has 1710 occurance
merge 3345/9744: (545, 120) -> 3600 (b' Ex') has 1710 occurance
merge 3346/9744: (998, 660) -> 3601 (b' serious') has 1710 occurance
merge 3347/9744: (544, 278) -> 3602 (b'eping') has 1709 occurance
merge 3348/9744: (112, 354) -> 3603 (b'pri') has 1708 occurance
merge 3349/9744: (33, 321) -> 3604 (b'!\xe2\x80\x99') has 1706 occurance
merge 3350/9744: (583, 1365) -> 3605 (b' somewhere') has 1705 occurance
merge 3351/9744: (1324, 802) -> 3606 (b' stepped') has 1705 occurance
merge 3352/9744: (1563, 3071) -> 3607 (b' extreme') has 1705 occurance
merge 3353/9744: (298, 277) -> 3608 (b'omen') has 1704 occurance
merge 3354/9744: (1027, 295) -> 3609 (b' coat') has 1704 occurance
merge 3355/9744: (574, 472) -> 3610 (b' clos') has 1697 occurance
merge 3356/9744: (2184, 416) -> 3611 (b' Paul') has 1697 occurance
merge 3357/9744: (1580, 444) -> 3612 (b' honest') has 1696 occurance
merge 3358/9744: (288, 1185) -> 3613 (b'anny') has 1693 occurance
merge 3359/9744: (115, 328) -> 3614 (b'say') has 1691 occurance
merge 3360/9744: (894, 629) -> 3615 (b' express') has 1691 occurance
merge 3361/9744: (32, 105) -> 3616 (b' i') has 1689 occurance
merge 3362/9744: (372, 551) -> 3617 (b' Mother') has 1688 occurance
merge 3363/9744: (258, 259) -> 3618 (b' ain') has 1687 occurance
merge 3364/9744: (603, 328) -> 3619 (b' gray') has 1687 occurance
merge 3365/9744: (1029, 331) -> 3620 (b'ception') has 1687 occurance
merge 3366/9744: (257, 468) -> 3621 (b'heart') has 1686 occurance
merge 3367/9744: (314, 271) -> 3622 (b'stit') has 1686 occurance
merge 3368/9744: (756, 493) -> 3623 (b'ocking') has 1686 occurance
merge 3369/9744: (89, 101) -> 3624 (b'Ye') has 1685 occurance
merge 3370/9744: (271, 510) -> 3625 (b'itive') has 1685 occurance
merge 3371/9744: (1164, 278) -> 3626 (b' meaning') has 1685 occurance
merge 3372/9744: (1882, 278) -> 3627 (b' laughing') has 1685 occurance
merge 3373/9744: (112, 326) -> 3628 (b'pet') has 1684 occurance
merge 3374/9744: (398, 284) -> 3629 (b'uses') has 1684 occurance
merge 3375/9744: (1066, 523) -> 3630 (b' support') has 1684 occurance
merge 3376/9744: (110, 329) -> 3631 (b'nal') has 1683 occurance
merge 3377/9744: (1755, 268) -> 3632 (b' finger') has 1681 occurance
merge 3378/9744: (3153, 2864) -> 3633 (b'Chapter') has 1681 occurance
merge 3379/9744: (77, 290) -> 3634 (b'Mar') has 1680 occurance
merge 3380/9744: (269, 2575) -> 3635 (b' battle') has 1680 occurance
merge 3381/9744: (309, 660) -> 3636 (b'icious') has 1679 occurance
merge 3382/9744: (316, 415) -> 3637 (b'seem') has 1679 occurance
merge 3383/9744: (1300, 278) -> 3638 (b' playing') has 1679 occurance
merge 3384/9744: (574, 1792) -> 3639 (b' claim') has 1677 occurance
merge 3385/9744: (595, 413) -> 3640 (b'      ') has 1675 occurance
merge 3386/9744: (741, 375) -> 3641 (b' remain') has 1675 occurance
merge 3387/9744: (2474, 487) -> 3642 (b'known') has 1675 occurance
merge 3388/9744: (1715, 920) -> 3643 (b' touched') has 1674 occurance
merge 3389/9744: (258, 307) -> 3644 (b' aut') has 1673 occurance
merge 3390/9744: (285, 1348) -> 3645 (b' dressed') has 1673 occurance
merge 3391/9744: (293, 403) -> 3646 (b' hun') has 1672 occurance
merge 3392/9744: (558, 740) -> 3647 (b' Jew') has 1672 occurance
merge 3393/9744: (105, 687) -> 3648 (b'iated') has 1670 occurance
merge 3394/9744: (367, 1296) -> 3649 (b' island') has 1670 occurance
merge 3395/9744: (370, 359) -> 3650 (b' sake') has 1670 occurance
merge 3396/9744: (718, 3280) -> 3651 (b' period') has 1670 occurance
merge 3397/9744: (1653, 753) -> 3652 (b' promise') has 1670 occurance
merge 3398/9744: (46, 578) -> 3653 (b'.--') has 1669 occurance
merge 3399/9744: (1936, 1105) -> 3654 (b' strugg') has 1668 occurance
merge 3400/9744: (109, 667) -> 3655 (b'much') has 1667 occurance
merge 3401/9744: (314, 411) -> 3656 (b'stant') has 1667 occurance
merge 3402/9744: (398, 278) -> 3657 (b'using') has 1667 occurance
merge 3403/9744: (114, 642) -> 3658 (b'rance') has 1666 occurance
merge 3404/9744: (292, 1489) -> 3659 (b' lines') has 1666 occurance
merge 3405/9744: (1269, 121) -> 3660 (b' buy') has 1666 occurance
merge 3406/9744: (70, 392) -> 3661 (b'From') has 1665 occurance
merge 3407/9744: (73, 82) -> 3662 (b'IR') has 1665 occurance
merge 3408/9744: (293, 534) -> 3663 (b' host') has 1665 occurance
merge 3409/9744: (475, 309) -> 3664 (b'astic') has 1665 occurance
merge 3410/9744: (679, 263) -> 3665 (b'Here') has 1665 occurance
merge 3411/9744: (350, 1367) -> 3666 (b' wearing') has 1664 occurance
merge 3412/9744: (99, 290) -> 3667 (b'car') has 1662 occurance
merge 3413/9744: (279, 962) -> 3668 (b' cool') has 1662 occurance
merge 3414/9744: (688, 115) -> 3669 (b' ways') has 1662 occurance
merge 3415/9744: (289, 668) -> 3670 (b' pick') has 1660 occurance
merge 3416/9744: (301, 103) -> 3671 (b'leg') has 1660 occurance
merge 3417/9744: (745, 108) -> 3672 (b' appl') has 1660 occurance
merge 3418/9744: (79, 114) -> 3673 (b'Or') has 1659 occurance
merge 3419/9744: (103, 570) -> 3674 (b'great') has 1659 occurance
merge 3420/9744: (275, 399) -> 3675 (b'onel') has 1657 occurance
merge 3421/9744: (381, 472) -> 3676 (b'ilos') has 1657 occurance
merge 3422/9744: (482, 513) -> 3677 (b'ighed') has 1657 occurance
merge 3423/9744: (603, 2524) -> 3678 (b' group') has 1657 occurance
merge 3424/9744: (822, 288) -> 3679 (b' compan') has 1657 occurance
merge 3425/9744: (501, 308) -> 3680 (b' Did') has 1655 occurance
merge 3426/9744: (514, 73) -> 3681 (b'\xe2\x80\x94I') has 1654 occurance
merge 3427/9744: (97, 271) -> 3682 (b'ait') has 1651 occurance
merge 3428/9744: (269, 1084) -> 3683 (b' bank') has 1651 occurance
merge 3429/9744: (256, 2427) -> 3684 (b' tiny') has 1650 occurance
merge 3430/9744: (1674, 2908) -> 3685 (b' situation') has 1650 occurance
merge 3431/9744: (309, 687) -> 3686 (b'icated') has 1649 occurance
merge 3432/9744: (51, 48) -> 3687 (b'30') has 1648 occurance
merge 3433/9744: (3416, 1092) -> 3688 (b'urope') has 1646 occurance
merge 3434/9744: (1494, 375) -> 3689 (b' explain') has 1645 occurance
merge 3435/9744: (2219, 2593) -> 3690 (b' electronic') has 1644 occurance
merge 3436/9744: (910, 326) -> 3691 (b' Yet') has 1642 occurance
merge 3437/9744: (1025, 491) -> 3692 (b' marry') has 1642 occurance
merge 3438/9744: (342, 388) -> 3693 (b' store') has 1641 occurance
merge 3439/9744: (347, 493) -> 3694 (b' asking') has 1640 occurance
merge 3440/9744: (381, 290) -> 3695 (b'ilar') has 1640 occurance
merge 3441/9744: (1197, 337) -> 3696 (b' bread') has 1639 occurance
merge 3442/9744: (411, 658) -> 3697 (b'antage') has 1638 occurance
merge 3443/9744: (633, 268) -> 3698 (b' offer') has 1638 occurance
merge 3444/9744: (1523, 447) -> 3699 (b' phone') has 1637 occurance
merge 3445/9744: (2462, 580) -> 3700 (b' ladies') has 1637 occurance
merge 3446/9744: (272, 1033) -> 3701 (b' maid') has 1636 occurance
merge 3447/9744: (408, 305) -> 3702 (b' allow') has 1636 occurance
merge 3448/9744: (1494, 1237) -> 3703 (b' explained') has 1635 occurance
merge 3449/9744: (116, 329) -> 3704 (b'tal') has 1634 occurance
merge 3450/9744: (256, 275) -> 3705 (b' ton') has 1634 occurance
merge 3451/9744: (2074, 584) -> 3706 (b' observed') has 1633 occurance
merge 3452/9744: (910, 2905) -> 3707 (b' York') has 1632 occurance
merge 3453/9744: (326, 116) -> 3708 (b'ett') has 1630 occurance
merge 3454/9744: (345, 1571) -> 3709 (b' forced') has 1630 occurance
merge 3455/9744: (893, 1160) -> 3710 (b' happiness') has 1630 occurance
merge 3456/9744: (295, 344) -> 3711 (b'atur') has 1629 occurance
merge 3457/9744: (284, 101) -> 3712 (b'ese') has 1628 occurance
merge 3458/9744: (1251, 461) -> 3713 (b'velop') has 1628 occurance
merge 3459/9744: (39, 73) -> 3714 (b"'I") has 1627 occurance
merge 3460/9744: (269, 377) -> 3715 (b' band') has 1626 occurance
merge 3461/9744: (1092, 770) -> 3716 (b'people') has 1626 occurance
merge 3462/9744: (472, 592) -> 3717 (b'osite') has 1625 occurance
merge 3463/9744: (282, 657) -> 3718 (b'orne') has 1622 occurance
merge 3464/9744: (290, 97) -> 3719 (b'ara') has 1622 occurance
merge 3465/9744: (291, 295) -> 3720 (b' heat') has 1622 occurance
merge 3466/9744: (651, 1209) -> 3721 (b' smoke') has 1622 occurance
merge 3467/9744: (664, 649) -> 3722 (b'ishment') has 1622 occurance
merge 3468/9744: (400, 273) -> 3723 (b' ris') has 1621 occurance
merge 3469/9744: (451, 330) -> 3724 (b'ument') has 1621 occurance
merge 3470/9744: (489, 659) -> 3725 (b' spend') has 1621 occurance
merge 3471/9744: (262, 2168) -> 3726 (b' winter') has 1620 occurance
merge 3472/9744: (285, 97) -> 3727 (b' da') has 1620 occurance
merge 3473/9744: (363, 119) -> 3728 (b' Sw') has 1619 occurance
merge 3474/9744: (594, 1084) -> 3729 (b' blank') has 1618 occurance
merge 3475/9744: (1145, 278) -> 3730 (b' keeping') has 1618 occurance
merge 3476/9744: (224, 182) -> 3731 (b'\xe0\xb6') has 1616 occurance
merge 3477/9744: (1025, 2302) -> 3732 (b' marriage') has 1616 occurance
merge 3478/9744: (2812, 649) -> 3733 (b' government') has 1616 occurance
merge 3479/9744: (342, 439) -> 3734 (b' station') has 1614 occurance
merge 3480/9744: (111, 1911) -> 3735 (b'oices') has 1612 occurance
merge 3481/9744: (387, 120) -> 3736 (b' sex') has 1612 occurance
merge 3482/9744: (34, 490) -> 3737 (b'"The') has 1610 occurance
merge 3483/9744: (111, 107) -> 3738 (b'ok') has 1610 occurance
merge 3484/9744: (470, 312) -> 3739 (b'ieve') has 1610 occurance
merge 3485/9744: (917, 109) -> 3740 (b' harm') has 1610 occurance
merge 3486/9744: (69, 469) -> 3741 (b'Every') has 1609 occurance
merge 3487/9744: (489, 108) -> 3742 (b' spl') has 1609 occurance
merge 3488/9744: (276, 670) -> 3743 (b' fold') has 1605 occurance
merge 3489/9744: (102, 921) -> 3744 (b'friend') has 1604 occurance
merge 3490/9744: (109, 423) -> 3745 (b'might') has 1602 occurance
merge 3491/9744: (480, 267) -> 3746 (b' Lou') has 1602 occurance
merge 3492/9744: (409, 112) -> 3747 (b'top') has 1600 occurance
merge 3493/9744: (1666, 318) -> 3748 (b' clearly') has 1600 occurance
merge 3494/9744: (291, 2159) -> 3749 (b' health') has 1599 occurance
merge 3495/9744: (2719, 270) -> 3750 (b' fixed') has 1599 occurance
merge 3496/9744: (99, 724) -> 3751 (b'count') has 1598 occurance
merge 3497/9744: (633, 752) -> 3752 (b' offered') has 1598 occurance
merge 3498/9744: (67, 84) -> 3753 (b'CT') has 1597 occurance
merge 3499/9744: (431, 103) -> 3754 (b' neg') has 1597 occurance
merge 3500/9744: (5, 19) -> 3755 (b'\x05\x13') has 1594 occurance
merge 3501/9744: (289, 841) -> 3756 (b' pair') has 1594 occurance
merge 3502/9744: (443, 356) -> 3757 (b' conce') has 1593 occurance
merge 3503/9744: (603, 487) -> 3758 (b' grown') has 1593 occurance
merge 3504/9744: (421, 270) -> 3759 (b'usted') has 1592 occurance
merge 3505/9744: (2672, 101) -> 3760 (b' escape') has 1592 occurance
merge 3506/9744: (105, 1063) -> 3761 (b'iently') has 1589 occurance
merge 3507/9744: (768, 284) -> 3762 (b'cles') has 1589 occurance
merge 3508/9744: (400, 581) -> 3763 (b' rap') has 1588 occurance
merge 3509/9744: (1257, 1842) -> 3764 (b' discuss') has 1588 occurance
merge 3510/9744: (34, 860) -> 3765 (b'"But') has 1587 occurance
merge 3511/9744: (264, 639) -> 3766 (b' oper') has 1587 occurance
merge 3512/9744: (276, 664) -> 3767 (b' fish') has 1587 occurance
merge 3513/9744: (3371, 654) -> 3768 (b' tongue') has 1586 occurance
merge 3514/9744: (115, 108) -> 3769 (b'sl') has 1585 occurance
merge 3515/9744: (372, 468) -> 3770 (b' Mart') has 1584 occurance
merge 3516/9744: (453, 259) -> 3771 (b'ousin') has 1584 occurance
merge 3517/9744: (773, 2249) -> 3772 (b' glanced') has 1584 occurance
merge 3518/9744: (849, 517) -> 3773 (b'nothing') has 1584 occurance
merge 3519/9744: (3053, 658) -> 3774 (b' language') has 1584 occurance
merge 3520/9744: (372, 101) -> 3775 (b' Me') has 1583 occurance
merge 3521/9744: (1300, 270) -> 3776 (b' played') has 1582 occurance
merge 3522/9744: (361, 2787) -> 3777 (b' Hsi') has 1581 occurance
merge 3523/9744: (443, 2736) -> 3778 (b' consequ') has 1581 occurance
merge 3524/9744: (262, 326) -> 3779 (b' wet') has 1579 occurance
merge 3525/9744: (292, 97) -> 3780 (b' la') has 1579 occurance
merge 3526/9744: (293, 3078) -> 3781 (b' houses') has 1577 occurance
merge 3527/9744: (2670, 1223) -> 3782 (b' Perhaps') has 1577 occurance
merge 3528/9744: (118, 1731) -> 3783 (b'view') has 1576 occurance
merge 3529/9744: (347, 2827) -> 3784 (b' asleep') has 1576 occurance
merge 3530/9744: (1174, 455) -> 3785 (b'ground') has 1576 occurance
merge 3531/9744: (2930, 637) -> 3786 (b' drawn') has 1575 occurance
merge 3532/9744: (1514, 318) -> 3787 (b' Only') has 1574 occurance
merge 3533/9744: (83, 69) -> 3788 (b'SE') has 1573 occurance
merge 3534/9744: (359, 121) -> 3789 (b'key') has 1573 occurance
merge 3535/9744: (531, 3321) -> 3790 (b' agreement') has 1573 occurance
merge 3536/9744: (269, 287) -> 3791 (b' bas') has 1572 occurance
merge 3537/9744: (1399, 314) -> 3792 (b' forest') has 1572 occurance
merge 3538/9744: (2389, 318) -> 3793 (b' slightly') has 1572 occurance
merge 3539/9744: (3046, 1358) -> 3794 (b' ancient') has 1572 occurance
merge 3540/9744: (485, 107) -> 3795 (b'hank') has 1571 occurance
merge 3541/9744: (270, 115) -> 3796 (b'eds') has 1570 occurance
merge 3542/9744: (1004, 582) -> 3797 (b' tender') has 1570 occurance
merge 3543/9744: (1395, 277) -> 3798 (b' fallen') has 1570 occurance
merge 3544/9744: (50, 52) -> 3799 (b'24') has 1569 occurance
merge 3545/9744: (105, 439) -> 3800 (b'iation') has 1569 occurance
merge 3546/9744: (262, 377) -> 3801 (b' wand') has 1569 occurance
merge 3547/9744: (350, 290) -> 3802 (b' wear') has 1569 occurance
merge 3548/9744: (452, 101) -> 3803 (b'elle') has 1569 occurance
merge 3549/9744: (289, 1348) -> 3804 (b' pressed') has 1568 occurance
merge 3550/9744: (293, 2511) -> 3805 (b' hosp') has 1568 occurance
merge 3551/9744: (531, 1940) -> 3806 (b' agreed') has 1567 occurance
merge 3552/9744: (2007, 278) -> 3807 (b' drawing') has 1567 occurance
merge 3553/9744: (2311, 714) -> 3808 (b' fifty') has 1567 occurance
merge 3554/9744: (339, 1137) -> 3809 (b'\xe2\x80\x9cWe') has 1566 occurance
merge 3555/9744: (452, 97) -> 3810 (b'ella') has 1566 occurance
merge 3556/9744: (116, 572) -> 3811 (b'turn') has 1562 occurance
merge 3557/9744: (1870, 981) -> 3812 (b' fault') has 1562 occurance
merge 3558/9744: (105, 472) -> 3813 (b'ios') has 1561 occurance
merge 3559/9744: (269, 754) -> 3814 (b' bath') has 1561 occurance
merge 3560/9744: (306, 266) -> 3815 (b' beha') has 1561 occurance
merge 3561/9744: (335, 278) -> 3816 (b'iring') has 1561 occurance
merge 3562/9744: (1059, 331) -> 3817 (b' action') has 1561 occurance
merge 3563/9744: (2763, 814) -> 3818 (b' German') has 1561 occurance
merge 3564/9744: (273, 1177) -> 3819 (b'isters') has 1559 occurance
merge 3565/9744: (2412, 270) -> 3820 (b' leaned') has 1559 occurance
merge 3566/9744: (97, 537) -> 3821 (b'away') has 1557 occurance
merge 3567/9744: (342, 3411) -> 3822 (b' stupid') has 1556 occurance
merge 3568/9744: (105, 642) -> 3823 (b'iance') has 1555 occurance
merge 3569/9744: (309, 439) -> 3824 (b'ication') has 1555 occurance
merge 3570/9744: (3249, 2081) -> 3825 (b' journey') has 1555 occurance
merge 3571/9744: (285, 268) -> 3826 (b' der') has 1554 occurance
merge 3572/9744: (485, 116) -> 3827 (b'hant') has 1554 occurance
merge 3573/9744: (2221, 282) -> 3828 (b' favor') has 1553 occurance
merge 3574/9744: (303, 444) -> 3829 (b' gest') has 1552 occurance
merge 3575/9744: (1197, 475) -> 3830 (b' breast') has 1552 occurance
merge 3576/9744: (1201, 3499) -> 3831 (b' individual') has 1552 occurance
merge 3577/9744: (1547, 368) -> 3832 (b' bitter') has 1552 occurance
merge 3578/9744: (2394, 476) -> 3833 (b' Madame') has 1552 occurance
merge 3579/9744: (2819, 278) -> 3834 (b' according') has 1552 occurance
merge 3580/9744: (269, 2523) -> 3835 (b' brief') has 1548 occurance
merge 3581/9744: (1440, 403) -> 3836 (b'fortun') has 1548 occurance
merge 3582/9744: (1761, 693) -> 3837 (b'iterary') has 1548 occurance
merge 3583/9744: (339, 80) -> 3838 (b'\xe2\x80\x9cP') has 1547 occurance
merge 3584/9744: (2274, 2873) -> 3839 (b' destroy') has 1547 occurance
merge 3585/9744: (2897, 305) -> 3840 (b' narrow') has 1547 occurance
merge 3586/9744: (276, 458) -> 3841 (b' fol') has 1546 occurance
merge 3587/9744: (326, 121) -> 3842 (b'ety') has 1546 occurance
merge 3588/9744: (1776, 115) -> 3843 (b' streets') has 1546 occurance
merge 3589/9744: (400, 416) -> 3844 (b' rul') has 1545 occurance
merge 3590/9744: (639, 282) -> 3845 (b'peror') has 1545 occurance
merge 3591/9744: (1366, 908) -> 3846 (b' occup') has 1545 occurance
merge 3592/9744: (99, 329) -> 3847 (b'cal') has 1544 occurance
merge 3593/9744: (262, 259) -> 3848 (b' win') has 1544 occurance
merge 3594/9744: (1050, 567) -> 3849 (b' check') has 1544 occurance
merge 3595/9744: (108, 553) -> 3850 (b'line') has 1541 occurance
merge 3596/9744: (289, 456) -> 3851 (b' pack') has 1541 occurance
merge 3597/9744: (339, 1687) -> 3852 (b'\xe2\x80\x9cWhy') has 1538 occurance
merge 3598/9744: (319, 570) -> 3853 (b' threat') has 1536 occurance
merge 3599/9744: (342, 1077) -> 3854 (b' stream') has 1536 occurance
merge 3600/9744: (1354, 2157) -> 3855 (b' interrupt') has 1536 occurance
merge 3601/9744: (1107, 981) -> 3856 (b' result') has 1535 occurance
merge 3602/9744: (1875, 3344) -> 3857 (b'uddenly') has 1535 occurance
merge 3603/9744: (115, 344) -> 3858 (b'sur') has 1534 occurance
merge 3604/9744: (104, 534) -> 3859 (b'host') has 1533 occurance
merge 3605/9744: (268, 584) -> 3860 (b'erved') has 1532 occurance
merge 3606/9744: (279, 3266) -> 3861 (b' civil') has 1532 occurance
merge 3607/9744: (1104, 661) -> 3862 (b' gives') has 1532 occurance
merge 3608/9744: (34, 1121) -> 3863 (b'"That') has 1531 occurance
merge 3609/9744: (269, 330) -> 3864 (b' bent') has 1531 occurance
merge 3610/9744: (354, 102) -> 3865 (b'rif') has 1531 occurance
merge 3611/9744: (2050, 642) -> 3866 (b' appearance') has 1531 occurance
merge 3612/9744: (3221, 1101) -> 3867 (b' coffee') has 1531 occurance
merge 3613/9744: (121, 108) -> 3868 (b'yl') has 1530 occurance
merge 3614/9744: (2033, 109) -> 3869 (b' murm') has 1530 occurance
merge 3615/9744: (293, 373) -> 3870 (b' hill') has 1529 occurance
merge 3616/9744: (374, 683) -> 3871 (b'child') has 1529 occurance
merge 3617/9744: (385, 599) -> 3872 (b'think') has 1529 occurance
merge 3618/9744: (523, 2983) -> 3873 (b'ortunity') has 1529 occurance
merge 3619/9744: (293, 2901) -> 3874 (b' huge') has 1528 occurance
merge 3620/9744: (294, 2801) -> 3875 (b' information') has 1528 occurance
merge 3621/9744: (416, 714) -> 3876 (b'ulty') has 1528 occurance
merge 3622/9744: (603, 259) -> 3877 (b' grin') has 1528 occurance
merge 3623/9744: (2057, 554) -> 3878 (b' creature') has 1528 occurance
merge 3624/9744: (505, 100) -> 3879 (b'aud') has 1526 occurance
merge 3625/9744: (526, 537) -> 3880 (b' anyway') has 1526 occurance
merge 3626/9744: (104, 282) -> 3881 (b'hor') has 1525 occurance
merge 3627/9744: (1482, 793) -> 3882 (b' listened') has 1525 occurance
merge 3628/9744: (746, 1196) -> 3883 (b' prevent') has 1523 occurance
merge 3629/9744: (406, 724) -> 3884 (b' Count') has 1522 occurance
merge 3630/9744: (520, 318) -> 3885 (b' likely') has 1522 occurance
merge 3631/9744: (32, 2910) -> 3886 (b' \xc9\xb9') has 1521 occurance
merge 3632/9744: (112, 523) -> 3887 (b'port') has 1521 occurance
merge 3633/9744: (1127, 411) -> 3888 (b' instant') has 1521 occurance
merge 3634/9744: (372, 2481) -> 3889 (b' Maybe') has 1520 occurance
merge 3635/9744: (425, 1662) -> 3890 (b' shoes') has 1520 occurance
merge 3636/9744: (984, 268) -> 3891 (b' enter') has 1520 occurance
merge 3637/9744: (257, 116) -> 3892 (b'het') has 1519 occurance
merge 3638/9744: (279, 2737) -> 3893 (b' custom') has 1517 occurance
merge 3639/9744: (289, 288) -> 3894 (b' pan') has 1517 occurance
merge 3640/9744: (287, 771) -> 3895 (b'asons') has 1516 occurance
merge 3641/9744: (315, 495) -> 3896 (b'imate') has 1516 occurance
merge 3642/9744: (530, 115) -> 3897 (b' yours') has 1516 occurance
merge 3643/9744: (796, 873) -> 3898 (b'aterial') has 1516 occurance
merge 3644/9744: (1408, 385) -> 3899 (b'worth') has 1516 occurance
merge 3645/9744: (2345, 288) -> 3900 (b' American') has 1516 occurance
merge 3646/9744: (269, 329) -> 3901 (b' bal') has 1514 occurance
merge 3647/9744: (309, 1032) -> 3902 (b'icense') has 1514 occurance
merge 3648/9744: (1257, 1721) -> 3903 (b' discovered') has 1514 occurance
merge 3649/9744: (1482, 1649) -> 3904 (b' listening') has 1514 occurance
merge 3650/9744: (581, 268) -> 3905 (b'aper') has 1513 occurance
merge 3651/9744: (1475, 312) -> 3906 (b' drove') has 1512 occurance
merge 3652/9744: (67, 288) -> 3907 (b'Can') has 1510 occurance
merge 3653/9744: (256, 2984) -> 3908 (b' taste') has 1509 occurance
merge 3654/9744: (282, 278) -> 3909 (b'oring') has 1509 occurance
merge 3655/9744: (1086, 442) -> 3910 (b' board') has 1509 occurance
merge 3656/9744: (374, 1591) -> 3911 (b'chief') has 1508 occurance
merge 3657/9744: (50, 51) -> 3912 (b'23') has 1506 occurance
merge 3658/9744: (327, 301) -> 3913 (b'acle') has 1506 occurance
merge 3659/9744: (344, 316) -> 3914 (b'urse') has 1506 occurance
merge 3660/9744: (400, 753) -> 3915 (b' rise') has 1506 occurance
merge 3661/9744: (1395, 278) -> 3916 (b' falling') has 1506 occurance
merge 3662/9744: (2170, 442) -> 3917 (b'board') has 1506 occurance
merge 3663/9744: (303, 290) -> 3918 (b' gar') has 1505 occurance
merge 3664/9744: (2409, 2409) -> 3919 (b'====') has 1503 occurance
merge 3665/9744: (685, 1292) -> 3920 (b' ourselves') has 1502 occurance
merge 3666/9744: (1800, 121) -> 3921 (b' study') has 1502 occurance
merge 3667/9744: (943, 2508) -> 3922 (b' represent') has 1501 occurance
merge 3668/9744: (119, 119) -> 3923 (b'ww') has 1499 occurance
merge 3669/9744: (289, 373) -> 3924 (b' pill') has 1498 occurance
merge 3670/9744: (773, 642) -> 3925 (b' glance') has 1498 occurance
merge 3671/9744: (1074, 2094) -> 3926 (b' conscious') has 1498 occurance
merge 3672/9744: (3000, 2188) -> 3927 (b' familiar') has 1498 occurance
merge 3673/9744: (425, 461) -> 3928 (b' shop') has 1497 occurance
merge 3674/9744: (270, 100) -> 3929 (b'edd') has 1496 occurance
merge 3675/9744: (337, 284) -> 3930 (b'ades') has 1496 occurance
merge 3676/9744: (383, 335) -> 3931 (b' Their') has 1494 occurance
merge 3677/9744: (110, 115) -> 3932 (b'ns') has 1493 occurance
merge 3678/9744: (269, 647) -> 3933 (b' bull') has 1493 occurance
merge 3679/9744: (458, 284) -> 3934 (b'oles') has 1493 occurance
merge 3680/9744: (278, 117) -> 3935 (b'ingu') has 1492 occurance
merge 3681/9744: (406, 114) -> 3936 (b' Cr') has 1492 occurance
merge 3682/9744: (483, 108) -> 3937 (b' Gl') has 1492 occurance
merge 3683/9744: (97, 656) -> 3938 (b'aving') has 1491 occurance
merge 3684/9744: (119, 436) -> 3939 (b'wind') has 1491 occurance
merge 3685/9744: (292, 1022) -> 3940 (b' lower') has 1491 occurance
merge 3686/9744: (648, 2215) -> 3941 (b' flowers') has 1490 occurance
merge 3687/9744: (1768, 965) -> 3942 (b' condition') has 1489 occurance
merge 3688/9744: (366, 1304) -> 3943 (b' attend') has 1488 occurance
merge 3689/9744: (725, 326) -> 3944 (b' poet') has 1488 occurance
merge 3690/9744: (555, 310) -> 3945 (b' Old') has 1487 occurance
merge 3691/9744: (588, 278) -> 3946 (b' using') has 1487 occurance
merge 3692/9744: (1280, 115) -> 3947 (b' sounds') has 1486 occurance
merge 3693/9744: (2120, 108) -> 3948 (b' Charl') has 1486 occurance
merge 3694/9744: (111, 1816) -> 3949 (b'ointed') has 1485 occurance
merge 3695/9744: (444, 270) -> 3950 (b'ested') has 1485 occurance
merge 3696/9744: (314, 101) -> 3951 (b'ste') has 1483 occurance
merge 3697/9744: (571, 854) -> 3952 (b' unless') has 1483 occurance
merge 3698/9744: (1317, 385) -> 3953 (b' north') has 1483 occurance
merge 3699/9744: (2221, 446) -> 3954 (b' favour') has 1483 occurance
merge 3700/9744: (259, 808) -> 3955 (b'inting') has 1480 occurance
merge 3701/9744: (360, 116) -> 3956 (b' ant') has 1480 occurance
merge 3702/9744: (556, 114) -> 3957 (b'arer') has 1480 occurance
merge 3703/9744: (3244, 109) -> 3958 (b' problem') has 1480 occurance
merge 3704/9744: (489, 114) -> 3959 (b' spr') has 1479 occurance
merge 3705/9744: (2245, 2749) -> 3960 (b' soldiers') has 1479 occurance
merge 3706/9744: (840, 329) -> 3961 (b' Val') has 1478 occurance
merge 3707/9744: (1315, 629) -> 3962 (b' address') has 1478 occurance
merge 3708/9744: (99, 759) -> 3963 (b'char') has 1477 occurance
merge 3709/9744: (295, 1658) -> 3964 (b'attered') has 1477 occurance
merge 3710/9744: (329, 116) -> 3965 (b'alt') has 1476 occurance
merge 3711/9744: (1670, 411) -> 3966 (b' servant') has 1476 occurance
merge 3712/9744: (2756, 756) -> 3967 (b' innoc') has 1476 occurance
merge 3713/9744: (65, 68) -> 3968 (b'AD') has 1475 occurance
merge 3714/9744: (292, 271) -> 3969 (b' lit') has 1475 occurance
merge 3715/9744: (39, 84) -> 3970 (b"'T") has 1473 occurance
merge 3716/9744: (262, 308) -> 3971 (b' wid') has 1473 occurance
merge 3717/9744: (347, 503) -> 3972 (b' aside') has 1473 occurance
merge 3718/9744: (2391, 638) -> 3973 (b' copyright') has 1471 occurance
merge 3719/9744: (972, 115) -> 3974 (b' lights') has 1469 occurance
merge 3720/9744: (2338, 368) -> 3975 (b' utter') has 1469 occurance
merge 3721/9744: (50, 56) -> 3976 (b'28') has 1468 occurance
merge 3722/9744: (271, 282) -> 3977 (b'itor') has 1468 occurance
merge 3723/9744: (609, 3418) -> 3978 (b' twelve') has 1467 occurance
merge 3724/9744: (272, 2398) -> 3979 (b' maj') has 1466 occurance
merge 3725/9744: (368, 1155) -> 3980 (b'terday') has 1466 occurance
merge 3726/9744: (2656, 619) -> 3981 (b' existence') has 1466 occurance
merge 3727/9744: (276, 572) -> 3982 (b' furn') has 1465 occurance
merge 3728/9744: (478, 491) -> 3983 (b' worry') has 1465 occurance
merge 3729/9744: (2118, 301) -> 3984 (b' bottle') has 1465 occurance
merge 3730/9744: (293, 1233) -> 3985 (b' horr') has 1464 occurance
merge 3731/9744: (929, 590) -> 3986 (b'compl') has 1463 occurance
merge 3732/9744: (959, 112) -> 3987 (b' emp') has 1462 occurance
merge 3733/9744: (1768, 1750) -> 3988 (b' conduct') has 1462 occurance
merge 3734/9744: (289, 3513) -> 3989 (b' pieces') has 1460 occurance
merge 3735/9744: (741, 736) -> 3990 (b' remark') has 1460 occurance
merge 3736/9744: (342, 335) -> 3991 (b' stir') has 1459 occurance
merge 3737/9744: (364, 3470) -> 3992 (b' August') has 1459 occurance
merge 3738/9744: (399, 278) -> 3993 (b'eling') has 1459 occurance
merge 3739/9744: (648, 111) -> 3994 (b' flo') has 1458 occurance
merge 3740/9744: (2120, 906) -> 3995 (b' Charles') has 1458 occurance
merge 3741/9744: (117, 2568) -> 3996 (b'uzz') has 1457 occurance
merge 3742/9744: (314, 1656) -> 3997 (b'stead') has 1457 occurance
merge 3743/9744: (402, 110) -> 3998 (b'agn') has 1456 occurance
merge 3744/9744: (339, 76) -> 3999 (b'\xe2\x80\x9cL') has 1454 occurance
merge 3745/9744: (483, 466) -> 4000 (b' Good') has 1453 occurance
merge 3746/9744: (487, 270) -> 4001 (b'owned') has 1452 occurance
merge 3747/9744: (364, 1272) -> 4002 (b' Aunt') has 1451 occurance
merge 3748/9744: (790, 444) -> 4003 (b' greatest') has 1451 occurance
merge 3749/9744: (1269, 2162) -> 4004 (b' built') has 1451 occurance
merge 3750/9744: (34, 787) -> 4005 (b'"And') has 1450 occurance
merge 3751/9744: (101, 104) -> 4006 (b'eh') has 1450 occurance
merge 3752/9744: (361, 776) -> 4007 (b' House') has 1450 occurance
merge 3753/9744: (864, 808) -> 4008 (b' putting') has 1448 occurance
merge 3754/9744: (943, 318) -> 4009 (b' reply') has 1448 occurance
merge 3755/9744: (342, 668) -> 4010 (b' stick') has 1447 occurance
merge 3756/9744: (452, 270) -> 4011 (b'elled') has 1447 occurance
merge 3757/9744: (119, 290) -> 4012 (b'war') has 1446 occurance
merge 3758/9744: (289, 492) -> 4013 (b' pra') has 1445 occurance
merge 3759/9744: (545, 3688) -> 4014 (b' Europe') has 1445 occurance
merge 3760/9744: (1993, 456) -> 4015 (b' Black') has 1445 occurance
merge 3761/9744: (272, 523) -> 4016 (b' mort') has 1443 occurance
merge 3762/9744: (912, 278) -> 4017 (b' passing') has 1443 occurance
merge 3763/9744: (2386, 674) -> 4018 (b' princip') has 1443 occurance
merge 3764/9744: (696, 115) -> 4019 (b' gets') has 1441 occurance
merge 3765/9744: (1546, 523) -> 4020 (b' effort') has 1441 occurance
merge 3766/9744: (1346, 337) -> 4021 (b' broad') has 1439 occurance
merge 3767/9744: (295, 114) -> 4022 (b'atr') has 1438 occurance
merge 3768/9744: (2369, 1753) -> 4023 (b' fortune') has 1438 occurance
merge 3769/9744: (3395, 316) -> 4024 (b' false') has 1438 occurance
merge 3770/9744: (272, 704) -> 4025 (b' mach') has 1436 occurance
merge 3771/9744: (292, 970) -> 4026 (b' latter') has 1436 occurance
merge 3772/9744: (609, 557) -> 4027 (b' twice') has 1436 occurance
merge 3773/9744: (1179, 270) -> 4028 (b'enced') has 1434 occurance
merge 3774/9744: (106, 111) -> 4029 (b'jo') has 1433 occurance
merge 3775/9744: (533, 1049) -> 4030 (b' army') has 1432 occurance
merge 3776/9744: (259, 329) -> 4031 (b'inal') has 1431 occurance
merge 3777/9744: (260, 1469) -> 4032 (b' sides') has 1431 occurance
merge 3778/9744: (406, 329) -> 4033 (b' Cal') has 1431 occurance
merge 3779/9744: (110, 448) -> 4034 (b'ners') has 1430 occurance
merge 3780/9744: (117, 301) -> 4035 (b'ule') has 1430 occurance
merge 3781/9744: (302, 270) -> 4036 (b'oted') has 1430 occurance
merge 3782/9744: (1600, 444) -> 4037 (b' priest') has 1430 occurance
merge 3783/9744: (109, 329) -> 4038 (b'mal') has 1429 occurance
merge 3784/9744: (110, 284) -> 4039 (b'nes') has 1429 occurance
merge 3785/9744: (313, 1196) -> 4040 (b' event') has 1429 occurance
merge 3786/9744: (82, 101) -> 4041 (b'Re') has 1428 occurance
merge 3787/9744: (2125, 418) -> 4042 (b' estab') has 1428 occurance
merge 3788/9744: (71, 111) -> 4043 (b'Go') has 1427 occurance
merge 3789/9744: (85, 82) -> 4044 (b'UR') has 1427 occurance
merge 3790/9744: (269, 3552) -> 4045 (b' bodies') has 1427 occurance
merge 3791/9744: (289, 371) -> 4046 (b' pec') has 1427 occurance
merge 3792/9744: (345, 714) -> 4047 (b' forty') has 1427 occurance
merge 3793/9744: (3020, 121) -> 4048 (b' enemy') has 1427 occurance
merge 3794/9744: (386, 308) -> 4049 (b' kid') has 1426 occurance
merge 3795/9744: (425, 1568) -> 4050 (b' shirt') has 1426 occurance
merge 3796/9744: (1959, 752) -> 4051 (b' ordered') has 1426 occurance
merge 3797/9744: (45, 1155) -> 4052 (b'-day') has 1425 occurance
merge 3798/9744: (472, 284) -> 4053 (b'oses') has 1425 occurance
merge 3799/9744: (628, 1092) -> 4054 (b' shape') has 1425 occurance
merge 3800/9744: (369, 816) -> 4055 (b'iffe') has 1424 occurance
merge 3801/9744: (118, 273) -> 4056 (b'vis') has 1423 occurance
merge 3802/9744: (397, 598) -> 4057 (b' liber') has 1423 occurance
merge 3803/9744: (440, 677) -> 4058 (b' knife') has 1422 occurance
merge 3804/9744: (628, 902) -> 4059 (b' shame') has 1422 occurance
merge 3805/9744: (1274, 329) -> 4060 (b' personal') has 1422 occurance
merge 3806/9744: (2866, 702) -> 4061 (b' arrang') has 1422 occurance
merge 3807/9744: (289, 541) -> 4062 (b' pity') has 1421 occurance
merge 3808/9744: (1046, 2694) -> 4063 (b' speech') has 1421 occurance
merge 3809/9744: (97, 661) -> 4064 (b'aves') has 1420 occurance
merge 3810/9744: (109, 287) -> 4065 (b'mas') has 1420 occurance
merge 3811/9744: (285, 556) -> 4066 (b' dare') has 1420 occurance
merge 3812/9744: (1981, 471) -> 4067 (b' protect') has 1420 occurance
merge 3813/9744: (1953, 318) -> 4068 (b' softly') has 1419 occurance
merge 3814/9744: (326, 559) -> 4069 (b'ette') has 1418 occurance
merge 3815/9744: (354, 103) -> 4070 (b'rig') has 1418 occurance
merge 3816/9744: (279, 442) -> 4071 (b' card') has 1417 occurance
merge 3817/9744: (372, 99) -> 4072 (b' Mc') has 1417 occurance
merge 3818/9744: (298, 704) -> 4073 (b'omach') has 1416 occurance
merge 3819/9744: (417, 444) -> 4074 (b'quest') has 1416 occurance
merge 3820/9744: (525, 98) -> 4075 (b' comb') has 1416 occurance
merge 3821/9744: (263, 284) -> 4076 (b'rees') has 1415 occurance
merge 3822/9744: (109, 421) -> 4077 (b'must') has 1414 occurance
merge 3823/9744: (109, 1913) -> 4078 (b'mitted') has 1414 occurance
merge 3824/9744: (286, 277) -> 4079 (b'llen') has 1414 occurance
merge 3825/9744: (391, 277) -> 4080 (b' Ben') has 1414 occurance
merge 3826/9744: (571, 102) -> 4081 (b' unf') has 1414 occurance
merge 3827/9744: (745, 1793) -> 4082 (b' apparent') has 1414 occurance
merge 3828/9744: (1157, 278) -> 4083 (b'standing') has 1414 occurance
merge 3829/9744: (2177, 515) -> 4084 (b' judge') has 1414 occurance
merge 3830/9744: (105, 287) -> 4085 (b'ias') has 1413 occurance
merge 3831/9744: (2425, 382) -> 4086 (b'athered') has 1413 occurance
merge 3832/9744: (79, 87) -> 4087 (b'OW') has 1412 occurance
merge 3833/9744: (307, 270) -> 4088 (b'uted') has 1412 occurance
merge 3834/9744: (483, 111) -> 4089 (b' Go') has 1408 occurance
merge 3835/9744: (2054, 270) -> 4090 (b' crossed') has 1408 occurance
merge 3836/9744: (3705, 423) -> 4091 (b' tonight') has 1408 occurance
merge 3837/9744: (563, 2218) -> 4092 (b' rolled') has 1407 occurance
merge 3838/9744: (3624, 1261) -> 4093 (b'Yeah') has 1406 occurance
merge 3839/9744: (119, 329) -> 4094 (b'wal') has 1405 occurance
merge 3840/9744: (34, 77) -> 4095 (b'"M') has 1404 occurance
merge 3841/9744: (418, 1310) -> 4096 (b'abeth') has 1404 occurance
merge 3842/9744: (112, 284) -> 4097 (b'pes') has 1403 occurance
merge 3843/9744: (890, 634) -> 4098 (b' feelings') has 1403 occurance
merge 3844/9744: (2052, 121) -> 4099 (b'ology') has 1403 occurance
merge 3845/9744: (111, 273) -> 4100 (b'ois') has 1402 occurance
merge 3846/9744: (121, 301) -> 4101 (b'yle') has 1401 occurance
merge 3847/9744: (364, 680) -> 4102 (b' Ang') has 1401 occurance
merge 3848/9744: (2494, 660) -> 4103 (b' various') has 1401 occurance
merge 3849/9744: (117, 1105) -> 4104 (b'ugg') has 1400 occurance
merge 3850/9744: (718, 1443) -> 4105 (b' perform') has 1400 occurance
merge 3851/9744: (256, 343) -> 4106 (b' tro') has 1399 occurance
merge 3852/9744: (276, 1940) -> 4107 (b' freed') has 1398 occurance
merge 3853/9744: (834, 2916) -> 4108 (b' control') has 1398 occurance
merge 3854/9744: (411, 309) -> 4109 (b'antic') has 1397 occurance
merge 3855/9744: (603, 418) -> 4110 (b' grab') has 1397 occurance
merge 3856/9744: (1439, 1820) -> 4111 (b' difference') has 1395 occurance
merge 3857/9744: (957, 268) -> 4112 (b'lier') has 1394 occurance
merge 3858/9744: (269, 587) -> 4113 (b' bought') has 1393 occurance
merge 3859/9744: (350, 108) -> 4114 (b' wel') has 1392 occurance
merge 3860/9744: (995, 115) -> 4115 (b' moments') has 1392 occurance
merge 3861/9744: (99, 268) -> 4116 (b'cer') has 1391 occurance
merge 3862/9744: (291, 3370) -> 4117 (b' hesit') has 1391 occurance
merge 3863/9744: (313, 2614) -> 4118 (b' eager') has 1391 occurance
merge 3864/9744: (2002, 3139) -> 4119 (b' breakfast') has 1391 occurance
merge 3865/9744: (272, 963) -> 4120 (b' mix') has 1389 occurance
merge 3866/9744: (338, 72) -> 4121 (b' TH') has 1389 occurance
merge 3867/9744: (102, 1432) -> 4122 (b'field') has 1388 occurance
merge 3868/9744: (118, 1609) -> 4123 (b'viously') has 1388 occurance
merge 3869/9744: (684, 913) -> 4124 (b' prince') has 1388 occurance
merge 3870/9744: (701, 1319) -> 4125 (b' everybody') has 1388 occurance
merge 3871/9744: (1634, 318) -> 4126 (b' directly') has 1388 occurance
merge 3872/9744: (32, 1499) -> 4127 (b' ident') has 1387 occurance
merge 3873/9744: (288, 551) -> 4128 (b'another') has 1387 occurance
merge 3874/9744: (545, 114) -> 4129 (b' Er') has 1387 occurance
merge 3875/9744: (110, 444) -> 4130 (b'nest') has 1386 occurance
merge 3876/9744: (628, 263) -> 4131 (b' share') has 1386 occurance
merge 3877/9744: (1475, 112) -> 4132 (b' drop') has 1385 occurance
merge 3878/9744: (1523, 302) -> 4133 (b' phot') has 1385 occurance
merge 3879/9744: (98, 343) -> 4134 (b'bro') has 1384 occurance
merge 3880/9744: (116, 1975) -> 4135 (b'two') has 1384 occurance
merge 3881/9744: (297, 2239) -> 4136 (b' nerv') has 1384 occurance
merge 3882/9744: (359, 544) -> 4137 (b'keep') has 1384 occurance
merge 3883/9744: (684, 503) -> 4138 (b' pride') has 1384 occurance
merge 3884/9744: (1573, 312) -> 4139 (b' trave') has 1384 occurance
merge 3885/9744: (50, 55) -> 4140 (b'27') has 1383 occurance
merge 3886/9744: (761, 268) -> 4141 (b' older') has 1383 occurance
merge 3887/9744: (2422, 453) -> 4142 (b' dangerous') has 1383 occurance
merge 3888/9744: (3488, 2788) -> 4143 (b' cigaret') has 1383 occurance
merge 3889/9744: (266, 399) -> 4144 (b'hael') has 1382 occurance
merge 3890/9744: (400, 1927) -> 4145 (b' rising') has 1382 occurance
merge 3891/9744: (2299, 1423) -> 4146 (b'-y\xc3\xbc') has 1382 occurance
merge 3892/9744: (321, 278) -> 4147 (b'\xe2\x80\x99ing') has 1381 occurance
merge 3893/9744: (102, 672) -> 4148 (b'ford') has 1380 occurance
merge 3894/9744: (2577, 121) -> 4149 (b'happy') has 1380 occurance
merge 3895/9744: (108, 259) -> 4150 (b'lin') has 1378 occurance
merge 3896/9744: (812, 121) -> 4151 (b' key') has 1378 occurance
merge 3897/9744: (2097, 278) -> 4152 (b'going') has 1378 occurance
merge 3898/9744: (116, 529) -> 4153 (b'take') has 1377 occurance
merge 3899/9744: (260, 259) -> 4154 (b' sin') has 1377 occurance
merge 3900/9744: (373, 97) -> 4155 (b'illa') has 1377 occurance
merge 3901/9744: (480, 3584) -> 4156 (b' LORD') has 1377 occurance
merge 3902/9744: (1362, 411) -> 4157 (b' pleasant') has 1377 occurance
merge 3903/9744: (418, 1626) -> 4158 (b'ability') has 1376 occurance
merge 3904/9744: (85, 110) -> 4159 (b'Un') has 1374 occurance
merge 3905/9744: (1064, 114) -> 4160 (b' surr') has 1374 occurance
merge 3906/9744: (1834, 659) -> 4161 (b' depend') has 1374 occurance
merge 3907/9744: (339, 1533) -> 4162 (b'\xe2\x80\x9cHow') has 1373 occurance
merge 3908/9744: (526, 1319) -> 4163 (b' anybody') has 1372 occurance
merge 3909/9744: (2348, 329) -> 4164 (b' animal') has 1372 occurance
merge 3910/9744: (71, 518) -> 4165 (b'God') has 1370 occurance
merge 3911/9744: (258, 596) -> 4166 (b' aud') has 1370 occurance
merge 3912/9744: (299, 1893) -> 4167 (b' habit') has 1369 occurance
merge 3913/9744: (333, 2499) -> 4168 (b' revol') has 1369 occurance
merge 3914/9744: (617, 986) -> 4169 (b' choice') has 1369 occurance
merge 3915/9744: (854, 318) -> 4170 (b'lessly') has 1369 occurance
merge 3916/9744: (3007, 1464) -> 4171 (b' spoken') has 1369 occurance
merge 3917/9744: (1138, 270) -> 4172 (b'inced') has 1368 occurance
merge 3918/9744: (276, 3123) -> 4173 (b' frequ') has 1366 occurance
merge 3919/9744: (303, 1063) -> 4174 (b' gently') has 1366 occurance
merge 3920/9744: (344, 100) -> 4175 (b'urd') has 1366 occurance
merge 3921/9744: (3239, 275) -> 4176 (b' aston') has 1364 occurance
merge 3922/9744: (1580, 282) -> 4177 (b' honor') has 1363 occurance
merge 3923/9744: (2061, 329) -> 4178 (b' equal') has 1363 occurance
merge 3924/9744: (73, 1620) -> 4179 (b'ION') has 1362 occurance
merge 3925/9744: (499, 1734) -> 4180 (b' managed') has 1362 occurance
merge 3926/9744: (648, 3542) -> 4181 (b' flesh') has 1362 occurance
merge 3927/9744: (372, 309) -> 4182 (b' Mic') has 1361 occurance
merge 3928/9744: (276, 735) -> 4183 (b' fru') has 1360 occurance
merge 3929/9744: (406, 266) -> 4184 (b' Cha') has 1360 occurance
merge 3930/9744: (626, 121) -> 4185 (b'bey') has 1360 occurance
merge 3931/9744: (836, 278) -> 4186 (b' calling') has 1358 occurance
merge 3932/9744: (459, 3541) -> 4187 (b' exclaimed') has 1357 occurance
merge 3933/9744: (34, 679) -> 4188 (b'"He') has 1356 occurance
merge 3934/9744: (276, 381) -> 4189 (b' fil') has 1356 occurance
merge 3935/9744: (73, 86) -> 4190 (b'IV') has 1354 occurance
merge 3936/9744: (400, 874) -> 4191 (b' rail') has 1354 occurance
merge 3937/9744: (406, 394) -> 4192 (b' Come') has 1354 occurance
merge 3938/9744: (416, 439) -> 4193 (b'ulation') has 1354 occurance
merge 3939/9744: (603, 512) -> 4194 (b' grace') has 1354 occurance
merge 3940/9744: (1809, 3717) -> 4195 (b' opposite') has 1354 occurance
merge 3941/9744: (1815, 377) -> 4196 (b' Grand') has 1354 occurance
merge 3942/9744: (2229, 992) -> 4197 (b' example') has 1354 occurance
merge 3943/9744: (480, 121) -> 4198 (b' Ly') has 1353 occurance
merge 3944/9744: (1046, 270) -> 4199 (b' speed') has 1353 occurance
merge 3945/9744: (1759, 309) -> 4200 (b' suffic') has 1353 occurance
merge 3946/9744: (110, 371) -> 4201 (b'nec') has 1352 occurance
merge 3947/9744: (116, 273) -> 4202 (b'tis') has 1352 occurance
merge 3948/9744: (1310, 518) -> 4203 (b'ethod') has 1352 occurance
merge 3949/9744: (1653, 1106) -> 4204 (b' promised') has 1352 occurance
merge 3950/9744: (1990, 2209) -> 4205 (b' William') has 1352 occurance
merge 3951/9744: (32, 557) -> 4206 (b' ice') has 1351 occurance
merge 3952/9744: (358, 98) -> 4207 (b'amb') has 1351 occurance
merge 3953/9744: (603, 1170) -> 4208 (b' growing') has 1351 occurance
merge 3954/9744: (721, 115) -> 4209 (b' thinks') has 1351 occurance
merge 3955/9744: (2687, 758) -> 4210 (b' settled') has 1351 occurance
merge 3956/9744: (105, 496) -> 4211 (b'iven') has 1350 occurance
merge 3957/9744: (655, 2882) -> 4212 (b' display') has 1350 occurance
merge 3958/9744: (1628, 84) -> 4213 (b'ENT') has 1350 occurance
merge 3959/9744: (292, 810) -> 4214 (b' loss') has 1349 occurance
merge 3960/9744: (1670, 1420) -> 4215 (b' servants') has 1349 occurance
merge 3961/9744: (372, 328) -> 4216 (b' May') has 1348 occurance
merge 3962/9744: (121, 114) -> 4217 (b'yr') has 1347 occurance
merge 3963/9744: (279, 358) -> 4218 (b' cam') has 1347 occurance
merge 3964/9744: (400, 556) -> 4219 (b' rare') has 1347 occurance
merge 3965/9744: (108, 3261) -> 4220 (b'looked') has 1346 occurance
merge 3966/9744: (111, 389) -> 4221 (b'opp') has 1346 occurance
merge 3967/9744: (102, 720) -> 4222 (b'first') has 1345 occurance
merge 3968/9744: (276, 373) -> 4223 (b' fill') has 1345 occurance
merge 3969/9744: (297, 2370) -> 4224 (b' named') has 1345 occurance
merge 3970/9744: (588, 1298) -> 4225 (b' usually') has 1345 occurance
merge 3971/9744: (1593, 282) -> 4226 (b' color') has 1345 occurance
merge 3972/9744: (279, 1176) -> 4227 (b' crying') has 1344 occurance
merge 3973/9744: (289, 326) -> 4228 (b' pet') has 1343 occurance
merge 3974/9744: (102, 97) -> 4229 (b'fa') has 1341 occurance
merge 3975/9744: (385, 634) -> 4230 (b'things') has 1341 occurance
merge 3976/9744: (363, 109) -> 4231 (b' Sm') has 1340 occurance
merge 3977/9744: (119, 2360) -> 4232 (b'woman') has 1339 occurance
merge 3978/9744: (583, 1319) -> 4233 (b' somebody') has 1339 occurance
merge 3979/9744: (1523, 3676) -> 4234 (b' philos') has 1339 occurance
merge 3980/9744: (289, 282) -> 4235 (b' por') has 1338 occurance
merge 3981/9744: (360, 1347) -> 4236 (b' anger') has 1338 occurance
merge 3982/9744: (539, 101) -> 4237 (b' fee') has 1338 occurance
merge 3983/9744: (750, 278) -> 4238 (b'izing') has 1338 occurance
merge 3984/9744: (115, 667) -> 4239 (b'such') has 1337 occurance
merge 3985/9744: (339, 66) -> 4240 (b'\xe2\x80\x9cB') has 1337 occurance
merge 3986/9744: (626, 278) -> 4241 (b'being') has 1337 occurance
merge 3987/9744: (674, 101) -> 4242 (b'ipe') has 1335 occurance
merge 3988/9744: (1031, 1997) -> 4243 (b' attract') has 1335 occurance
merge 3989/9744: (103, 629) -> 4244 (b'gress') has 1334 occurance
merge 3990/9744: (115, 1094) -> 4245 (b'sub') has 1334 occurance
merge 3991/9744: (308, 318) -> 4246 (b'idly') has 1334 occurance
merge 3992/9744: (342, 1091) -> 4247 (b' stars') has 1334 occurance
merge 3993/9744: (102, 3422) -> 4248 (b'fessor') has 1333 occurance
merge 3994/9744: (116, 97) -> 4249 (b'ta') has 1333 occurance
merge 3995/9744: (312, 121) -> 4250 (b'vey') has 1333 occurance
merge 3996/9744: (331, 101) -> 4251 (b'ione') has 1333 occurance
merge 3997/9744: (358, 278) -> 4252 (b'aming') has 1333 occurance
merge 3998/9744: (544, 659) -> 4253 (b'epend') has 1333 occurance
merge 3999/9744: (568, 268) -> 4254 (b'aker') has 1333 occurance
merge 4000/9744: (1924, 277) -> 4255 (b' golden') has 1333 occurance
merge 4001/9744: (67, 69) -> 4256 (b'CE') has 1332 occurance
merge 4002/9744: (302, 257) -> 4257 (b'othe') has 1332 occurance
merge 4003/9744: (583, 1790) -> 4258 (b' somehow') has 1332 occurance
merge 4004/9744: (1129, 439) -> 4259 (b' relation') has 1332 occurance
merge 4005/9744: (1713, 556) -> 4260 (b' square') has 1332 occurance
merge 4006/9744: (3141, 1335) -> 4261 (b' paused') has 1332 occurance
merge 4007/9744: (117, 389) -> 4262 (b'upp') has 1331 occurance
merge 4008/9744: (289, 658) -> 4263 (b' page') has 1331 occurance
merge 4009/9744: (313, 911) -> 4264 (b' emer') has 1331 occurance
merge 4010/9744: (983, 318) -> 4265 (b' lovely') has 1330 occurance
merge 4011/9744: (1959, 448) -> 4266 (b' orders') has 1330 occurance
merge 4012/9744: (388, 115) -> 4267 (b'ores') has 1329 occurance
merge 4013/9744: (1578, 1084) -> 4268 (b' Frank') has 1329 occurance
merge 4014/9744: (73, 77) -> 4269 (b'IM') has 1328 occurance
merge 4015/9744: (756, 99) -> 4270 (b'occ') has 1327 occurance
merge 4016/9744: (1578, 642) -> 4271 (b' France') has 1327 occurance
merge 4017/9744: (195, 168) -> 4272 (b'\xc3\xa8') has 1326 occurance
merge 4018/9744: (424, 115) -> 4273 (b'hens') has 1326 occurance
merge 4019/9744: (866, 329) -> 4274 (b'ival') has 1326 occurance
merge 4020/9744: (32, 304) -> 4275 (b' .\n') has 1325 occurance
merge 4021/9744: (50, 54) -> 4276 (b'26') has 1325 occurance
merge 4022/9744: (462, 623) -> 4277 (b' noble') has 1324 occurance
merge 4023/9744: (741, 290) -> 4278 (b' remar') has 1324 occurance
merge 4024/9744: (1191, 2693) -> 4279 (b' introd') has 1324 occurance
merge 4025/9744: (2626, 270) -> 4280 (b' mentioned') has 1324 occurance
merge 4026/9744: (379, 1396) -> 4281 (b'alley') has 1323 occurance
merge 4027/9744: (1031, 456) -> 4282 (b' attack') has 1323 occurance
merge 4028/9744: (1035, 771) -> 4283 (b' persons') has 1323 occurance
merge 4029/9744: (3097, 674) -> 4284 (b' Philip') has 1323 occurance
merge 4030/9744: (438, 326) -> 4285 (b' Pet') has 1322 occurance
merge 4031/9744: (1050, 268) -> 4286 (b' cheer') has 1322 occurance
merge 4032/9744: (100, 114) -> 4287 (b'dr') has 1321 occurance
merge 4033/9744: (791, 639) -> 4288 (b' desper') has 1321 occurance
merge 4034/9744: (2709, 1942) -> 4289 (b' tomorrow') has 1320 occurance
merge 4035/9744: (42, 42) -> 4290 (b'**') has 1319 occurance
merge 4036/9744: (315, 275) -> 4291 (b'imon') has 1319 occurance
merge 4037/9744: (330, 104) -> 4292 (b'enth') has 1319 occurance
merge 4038/9744: (406, 3579) -> 4293 (b' Captain') has 1319 occurance
merge 4039/9744: (514, 97) -> 4294 (b'\xe2\x80\x94a') has 1319 occurance
merge 4040/9744: (458, 102) -> 4295 (b'olf') has 1318 occurance
merge 4041/9744: (1771, 757) -> 4296 (b' wonderful') has 1318 occurance
merge 4042/9744: (997, 344) -> 4297 (b' distur') has 1317 occurance
merge 4043/9744: (256, 271) -> 4298 (b' tit') has 1316 occurance
merge 4044/9744: (2342, 639) -> 4299 (b' temper') has 1316 occurance
merge 4045/9744: (416, 2188) -> 4300 (b'uliar') has 1315 occurance
merge 4046/9744: (717, 2542) -> 4301 (b' afterwards') has 1315 occurance
merge 4047/9744: (603, 337) -> 4302 (b' grad') has 1314 occurance
merge 4048/9744: (3471, 1748) -> 4303 (b' circumstances') has 1314 occurance
merge 4049/9744: (278, 278) -> 4304 (b'inging') has 1313 occurance
merge 4050/9744: (428, 2470) -> 4305 (b' organ') has 1313 occurance
merge 4051/9744: (264, 119) -> 4306 (b' ow') has 1311 occurance
merge 4052/9744: (454, 3735) -> 4307 (b' voices') has 1311 occurance
merge 4053/9744: (1009, 2164) -> 4308 (b' drunk') has 1311 occurance
merge 4054/9744: (1058, 390) -> 4309 (b' access') has 1310 occurance
merge 4055/9744: (1396, 284) -> 4310 (b'eyes') has 1310 occurance
merge 4056/9744: (558, 596) -> 4311 (b' Jud') has 1309 occurance
merge 4057/9744: (805, 403) -> 4312 (b' begun') has 1309 occurance
merge 4058/9744: (268, 597) -> 4313 (b'erable') has 1308 occurance
merge 4059/9744: (285, 1330) -> 4314 (b' dying') has 1308 occurance
merge 4060/9744: (478, 314) -> 4315 (b' worst') has 1307 occurance
merge 4061/9744: (483, 644) -> 4316 (b' Gree') has 1307 occurance
merge 4062/9744: (571, 101) -> 4317 (b' une') has 1307 occurance
merge 4063/9744: (1014, 109) -> 4318 (b' farm') has 1307 occurance
merge 4064/9744: (1692, 448) -> 4319 (b' papers') has 1307 occurance
merge 4065/9744: (2755, 839) -> 4320 (b' prepared') has 1307 occurance
merge 4066/9744: (1222, 278) -> 4321 (b' opening') has 1306 occurance
merge 4067/9744: (79, 84) -> 4322 (b'OT') has 1305 occurance
merge 4068/9744: (258, 1272) -> 4323 (b' aunt') has 1305 occurance
merge 4069/9744: (276, 415) -> 4324 (b' fem') has 1305 occurance
merge 4070/9744: (397, 1115) -> 4325 (b' libr') has 1305 occurance
merge 4071/9744: (1966, 913) -> 4326 (b' Prince') has 1305 occurance
merge 4072/9744: (0, 3581) -> 4327 (b"\x00'\x00") has 1304 occurance
merge 4073/9744: (107, 97) -> 4328 (b'ka') has 1304 occurance
merge 4074/9744: (329, 102) -> 4329 (b'alf') has 1303 occurance
merge 4075/9744: (735, 2193) -> 4330 (b'ruction') has 1303 occurance
merge 4076/9744: (2345, 97) -> 4331 (b' America') has 1303 occurance
merge 4077/9744: (260, 914) -> 4332 (b' sigh') has 1302 occurance
merge 4078/9744: (99, 97) -> 4333 (b'ca') has 1301 occurance
merge 4079/9744: (260, 1221) -> 4334 (b' south') has 1301 occurance
merge 4080/9744: (262, 753) -> 4335 (b' wise') has 1301 occurance
merge 4081/9744: (313, 1105) -> 4336 (b' egg') has 1301 occurance
merge 4082/9744: (489, 592) -> 4337 (b' spite') has 1301 occurance
merge 4083/9744: (1178, 278) -> 4338 (b' hearing') has 1301 occurance
merge 4084/9744: (354, 623) -> 4339 (b'rible') has 1300 occurance
merge 4085/9744: (2109, 714) -> 4340 (b' property') has 1300 occurance
merge 4086/9744: (3425, 117) -> 4341 (b' influ') has 1300 occurance
merge 4087/9744: (260, 446) -> 4342 (b' sour') has 1297 occurance
merge 4088/9744: (282, 103) -> 4343 (b'org') has 1297 occurance
merge 4089/9744: (746, 2480) -> 4344 (b' prefer') has 1297 occurance
merge 4090/9744: (2348, 1337) -> 4345 (b' animals') has 1297 occurance
merge 4091/9744: (95, 10) -> 4346 (b'_\n') has 1296 occurance
merge 4092/9744: (342, 2304) -> 4347 (b' stories') has 1296 occurance
merge 4093/9744: (594, 305) -> 4348 (b' blow') has 1296 occurance
merge 4094/9744: (3115, 482) -> 4349 (b' intellig') has 1296 occurance
merge 4095/9744: (385, 573) -> 4350 (b'those') has 1295 occurance
merge 4096/9744: (1584, 270) -> 4351 (b' stayed') has 1293 occurance
merge 4097/9744: (292, 581) -> 4352 (b' lap') has 1292 occurance
merge 4098/9744: (337, 278) -> 4353 (b'ading') has 1292 occurance
merge 4099/9744: (618, 375) -> 4354 (b' brain') has 1292 occurance
merge 4100/9744: (301, 265) -> 4355 (b'lend') has 1291 occurance
merge 4101/9744: (450, 642) -> 4356 (b'istance') has 1291 occurance
merge 4102/9744: (4055, 1234) -> 4357 (b'ifferent') has 1291 occurance
merge 4103/9744: (44, 396) -> 4358 (b',\xe2\x80\x9d\n') has 1290 occurance
merge 4104/9744: (297, 275) -> 4359 (b' non') has 1290 occurance
merge 4105/9744: (698, 305) -> 4360 (b' throw') has 1290 occurance
merge 4106/9744: (358, 115) -> 4361 (b'ams') has 1288 occurance
merge 4107/9744: (1148, 756) -> 4362 (b' assoc') has 1288 occurance
merge 4108/9744: (83, 394) -> 4363 (b'Some') has 1287 occurance
merge 4109/9744: (285, 642) -> 4364 (b' dance') has 1287 occurance
merge 4110/9744: (2589, 649) -> 4365 (b' apartment') has 1287 occurance
merge 4111/9744: (262, 492) -> 4366 (b' wra') has 1286 occurance
merge 4112/9744: (1305, 374) -> 4367 (b' Arch') has 1286 occurance
merge 4113/9744: (444, 121) -> 4368 (b'esty') has 1285 occurance
merge 4114/9744: (794, 101) -> 4369 (b'spe') has 1285 occurance
merge 4115/9744: (313, 310) -> 4370 (b' eld') has 1284 occurance
merge 4116/9744: (327, 818) -> 4371 (b'aches') has 1284 occurance
merge 4117/9744: (379, 115) -> 4372 (b'alls') has 1284 occurance
merge 4118/9744: (880, 115) -> 4373 (b' rooms') has 1283 occurance
merge 4119/9744: (1717, 1452) -> 4374 (b' circle') has 1283 occurance
merge 4120/9744: (277, 374) -> 4375 (b'ench') has 1282 occurance
merge 4121/9744: (297, 553) -> 4376 (b' nine') has 1282 occurance
merge 4122/9744: (412, 316) -> 4377 (b'these') has 1282 occurance
merge 4123/9744: (45, 847) -> 4378 (b'-sh') has 1281 occurance
merge 4124/9744: (298, 287) -> 4379 (b'omas') has 1281 occurance
merge 4125/9744: (314, 373) -> 4380 (b'still') has 1281 occurance
merge 4126/9744: (451, 598) -> 4381 (b'umber') has 1281 occurance
merge 4127/9744: (672, 268) -> 4382 (b'order') has 1281 occurance
merge 4128/9744: (104, 451) -> 4383 (b'hum') has 1280 occurance
merge 4129/9744: (785, 115) -> 4384 (b' turns') has 1280 occurance
merge 4130/9744: (874, 270) -> 4385 (b'ailed') has 1280 occurance
merge 4131/9744: (881, 1266) -> 4386 (b' Street') has 1279 occurance
merge 4132/9744: (276, 3404) -> 4387 (b' fashion') has 1278 occurance
merge 4133/9744: (912, 658) -> 4388 (b' passage') has 1278 occurance
merge 4134/9744: (290, 580) -> 4389 (b'aries') has 1277 occurance
merge 4135/9744: (1175, 1417) -> 4390 (b' bedroom') has 1277 occurance
merge 4136/9744: (3281, 399) -> 4391 (b' cruel') has 1277 occurance
merge 4137/9744: (33, 2) -> 4392 (b'!\x02') has 1276 occurance
merge 4138/9744: (3570, 1928) -> 4393 (b' succeed') has 1276 occurance
merge 4139/9744: (114, 495) -> 4394 (b'rate') has 1275 occurance
merge 4140/9744: (3090, 270) -> 4395 (b' obliged') has 1275 occurance
merge 4141/9744: (61, 34) -> 4396 (b'="') has 1273 occurance
merge 4142/9744: (99, 121) -> 4397 (b'cy') has 1273 occurance
merge 4143/9744: (115, 119) -> 4398 (b'sw') has 1273 occurance
merge 4144/9744: (279, 343) -> 4399 (b' cro') has 1273 occurance
merge 4145/9744: (329, 869) -> 4400 (b'always') has 1273 occurance
merge 4146/9744: (338, 1975) -> 4401 (b' Two') has 1273 occurance
merge 4147/9744: (1336, 564) -> 4402 (b'arrass') has 1273 occurance
merge 4148/9744: (303, 2573) -> 4403 (b' grey') has 1272 occurance
merge 4149/9744: (400, 451) -> 4404 (b' rum') has 1272 occurance
merge 4150/9744: (459, 266) -> 4405 (b' exha') has 1272 occurance
merge 4151/9744: (2734, 101) -> 4406 (b' gaze') has 1272 occurance
merge 4152/9744: (454, 375) -> 4407 (b' vain') has 1271 occurance
merge 4153/9744: (101, 98) -> 4408 (b'eb') has 1270 occurance
merge 4154/9744: (279, 382) -> 4409 (b' cred') has 1270 occurance
merge 4155/9744: (277, 97) -> 4410 (b'ena') has 1268 occurance
merge 4156/9744: (273, 99) -> 4411 (b'isc') has 1266 occurance
merge 4157/9744: (279, 305) -> 4412 (b' cow') has 1266 occurance
merge 4158/9744: (69, 110) -> 4413 (b'En') has 1265 occurance
merge 4159/9744: (99, 476) -> 4414 (b'came') has 1265 occurance
merge 4160/9744: (284, 1469) -> 4415 (b'esides') has 1265 occurance
merge 4161/9744: (542, 316) -> 4416 (b' loose') has 1265 occurance
merge 4162/9744: (824, 2604) -> 4417 (b'ograph') has 1265 occurance
merge 4163/9744: (840, 268) -> 4418 (b' Ver') has 1265 occurance
merge 4164/9744: (1408, 310) -> 4419 (b'world') has 1265 occurance
merge 4165/9744: (287, 411) -> 4420 (b'asant') has 1264 occurance
merge 4166/9744: (1280, 270) -> 4421 (b' sounded') has 1264 occurance
merge 4167/9744: (558, 315) -> 4422 (b' Jim') has 1263 occurance
merge 4168/9744: (899, 1176) -> 4423 (b' carrying') has 1263 occurance
merge 4169/9744: (67, 108) -> 4424 (b'Cl') has 1262 occurance
merge 4170/9744: (97, 802) -> 4425 (b'apped') has 1262 occurance
merge 4171/9744: (342, 4073) -> 4426 (b' stomach') has 1262 occurance
merge 4172/9744: (544, 115) -> 4427 (b'eps') has 1262 occurance
merge 4173/9744: (50, 57) -> 4428 (b'29') has 1261 occurance
merge 4174/9744: (397, 284) -> 4429 (b' lies') has 1261 occurance
merge 4175/9744: (480, 1891) -> 4430 (b' Like') has 1261 occurance
merge 4176/9744: (819, 510) -> 4431 (b'ensive') has 1261 occurance
merge 4177/9744: (2256, 278) -> 4432 (b' burning') has 1261 occurance
merge 4178/9744: (109, 328) -> 4433 (b'may') has 1260 occurance
merge 4179/9744: (414, 381) -> 4434 (b' Wil') has 1259 occurance
merge 4180/9744: (1827, 1388) -> 4435 (b' gentlemen') has 1259 occurance
merge 4181/9744: (2676, 2489) -> 4436 (b'\x02\x1b\x04\n') has 1259 occurance
merge 4182/9744: (402, 2604) -> 4437 (b'agraph') has 1258 occurance
merge 4183/9744: (501, 823) -> 4438 (b' Dav') has 1258 occurance
merge 4184/9744: (313, 66) -> 4439 (b' eB') has 1257 occurance
merge 4185/9744: (102, 114) -> 4440 (b'fr') has 1256 occurance
merge 4186/9744: (3610, 268) -> 4441 (b' closer') has 1256 occurance
merge 4187/9744: (70, 114) -> 4442 (b'Fr') has 1255 occurance
merge 4188/9744: (105, 104) -> 4443 (b'ih') has 1255 occurance
merge 4189/9744: (292, 1630) -> 4444 (b' laughter') has 1255 occurance
merge 4190/9744: (73, 71) -> 4445 (b'IG') has 1254 occurance
merge 4191/9744: (364, 1185) -> 4446 (b' Any') has 1253 occurance
merge 4192/9744: (2033, 1096) -> 4447 (b' murder') has 1253 occurance
merge 4193/9744: (577, 278) -> 4448 (b'earing') has 1252 occurance
merge 4194/9744: (32, 122) -> 4449 (b' z') has 1251 occurance
merge 4195/9744: (372, 275) -> 4450 (b' Mon') has 1251 occurance
merge 4196/9744: (483, 3308) -> 4451 (b' General') has 1251 occurance
merge 4197/9744: (3215, 1151) -> 4452 (b' determined') has 1251 occurance
merge 4198/9744: (84, 82) -> 4453 (b'TR') has 1250 occurance
merge 4199/9744: (268, 329) -> 4454 (b'eral') has 1250 occurance
merge 4200/9744: (1242, 270) -> 4455 (b' helped') has 1249 occurance
merge 4201/9744: (826, 115) -> 4456 (b'aws') has 1248 occurance
merge 4202/9744: (1840, 115) -> 4457 (b' woods') has 1247 occurance
merge 4203/9744: (34, 1137) -> 4458 (b'"We') has 1246 occurance
merge 4204/9744: (45, 1388) -> 4459 (b'-men') has 1246 occurance
merge 4205/9744: (1240, 270) -> 4460 (b' hoped') has 1246 occurance
merge 4206/9744: (1384, 121) -> 4461 (b' busy') has 1244 occurance
merge 4207/9744: (1639, 3697) -> 4462 (b' advantage') has 1244 occurance
merge 4208/9744: (1915, 389) -> 4463 (b'supp') has 1244 occurance
merge 4209/9744: (2722, 375) -> 4464 (b' captain') has 1243 occurance
merge 4210/9744: (34, 84) -> 4465 (b'"T') has 1242 occurance
merge 4211/9744: (425, 3030) -> 4466 (b' shrug') has 1242 occurance
merge 4212/9744: (2198, 318) -> 4467 (b' particularly') has 1242 occurance
merge 4213/9744: (309, 121) -> 4468 (b'icy') has 1241 occurance
merge 4214/9744: (482, 103) -> 4469 (b'igg') has 1241 occurance
merge 4215/9744: (2561, 314) -> 4470 (b'against') has 1241 occurance
merge 4216/9744: (361, 399) -> 4471 (b' Hel') has 1240 occurance
merge 4217/9744: (1944, 639) -> 4472 (b' whisper') has 1240 occurance
merge 4218/9744: (80, 268) -> 4473 (b'Per') has 1239 occurance
merge 4219/9744: (85, 84) -> 4474 (b'UT') has 1239 occurance
merge 4220/9744: (116, 353) -> 4475 (b'too') has 1239 occurance
merge 4221/9744: (273, 409) -> 4476 (b'isto') has 1238 occurance
merge 4222/9744: (309, 2629) -> 4477 (b'ichard') has 1238 occurance
merge 4223/9744: (350, 646) -> 4478 (b' weather') has 1238 occurance
merge 4224/9744: (2483, 654) -> 4479 (b' value') has 1238 occurance
merge 4225/9744: (1050, 2160) -> 4480 (b' cheeks') has 1237 occurance
merge 4226/9744: (1399, 1442) -> 4481 (b' forehead') has 1237 occurance
merge 4227/9744: (291, 343) -> 4482 (b' hero') has 1236 occurance
merge 4228/9744: (552, 275) -> 4483 (b' Ron') has 1236 occurance
merge 4229/9744: (734, 2331) -> 4484 (b' slipped') has 1236 occurance
merge 4230/9744: (194, 160) -> 4485 (b'\xc2\xa0') has 1235 occurance
merge 4231/9744: (79, 77) -> 4486 (b'OM') has 1234 occurance
merge 4232/9744: (558, 284) -> 4487 (b' Jes') has 1234 occurance
merge 4233/9744: (2701, 453) -> 4488 (b'ealous') has 1234 occurance
merge 4234/9744: (101, 1045) -> 4489 (b'either') has 1233 occurance
merge 4235/9744: (256, 1036) -> 4490 (b' taught') has 1233 occurance
merge 4236/9744: (272, 3898) -> 4491 (b' material') has 1233 occurance
merge 4237/9744: (71, 114) -> 4492 (b'Gr') has 1232 occurance
merge 4238/9744: (101, 585) -> 4493 (b'eff') has 1232 occurance
merge 4239/9744: (105, 417) -> 4494 (b'iqu') has 1232 occurance
merge 4240/9744: (118, 439) -> 4495 (b'vation') has 1232 occurance
merge 4241/9744: (425, 1228) -> 4496 (b' shoot') has 1232 occurance
merge 4242/9744: (1608, 767) -> 4497 (b' hurried') has 1232 occurance
merge 4243/9744: (1767, 905) -> 4498 (b'                        ') has 1232 occurance
merge 4244/9744: (2590, 278) -> 4499 (b' hanging') has 1232 occurance
merge 4245/9744: (103, 649) -> 4500 (b'gment') has 1231 occurance
merge 4246/9744: (998, 312) -> 4501 (b' serve') has 1229 occurance
merge 4247/9744: (1227, 522) -> 4502 (b' slept') has 1229 occurance
merge 4248/9744: (2029, 853) -> 4503 (b' Christian') has 1229 occurance
merge 4249/9744: (2760, 693) -> 4504 (b' contrary') has 1229 occurance
merge 4250/9744: (32, 2) -> 4505 (b' \x02') has 1228 occurance
merge 4251/9744: (260, 3677) -> 4506 (b' sighed') has 1228 occurance
merge 4252/9744: (303, 287) -> 4507 (b' gas') has 1228 occurance
merge 4253/9744: (563, 98) -> 4508 (b' rob') has 1228 occurance
merge 4254/9744: (1127, 642) -> 4509 (b' instance') has 1228 occurance
merge 4255/9744: (1730, 439) -> 4510 (b'ification') has 1228 occurance
merge 4256/9744: (32, 390) -> 4511 (b' ess') has 1227 occurance
merge 4257/9744: (34, 72) -> 4512 (b'"H') has 1227 occurance
merge 4258/9744: (400, 494) -> 4513 (b' rough') has 1227 occurance
merge 4259/9744: (1969, 381) -> 4514 (b' devil') has 1227 occurance
merge 4260/9744: (109, 529) -> 4515 (b'make') has 1225 occurance
merge 4261/9744: (259, 561) -> 4516 (b'inally') has 1225 occurance
merge 4262/9744: (306, 475) -> 4517 (b' beast') has 1225 occurance
merge 4263/9744: (459, 371) -> 4518 (b' exec') has 1225 occurance
merge 4264/9744: (556, 314) -> 4519 (b'arest') has 1225 occurance
merge 4265/9744: (1064, 2705) -> 4520 (b' surface') has 1225 occurance
merge 4266/9744: (276, 627) -> 4521 (b' fond') has 1224 occurance
merge 4267/9744: (791, 2753) -> 4522 (b' descend') has 1224 occurance
merge 4268/9744: (1235, 2569) -> 4523 (b' possibly') has 1224 occurance
merge 4269/9744: (406, 282) -> 4524 (b' Cor') has 1223 occurance
merge 4270/9744: (666, 1935) -> 4525 (b' accomp') has 1223 occurance
merge 4271/9744: (868, 343) -> 4526 (b' impro') has 1223 occurance
merge 4272/9744: (1480, 623) -> 4527 (b' double') has 1221 occurance
merge 4273/9744: (303, 354) -> 4528 (b' gri') has 1220 occurance
merge 4274/9744: (1217, 110) -> 4529 (b'overn') has 1220 occurance
merge 4275/9744: (1703, 1469) -> 4530 (b' besides') has 1220 occurance
merge 4276/9744: (278, 268) -> 4531 (b'inger') has 1219 occurance
merge 4277/9744: (996, 379) -> 4532 (b' swall') has 1219 occurance
merge 4278/9744: (943, 523) -> 4533 (b' report') has 1218 occurance
merge 4279/9744: (53, 48) -> 4534 (b'50') has 1217 occurance
merge 4280/9744: (65, 71) -> 4535 (b'AG') has 1217 occurance
merge 4281/9744: (558, 1590) -> 4536 (b' James') has 1217 occurance
merge 4282/9744: (2544, 1946) -> 4537 (b' Robert') has 1217 occurance
merge 4283/9744: (3048, 733) -> 4538 (b' witness') has 1217 occurance
merge 4284/9744: (1809, 3873) -> 4539 (b' opportunity') has 1216 occurance
merge 4285/9744: (345, 926) -> 4540 (b' formed') has 1215 occurance
merge 4286/9744: (121, 101) -> 4541 (b'ye') has 1214 occurance
merge 4287/9744: (2797, 115) -> 4542 (b' birds') has 1214 occurance
merge 4288/9744: (1065, 115) -> 4543 (b' needs') has 1213 occurance
merge 4289/9744: (100, 371) -> 4544 (b'dec') has 1211 occurance
merge 4290/9744: (363, 989) -> 4545 (b' Sund') has 1211 occurance
merge 4291/9744: (691, 114) -> 4546 (b' scr') has 1211 occurance
merge 4292/9744: (1750, 331) -> 4547 (b'uction') has 1210 occurance
merge 4293/9744: (117, 288) -> 4548 (b'uan') has 1209 occurance
merge 4294/9744: (454, 330) -> 4549 (b' vent') has 1209 occurance
merge 4295/9744: (315, 115) -> 4550 (b'ims') has 1208 occurance
merge 4296/9744: (459, 3045) -> 4551 (b' excell') has 1208 occurance
merge 4297/9744: (636, 639) -> 4552 (b' imper') has 1208 occurance
merge 4298/9744: (1521, 271) -> 4553 (b' Brit') has 1208 occurance
merge 4299/9744: (313, 112) -> 4554 (b' ep') has 1207 occurance
merge 4300/9744: (105, 495) -> 4555 (b'iate') has 1206 occurance
merge 4301/9744: (414, 444) -> 4556 (b' West') has 1206 occurance
merge 4302/9744: (946, 270) -> 4557 (b' ended') has 1206 occurance
merge 4303/9744: (385, 644) -> 4558 (b'three') has 1205 occurance
merge 4304/9744: (423, 115) -> 4559 (b'ights') has 1205 occurance
merge 4305/9744: (997, 411) -> 4560 (b' distant') has 1205 occurance
merge 4306/9744: (974, 121) -> 4561 (b' guy') has 1203 occurance
merge 4307/9744: (266, 108) -> 4562 (b'hal') has 1201 occurance
merge 4308/9744: (102, 665) -> 4563 (b'fact') has 1200 occurance
merge 4309/9744: (363, 559) -> 4564 (b' Ste') has 1200 occurance
merge 4310/9744: (566, 312) -> 4565 (b' prove') has 1200 occurance
merge 4311/9744: (71, 1339) -> 4566 (b'Gutenberg') has 1199 occurance
merge 4312/9744: (681, 329) -> 4567 (b'oyal') has 1199 occurance
merge 4313/9744: (295, 448) -> 4568 (b'aters') has 1198 occurance
merge 4314/9744: (259, 105) -> 4569 (b'ini') has 1196 occurance
merge 4315/9744: (292, 824) -> 4570 (b' log') has 1196 occurance
merge 4316/9744: (333, 2634) -> 4571 (b' receive') has 1196 occurance
merge 4317/9744: (361, 379) -> 4572 (b' Hall') has 1196 occurance
merge 4318/9744: (468, 351) -> 4573 (b'arther') has 1196 occurance
merge 4319/9744: (552, 394) -> 4574 (b' Rome') has 1196 occurance
merge 4320/9744: (342, 658) -> 4575 (b' stage') has 1195 occurance
merge 4321/9744: (415, 115) -> 4576 (b'ems') has 1195 occurance
merge 4322/9744: (442, 275) -> 4577 (b'ardon') has 1195 occurance
merge 4323/9744: (1759, 268) -> 4578 (b' suffer') has 1195 occurance
merge 4324/9744: (2318, 270) -> 4579 (b' kissed') has 1195 occurance
merge 4325/9744: (98, 97) -> 4580 (b'ba') has 1194 occurance
merge 4326/9744: (293, 3202) -> 4581 (b' hidden') has 1194 occurance
merge 4327/9744: (1239, 1335) -> 4582 (b' refused') has 1194 occurance
merge 4328/9744: (608, 270) -> 4583 (b' handed') has 1193 occurance
merge 4329/9744: (414, 329) -> 4584 (b' Wal') has 1192 occurance
merge 4330/9744: (563, 286) -> 4585 (b' roll') has 1192 occurance
merge 4331/9744: (698, 487) -> 4586 (b' thrown') has 1192 occurance
merge 4332/9744: (50, 50) -> 4587 (b'22') has 1191 occurance
merge 4333/9744: (746, 1304) -> 4588 (b' pretend') has 1191 occurance
merge 4334/9744: (263, 4273) -> 4589 (b'rehens') has 1190 occurance
merge 4335/9744: (470, 584) -> 4590 (b'ieved') has 1190 occurance
merge 4336/9744: (1276, 329) -> 4591 (b' final') has 1190 occurance
merge 4337/9744: (1578, 788) -> 4592 (b' Franc') has 1190 occurance
merge 4338/9744: (3378, 351) -> 4593 (b' higher') has 1190 occurance
merge 4339/9744: (276, 327) -> 4594 (b' fac') has 1189 occurance
merge 4340/9744: (372, 298) -> 4595 (b' Mom') has 1189 occurance
merge 4341/9744: (387, 1196) -> 4596 (b' sevent') has 1189 occurance
merge 4342/9744: (257, 314) -> 4597 (b'hest') has 1188 occurance
merge 4343/9744: (497, 1251) -> 4598 (b' level') has 1188 occurance
merge 4344/9744: (2971, 793) -> 4599 (b' frightened') has 1188 occurance
merge 4345/9744: (108, 305) -> 4600 (b'low') has 1186 occurance
merge 4346/9744: (462, 1251) -> 4601 (b' novel') has 1186 occurance
merge 4347/9744: (929, 1440) -> 4602 (b'comfort') has 1186 occurance
merge 4348/9744: (100, 277) -> 4603 (b'den') has 1185 occurance
merge 4349/9744: (271, 597) -> 4604 (b'itable') has 1185 occurance
merge 4350/9744: (2146, 110) -> 4605 (b' magn') has 1185 occurance
merge 4351/9744: (1323, 1262) -> 4606 (b' regular') has 1184 occurance
merge 4352/9744: (1515, 10) -> 4607 (b'._\n') has 1184 occurance
merge 4353/9744: (3805, 2327) -> 4608 (b' hospital') has 1184 occurance
merge 4354/9744: (97, 101) -> 4609 (b'ae') has 1183 occurance
merge 4355/9744: (45, 908) -> 4610 (b'-up') has 1182 occurance
merge 4356/9744: (498, 110) -> 4611 (b' aren') has 1182 occurance
merge 4357/9744: (518, 101) -> 4612 (b'ode') has 1182 occurance
merge 4358/9744: (1523, 114) -> 4613 (b' phr') has 1182 occurance
merge 4359/9744: (2314, 873) -> 4614 (b' social') has 1182 occurance
merge 4360/9744: (116, 119) -> 4615 (b'tw') has 1181 occurance
merge 4361/9744: (293, 1999) -> 4616 (b' hole') has 1181 occurance
merge 4362/9744: (339, 1874) -> 4617 (b'\xe2\x80\x9cNot') has 1181 occurance
merge 4363/9744: (1125, 541) -> 4618 (b' reality') has 1181 occurance
merge 4364/9744: (1906, 1082) -> 4619 (b' spirits') has 1181 occurance
merge 4365/9744: (2712, 658) -> 4620 (b' message') has 1181 occurance
merge 4366/9744: (279, 3771) -> 4621 (b' cousin') has 1180 occurance
merge 4367/9744: (510, 382) -> 4622 (b'ivered') has 1180 occurance
merge 4368/9744: (97, 111) -> 4623 (b'ao') has 1178 occurance
merge 4369/9744: (108, 827) -> 4624 (b'look') has 1178 occurance
merge 4370/9744: (417, 273) -> 4625 (b'quis') has 1178 occurance
merge 4371/9744: (741, 2408) -> 4626 (b' removed') has 1178 occurance
merge 4372/9744: (366, 101) -> 4627 (b' ate') has 1177 occurance
merge 4373/9744: (443, 783) -> 4628 (b' contain') has 1177 occurance
merge 4374/9744: (391, 373) -> 4629 (b' Bill') has 1176 occurance
merge 4375/9744: (450, 309) -> 4630 (b'istic') has 1176 occurance
merge 4376/9744: (618, 2364) -> 4631 (b' bridge') has 1176 occurance
merge 4377/9744: (1544, 278) -> 4632 (b' sleeping') has 1176 occurance
merge 4378/9744: (374, 111) -> 4633 (b'cho') has 1175 occurance
merge 4379/9744: (451, 110) -> 4634 (b'umn') has 1175 occurance
merge 4380/9744: (662, 557) -> 4635 (b' justice') has 1175 occurance
merge 4381/9744: (1947, 629) -> 4636 (b' mistress') has 1174 occurance
merge 4382/9744: (296, 78) -> 4637 (b' IN') has 1173 occurance
merge 4383/9744: (391, 1890) -> 4638 (b' Because') has 1173 occurance
merge 4384/9744: (643, 724) -> 4639 (b' amount') has 1173 occurance
merge 4385/9744: (872, 592) -> 4640 (b'white') has 1173 occurance
merge 4386/9744: (2355, 375) -> 4641 (b' mountain') has 1173 occurance
merge 4387/9744: (116, 301) -> 4642 (b'tle') has 1172 occurance
merge 4388/9744: (1513, 771) -> 4643 (b' respons') has 1172 occurance
merge 4389/9744: (1947, 529) -> 4644 (b' mistake') has 1172 occurance
merge 4390/9744: (46, 83) -> 4645 (b'.S') has 1171 occurance
merge 4391/9744: (364, 104) -> 4646 (b' Ah') has 1171 occurance
merge 4392/9744: (372, 388) -> 4647 (b' More') has 1170 occurance
merge 4393/9744: (1231, 660) -> 4648 (b' curious') has 1170 occurance
merge 4394/9744: (32, 3574) -> 4649 (b' \xef\xac\x81') has 1169 occurance
merge 4395/9744: (290, 385) -> 4650 (b'arth') has 1169 occurance
merge 4396/9744: (1147, 447) -> 4651 (b'phone') has 1169 occurance
merge 4397/9744: (3081, 470) -> 4652 (b'ophie') has 1169 occurance
merge 4398/9744: (276, 495) -> 4653 (b' fate') has 1168 occurance
merge 4399/9744: (407, 2906) -> 4654 (b' dozen') has 1168 occurance
merge 4400/9744: (414, 287) -> 4655 (b' Was') has 1168 occurance
merge 4401/9744: (581, 115) -> 4656 (b'aps') has 1168 occurance
merge 4402/9744: (97, 416) -> 4657 (b'aul') has 1167 occurance
merge 4403/9744: (480, 105) -> 4658 (b' Li') has 1167 occurance
merge 4404/9744: (1883, 107) -> 4659 (b' milk') has 1167 occurance
merge 4405/9744: (117, 104) -> 4660 (b'uh') has 1166 occurance
merge 4406/9744: (344, 541) -> 4661 (b'urity') has 1166 occurance
merge 4407/9744: (1168, 760) -> 4662 (b'anything') has 1165 occurance
merge 4408/9744: (339, 68) -> 4663 (b'\xe2\x80\x9cD') has 1164 occurance
merge 4409/9744: (437, 110) -> 4664 (b' weren') has 1164 occurance
merge 4410/9744: (1840, 277) -> 4665 (b' wooden') has 1164 occurance
merge 4411/9744: (109, 109) -> 4666 (b'mm') has 1162 occurance
merge 4412/9744: (276, 1232) -> 4667 (b' fier') has 1162 occurance
merge 4413/9744: (1399, 782) -> 4668 (b' foreign') has 1162 occurance
merge 4414/9744: (1939, 329) -> 4669 (b'ternal') has 1162 occurance
merge 4415/9744: (307, 115) -> 4670 (b'uts') has 1161 occurance
merge 4416/9744: (555, 344) -> 4671 (b' Our') has 1161 occurance
merge 4417/9744: (1257, 1217) -> 4672 (b' discover') has 1161 occurance
merge 4418/9744: (1963, 399) -> 4673 (b' hotel') has 1161 occurance
merge 4419/9744: (1087, 403) -> 4674 (b' commun') has 1160 occurance
merge 4420/9744: (109, 937) -> 4675 (b'moment') has 1159 occurance
merge 4421/9744: (488, 456) -> 4676 (b' jack') has 1159 occurance
merge 4422/9744: (617, 3027) -> 4677 (b' choose') has 1159 occurance
merge 4423/9744: (1050, 1551) -> 4678 (b' cheek') has 1158 occurance
merge 4424/9744: (1331, 115) -> 4679 (b' matters') has 1157 occurance
merge 4425/9744: (103, 302) -> 4680 (b'got') has 1156 occurance
merge 4426/9744: (938, 658) -> 4681 (b' courage') has 1156 occurance
merge 4427/9744: (1219, 102) -> 4682 (b'conf') has 1155 occurance
merge 4428/9744: (1709, 121) -> 4683 (b'ercy') has 1155 occurance
merge 4429/9744: (2872, 282) -> 4684 (b' ignor') has 1155 occurance
merge 4430/9744: (98, 275) -> 4685 (b'bon') has 1154 occurance
merge 4431/9744: (1681, 270) -> 4686 (b' interested') has 1154 occurance
merge 4432/9744: (3351, 382) -> 4687 (b' occurred') has 1154 occurance
merge 4433/9744: (3447, 644) -> 4688 (b' degree') has 1154 occurance
merge 4434/9744: (4046, 4300) -> 4689 (b' peculiar') has 1154 occurance
merge 4435/9744: (868, 1758) -> 4690 (b' impression') has 1153 occurance
merge 4436/9744: (45, 1149) -> 4691 (b'-by') has 1152 occurance
merge 4437/9744: (791, 782) -> 4692 (b' design') has 1151 occurance
merge 4438/9744: (2490, 301) -> 4693 (b' rule') has 1151 occurance
merge 4439/9744: (329, 278) -> 4694 (b'aling') has 1150 occurance
merge 4440/9744: (483, 570) -> 4695 (b' Great') has 1150 occurance
merge 4441/9744: (1902, 2045) -> 4696 (b' century') has 1150 occurance
merge 4442/9744: (2063, 3980) -> 4697 (b' yesterday') has 1150 occurance
merge 4443/9744: (99, 817) -> 4698 (b'case') has 1149 occurance
merge 4444/9744: (101, 263) -> 4699 (b'ere') has 1149 occurance
merge 4445/9744: (272, 1012) -> 4700 (b' match') has 1149 occurance
merge 4446/9744: (400, 503) -> 4701 (b' ride') has 1149 occurance
merge 4447/9744: (1586, 4437) -> 4702 (b' paragraph') has 1149 occurance
merge 4448/9744: (2640, 541) -> 4703 (b' authority') has 1149 occurance
merge 4449/9744: (74, 111) -> 4704 (b'Jo') has 1148 occurance
merge 4450/9744: (268, 2602) -> 4705 (b'ergy') has 1148 occurance
merge 4451/9744: (289, 472) -> 4706 (b' pos') has 1148 occurance
merge 4452/9744: (276, 2596) -> 4707 (b' fancy') has 1147 occurance
merge 4453/9744: (1841, 3159) -> 4708 (b' correct') has 1147 occurance
merge 4454/9744: (2689, 318) -> 4709 (b' barely') has 1147 occurance
merge 4455/9744: (3156, 3156) -> 4710 (b'-\x00-\x00') has 1147 occurance
merge 4456/9744: (552, 1842) -> 4711 (b' Russ') has 1146 occurance
merge 4457/9744: (890, 115) -> 4712 (b' feels') has 1146 occurance
merge 4458/9744: (1058, 1499) -> 4713 (b' accident') has 1146 occurance
merge 4459/9744: (47, 47) -> 4714 (b'//') has 1145 occurance
merge 4460/9744: (121, 268) -> 4715 (b'yer') has 1145 occurance
merge 4461/9744: (342, 2014) -> 4716 (b' stiff') has 1145 occurance
merge 4462/9744: (899, 2302) -> 4717 (b' carriage') has 1145 occurance
merge 4463/9744: (33, 39) -> 4718 (b"!'") has 1144 occurance
merge 4464/9744: (2402, 270) -> 4719 (b' accepted') has 1144 occurance
merge 4465/9744: (1430, 1635) -> 4720 (b' affection') has 1143 occurance
merge 4466/9744: (566, 653) -> 4721 (b' proof') has 1142 occurance
merge 4467/9744: (583, 1530) -> 4722 (b' somewhat') has 1142 occurance
merge 4468/9744: (1838, 115) -> 4723 (b' dreams') has 1142 occurance
merge 4469/9744: (114, 411) -> 4724 (b'rant') has 1141 occurance
merge 4470/9744: (351, 110) -> 4725 (b'hern') has 1141 occurance
merge 4471/9744: (602, 2666) -> 4726 (b' otherwise') has 1141 occurance
merge 4472/9744: (672, 2456) -> 4727 (b'ordinary') has 1141 occurance
merge 4473/9744: (83, 84) -> 4728 (b'ST') has 1140 occurance
merge 4474/9744: (276, 326) -> 4729 (b' fet') has 1140 occurance
merge 4475/9744: (285, 654) -> 4730 (b' due') has 1140 occurance
merge 4476/9744: (285, 2583) -> 4731 (b' dawn') has 1140 occurance
merge 4477/9744: (1312, 110) -> 4732 (b' Ann') has 1140 occurance
merge 4478/9744: (114, 403) -> 4733 (b'run') has 1139 occurance
merge 4479/9744: (122, 270) -> 4734 (b'zed') has 1139 occurance
merge 4480/9744: (375, 730) -> 4735 (b'ainted') has 1139 occurance
merge 4481/9744: (643, 98) -> 4736 (b' amb') has 1139 occurance
merge 4482/9744: (571, 597) -> 4737 (b' unable') has 1138 occurance
merge 4483/9744: (1035, 117) -> 4738 (b' persu') has 1138 occurance
merge 4484/9744: (418, 115) -> 4739 (b'abs') has 1137 occurance
merge 4485/9744: (463, 377) -> 4740 (b' aband') has 1137 occurance
merge 4486/9744: (2294, 873) -> 4741 (b' official') has 1137 occurance
merge 4487/9744: (65, 263) -> 4742 (b'Are') has 1136 occurance
merge 4488/9744: (297, 2780) -> 4743 (b' naked') has 1136 occurance
merge 4489/9744: (984, 1016) -> 4744 (b' entertain') has 1136 occurance
merge 4490/9744: (289, 271) -> 4745 (b' pit') has 1135 occurance
merge 4491/9744: (1229, 757) -> 4746 (b' careful') has 1135 occurance
merge 4492/9744: (2083, 2356) -> 4747 (b' produced') has 1135 occurance
merge 4493/9744: (101, 823) -> 4748 (b'eav') has 1133 occurance
merge 4494/9744: (3459, 318) -> 4749 (b' absolutely') has 1133 occurance
merge 4495/9744: (108, 475) -> 4750 (b'last') has 1132 occurance
merge 4496/9744: (286, 121) -> 4751 (b'lly') has 1132 occurance
merge 4497/9744: (338, 79) -> 4752 (b' TO') has 1132 occurance
merge 4498/9744: (1801, 649) -> 4753 (b' movement') has 1132 occurance
merge 4499/9744: (117, 399) -> 4754 (b'uel') has 1131 occurance
merge 4500/9744: (590, 284) -> 4755 (b'ples') has 1131 occurance
merge 4501/9744: (708, 305) -> 4756 (b'ollow') has 1130 occurance
merge 4502/9744: (1797, 517) -> 4757 (b' Nothing') has 1130 occurance
merge 4503/9744: (293, 111) -> 4758 (b' ho') has 1129 occurance
merge 4504/9744: (294, 1196) -> 4759 (b' invent') has 1129 occurance
merge 4505/9744: (316, 277) -> 4760 (b'seen') has 1129 occurance
merge 4506/9744: (868, 295) -> 4761 (b' impat') has 1129 occurance
merge 4507/9744: (1004, 2915) -> 4762 (b' teacher') has 1129 occurance
merge 4508/9744: (1959, 2456) -> 4763 (b' ordinary') has 1129 occurance
merge 4509/9744: (643, 1070) -> 4764 (b' amaz') has 1128 occurance
merge 4510/9744: (4107, 298) -> 4765 (b' freedom') has 1128 occurance
merge 4511/9744: (339, 67) -> 4766 (b'\xe2\x80\x9cC') has 1127 occurance
merge 4512/9744: (501, 288) -> 4767 (b' Dan') has 1127 occurance
merge 4513/9744: (628, 493) -> 4768 (b' shaking') has 1127 occurance
merge 4514/9744: (60, 47) -> 4769 (b'</') has 1126 occurance
merge 4515/9744: (32, 278) -> 4770 (b' ing') has 1125 occurance
merge 4516/9744: (794, 335) -> 4771 (b'spir') has 1125 occurance
merge 4517/9744: (477, 3713) -> 4772 (b' develop') has 1124 occurance
merge 4518/9744: (2169, 985) -> 4773 (b' shadows') has 1124 occurance
merge 4519/9744: (33, 939) -> 4774 (b'!\xe2\x80\x99\n') has 1123 occurance
merge 4520/9744: (114, 308) -> 4775 (b'rid') has 1123 occurance
merge 4521/9744: (101, 515) -> 4776 (b'ege') has 1122 occurance
merge 4522/9744: (684, 557) -> 4777 (b' price') has 1122 occurance
merge 4523/9744: (956, 434) -> 4778 (b'ucked') has 1122 occurance
merge 4524/9744: (997, 2565) -> 4779 (b' distinct') has 1122 occurance
merge 4525/9744: (1465, 2247) -> 4780 (b' evidence') has 1122 occurance
merge 4526/9744: (95, 46) -> 4781 (b'_.') has 1121 occurance
merge 4527/9744: (279, 981) -> 4782 (b' cult') has 1121 occurance
merge 4528/9744: (295, 935) -> 4783 (b'ators') has 1120 occurance
merge 4529/9744: (2585, 270) -> 4784 (b' failed') has 1120 occurance
merge 4530/9744: (2612, 1267) -> 4785 (b'expected') has 1120 occurance
merge 4531/9744: (114, 952) -> 4786 (b'rict') has 1119 occurance
merge 4532/9744: (416, 115) -> 4787 (b'uls') has 1119 occurance
merge 4533/9744: (342, 1775) -> 4788 (b' storm') has 1118 occurance
merge 4534/9744: (402, 1347) -> 4789 (b'agger') has 1118 occurance
merge 4535/9744: (454, 475) -> 4790 (b' vast') has 1118 occurance
merge 4536/9744: (819, 331) -> 4791 (b'ension') has 1118 occurance
merge 4537/9744: (364, 102) -> 4792 (b' Af') has 1117 occurance
merge 4538/9744: (887, 838) -> 4793 (b'obody') has 1117 occurance
merge 4539/9744: (3104, 329) -> 4794 (b' original') has 1117 occurance
merge 4540/9744: (459, 1709) -> 4795 (b' exerc') has 1116 occurance
merge 4541/9744: (2962, 284) -> 4796 (b'iples') has 1116 occurance
merge 4542/9744: (3145, 2987) -> 4797 (b' crazy') has 1116 occurance
merge 4543/9744: (46, 1431) -> 4798 (b'.\xef\xbf\xbd\n') has 1115 occurance
merge 4544/9744: (315, 1098) -> 4799 (b'iments') has 1115 occurance
merge 4545/9744: (327, 257) -> 4800 (b'ache') has 1115 occurance
merge 4546/9744: (330, 329) -> 4801 (b'ental') has 1114 occurance
merge 4547/9744: (289, 599) -> 4802 (b' pink') has 1113 occurance
merge 4548/9744: (370, 381) -> 4803 (b' sail') has 1113 occurance
merge 4549/9744: (39, 83) -> 4804 (b"'S") has 1112 occurance
merge 4550/9744: (110, 295) -> 4805 (b'nat') has 1112 occurance
merge 4551/9744: (333, 567) -> 4806 (b' reck') has 1112 occurance
merge 4552/9744: (997, 3935) -> 4807 (b' distingu') has 1112 occurance
merge 4553/9744: (1136, 2510) -> 4808 (b' terror') has 1112 occurance
merge 4554/9744: (1233, 308) -> 4809 (b'orrid') has 1112 occurance
merge 4555/9744: (109, 4251) -> 4810 (b'mione') has 1111 occurance
merge 4556/9744: (446, 278) -> 4811 (b'ouring') has 1111 occurance
merge 4557/9744: (910, 2240) -> 4812 (b' YOU') has 1111 occurance
merge 4558/9744: (1625, 278) -> 4813 (b' singing') has 1111 occurance
merge 4559/9744: (2146, 309) -> 4814 (b' magic') has 1111 occurance
merge 4560/9744: (309, 97) -> 4815 (b'ica') has 1110 occurance
merge 4561/9744: (1672, 84) -> 4816 (b'ANT') has 1110 occurance
merge 4562/9744: (115, 476) -> 4817 (b'same') has 1109 occurance
merge 4563/9744: (289, 482) -> 4818 (b' pig') has 1109 occurance
merge 4564/9744: (458, 1978) -> 4819 (b'olution') has 1109 occurance
merge 4565/9744: (470, 344) -> 4820 (b'ieur') has 1109 occurance
merge 4566/9744: (863, 456) -> 4821 (b' crack') has 1109 occurance
merge 4567/9744: (896, 1673) -> 4822 (b' stranger') has 1109 occurance
merge 4568/9744: (1438, 278) -> 4823 (b' understanding') has 1109 occurance
merge 4569/9744: (1463, 101) -> 4824 (b' Joe') has 1109 occurance
merge 4570/9744: (1490, 956) -> 4825 (b' educ') has 1109 occurance
merge 4571/9744: (44, 625) -> 4826 (b',\xef\xbf\xbd') has 1108 occurance
merge 4572/9744: (81, 117) -> 4827 (b'Qu') has 1108 occurance
merge 4573/9744: (98, 681) -> 4828 (b'boy') has 1108 occurance
merge 4574/9744: (115, 295) -> 4829 (b'sat') has 1107 occurance
merge 4575/9744: (959, 1895) -> 4830 (b' emotion') has 1107 occurance
merge 4576/9744: (1427, 757) -> 4831 (b' awful') has 1107 occurance
merge 4577/9744: (270, 278) -> 4832 (b'eding') has 1106 occurance
merge 4578/9744: (294, 106) -> 4833 (b' inj') has 1106 occurance
merge 4579/9744: (472, 277) -> 4834 (b'osen') has 1106 occurance
merge 4580/9744: (4325, 693) -> 4835 (b' library') has 1106 occurance
merge 4581/9744: (32, 2282) -> 4836 (b' \xef\xac\x86') has 1105 occurance
merge 4582/9744: (377, 121) -> 4837 (b'andy') has 1105 occurance
merge 4583/9744: (455, 278) -> 4838 (b'ounding') has 1105 occurance
merge 4584/9744: (3466, 1091) -> 4839 (b' dollars') has 1105 occurance
merge 4585/9744: (32, 120) -> 4840 (b' x') has 1104 occurance
merge 4586/9744: (279, 1144) -> 4841 (b' cott') has 1104 occurance
merge 4587/9744: (501, 337) -> 4842 (b' Dad') has 1104 occurance
merge 4588/9744: (1129, 1591) -> 4843 (b' relief') has 1104 occurance
merge 4589/9744: (77, 726) -> 4844 (b'Miss') has 1103 occurance
merge 4590/9744: (289, 259) -> 4845 (b' pin') has 1103 occurance
merge 4591/9744: (363, 268) -> 4846 (b' Ser') has 1103 occurance
merge 4592/9744: (863, 271) -> 4847 (b' crit') has 1103 occurance
merge 4593/9744: (2213, 278) -> 4848 (b' fighting') has 1103 occurance
merge 4594/9744: (97, 441) -> 4849 (b'ares') has 1102 occurance
merge 4595/9744: (1052, 268) -> 4850 (b' younger') has 1102 occurance
merge 4596/9744: (415, 736) -> 4851 (b'emark') has 1100 occurance
merge 4597/9744: (552, 2360) -> 4852 (b' Roman') has 1100 occurance
merge 4598/9744: (1215, 318) -> 4853 (b' surely') has 1100 occurance
merge 4599/9744: (2208, 1318) -> 4854 (b' pictures') has 1100 occurance
merge 4600/9744: (272, 329) -> 4855 (b' mal') has 1099 occurance
merge 4601/9744: (882, 115) -> 4856 (b'ints') has 1099 occurance
merge 4602/9744: (1710, 2684) -> 4857 (b' symp') has 1099 occurance
merge 4603/9744: (98, 452) -> 4858 (b'bell') has 1098 occurance
merge 4604/9744: (108, 677) -> 4859 (b'life') has 1098 occurance
merge 4605/9744: (260, 771) -> 4860 (b' sons') has 1097 occurance
merge 4606/9744: (313, 1114) -> 4861 (b' eating') has 1097 occurance
merge 4607/9744: (3079, 830) -> 4862 (b' smooth') has 1097 occurance
merge 4608/9744: (99, 458) -> 4863 (b'col') has 1096 occurance
merge 4609/9744: (111, 434) -> 4864 (b'oked') has 1096 occurance
merge 4610/9744: (114, 432) -> 4865 (b'rich') has 1096 occurance
merge 4611/9744: (364, 3567) -> 4866 (b' Alex') has 1096 occurance
merge 4612/9744: (365, 295) -> 4867 (b' meat') has 1096 occurance
merge 4613/9744: (400, 512) -> 4868 (b' race') has 1096 occurance
merge 4614/9744: (2196, 259) -> 4869 (b' join') has 1096 occurance
merge 4615/9744: (2311, 2441) -> 4870 (b' fifteen') has 1096 occurance
merge 4616/9744: (2294, 268) -> 4871 (b' officer') has 1095 occurance
merge 4617/9744: (454, 2880) -> 4872 (b' vague') has 1094 occurance
merge 4618/9744: (489, 471) -> 4873 (b' spect') has 1094 occurance
merge 4619/9744: (750, 439) -> 4874 (b'ization') has 1094 occurance
merge 4620/9744: (1038, 278) -> 4875 (b' finding') has 1094 occurance
merge 4621/9744: (1552, 329) -> 4876 (b' metal') has 1094 occurance
merge 4622/9744: (370, 584) -> 4877 (b' saved') has 1093 occurance
merge 4623/9744: (1171, 278) -> 4878 (b'apping') has 1093 occurance
merge 4624/9744: (1341, 356) -> 4879 (b'ounce') has 1093 occurance
merge 4625/9744: (1671, 271) -> 4880 (b' admit') has 1093 occurance
merge 4626/9744: (3246, 654) -> 4881 (b' virtue') has 1093 occurance
merge 4627/9744: (98, 305) -> 4882 (b'bow') has 1092 occurance
merge 4628/9744: (303, 4086) -> 4883 (b' gathered') has 1092 occurance
merge 4629/9744: (370, 118) -> 4884 (b' sav') has 1092 occurance
merge 4630/9744: (400, 402) -> 4885 (b' rag') has 1092 occurance
merge 4631/9744: (1847, 503) -> 4886 (b' provide') has 1092 occurance
merge 4632/9744: (2378, 1676) -> 4887 (b' disappeared') has 1092 occurance
merge 4633/9744: (2926, 329) -> 4888 (b' moral') has 1092 occurance
merge 4634/9744: (100, 1275) -> 4889 (b'door') has 1091 occurance
merge 4635/9744: (771, 4820) -> 4890 (b'onsieur') has 1091 occurance
merge 4636/9744: (1604, 1048) -> 4891 (b' excited') has 1091 occurance
merge 4637/9744: (636, 658) -> 4892 (b' image') has 1090 occurance
merge 4638/9744: (303, 2523) -> 4893 (b' grief') has 1089 occurance
merge 4639/9744: (706, 110) -> 4894 (b' shouldn') has 1089 occurance
merge 4640/9744: (1323, 876) -> 4895 (b' regret') has 1089 occurance
merge 4641/9744: (110, 399) -> 4896 (b'nel') has 1088 occurance
merge 4642/9744: (603, 495) -> 4897 (b' grate') has 1088 occurance
merge 4643/9744: (342, 1120) -> 4898 (b' stuck') has 1087 occurance
merge 4644/9744: (475, 270) -> 4899 (b'asted') has 1087 occurance
merge 4645/9744: (2706, 368) -> 4900 (b' quarter') has 1087 occurance
merge 4646/9744: (2635, 3590) -> 4901 (b' scarcely') has 1086 occurance
merge 4647/9744: (282, 494) -> 4902 (b'orough') has 1085 occurance
merge 4648/9744: (290, 1078) -> 4903 (b'arling') has 1085 occurance
merge 4649/9744: (119, 796) -> 4904 (b'water') has 1084 occurance
merge 4650/9744: (256, 659) -> 4905 (b' tend') has 1083 occurance
merge 4651/9744: (292, 2154) -> 4906 (b' locked') has 1083 occurance
merge 4652/9744: (575, 3326) -> 4907 (b' truly') has 1083 occurance
merge 4653/9744: (836, 115) -> 4908 (b' calls') has 1083 occurance
merge 4654/9744: (285, 495) -> 4909 (b' date') has 1082 occurance
merge 4655/9744: (387, 286) -> 4910 (b' sell') has 1082 occurance
merge 4656/9744: (391, 482) -> 4911 (b' Big') has 1082 occurance
merge 4657/9744: (535, 856) -> 4912 (b' whenever') has 1082 occurance
merge 4658/9744: (1514, 356) -> 4913 (b' Once') has 1082 occurance
merge 4659/9744: (2182, 115) -> 4914 (b' dogs') has 1082 occurance
merge 4660/9744: (112, 111) -> 4915 (b'po') has 1081 occurance
merge 4661/9744: (285, 647) -> 4916 (b' dull') has 1081 occurance
merge 4662/9744: (574, 111) -> 4917 (b' clo') has 1081 occurance
merge 4663/9744: (1639, 557) -> 4918 (b' advice') has 1081 occurance
merge 4664/9744: (1681, 278) -> 4919 (b' interesting') has 1081 occurance
merge 4665/9744: (2196, 1151) -> 4920 (b' joined') has 1081 occurance
merge 4666/9744: (294, 266) -> 4921 (b' inha') has 1080 occurance
merge 4667/9744: (294, 2359) -> 4922 (b' intended') has 1080 occurance
merge 4668/9744: (2204, 1185) -> 4923 (b' funny') has 1080 occurance
merge 4669/9744: (195, 166) -> 4924 (b'\xc3\xa6') has 1079 occurance
merge 4670/9744: (606, 107) -> 4925 (b' seek') has 1079 occurance
merge 4671/9744: (2115, 650) -> 4926 (b' require') has 1079 occurance
merge 4672/9744: (257, 540) -> 4927 (b'hether') has 1078 occurance
merge 4673/9744: (285, 482) -> 4928 (b' dig') has 1078 occurance
merge 4674/9744: (350, 2159) -> 4929 (b' wealth') has 1078 occurance
merge 4675/9744: (929, 278) -> 4930 (b'coming') has 1078 occurance
merge 4676/9744: (343, 103) -> 4931 (b'rog') has 1077 occurance
merge 4677/9744: (347, 112) -> 4932 (b' asp') has 1077 occurance
merge 4678/9744: (385, 115) -> 4933 (b'ths') has 1076 occurance
merge 4679/9744: (501, 282) -> 4934 (b' Dor') has 1076 occurance
merge 4680/9744: (581, 288) -> 4935 (b'apan') has 1076 occurance
merge 4681/9744: (333, 3895) -> 4936 (b' reasons') has 1075 occurance
merge 4682/9744: (636, 590) -> 4937 (b' impl') has 1075 occurance
merge 4683/9744: (1449, 1335) -> 4938 (b' caused') has 1075 occurance
merge 4684/9744: (1493, 510) -> 4939 (b'-five') has 1075 occurance
merge 4685/9744: (2256, 270) -> 4940 (b' burned') has 1074 occurance
merge 4686/9744: (3161, 999) -> 4941 (b' physical') has 1074 occurance
merge 4687/9744: (102, 379) -> 4942 (b'fall') has 1073 occurance
merge 4688/9744: (298, 115) -> 4943 (b'oms') has 1073 occurance
merge 4689/9744: (308, 328) -> 4944 (b'iday') has 1073 occurance
merge 4690/9744: (526, 1365) -> 4945 (b' anywhere') has 1072 occurance
merge 4691/9744: (1235, 390) -> 4946 (b' possess') has 1072 occurance
merge 4692/9744: (311, 442) -> 4947 (b' yard') has 1071 occurance
merge 4693/9744: (67, 275) -> 4948 (b'Con') has 1070 occurance
merge 4694/9744: (289, 1478) -> 4949 (b' publ') has 1070 occurance
merge 4695/9744: (984, 3658) -> 4950 (b' entrance') has 1070 occurance
merge 4696/9744: (1019, 394) -> 4951 (b' handsome') has 1070 occurance
merge 4697/9744: (1528, 757) -> 4952 (b' powerful') has 1070 occurance
merge 4698/9744: (105, 302) -> 4953 (b'iot') has 1069 occurance
merge 4699/9744: (256, 344) -> 4954 (b' tur') has 1069 occurance
merge 4700/9744: (303, 646) -> 4955 (b' gather') has 1069 occurance
merge 4701/9744: (750, 4096) -> 4956 (b'izabeth') has 1069 occurance
merge 4702/9744: (998, 584) -> 4957 (b' served') has 1069 occurance
merge 4703/9744: (4234, 461) -> 4958 (b' philosop') has 1069 occurance
merge 4704/9744: (99, 278) -> 4959 (b'cing') has 1068 occurance
merge 4705/9744: (122, 97) -> 4960 (b'za') has 1068 occurance
merge 4706/9744: (303, 3859) -> 4961 (b' ghost') has 1068 occurance
merge 4707/9744: (295, 111) -> 4962 (b'ato') has 1067 occurance
merge 4708/9744: (308, 1063) -> 4963 (b'idently') has 1067 occurance
merge 4709/9744: (1405, 118) -> 4964 (b'serv') has 1067 occurance
merge 4710/9744: (32, 1079) -> 4965 (b' vers') has 1066 occurance
merge 4711/9744: (91, 95) -> 4966 (b'[_') has 1066 occurance
merge 4712/9744: (290, 455) -> 4967 (b'around') has 1066 occurance
merge 4713/9744: (438, 441) -> 4968 (b' Pres') has 1066 occurance
merge 4714/9744: (452, 278) -> 4969 (b'elling') has 1066 occurance
merge 4715/9744: (3292, 259) -> 4970 (b' cabin') has 1066 occurance
merge 4716/9744: (350, 581) -> 4971 (b' weap') has 1065 occurance
merge 4717/9744: (266, 926) -> 4972 (b'hamed') has 1064 occurance
merge 4718/9744: (318, 278) -> 4973 (b'lying') has 1064 occurance
merge 4719/9744: (414, 282) -> 4974 (b' Wor') has 1063 occurance
merge 4720/9744: (934, 4112) -> 4975 (b' earlier') has 1063 occurance
merge 4721/9744: (1053, 672) -> 4976 (b' record') has 1063 occurance
merge 4722/9744: (2444, 3142) -> 4977 (b' avoid') has 1063 occurance
merge 4723/9744: (327, 417) -> 4978 (b'acqu') has 1062 occurance
merge 4724/9744: (107, 105) -> 4979 (b'ki') has 1061 occurance
merge 4725/9744: (263, 102) -> 4980 (b'ref') has 1061 occurance
merge 4726/9744: (381, 714) -> 4981 (b'ilty') has 1061 occurance
merge 4727/9744: (1399, 332) -> 4982 (b' forever') has 1061 occurance
merge 4728/9744: (2937, 1099) -> 4983 (b'between') has 1061 occurance
merge 4729/9744: (259, 111) -> 4984 (b'ino') has 1060 occurance
merge 4730/9744: (364, 263) -> 4985 (b' Are') has 1060 occurance
merge 4731/9744: (575, 668) -> 4986 (b' trick') has 1060 occurance
merge 4732/9744: (2092, 308) -> 4987 (b' solid') has 1060 occurance
merge 4733/9744: (99, 434) -> 4988 (b'cked') has 1059 occurance
merge 4734/9744: (263, 329) -> 4989 (b'real') has 1059 occurance
merge 4735/9744: (339, 87) -> 4990 (b'\xe2\x80\x9cW') has 1059 occurance
merge 4736/9744: (745, 828) -> 4991 (b' appears') has 1059 occurance
merge 4737/9744: (1573, 1251) -> 4992 (b' travel') has 1059 occurance
merge 4738/9744: (703, 958) -> 4993 (b' donations') has 1058 occurance
merge 4739/9744: (2222, 3495) -> 4994 (b' including') has 1058 occurance
merge 4740/9744: (3128, 4402) -> 4995 (b' embarrass') has 1058 occurance
merge 4741/9744: (552, 887) -> 4996 (b' Rob') has 1057 occurance
merge 4742/9744: (603, 295) -> 4997 (b' grat') has 1057 occurance
merge 4743/9744: (617, 259) -> 4998 (b' chin') has 1057 occurance
merge 4744/9744: (416, 97) -> 4999 (b'ula') has 1056 occurance
merge 4745/9744: (3468, 3334) -> 5000 (b' solemn') has 1056 occurance
merge 4746/9744: (112, 307) -> 5001 (b'put') has 1055 occurance
merge 4747/9744: (363, 371) -> 5002 (b' Sec') has 1055 occurance
merge 4748/9744: (702, 2333) -> 5003 (b'angdon') has 1055 occurance
merge 4749/9744: (1025, 434) -> 5004 (b' marked') has 1055 occurance
merge 4750/9744: (2781, 270) -> 5005 (b' suggested') has 1055 occurance
merge 4751/9744: (0, 63) -> 5006 (b'\x00?') has 1054 occurance
merge 4752/9744: (2674, 316) -> 5007 (b'course') has 1054 occurance
merge 4753/9744: (2929, 368) -> 5008 (b' counter') has 1054 occurance
merge 4754/9744: (256, 874) -> 5009 (b' tail') has 1053 occurance
merge 4755/9744: (386, 2726) -> 5010 (b' kids') has 1053 occurance
merge 4756/9744: (451, 1098) -> 5011 (b'uments') has 1053 occurance
merge 4757/9744: (1708, 1558) -> 5012 (b' concern') has 1053 occurance
merge 4758/9744: (1886, 284) -> 5013 (b' glasses') has 1053 occurance
merge 4759/9744: (2202, 109) -> 5014 (b' Comm') has 1053 occurance
merge 4760/9744: (1459, 399) -> 5015 (b' wheel') has 1052 occurance
merge 4761/9744: (104, 1000) -> 5016 (b'hib') has 1051 occurance
merge 4762/9744: (339, 919) -> 5017 (b'\xe2\x80\x9cShe') has 1051 occurance
merge 4763/9744: (754, 121) -> 5018 (b'athy') has 1051 occurance
merge 4764/9744: (1810, 1151) -> 5019 (b' imagined') has 1050 occurance
merge 4765/9744: (99, 381) -> 5020 (b'cil') has 1048 occurance
merge 4766/9744: (335, 1865) -> 5021 (b'irgin') has 1048 occurance
merge 4767/9744: (1958, 302) -> 5022 (b' forgot') has 1048 occurance
merge 4768/9744: (1992, 73) -> 5023 (b'III') has 1048 occurance
merge 4769/9744: (44, 578) -> 5024 (b',--') has 1047 occurance
merge 4770/9744: (1465, 1098) -> 5025 (b' events') has 1047 occurance
merge 4771/9744: (1995, 115) -> 5026 (b' objects') has 1047 occurance
merge 4772/9744: (347, 632) -> 5027 (b' asks') has 1046 occurance
merge 4773/9744: (4183, 271) -> 5028 (b' fruit') has 1046 occurance
merge 4774/9744: (100, 399) -> 5029 (b'del') has 1045 occurance
merge 4775/9744: (290, 110) -> 5030 (b'arn') has 1045 occurance
merge 4776/9744: (446, 116) -> 5031 (b'ourt') has 1045 occurance
merge 4777/9744: (109, 98) -> 5032 (b'mb') has 1044 occurance
merge 4778/9744: (333, 1460) -> 5033 (b' recei') has 1044 occurance
merge 4779/9744: (372, 1268) -> 5034 (b' Master') has 1044 occurance
merge 4780/9744: (2970, 115) -> 5035 (b' clouds') has 1044 occurance
merge 4781/9744: (102, 271) -> 5036 (b'fit') has 1043 occurance
merge 4782/9744: (791, 268) -> 5037 (b' deser') has 1043 occurance
merge 4783/9744: (2262, 553) -> 5038 (b' engine') has 1043 occurance
merge 4784/9744: (119, 330) -> 5039 (b'went') has 1042 occurance
merge 4785/9744: (569, 278) -> 5040 (b' willing') has 1042 occurance
merge 4786/9744: (3607, 318) -> 5041 (b' extremely') has 1042 occurance
merge 4787/9744: (276, 4573) -> 5042 (b' farther') has 1040 occurance
merge 4788/9744: (339, 1302) -> 5043 (b'\xe2\x80\x9cThere') has 1040 occurance
merge 4789/9744: (412, 854) -> 5044 (b'theless') has 1040 occurance
merge 4790/9744: (2280, 301) -> 5045 (b' castle') has 1040 occurance
merge 4791/9744: (68, 101) -> 5046 (b'De') has 1039 occurance
merge 4792/9744: (4545, 328) -> 5047 (b' Sunday') has 1039 occurance
merge 4793/9744: (260, 1836) -> 5048 (b' size') has 1038 occurance
merge 4794/9744: (279, 2762) -> 5049 (b' cases') has 1038 occurance
merge 4795/9744: (480, 826) -> 5050 (b' Law') has 1038 occurance
merge 4796/9744: (488, 4488) -> 5051 (b' jealous') has 1038 occurance
merge 4797/9744: (625, 115) -> 5052 (b'\xef\xbf\xbds') has 1038 occurance
merge 4798/9744: (3173, 660) -> 5053 (b' anxious') has 1038 occurance
merge 4799/9744: (76, 65) -> 5054 (b'LA') has 1037 occurance
merge 4800/9744: (105, 2224) -> 5055 (b'ique') has 1037 occurance
merge 4801/9744: (701, 1365) -> 5056 (b' everywhere') has 1037 occurance
merge 4802/9744: (2245, 1232) -> 5057 (b' soldier') has 1037 occurance
merge 4803/9744: (118, 3093) -> 5058 (b'ville') has 1036 occurance
merge 4804/9744: (1066, 268) -> 5059 (b' supper') has 1036 occurance
merge 4805/9744: (2223, 309) -> 5060 (b' suspic') has 1036 occurance
merge 4806/9744: (3637, 270) -> 5061 (b'seemed') has 1036 occurance
merge 4807/9744: (106, 596) -> 5062 (b'jud') has 1035 occurance
merge 4808/9744: (380, 2072) -> 5063 (b' myster') has 1035 occurance
merge 4809/9744: (400, 702) -> 5064 (b' rang') has 1035 occurance
merge 4810/9744: (548, 495) -> 5065 (b' plate') has 1035 occurance
merge 4811/9744: (1125, 1836) -> 5066 (b' realize') has 1035 occurance
merge 4812/9744: (98, 827) -> 5067 (b'book') has 1034 occurance
merge 4813/9744: (105, 1898) -> 5068 (b'ipping') has 1034 occurance
merge 4814/9744: (372, 259) -> 5069 (b' Min') has 1034 occurance
merge 4815/9744: (372, 295) -> 5070 (b' Mat') has 1034 occurance
merge 4816/9744: (1423, 4006) -> 5071 (b'\xc3\xbceh') has 1034 occurance
merge 4817/9744: (109, 450) -> 5072 (b'mist') has 1033 occurance
merge 4818/9744: (202, 131) -> 5073 (b'\xca\x83') has 1033 occurance
merge 4819/9744: (269, 1120) -> 5074 (b' buck') has 1033 occurance
merge 4820/9744: (380, 314) -> 5075 (b' myst') has 1033 occurance
merge 4821/9744: (1654, 309) -> 5076 (b' artic') has 1033 occurance
merge 4822/9744: (279, 827) -> 5077 (b' cook') has 1032 occurance
merge 4823/9744: (1555, 318) -> 5078 (b' deeply') has 1032 occurance
merge 4824/9744: (2988, 119) -> 5079 (b' flew') has 1032 occurance
merge 4825/9744: (34, 1687) -> 5080 (b'"Why') has 1031 occurance
merge 4826/9744: (67, 759) -> 5081 (b'Char') has 1031 occurance
merge 4827/9744: (103, 375) -> 5082 (b'gain') has 1031 occurance
merge 4828/9744: (352, 115) -> 5083 (b' hers') has 1031 occurance
merge 4829/9744: (2286, 48) -> 5084 (b'000') has 1031 occurance
merge 4830/9744: (50, 49) -> 5085 (b'21') has 1030 occurance
merge 4831/9744: (571, 369) -> 5086 (b' unif') has 1030 occurance
merge 4832/9744: (1271, 268) -> 5087 (b' sooner') has 1030 occurance
merge 4833/9744: (1960, 654) -> 5088 (b' Que') has 1030 occurance
merge 4834/9744: (34, 62) -> 5089 (b'">') has 1029 occurance
merge 4835/9744: (83, 104) -> 5090 (b'Sh') has 1029 occurance
merge 4836/9744: (262, 634) -> 5091 (b' wings') has 1029 occurance
merge 4837/9744: (3269, 1141) -> 5092 (b' concerned') has 1029 occurance
merge 4838/9744: (117, 97) -> 5093 (b'ua') has 1028 occurance
merge 4839/9744: (271, 750) -> 5094 (b'itiz') has 1028 occurance
merge 4840/9744: (500, 3120) -> 5095 (b' gods') has 1028 occurance
merge 4841/9744: (34, 76) -> 5096 (b'"L') has 1027 occurance
merge 4842/9744: (287, 278) -> 5097 (b'asing') has 1027 occurance
merge 4843/9744: (293, 298) -> 5098 (b' hom') has 1027 occurance
merge 4844/9744: (563, 121) -> 5099 (b' roy') has 1027 occurance
merge 4845/9744: (1879, 3695) -> 5100 (b' similar') has 1027 occurance
merge 4846/9744: (109, 326) -> 5101 (b'met') has 1025 occurance
merge 4847/9744: (34, 1533) -> 5102 (b'"How') has 1024 occurance
merge 4848/9744: (292, 2754) -> 5103 (b' lunch') has 1024 occurance
merge 4849/9744: (295, 843) -> 5104 (b'atory') has 1024 occurance
merge 4850/9744: (339, 1624) -> 5105 (b'\xe2\x80\x9cSo') has 1024 occurance
merge 4851/9744: (372, 268) -> 5106 (b' Mer') has 1024 occurance
merge 4852/9744: (501, 284) -> 5107 (b' Des') has 1024 occurance
merge 4853/9744: (330, 873) -> 5108 (b'ential') has 1023 occurance
merge 4854/9744: (1379, 523) -> 5109 (b'import') has 1023 occurance
merge 4855/9744: (2487, 841) -> 5110 (b' despair') has 1023 occurance
merge 4856/9744: (102, 455) -> 5111 (b'found') has 1022 occurance
merge 4857/9744: (114, 687) -> 5112 (b'rated') has 1022 occurance
merge 4858/9744: (256, 315) -> 5113 (b' tim') has 1022 occurance
merge 4859/9744: (272, 4203) -> 5114 (b' method') has 1022 occurance
merge 4860/9744: (552, 270) -> 5115 (b' Red') has 1022 occurance
merge 4861/9744: (3350, 270) -> 5116 (b' jumped') has 1022 occurance
merge 4862/9744: (376, 108) -> 5117 (b' shel') has 1021 occurance
merge 4863/9744: (285, 782) -> 5118 (b' dign') has 1020 occurance
merge 4864/9744: (3929, 278) -> 5119 (b'edding') has 1020 occurance
merge 4865/9744: (303, 1266) -> 5120 (b' greet') has 1019 occurance
merge 4866/9744: (514, 514) -> 5121 (b'\xe2\x80\x94\xe2\x80\x94') has 1019 occurance
merge 4867/9744: (1735, 2212) -> 5122 (b' members') has 1019 occurance
merge 4868/9744: (260, 1942) -> 5123 (b' sorrow') has 1018 occurance
merge 4869/9744: (652, 1775) -> 5124 (b' enorm') has 1017 occurance
merge 4870/9744: (98, 732) -> 5125 (b'born') has 1016 occurance
merge 4871/9744: (314, 447) -> 5126 (b'stone') has 1016 occurance
merge 4872/9744: (301, 1115) -> 5127 (b'lebr') has 1015 occurance
merge 4873/9744: (941, 794) -> 5128 (b' newsp') has 1015 occurance
merge 4874/9744: (1005, 402) -> 5129 (b' frag') has 1015 occurance
merge 4875/9744: (1295, 344) -> 5130 (b' natur') has 1015 occurance
merge 4876/9744: (110, 356) -> 5131 (b'nce') has 1014 occurance
merge 4877/9744: (448, 275) -> 5132 (b'erson') has 1014 occurance
merge 4878/9744: (718, 3339) -> 5133 (b' permission') has 1014 occurance
merge 4879/9744: (52, 48) -> 5134 (b'40') has 1013 occurance
merge 4880/9744: (1876, 597) -> 5135 (b' capable') has 1013 occurance
merge 4881/9744: (2530, 115) -> 5136 (b' fields') has 1013 occurance
merge 4882/9744: (105, 444) -> 5137 (b'iest') has 1012 occurance
merge 4883/9744: (289, 709) -> 5138 (b' pause') has 1012 occurance
merge 4884/9744: (339, 78) -> 5139 (b'\xe2\x80\x9cN') has 1012 occurance
merge 4885/9744: (837, 115) -> 5140 (b' tells') has 1012 occurance
merge 4886/9744: (896, 702) -> 5141 (b' strang') has 1012 occurance
merge 4887/9744: (1208, 115) -> 5142 (b' stands') has 1012 occurance
merge 4888/9744: (69, 84) -> 5143 (b'ET') has 1011 occurance
merge 4889/9744: (262, 455) -> 5144 (b' wound') has 1011 occurance
merge 4890/9744: (337, 115) -> 5145 (b'ads') has 1011 occurance
merge 4891/9744: (500, 100) -> 5146 (b' god') has 1011 occurance
merge 4892/9744: (2355, 1784) -> 5147 (b' mountains') has 1011 occurance
merge 4893/9744: (3985, 282) -> 5148 (b' horror') has 1011 occurance
merge 4894/9744: (32, 2317) -> 5149 (b' ii') has 1010 occurance
merge 4895/9744: (264, 3220) -> 5150 (b' okay') has 1010 occurance
merge 4896/9744: (288, 439) -> 5151 (b'anation') has 1010 occurance
merge 4897/9744: (956, 493) -> 5152 (b'ucking') has 1009 occurance
merge 4898/9744: (1643, 10) -> 5153 (b'\xe2\x84\xa2\n') has 1009 occurance
merge 4899/9744: (4341, 619) -> 5154 (b' influence') has 1009 occurance
merge 4900/9744: (1604, 485) -> 5155 (b' exchan') has 1008 occurance
merge 4901/9744: (2554, 760) -> 5156 (b'everything') has 1008 occurance
merge 4902/9744: (88, 88) -> 5157 (b'XX') has 1007 occurance
merge 4903/9744: (108, 290) -> 5158 (b'lar') has 1007 occurance
merge 4904/9744: (527, 121) -> 5159 (b'itty') has 1007 occurance
merge 4905/9744: (272, 466) -> 5160 (b' mood') has 1006 occurance
merge 4906/9744: (1382, 331) -> 5161 (b' vision') has 1006 occurance
merge 4907/9744: (269, 670) -> 5162 (b' bold') has 1005 occurance
merge 4908/9744: (345, 98) -> 5163 (b' forb') has 1005 occurance
merge 4909/9744: (406, 541) -> 5164 (b' City') has 1005 occurance
merge 4910/9744: (893, 819) -> 5165 (b' happens') has 1005 occurance
merge 4911/9744: (3813, 541) -> 5166 (b'iosity') has 1005 occurance
merge 4912/9744: (268, 107) -> 5167 (b'erk') has 1004 occurance
merge 4913/9744: (257, 442) -> 5168 (b'heard') has 1003 occurance
merge 4914/9744: (364, 3333) -> 5169 (b' AND') has 1003 occurance
merge 4915/9744: (402, 111) -> 5170 (b'ago') has 1003 occurance
merge 4916/9744: (568, 115) -> 5171 (b'aks') has 1003 occurance
merge 4917/9744: (2844, 97) -> 5172 (b'aura') has 1003 occurance
merge 4918/9744: (262, 444) -> 5173 (b' west') has 1002 occurance
merge 4919/9744: (296, 3518) -> 5174 (b' Ivan') has 1002 occurance
merge 4920/9744: (414, 290) -> 5175 (b' War') has 1002 occurance
merge 4921/9744: (1883, 3341) -> 5176 (b' military') has 1002 occurance
merge 4922/9744: (2707, 2343) -> 5177 (b'ancholy') has 1002 occurance
merge 4923/9744: (282, 660) -> 5178 (b'orious') has 1001 occurance
merge 4924/9744: (342, 3166) -> 5179 (b' stretched') has 1001 occurance
merge 4925/9744: (620, 632) -> 5180 (b' thanks') has 1001 occurance
merge 4926/9744: (4136, 453) -> 5181 (b' nervous') has 1001 occurance
merge 4927/9744: (321, 3492) -> 5182 (b'\xe2\x80\x99clock') has 1000 occurance
merge 4928/9744: (391, 399) -> 5183 (b' Bel') has 1000 occurance
merge 4929/9744: (445, 1914) -> 5184 (b' Heaven') has 1000 occurance
merge 4930/9744: (497, 581) -> 5185 (b' leap') has 1000 occurance
merge 4931/9744: (769, 2548) -> 5186 (b' betray') has 1000 occurance
merge 4932/9744: (279, 287) -> 5187 (b' cas') has 999 occurance
merge 4933/9744: (3250, 753) -> 5188 (b' precise') has 999 occurance
merge 4934/9744: (79, 79) -> 5189 (b'OO') has 998 occurance
merge 4935/9744: (575, 621) -> 5190 (b' trade') has 998 occurance
merge 4936/9744: (599, 115) -> 5191 (b'inks') has 998 occurance
merge 4937/9744: (259, 687) -> 5192 (b'inated') has 997 occurance
merge 4938/9744: (372, 381) -> 5193 (b' Mil') has 997 occurance
merge 4939/9744: (416, 687) -> 5194 (b'ulated') has 997 occurance
merge 4940/9744: (483, 290) -> 5195 (b' Gar') has 997 occurance
merge 4941/9744: (898, 470) -> 5196 (b'ddie') has 997 occurance
merge 4942/9744: (1467, 722) -> 5197 (b' drift') has 997 occurance
merge 4943/9744: (339, 1545) -> 5198 (b'\xe2\x80\x9cMy') has 996 occurance
merge 4944/9744: (438, 736) -> 5199 (b' Park') has 996 occurance
merge 4945/9744: (1519, 856) -> 5200 (b' However') has 996 occurance
merge 4946/9744: (45, 671) -> 5201 (b'-bl') has 995 occurance
merge 4947/9744: (1917, 275) -> 5202 (b' demon') has 995 occurance
merge 4948/9744: (109, 284) -> 5203 (b'mes') has 994 occurance
merge 4949/9744: (269, 817) -> 5204 (b' base') has 994 occurance
merge 4950/9744: (279, 300) -> 5205 (b' chat') has 994 occurance
merge 4951/9744: (425, 945) -> 5206 (b' shock') has 994 occurance
merge 4952/9744: (533, 374) -> 5207 (b' arch') has 994 occurance
merge 4953/9744: (554, 318) -> 5208 (b'urely') has 994 occurance
merge 4954/9744: (866, 541) -> 5209 (b'ivity') has 994 occurance
merge 4955/9744: (794, 288) -> 5210 (b'span') has 993 occurance
merge 4956/9744: (1485, 115) -> 5211 (b' points') has 993 occurance
merge 4957/9744: (1604, 1621) -> 5212 (b' excuse') has 993 occurance
merge 4958/9744: (4201, 390) -> 5213 (b'necess') has 993 occurance
merge 4959/9744: (406, 475) -> 5214 (b' Cast') has 992 occurance
merge 4960/9744: (1074, 99) -> 5215 (b' consc') has 992 occurance
merge 4961/9744: (1009, 1376) -> 5216 (b' drinking') has 991 occurance
merge 4962/9744: (2730, 1246) -> 5217 (b' climbed') has 990 occurance
merge 4963/9744: (277, 494) -> 5218 (b'enough') has 989 occurance
merge 4964/9744: (372, 282) -> 5219 (b' Mor') has 989 occurance
merge 4965/9744: (1231, 783) -> 5220 (b' curtain') has 989 occurance
merge 4966/9744: (197, 147) -> 5221 (b'\xc5\x93') has 988 occurance
merge 4967/9744: (298, 268) -> 5222 (b'omer') has 988 occurance
merge 4968/9744: (489, 4355) -> 5223 (b' splend') has 988 occurance
merge 4969/9744: (363, 1221) -> 5224 (b' South') has 987 occurance
merge 4970/9744: (364, 511) -> 5225 (b' Ant') has 987 occurance
merge 4971/9744: (406, 111) -> 5226 (b' Co') has 987 occurance
merge 4972/9744: (458, 309) -> 5227 (b'olic') has 987 occurance
merge 4973/9744: (552, 4477) -> 5228 (b' Richard') has 987 occurance
merge 4974/9744: (1506, 295) -> 5229 (b' sweat') has 987 occurance
merge 4975/9744: (109, 436) -> 5230 (b'mind') has 986 occurance
merge 4976/9744: (316, 121) -> 5231 (b'sey') has 986 occurance
merge 4977/9744: (400, 658) -> 5232 (b' rage') has 986 occurance
merge 4978/9744: (575, 1120) -> 5233 (b' truck') has 986 occurance
merge 4979/9744: (1211, 4248) -> 5234 (b' Professor') has 986 occurance
merge 4980/9744: (1607, 517) -> 5235 (b' breathing') has 986 occurance
merge 4981/9744: (2810, 2260) -> 5236 (b' trembling') has 986 occurance
merge 4982/9744: (438, 111) -> 5237 (b' Po') has 985 occurance
merge 4983/9744: (1592, 115) -> 5238 (b' brothers') has 984 occurance
merge 4984/9744: (72, 1507) -> 5239 (b'Harry') has 983 occurance
merge 4985/9744: (98, 1082) -> 5240 (b'bits') has 983 occurance
merge 4986/9744: (102, 358) -> 5241 (b'fam') has 983 occurance
merge 4987/9744: (2406, 3876) -> 5242 (b' difficulty') has 983 occurance
merge 4988/9744: (67, 298) -> 5243 (b'Com') has 982 occurance
merge 4989/9744: (506, 720) -> 5244 (b' First') has 982 occurance
merge 4990/9744: (1067, 107) -> 5245 (b' silk') has 982 occurance
merge 4991/9744: (3088, 270) -> 5246 (b' demanded') has 982 occurance
merge 4992/9744: (104, 275) -> 5247 (b'hon') has 981 occurance
merge 4993/9744: (387, 284) -> 5248 (b' sees') has 981 occurance
merge 4994/9744: (1671, 335) -> 5249 (b' admir') has 981 occurance
merge 4995/9744: (567, 115) -> 5250 (b'cks') has 980 occurance
merge 4996/9744: (603, 315) -> 5251 (b' grim') has 980 occurance
merge 4997/9744: (1489, 101) -> 5252 (b'inese') has 980 occurance
merge 4998/9744: (834, 665) -> 5253 (b' contact') has 979 occurance
merge 4999/9744: (863, 547) -> 5254 (b' crime') has 979 occurance
merge 5000/9744: (1671, 1913) -> 5255 (b' admitted') has 979 occurance
merge 5001/9744: (2115, 1182) -> 5256 (b' required') has 979 occurance
merge 5002/9744: (3489, 331) -> 5257 (b' religion') has 979 occurance
merge 5003/9744: (4143, 559) -> 5258 (b' cigarette') has 979 occurance
merge 5004/9744: (506, 382) -> 5259 (b' Fred') has 978 occurance
merge 5005/9744: (594, 390) -> 5260 (b' bless') has 978 occurance
merge 5006/9744: (934, 4130) -> 5261 (b' earnest') has 978 occurance
merge 5007/9744: (2197, 764) -> 5262 (b' Emily') has 978 occurance
merge 5008/9744: (2594, 110) -> 5263 (b' damn') has 978 occurance
merge 5009/9744: (119, 448) -> 5264 (b'wers') has 977 occurance
merge 5010/9744: (290, 108) -> 5265 (b'arl') has 977 occurance
merge 5011/9744: (471, 689) -> 5266 (b'ections') has 977 occurance
merge 5012/9744: (563, 927) -> 5267 (b' rode') has 977 occurance
merge 5013/9744: (990, 115) -> 5268 (b' minds') has 977 occurance
merge 5014/9744: (1854, 580) -> 5269 (b' species') has 977 occurance
merge 5015/9744: (450, 277) -> 5270 (b'isten') has 976 occurance
merge 5016/9744: (73, 68) -> 5271 (b'ID') has 975 occurance
merge 5017/9744: (292, 456) -> 5272 (b' lack') has 975 occurance
merge 5018/9744: (1260, 398) -> 5273 (b' Thus') has 975 occurance
merge 5019/9744: (277, 1185) -> 5274 (b'enny') has 974 occurance
merge 5020/9744: (3080, 2510) -> 5275 (b' mirror') has 974 occurance
merge 5021/9744: (86, 1468) -> 5276 (b'Very') has 973 occurance
merge 5022/9744: (272, 981) -> 5277 (b' mult') has 973 occurance
merge 5023/9744: (292, 518) -> 5278 (b' lod') has 973 occurance
merge 5024/9744: (478, 767) -> 5279 (b' worried') has 973 occurance
merge 5025/9744: (1127, 3213) -> 5280 (b' instruct') has 973 occurance
merge 5026/9744: (363, 374) -> 5281 (b' Sch') has 972 occurance
merge 5027/9744: (574, 945) -> 5282 (b' clock') has 972 occurance
merge 5028/9744: (422, 3113) -> 5283 (b' upstairs') has 971 occurance
merge 5029/9744: (571, 3642) -> 5284 (b' unknown') has 971 occurance
merge 5030/9744: (1762, 1452) -> 5285 (b' Uncle') has 971 occurance
merge 5031/9744: (1892, 2605) -> 5286 (b'-looking') has 971 occurance
merge 5032/9744: (2637, 286) -> 5287 (b'shall') has 971 occurance
merge 5033/9744: (116, 554) -> 5288 (b'ture') has 970 occurance
merge 5034/9744: (303, 301) -> 5289 (b' gle') has 970 occurance
merge 5035/9744: (66, 108) -> 5290 (b'Bl') has 969 occurance
merge 5036/9744: (100, 1662) -> 5291 (b'does') has 969 occurance
merge 5037/9744: (109, 111) -> 5292 (b'mo') has 969 occurance
merge 5038/9744: (262, 529) -> 5293 (b' wake') has 969 occurance
merge 5039/9744: (333, 496) -> 5294 (b' reven') has 969 occurance
merge 5040/9744: (543, 856) -> 5295 (b' Never') has 969 occurance
merge 5041/9744: (83, 67) -> 5296 (b'SC') has 968 occurance
merge 5042/9744: (276, 1206) -> 5297 (b' fully') has 968 occurance
merge 5043/9744: (299, 730) -> 5298 (b' hated') has 968 occurance
merge 5044/9744: (402, 1359) -> 5299 (b'agement') has 968 occurance
merge 5045/9744: (263, 1113) -> 5300 (b'reason') has 967 occurance
merge 5046/9744: (295, 1318) -> 5301 (b'atures') has 967 occurance
merge 5047/9744: (425, 388) -> 5302 (b' shore') has 967 occurance
merge 5048/9744: (1810, 2015) -> 5303 (b' imagination') has 967 occurance
merge 5049/9744: (292, 945) -> 5304 (b' lock') has 966 occurance
merge 5050/9744: (399, 97) -> 5305 (b'ela') has 966 occurance
merge 5051/9744: (523, 331) -> 5306 (b'ortion') has 966 occurance
merge 5052/9744: (1015, 3475) -> 5307 (b' chamber') has 966 occurance
merge 5053/9744: (256, 731) -> 5308 (b' tied') has 965 occurance
merge 5054/9744: (332, 316) -> 5309 (b'verse') has 965 occurance
merge 5055/9744: (344, 103) -> 5310 (b'urg') has 965 occurance
merge 5056/9744: (558, 288) -> 5311 (b' Jan') has 965 occurance
merge 5057/9744: (1400, 619) -> 5312 (b' sentence') has 965 occurance
merge 5058/9744: (1414, 115) -> 5313 (b' seconds') has 965 occurance
merge 5059/9744: (1980, 99) -> 5314 (b'disc') has 965 occurance
merge 5060/9744: (2636, 432) -> 5315 (b'Which') has 965 occurance
merge 5061/9744: (256, 330) -> 5316 (b' tent') has 963 occurance
merge 5062/9744: (342, 945) -> 5317 (b' stock') has 963 occurance
merge 5063/9744: (385, 344) -> 5318 (b'thur') has 963 occurance
merge 5064/9744: (694, 1196) -> 5319 (b' advent') has 963 occurance
merge 5065/9744: (1433, 112) -> 5320 (b' trip') has 963 occurance
merge 5066/9744: (2335, 2094) -> 5321 (b'conscious') has 963 occurance
merge 5067/9744: (2412, 278) -> 5322 (b' leaning') has 963 occurance
merge 5068/9744: (3106, 275) -> 5323 (b'person') has 963 occurance
merge 5069/9744: (3855, 270) -> 5324 (b' interrupted') has 963 occurance
merge 5070/9744: (238, 129) -> 5325 (b'\xee\x81') has 962 occurance
merge 5071/9744: (279, 4809) -> 5326 (b' corrid') has 962 occurance
merge 5072/9744: (415, 1098) -> 5327 (b'ements') has 962 occurance
merge 5073/9744: (848, 102) -> 5328 (b'\xe2\x80\x9cIf') has 962 occurance
merge 5074/9744: (2764, 541) -> 5329 (b'iversity') has 962 occurance
merge 5075/9744: (288, 278) -> 5330 (b'aning') has 961 occurance
merge 5076/9744: (372, 916) -> 5331 (b' Mont') has 960 occurance
merge 5077/9744: (460, 3277) -> 5332 (b' altogether') has 960 occurance
merge 5078/9744: (2083, 2600) -> 5333 (b' produce') has 960 occurance
merge 5079/9744: (3318, 809) -> 5334 (b'Project') has 960 occurance
merge 5080/9744: (1977, 121) -> 5335 (b'addy') has 959 occurance
merge 5081/9744: (98, 398) -> 5336 (b'bus') has 957 occurance
merge 5082/9744: (333, 2774) -> 5337 (b' resem') has 957 occurance
merge 5083/9744: (342, 1846) -> 5338 (b' stones') has 957 occurance
merge 5084/9744: (551, 115) -> 5339 (b'others') has 957 occurance
merge 5085/9744: (883, 115) -> 5340 (b' nights') has 956 occurance
merge 5086/9744: (1315, 965) -> 5341 (b' addition') has 956 occurance
merge 5087/9744: (103, 510) -> 5342 (b'give') has 955 occurance
merge 5088/9744: (285, 2158) -> 5343 (b' dirty') has 955 occurance
merge 5089/9744: (361, 337) -> 5344 (b' Had') has 955 occurance
merge 5090/9744: (362, 284) -> 5345 (b' notes') has 954 occurance
merge 5091/9744: (372, 902) -> 5346 (b' Mme') has 954 occurance
merge 5092/9744: (108, 510) -> 5347 (b'live') has 953 occurance
merge 5093/9744: (292, 1761) -> 5348 (b' liter') has 953 occurance
merge 5094/9744: (338, 101) -> 5349 (b' Te') has 953 occurance
merge 5095/9744: (259, 495) -> 5350 (b'inate') has 952 occurance
merge 5096/9744: (4114, 2267) -> 5351 (b' welcome') has 952 occurance
merge 5097/9744: (279, 468) -> 5352 (b' cart') has 951 occurance
merge 5098/9744: (407, 507) -> 5353 (b' doct') has 951 occurance
merge 5099/9744: (652, 2674) -> 5354 (b' encour') has 951 occurance
merge 5100/9744: (863, 487) -> 5355 (b' crown') has 951 occurance
merge 5101/9744: (2184, 111) -> 5356 (b' Pao') has 950 occurance
merge 5102/9744: (2416, 664) -> 5357 (b' foolish') has 950 occurance
merge 5103/9744: (2592, 4172) -> 5358 (b' convinced') has 950 occurance
merge 5104/9744: (814, 121) -> 5359 (b'many') has 949 occurance
merge 5105/9744: (1127, 2565) -> 5360 (b' instinct') has 949 occurance
merge 5106/9744: (1549, 753) -> 5361 (b' raise') has 949 occurance
merge 5107/9744: (2646, 770) -> 5362 (b' People') has 949 occurance
merge 5108/9744: (108, 2605) -> 5363 (b'looking') has 948 occurance
merge 5109/9744: (256, 403) -> 5364 (b' tun') has 948 occurance
merge 5110/9744: (289, 1526) -> 5365 (b' pages') has 948 occurance
merge 5111/9744: (490, 316) -> 5366 (b'These') has 948 occurance
merge 5112/9744: (944, 590) -> 5367 (b'expl') has 948 occurance
merge 5113/9744: (996, 2102) -> 5368 (b' swift') has 948 occurance
merge 5114/9744: (279, 1314) -> 5369 (b' craw') has 947 occurance
merge 5115/9744: (514, 821) -> 5370 (b'\xe2\x80\x94that') has 947 occurance
merge 5116/9744: (334, 2586) -> 5371 (b' upper') has 946 occurance
merge 5117/9744: (788, 818) -> 5372 (b'anches') has 946 occurance
merge 5118/9744: (1441, 1329) -> 5373 (b'\xef\xbf\xbd\x00\xef\xbf\xbd\x00\xef\xbf\xbd\x00') has 945 occurance
merge 5119/9744: (2101, 105) -> 5374 (b' experi') has 945 occurance
merge 5120/9744: (2295, 121) -> 5375 (b' worthy') has 945 occurance
merge 5121/9744: (5130, 561) -> 5376 (b' naturally') has 945 occurance
merge 5122/9744: (46, 70) -> 5377 (b'.F') has 944 occurance
merge 5123/9744: (46, 103) -> 5378 (b'.g') has 943 occurance
merge 5124/9744: (272, 97) -> 5379 (b' ma') has 943 occurance
merge 5125/9744: (296, 109) -> 5380 (b' Im') has 943 occurance
merge 5126/9744: (314, 642) -> 5381 (b'stance') has 943 occurance
merge 5127/9744: (372, 2398) -> 5382 (b' Maj') has 943 occurance
merge 5128/9744: (497, 646) -> 5383 (b' leather') has 943 occurance
merge 5129/9744: (558, 4935) -> 5384 (b' Japan') has 943 occurance
merge 5130/9744: (1008, 318) -> 5385 (b' friendly') has 943 occurance
merge 5131/9744: (2636, 631) -> 5386 (b'While') has 943 occurance
merge 5132/9744: (51, 51) -> 5387 (b'33') has 941 occurance
merge 5133/9744: (116, 305) -> 5388 (b'tow') has 941 occurance
merge 5134/9744: (260, 374) -> 5389 (b' sch') has 941 occurance
merge 5135/9744: (361, 914) -> 5390 (b' High') has 941 occurance
merge 5136/9744: (451, 115) -> 5391 (b'ums') has 941 occurance
merge 5137/9744: (648, 1022) -> 5392 (b' flower') has 941 occurance
merge 5138/9744: (881, 544) -> 5393 (b' Step') has 941 occurance
merge 5139/9744: (478, 110) -> 5394 (b' worn') has 940 occurance
merge 5140/9744: (1260, 4379) -> 5395 (b' Thomas') has 940 occurance
merge 5141/9744: (76, 101) -> 5396 (b'Le') has 939 occurance
merge 5142/9744: (306, 442) -> 5397 (b' beard') has 939 occurance
merge 5143/9744: (480, 3837) -> 5398 (b' Literary') has 939 occurance
merge 5144/9744: (773, 2922) -> 5399 (b' gloom') has 939 occurance
merge 5145/9744: (4025, 553) -> 5400 (b' machine') has 939 occurance
merge 5146/9744: (1851, 108) -> 5401 (b' transl') has 938 occurance
merge 5147/9744: (66, 1890) -> 5402 (b'Because') has 937 occurance
merge 5148/9744: (118, 121) -> 5403 (b'vy') has 937 occurance
merge 5149/9744: (258, 315) -> 5404 (b' aim') has 937 occurance
merge 5150/9744: (269, 1846) -> 5405 (b' bones') has 937 occurance
merge 5151/9744: (834, 330) -> 5406 (b' content') has 937 occurance
merge 5152/9744: (946, 4748) -> 5407 (b' endeav') has 937 occurance
merge 5153/9744: (2023, 1437) -> 5408 (b' approached') has 937 occurance
merge 5154/9744: (69, 496) -> 5409 (b'Even') has 936 occurance
merge 5155/9744: (108, 604) -> 5410 (b'love') has 935 occurance
merge 5156/9744: (195, 161) -> 5411 (b'\xc3\xa1') has 935 occurance
merge 5157/9744: (269, 373) -> 5412 (b' bill') has 935 occurance
merge 5158/9744: (363, 329) -> 5413 (b' Sal') has 935 occurance
merge 5159/9744: (415, 275) -> 5414 (b'emon') has 935 occurance
merge 5160/9744: (1100, 332) -> 5415 (b' clever') has 935 occurance
merge 5161/9744: (4082, 318) -> 5416 (b' apparently') has 935 occurance
merge 5162/9744: (45, 409) -> 5417 (b'-to') has 934 occurance
merge 5163/9744: (116, 827) -> 5418 (b'took') has 934 occurance
merge 5164/9744: (259, 1503) -> 5419 (b'interest') has 934 occurance
merge 5165/9744: (342, 876) -> 5420 (b' stret') has 934 occurance
merge 5166/9744: (2832, 1246) -> 5421 (b' described') has 934 occurance
merge 5167/9744: (3456, 312) -> 5422 (b' brave') has 934 occurance
merge 5168/9744: (98, 379) -> 5423 (b'ball') has 933 occurance
merge 5169/9744: (338, 390) -> 5424 (b' Tess') has 933 occurance
merge 5170/9744: (347, 4972) -> 5425 (b' ashamed') has 933 occurance
merge 5171/9744: (1902, 268) -> 5426 (b' center') has 933 occurance
merge 5172/9744: (307, 439) -> 5427 (b'utation') has 932 occurance
merge 5173/9744: (327, 660) -> 5428 (b'acious') has 932 occurance
merge 5174/9744: (1430, 672) -> 5429 (b' afford') has 932 occurance
merge 5175/9744: (2152, 2772) -> 5430 (b' grandmother') has 932 occurance
merge 5176/9744: (3482, 390) -> 5431 (b' process') has 932 occurance
merge 5177/9744: (69, 77) -> 5432 (b'EM') has 931 occurance
merge 5178/9744: (104, 674) -> 5433 (b'hip') has 931 occurance
merge 5179/9744: (358, 765) -> 5434 (b'amps') has 931 occurance
merge 5180/9744: (1020, 680) -> 5435 (b'young') has 931 occurance
merge 5181/9744: (363, 3284) -> 5436 (b' Sometimes') has 930 occurance
merge 5182/9744: (275, 356) -> 5437 (b'once') has 929 occurance
merge 5183/9744: (940, 783) -> 5438 (b' obtain') has 929 occurance
merge 5184/9744: (4466, 954) -> 5439 (b' shrugged') has 929 occurance
merge 5185/9744: (339, 2151) -> 5440 (b'\xe2\x80\x9cDo') has 928 occurance
merge 5186/9744: (400, 305) -> 5441 (b' row') has 928 occurance
merge 5187/9744: (400, 495) -> 5442 (b' rate') has 928 occurance
merge 5188/9744: (444, 482) -> 5443 (b'estig') has 928 occurance
merge 5189/9744: (4182, 4144) -> 5444 (b' Michael') has 928 occurance
merge 5190/9744: (269, 2954) -> 5445 (b' brill') has 927 occurance
merge 5191/9744: (275, 1407) -> 5446 (b'onna') has 927 occurance
merge 5192/9744: (2185, 2185) -> 5447 (b'\xef\xbf\xbd\xef\xbf\xbd\xef\xbf\xbd\xef\xbf\xbd') has 927 occurance
merge 5193/9744: (119, 277) -> 5448 (b'wen') has 926 occurance
merge 5194/9744: (353, 112) -> 5449 (b'oop') has 926 occurance
merge 5195/9744: (1086, 1830) -> 5450 (b' boots') has 926 occurance
merge 5196/9744: (1334, 4810) -> 5451 (b' Hermione') has 926 occurance
merge 5197/9744: (2890, 1658) -> 5452 (b' muttered') has 926 occurance
merge 5198/9744: (940, 1445) -> 5453 (b' obsc') has 925 occurance
merge 5199/9744: (1574, 654) -> 5454 (b' continue') has 925 occurance
merge 5200/9744: (115, 1527) -> 5455 (b'sued') has 924 occurance
merge 5201/9744: (262, 712) -> 5456 (b' wave') has 924 occurance
merge 5202/9744: (280, 116) -> 5457 (b' tot') has 924 occurance
merge 5203/9744: (294, 794) -> 5458 (b' insp') has 924 occurance
merge 5204/9744: (1009, 1084) -> 5459 (b' drank') has 924 occurance
merge 5205/9744: (1000, 263) -> 5460 (b'ibre') has 923 occurance
merge 5206/9744: (1210, 453) -> 5461 (b' famous') has 923 occurance
merge 5207/9744: (2176, 491) -> 5462 (b' hungry') has 923 occurance
merge 5208/9744: (2903, 110) -> 5463 (b'didn') has 923 occurance
merge 5209/9744: (119, 97) -> 5464 (b'wa') has 922 occurance
merge 5210/9744: (262, 674) -> 5465 (b' wip') has 922 occurance
merge 5211/9744: (293, 2727) -> 5466 (b' hills') has 922 occurance
merge 5212/9744: (959, 1115) -> 5467 (b' embr') has 922 occurance
merge 5213/9744: (2555, 2065) -> 5468 (b' superior') has 922 occurance
merge 5214/9744: (552, 573) -> 5469 (b' Rose') has 921 occurance
merge 5215/9744: (1672, 68) -> 5470 (b'AND') has 921 occurance
merge 5216/9744: (1743, 522) -> 5471 (b'cript') has 921 occurance
merge 5217/9744: (1759, 752) -> 5472 (b' suffered') has 921 occurance
merge 5218/9744: (313, 475) -> 5473 (b' east') has 920 occurance
merge 5219/9744: (586, 2746) -> 5474 (b' queen') has 920 occurance
merge 5220/9744: (2107, 326) -> 5475 (b'asket') has 920 occurance
merge 5221/9744: (117, 765) -> 5476 (b'ups') has 919 occurance
merge 5222/9744: (263, 114) -> 5477 (b'rer') has 919 occurance
merge 5223/9744: (1956, 115) -> 5478 (b'hands') has 919 occurance
merge 5224/9744: (2029, 4065) -> 5479 (b' Christmas') has 919 occurance
merge 5225/9744: (2978, 278) -> 5480 (b' flying') has 919 occurance
merge 5226/9744: (291, 423) -> 5481 (b' height') has 918 occurance
merge 5227/9744: (338, 344) -> 5482 (b' Tur') has 918 occurance
merge 5228/9744: (480, 97) -> 5483 (b' La') has 918 occurance
merge 5229/9744: (558, 275) -> 5484 (b' Jon') has 918 occurance
merge 5230/9744: (1004, 704) -> 5485 (b' teach') has 918 occurance
merge 5231/9744: (2703, 557) -> 5486 (b' practice') has 918 occurance
merge 5232/9744: (3967, 330) -> 5487 (b' innocent') has 918 occurance
merge 5233/9744: (107, 1146) -> 5488 (b'kins') has 917 occurance
merge 5234/9744: (416, 102) -> 5489 (b'ulf') has 917 occurance
merge 5235/9744: (1719, 731) -> 5490 (b' buried') has 917 occurance
merge 5236/9744: (101, 1218) -> 5491 (b'elect') has 916 occurance
merge 5237/9744: (105, 1098) -> 5492 (b'ients') has 916 occurance
merge 5238/9744: (115, 654) -> 5493 (b'sue') has 916 occurance
merge 5239/9744: (363, 266) -> 5494 (b' Sha') has 916 occurance
merge 5240/9744: (725, 1689) -> 5495 (b' poison') has 916 occurance
merge 5241/9744: (256, 2107) -> 5496 (b' task') has 915 occurance
merge 5242/9744: (264, 4185) -> 5497 (b' obey') has 915 occurance
merge 5243/9744: (289, 2752) -> 5498 (b' pounds') has 915 occurance
merge 5244/9744: (834, 1695) -> 5499 (b' contempt') has 915 occurance
merge 5245/9744: (1601, 115) -> 5500 (b' signs') has 915 occurance
merge 5246/9744: (98, 117) -> 5501 (b'bu') has 914 occurance
merge 5247/9744: (375, 101) -> 5502 (b'aine') has 914 occurance
merge 5248/9744: (425, 114) -> 5503 (b' shr') has 914 occurance
merge 5249/9744: (276, 270) -> 5504 (b' fed') has 913 occurance
merge 5250/9744: (339, 79) -> 5505 (b'\xe2\x80\x9cO') has 913 occurance
merge 5251/9744: (372, 329) -> 5506 (b' Mal') has 913 occurance
merge 5252/9744: (391, 326) -> 5507 (b' Bet') has 913 occurance
merge 5253/9744: (498, 97) -> 5508 (b' area') has 913 occurance
merge 5254/9744: (566, 809) -> 5509 (b' project') has 913 occurance
merge 5255/9744: (268, 109) -> 5510 (b'erm') has 912 occurance
merge 5256/9744: (282, 453) -> 5511 (b'orous') has 912 occurance
merge 5257/9744: (288, 97) -> 5512 (b'ana') has 912 occurance
merge 5258/9744: (1892, 826) -> 5513 (b'-law') has 912 occurance
merge 5259/9744: (1926, 1872) -> 5514 (b' ceiling') has 912 occurance
merge 5260/9744: (2243, 2243) -> 5515 (b'........') has 912 occurance
merge 5261/9744: (2830, 731) -> 5516 (b' satisfied') has 912 occurance
merge 5262/9744: (4366, 802) -> 5517 (b' wrapped') has 912 occurance
merge 5263/9744: (628, 359) -> 5518 (b' shake') has 911 occurance
merge 5264/9744: (83, 335) -> 5519 (b'Sir') has 910 occurance
merge 5265/9744: (451, 1147) -> 5520 (b'umph') has 910 occurance
merge 5266/9744: (271, 1359) -> 5521 (b'itement') has 909 occurance
merge 5267/9744: (365, 2976) -> 5522 (b' measure') has 909 occurance
merge 5268/9744: (545, 110) -> 5523 (b' En') has 909 occurance
merge 5269/9744: (44, 41) -> 5524 (b',)') has 908 occurance
merge 5270/9744: (339, 70) -> 5525 (b'\xe2\x80\x9cF') has 908 occurance
merge 5271/9744: (372, 399) -> 5526 (b' Mel') has 908 occurance
merge 5272/9744: (1997, 270) -> 5527 (b'racted') has 908 occurance
merge 5273/9744: (363, 1650) -> 5528 (b' Saint') has 907 occurance
merge 5274/9744: (586, 329) -> 5529 (b' qual') has 907 occurance
merge 5275/9744: (691, 839) -> 5530 (b' scared') has 907 occurance
merge 5276/9744: (1876, 2327) -> 5531 (b' capital') has 907 occurance
merge 5277/9744: (2340, 592) -> 5532 (b' White') has 907 occurance
merge 5278/9744: (4792, 1725) -> 5533 (b' Afric') has 907 occurance
merge 5279/9744: (6, 10) -> 5534 (b'\x06\n') has 906 occurance
merge 5280/9744: (260, 587) -> 5535 (b' sought') has 906 occurance
merge 5281/9744: (273, 351) -> 5536 (b'isher') has 906 occurance
merge 5282/9744: (289, 382) -> 5537 (b' pred') has 906 occurance
merge 5283/9744: (309, 730) -> 5538 (b'icted') has 906 occurance
merge 5284/9744: (2046, 278) -> 5539 (b' leading') has 906 occurance
merge 5285/9744: (2874, 839) -> 5540 (b' declared') has 906 occurance
merge 5286/9744: (115, 381) -> 5541 (b'sil') has 905 occurance
merge 5287/9744: (416, 495) -> 5542 (b'ulate') has 905 occurance
merge 5288/9744: (617, 4834) -> 5543 (b' chosen') has 905 occurance
merge 5289/9744: (936, 450) -> 5544 (b' waist') has 904 occurance
merge 5290/9744: (1248, 2247) -> 5545 (b' confidence') has 904 occurance
merge 5291/9744: (2048, 331) -> 5546 (b' mission') has 904 occurance
merge 5292/9744: (317, 104) -> 5547 (b' wash') has 903 occurance
merge 5293/9744: (371, 1557) -> 5548 (b'echn') has 903 occurance
merge 5294/9744: (514, 949) -> 5549 (b'\xe2\x80\x94but') has 903 occurance
merge 5295/9744: (1148, 1372) -> 5550 (b' assured') has 903 occurance
merge 5296/9744: (1235, 2313) -> 5551 (b' possessed') has 903 occurance
merge 5297/9744: (1430, 841) -> 5552 (b' affair') has 903 occurance
merge 5298/9744: (32, 2708) -> 5553 (b" \\'") has 902 occurance
merge 5299/9744: (119, 411) -> 5554 (b'want') has 902 occurance
merge 5300/9744: (257, 265) -> 5555 (b'hend') has 902 occurance
merge 5301/9744: (501, 668) -> 5556 (b' Dick') has 902 occurance
merge 5302/9744: (1593, 446) -> 5557 (b' colour') has 902 occurance
merge 5303/9744: (99, 627) -> 5558 (b'cond') has 901 occurance
merge 5304/9744: (297, 439) -> 5559 (b' nation') has 901 occurance
merge 5305/9744: (406, 301) -> 5560 (b' Cle') has 901 occurance
merge 5306/9744: (886, 2035) -> 5561 (b' Church') has 901 occurance
merge 5307/9744: (1543, 561) -> 5562 (b' generally') has 901 occurance
merge 5308/9744: (65, 109) -> 5563 (b'Am') has 900 occurance
merge 5309/9744: (76, 73) -> 5564 (b'LI') has 900 occurance
merge 5310/9744: (116, 284) -> 5565 (b'tes') has 900 occurance
merge 5311/9744: (293, 2343) -> 5566 (b' holy') has 900 occurance
merge 5312/9744: (414, 357) -> 5567 (b' Would') has 900 occurance
merge 5313/9744: (1143, 305) -> 5568 (b'hadow') has 900 occurance
merge 5314/9744: (2927, 649) -> 5569 (b'ointment') has 900 occurance
merge 5315/9744: (668, 277) -> 5570 (b'icken') has 899 occurance
merge 5316/9744: (1317, 4038) -> 5571 (b' normal') has 899 occurance
merge 5317/9744: (3228, 331) -> 5572 (b' million') has 899 occurance
merge 5318/9744: (4487, 398) -> 5573 (b' Jesus') has 899 occurance
merge 5319/9744: (358, 109) -> 5574 (b'amm') has 898 occurance
merge 5320/9744: (1427, 529) -> 5575 (b' awake') has 898 occurance
merge 5321/9744: (297, 259) -> 5576 (b' nin') has 896 occurance
merge 5322/9744: (387, 1402) -> 5577 (b' seized') has 896 occurance
merge 5323/9744: (539, 332) -> 5578 (b' fever') has 896 occurance
merge 5324/9744: (867, 537) -> 5579 (b' doorway') has 896 occurance
merge 5325/9744: (1608, 491) -> 5580 (b' hurry') has 896 occurance
merge 5326/9744: (1847, 1458) -> 5581 (b' provided') has 896 occurance
merge 5327/9744: (370, 102) -> 5582 (b' saf') has 895 occurance
merge 5328/9744: (586, 101) -> 5583 (b' que') has 895 occurance
merge 5329/9744: (724, 375) -> 5584 (b'ountain') has 895 occurance
merge 5330/9744: (1433, 329) -> 5585 (b' trial') has 895 occurance
merge 5331/9744: (1889, 51) -> 5586 (b'163') has 895 occurance
merge 5332/9744: (280, 884) -> 5587 (b' toss') has 894 occurance
merge 5333/9744: (297, 3914) -> 5588 (b' nurse') has 894 occurance
merge 5334/9744: (298, 270) -> 5589 (b'omed') has 894 occurance
merge 5335/9744: (391, 4415) -> 5590 (b' Besides') has 894 occurance
merge 5336/9744: (566, 584) -> 5591 (b' proved') has 894 occurance
merge 5337/9744: (1049, 519) -> 5592 (b'myself') has 894 occurance
merge 5338/9744: (406, 754) -> 5593 (b' Cath') has 893 occurance
merge 5339/9744: (548, 1569) -> 5594 (b' plenty') has 893 occurance
merge 5340/9744: (2127, 1558) -> 5595 (b' modern') has 893 occurance
merge 5341/9744: (2161, 2049) -> 5596 (b' profession') has 893 occurance
merge 5342/9744: (4551, 330) -> 5597 (b' excellent') has 893 occurance
merge 5343/9744: (84, 114) -> 5598 (b'Tr') has 892 occurance
merge 5344/9744: (279, 1156) -> 5599 (b' caut') has 892 occurance
merge 5345/9744: (332, 116) -> 5600 (b'vert') has 892 occurance
merge 5346/9744: (415, 590) -> 5601 (b'empl') has 892 occurance
merge 5347/9744: (548, 411) -> 5602 (b' plant') has 892 occurance
merge 5348/9744: (881, 373) -> 5603 (b' Still') has 892 occurance
merge 5349/9744: (292, 447) -> 5604 (b' lone') has 891 occurance
merge 5350/9744: (338, 119) -> 5605 (b' Tw') has 891 occurance
merge 5351/9744: (262, 1812) -> 5606 (b' wicked') has 890 occurance
merge 5352/9744: (574, 830) -> 5607 (b' cloth') has 890 occurance
merge 5353/9744: (1759, 1510) -> 5608 (b' suffering') has 890 occurance
merge 5354/9744: (5124, 453) -> 5609 (b' enormous') has 890 occurance
merge 5355/9744: (400, 418) -> 5610 (b' rab') has 889 occurance
merge 5356/9744: (400, 1804) -> 5611 (b' rushed') has 889 occurance
merge 5357/9744: (794, 371) -> 5612 (b'spec') has 889 occurance
merge 5358/9744: (260, 657) -> 5613 (b' sne') has 888 occurance
merge 5359/9744: (342, 4101) -> 5614 (b' style') has 888 occurance
merge 5360/9744: (1771, 278) -> 5615 (b' wondering') has 888 occurance
merge 5361/9744: (109, 273) -> 5616 (b'mis') has 887 occurance
merge 5362/9744: (381, 1548) -> 5617 (b'ilities') has 887 occurance
merge 5363/9744: (99, 475) -> 5618 (b'cast') has 886 occurance
merge 5364/9744: (327, 906) -> 5619 (b'acles') has 886 occurance
merge 5365/9744: (387, 1113) -> 5620 (b' season') has 886 occurance
merge 5366/9744: (2085, 642) -> 5621 (b' importance') has 886 occurance
merge 5367/9744: (309, 111) -> 5622 (b'ico') has 885 occurance
merge 5368/9744: (342, 841) -> 5623 (b' stair') has 885 occurance
merge 5369/9744: (425, 487) -> 5624 (b' shown') has 885 occurance
merge 5370/9744: (468, 270) -> 5625 (b'arted') has 885 occurance
merge 5371/9744: (594, 476) -> 5626 (b' blame') has 885 occurance
merge 5372/9744: (627, 115) -> 5627 (b'onds') has 885 occurance
merge 5373/9744: (2, 33) -> 5628 (b'\x02!') has 884 occurance
merge 5374/9744: (256, 3103) -> 5629 (b' tables') has 884 occurance
merge 5375/9744: (450, 278) -> 5630 (b'isting') has 884 occurance
merge 5376/9744: (2853, 1402) -> 5631 (b' recognized') has 884 occurance
merge 5377/9744: (4409, 271) -> 5632 (b' credit') has 884 occurance
merge 5378/9744: (4473, 1223) -> 5633 (b'Perhaps') has 884 occurance
merge 5379/9744: (45, 266) -> 5634 (b'-ha') has 883 occurance
merge 5380/9744: (639, 1223) -> 5635 (b'perhaps') has 883 occurance
merge 5381/9744: (112, 810) -> 5636 (b'poss') has 881 occurance
merge 5382/9744: (361, 826) -> 5637 (b' Haw') has 881 occurance
merge 5383/9744: (1958, 510) -> 5638 (b' forgive') has 881 occurance
merge 5384/9744: (3376, 309) -> 5639 (b' ridic') has 881 occurance
merge 5385/9744: (3811, 270) -> 5640 (b'turned') has 881 occurance
merge 5386/9744: (436, 268) -> 5641 (b'inder') has 880 occurance
merge 5387/9744: (298, 98) -> 5642 (b'omb') has 879 occurance
merge 5388/9744: (337, 118) -> 5643 (b'adv') has 879 occurance
merge 5389/9744: (1445, 354) -> 5644 (b'scri') has 879 occurance
merge 5390/9744: (2679, 1650) -> 5645 (b' acquaint') has 879 occurance
merge 5391/9744: (454, 4281) -> 5646 (b' valley') has 878 occurance
merge 5392/9744: (2057, 270) -> 5647 (b' created') has 878 occurance
merge 5393/9744: (3847, 5460) -> 5648 (b'calibre') has 878 occurance
merge 5394/9744: (648, 423) -> 5649 (b' flight') has 877 occurance
merge 5395/9744: (791, 1786) -> 5650 (b' desert') has 877 occurance
merge 5396/9744: (1123, 115) -> 5651 (b' hearts') has 877 occurance
merge 5397/9744: (2294, 448) -> 5652 (b' officers') has 877 occurance
merge 5398/9744: (3242, 318) -> 5653 (b'initely') has 877 occurance
merge 5399/9744: (652, 99) -> 5654 (b' enc') has 876 occurance
merge 5400/9744: (3746, 273) -> 5655 (b' Louis') has 876 occurance
merge 5401/9744: (746, 2094) -> 5656 (b' precious') has 875 occurance
merge 5402/9744: (2262, 1734) -> 5657 (b' engaged') has 875 occurance
merge 5403/9744: (292, 1360) -> 5658 (b' lamp') has 874 occurance
merge 5404/9744: (438, 329) -> 5659 (b' Pal') has 874 occurance
merge 5405/9744: (566, 4244) -> 5660 (b' progress') has 874 occurance
merge 5406/9744: (1324, 399) -> 5661 (b' steel') has 874 occurance
merge 5407/9744: (1701, 418) -> 5662 (b' Isab') has 874 occurance
merge 5408/9744: (18, 10) -> 5663 (b'\x12\n') has 873 occurance
merge 5409/9744: (79, 83) -> 5664 (b'OS') has 873 occurance
merge 5410/9744: (351, 519) -> 5665 (b'herself') has 873 occurance
merge 5411/9744: (410, 368) -> 5666 (b' butter') has 873 occurance
merge 5412/9744: (454, 327) -> 5667 (b' vac') has 873 occurance
merge 5413/9744: (571, 108) -> 5668 (b' unl') has 873 occurance
merge 5414/9744: (1705, 48) -> 5669 (b'200') has 873 occurance
merge 5415/9744: (1757, 1292) -> 5670 (b'themselves') has 873 occurance
merge 5416/9744: (65, 66) -> 5671 (b'AB') has 872 occurance
merge 5417/9744: (66, 114) -> 5672 (b'Br') has 872 occurance
merge 5418/9744: (111, 104) -> 5673 (b'oh') has 872 occurance
merge 5419/9744: (257, 310) -> 5674 (b'held') has 872 occurance
merge 5420/9744: (268, 491) -> 5675 (b'erry') has 872 occurance
merge 5421/9744: (302, 730) -> 5676 (b'otted') has 872 occurance
merge 5422/9744: (344, 580) -> 5677 (b'uries') has 872 occurance
merge 5423/9744: (108, 470) -> 5678 (b'lie') has 871 occurance
merge 5424/9744: (292, 259) -> 5679 (b' lin') has 871 occurance
merge 5425/9744: (256, 1695) -> 5680 (b' tempt') has 870 occurance
merge 5426/9744: (269, 416) -> 5681 (b' bul') has 870 occurance
merge 5427/9744: (361, 712) -> 5682 (b' Have') has 870 occurance
merge 5428/9744: (403, 559) -> 5683 (b'unte') has 870 occurance
merge 5429/9744: (1777, 278) -> 5684 (b' bringing') has 870 occurance
merge 5430/9744: (122, 278) -> 5685 (b'zing') has 869 occurance
merge 5431/9744: (356, 288) -> 5686 (b'cean') has 869 occurance
merge 5432/9744: (571, 4149) -> 5687 (b' unhappy') has 869 occurance
merge 5433/9744: (574, 307) -> 5688 (b' clut') has 869 occurance
merge 5434/9744: (45, 1617) -> 5689 (b'-like') has 868 occurance
merge 5435/9744: (54, 57) -> 5690 (b'69') has 868 occurance
merge 5436/9744: (339, 2265) -> 5691 (b'\xe2\x80\x9cDon') has 868 occurance
merge 5437/9744: (363, 667) -> 5692 (b' Such') has 868 occurance
merge 5438/9744: (438, 458) -> 5693 (b' Pol') has 868 occurance
merge 5439/9744: (3844, 284) -> 5694 (b' rules') has 868 occurance
merge 5440/9744: (276, 587) -> 5695 (b' fought') has 867 occurance
merge 5441/9744: (303, 2102) -> 5696 (b' gift') has 867 occurance
merge 5442/9744: (483, 670) -> 5697 (b' Gold') has 867 occurance
merge 5443/9744: (555, 540) -> 5698 (b' Other') has 867 occurance
merge 5444/9744: (2715, 358) -> 5699 (b' Adam') has 867 occurance
merge 5445/9744: (260, 277) -> 5700 (b' sen') has 866 occurance
merge 5446/9744: (51, 53) -> 5701 (b'35') has 865 occurance
merge 5447/9744: (103, 2788) -> 5702 (b'garet') has 865 occurance
merge 5448/9744: (271, 122) -> 5703 (b'itz') has 865 occurance
merge 5449/9744: (567, 1225) -> 5704 (b'cknow') has 865 occurance
merge 5450/9744: (863, 315) -> 5705 (b' crim') has 865 occurance
merge 5451/9744: (881, 495) -> 5706 (b' State') has 865 occurance
merge 5452/9744: (974, 4981) -> 5707 (b' guilty') has 865 occurance
merge 5453/9744: (1407, 802) -> 5708 (b'napped') has 865 occurance
merge 5454/9744: (1644, 4339) -> 5709 (b' horrible') has 865 occurance
merge 5455/9744: (1781, 610) -> 5710 (b' Before') has 865 occurance
merge 5456/9744: (1909, 316) -> 5711 (b'iverse') has 865 occurance
merge 5457/9744: (3008, 385) -> 5712 (b' North') has 865 occurance
merge 5458/9744: (313, 817) -> 5713 (b' ease') has 864 occurance
merge 5459/9744: (1248, 1335) -> 5714 (b' confused') has 864 occurance
merge 5460/9744: (1926, 5127) -> 5715 (b' celebr') has 864 occurance
merge 5461/9744: (339, 1307) -> 5716 (b'\xe2\x80\x9cThey') has 863 occurance
merge 5462/9744: (3269, 971) -> 5717 (b' concerning') has 863 occurance
merge 5463/9744: (269, 968) -> 5718 (b' bowed') has 862 occurance
merge 5464/9744: (262, 5119) -> 5719 (b' wedding') has 861 occurance
merge 5465/9744: (480, 827) -> 5720 (b' Look') has 861 occurance
merge 5466/9744: (1231, 1234) -> 5721 (b' current') has 861 occurance
merge 5467/9744: (3585, 278) -> 5722 (b' becoming') has 861 occurance
merge 5468/9744: (80, 114) -> 5723 (b'Pr') has 860 occurance
merge 5469/9744: (363, 4652) -> 5724 (b' Sophie') has 860 occurance
merge 5470/9744: (1231, 5166) -> 5725 (b' curiosity') has 860 occurance
merge 5471/9744: (2638, 2638) -> 5726 (b'--------') has 860 occurance
merge 5472/9744: (4367, 510) -> 5727 (b' Archive') has 860 occurance
merge 5473/9744: (289, 2664) -> 5728 (b' poured') has 859 occurance
merge 5474/9744: (2687, 301) -> 5729 (b' settle') has 859 occurance
merge 5475/9744: (3594, 270) -> 5730 (b' reminded') has 859 occurance
merge 5476/9744: (290, 926) -> 5731 (b'armed') has 858 occurance
merge 5477/9744: (295, 2167) -> 5732 (b'atives') has 858 occurance
merge 5478/9744: (387, 687) -> 5733 (b' seated') has 858 occurance
merge 5479/9744: (2152, 2881) -> 5734 (b' grandfather') has 858 occurance
merge 5480/9744: (2177, 4500) -> 5735 (b' judgment') has 858 occurance
merge 5481/9744: (3162, 818) -> 5736 (b' wishes') has 858 occurance
merge 5482/9744: (260, 288) -> 5737 (b' san') has 857 occurance
merge 5483/9744: (313, 4633) -> 5738 (b' echo') has 857 occurance
merge 5484/9744: (1008, 1869) -> 5739 (b' friendship') has 857 occurance
merge 5485/9744: (1598, 278) -> 5740 (b' pulling') has 857 occurance
merge 5486/9744: (2811, 330) -> 5741 (b' violent') has 857 occurance
merge 5487/9744: (3979, 282) -> 5742 (b' major') has 857 occurance
merge 5488/9744: (51, 52) -> 5743 (b'34') has 856 occurance
merge 5489/9744: (1837, 83) -> 5744 (b'ESS') has 856 occurance
merge 5490/9744: (886, 5252) -> 5745 (b' Chinese') has 855 occurance
merge 5491/9744: (45, 768) -> 5746 (b'-cl') has 854 occurance
merge 5492/9744: (110, 476) -> 5747 (b'name') has 854 occurance
merge 5493/9744: (398, 288) -> 5748 (b'usan') has 854 occurance
merge 5494/9744: (100, 1314) -> 5749 (b'draw') has 853 occurance
merge 5495/9744: (558, 573) -> 5750 (b' Jose') has 853 occurance
merge 5496/9744: (1397, 730) -> 5751 (b' painted') has 853 occurance
merge 5497/9744: (20, 10) -> 5752 (b'\x14\n') has 852 occurance
merge 5498/9744: (590, 390) -> 5753 (b'pless') has 852 occurance
merge 5499/9744: (1494, 5151) -> 5754 (b' explanation') has 852 occurance
merge 5500/9744: (112, 441) -> 5755 (b'pres') has 851 occurance
merge 5501/9744: (290, 105) -> 5756 (b'ari') has 851 occurance
merge 5502/9744: (51, 55) -> 5757 (b'37') has 850 occurance
merge 5503/9744: (117, 105) -> 5758 (b'ui') has 850 occurance
merge 5504/9744: (269, 388) -> 5759 (b' bore') has 850 occurance
merge 5505/9744: (416, 316) -> 5760 (b'ulse') has 850 occurance
merge 5506/9744: (431, 295) -> 5761 (b' neat') has 850 occurance
merge 5507/9744: (459, 768) -> 5762 (b' excl') has 850 occurance
merge 5508/9744: (1015, 112) -> 5763 (b' chap') has 850 occurance
merge 5509/9744: (3287, 3911) -> 5764 (b'kerchief') has 850 occurance
merge 5510/9744: (3723, 107) -> 5765 (b' risk') has 850 occurance
merge 5511/9744: (46, 2350) -> 5766 (b'.)\n') has 849 occurance
merge 5512/9744: (201, 187) -> 5767 (b'\xc9\xbb') has 849 occurance
merge 5513/9744: (1849, 1358) -> 5768 (b' patient') has 849 occurance
merge 5514/9744: (440, 2154) -> 5769 (b' knocked') has 848 occurance
merge 5515/9744: (1901, 659) -> 5770 (b' defend') has 848 occurance
merge 5516/9744: (32, 1251) -> 5771 (b' vel') has 847 occurance
merge 5517/9744: (1127, 2071) -> 5772 (b' instantly') has 847 occurance
merge 5518/9744: (480, 645) -> 5773 (b' Little') has 846 occurance
merge 5519/9744: (664, 461) -> 5774 (b'ishop') has 846 occurance
merge 5520/9744: (936, 661) -> 5775 (b' waves') has 846 occurance
merge 5521/9744: (2030, 288) -> 5776 (b' Span') has 846 occurance
merge 5522/9744: (2346, 359) -> 5777 (b' strike') has 846 occurance
merge 5523/9744: (3310, 757) -> 5778 (b' dreadful') has 846 occurance
merge 5524/9744: (4298, 301) -> 5779 (b' title') has 846 occurance
merge 5525/9744: (4613, 817) -> 5780 (b' phrase') has 846 occurance
merge 5526/9744: (268, 453) -> 5781 (b'erous') has 845 occurance
merge 5527/9744: (406, 358) -> 5782 (b' Cam') has 845 occurance
merge 5528/9744: (1260, 573) -> 5783 (b' Those') has 845 occurance
merge 5529/9744: (102, 301) -> 5784 (b'fle') has 844 occurance
merge 5530/9744: (288, 270) -> 5785 (b'aned') has 844 occurance
merge 5531/9744: (471, 278) -> 5786 (b'ecting') has 844 occurance
merge 5532/9744: (533, 1142) -> 5787 (b' arrest') has 844 occurance
merge 5533/9744: (97, 981) -> 5788 (b'ault') has 843 occurance
merge 5534/9744: (271, 554) -> 5789 (b'iture') has 843 occurance
merge 5535/9744: (280, 1436) -> 5790 (b' tower') has 843 occurance
merge 5536/9744: (773, 843) -> 5791 (b' glory') has 843 occurance
merge 5537/9744: (1197, 885) -> 5792 (b' breaking') has 843 occurance
merge 5538/9744: (2061, 561) -> 5793 (b' equally') has 843 occurance
merge 5539/9744: (3115, 471) -> 5794 (b' intellect') has 843 occurance
merge 5540/9744: (107, 723) -> 5795 (b'kward') has 842 occurance
merge 5541/9744: (372, 402) -> 5796 (b' Mag') has 842 occurance
merge 5542/9744: (741, 1784) -> 5797 (b' remains') has 842 occurance
merge 5543/9744: (946, 115) -> 5798 (b' ends') has 842 occurance
merge 5544/9744: (1457, 592) -> 5799 (b' polite') has 842 occurance
merge 5545/9744: (2048, 270) -> 5800 (b' missed') has 842 occurance
merge 5546/9744: (3335, 326) -> 5801 (b' market') has 842 occurance
merge 5547/9744: (4200, 1358) -> 5802 (b' sufficient') has 842 occurance
merge 5548/9744: (5088, 277) -> 5803 (b' Queen') has 842 occurance
merge 5549/9744: (458, 116) -> 5804 (b'olt') has 841 occurance
merge 5550/9744: (691, 1570) -> 5805 (b' screen') has 841 occurance
merge 5551/9744: (746, 3193) -> 5806 (b' previous') has 841 occurance
merge 5552/9744: (3556, 999) -> 5807 (b' political') has 841 occurance
merge 5553/9744: (3869, 1372) -> 5808 (b' murmured') has 841 occurance
merge 5554/9744: (46, 4343) -> 5809 (b'.org') has 840 occurance
merge 5555/9744: (65, 98) -> 5810 (b'Ab') has 840 occurance
merge 5556/9744: (284, 1939) -> 5811 (b'estern') has 840 occurance
merge 5557/9744: (292, 1217) -> 5812 (b' lover') has 840 occurance
merge 5558/9744: (1835, 1942) -> 5813 (b'-morrow') has 840 occurance
merge 5559/9744: (101, 102) -> 5814 (b'ef') has 839 occurance
merge 5560/9744: (363, 108) -> 5815 (b' Sl') has 839 occurance
merge 5561/9744: (2846, 270) -> 5816 (b' screamed') has 839 occurance
merge 5562/9744: (4057, 714) -> 5817 (b' liberty') has 839 occurance
merge 5563/9744: (101, 704) -> 5818 (b'each') has 838 occurance
merge 5564/9744: (421, 354) -> 5819 (b'ustri') has 838 occurance
merge 5565/9744: (480, 604) -> 5820 (b' Love') has 838 occurance
merge 5566/9744: (655, 101) -> 5821 (b' dise') has 838 occurance
merge 5567/9744: (1240, 284) -> 5822 (b' hopes') has 838 occurance
merge 5568/9744: (1829, 278) -> 5823 (b' paying') has 838 occurance
merge 5569/9744: (342, 1194) -> 5824 (b' states') has 837 occurance
merge 5570/9744: (358, 926) -> 5825 (b'ammed') has 837 occurance
merge 5571/9744: (365, 329) -> 5826 (b' meal') has 837 occurance
merge 5572/9744: (452, 305) -> 5827 (b'ellow') has 837 occurance
merge 5573/9744: (575, 456) -> 5828 (b' track') has 837 occurance
merge 5574/9744: (653, 116) -> 5829 (b'oft') has 837 occurance
merge 5575/9744: (1017, 808) -> 5830 (b' setting') has 837 occurance
merge 5576/9744: (109, 1268) -> 5831 (b'master') has 836 occurance
merge 5577/9744: (116, 452) -> 5832 (b'tell') has 836 occurance
merge 5578/9744: (268, 97) -> 5833 (b'era') has 836 occurance
merge 5579/9744: (295, 259) -> 5834 (b'atin') has 836 occurance
merge 5580/9744: (295, 2129) -> 5835 (b'atches') has 836 occurance
merge 5581/9744: (1260, 494) -> 5836 (b' Though') has 836 occurance
merge 5582/9744: (1332, 3275) -> 5837 (b' delicate') has 836 occurance
merge 5583/9744: (2842, 1643) -> 5838 (b'\xe2\x82\xac\xe2\x84\xa2') has 836 occurance
merge 5584/9744: (2862, 314) -> 5839 (b' midst') has 836 occurance
merge 5585/9744: (3585, 284) -> 5840 (b' becomes') has 836 occurance
merge 5586/9744: (27, 10) -> 5841 (b'\x1b\n') has 835 occurance
merge 5587/9744: (65, 104) -> 5842 (b'Ah') has 835 occurance
merge 5588/9744: (119, 850) -> 5843 (b'why') has 835 occurance
merge 5589/9744: (2340, 631) -> 5844 (b' While') has 835 occurance
merge 5590/9744: (2610, 115) -> 5845 (b' rocks') has 835 occurance
merge 5591/9744: (2830, 2928) -> 5846 (b' satisfaction') has 835 occurance
merge 5592/9744: (98, 730) -> 5847 (b'bted') has 834 occurance
merge 5593/9744: (267, 374) -> 5848 (b'ouch') has 834 occurance
merge 5594/9744: (501, 328) -> 5849 (b' Day') has 834 occurance
merge 5595/9744: (558, 1540) -> 5850 (b' Jane') has 834 occurance
merge 5596/9744: (881, 114) -> 5851 (b' Str') has 834 occurance
merge 5597/9744: (996, 315) -> 5852 (b' swim') has 834 occurance
merge 5598/9744: (1012, 278) -> 5853 (b'atching') has 834 occurance
merge 5599/9744: (39, 278) -> 5854 (b"'ing") has 833 occurance
merge 5600/9744: (311, 1432) -> 5855 (b' yield') has 833 occurance
merge 5601/9744: (400, 421) -> 5856 (b' rust') has 833 occurance
merge 5602/9744: (413, 32) -> 5857 (b'   ') has 833 occurance
merge 5603/9744: (179, 166) -> 5858 (b'\xb3\xa6') has 832 occurance
merge 5604/9744: (195, 173) -> 5859 (b'\xc3\xad') has 832 occurance
merge 5605/9744: (581, 448) -> 5860 (b'apers') has 832 occurance
merge 5606/9744: (655, 115) -> 5861 (b' diss') has 832 occurance
merge 5607/9744: (929, 992) -> 5862 (b'comple') has 832 occurance
merge 5608/9744: (940, 3193) -> 5863 (b' obvious') has 832 occurance
merge 5609/9744: (115, 107) -> 5864 (b'sk') has 831 occurance
merge 5610/9744: (117, 107) -> 5865 (b'uk') has 831 occurance
merge 5611/9744: (224, 5858) -> 5866 (b'\xe0\xb3\xa6') has 831 occurance
merge 5612/9744: (289, 2215) -> 5867 (b' powers') has 831 occurance
merge 5613/9744: (289, 3996) -> 5868 (b' puzz') has 831 occurance
merge 5614/9744: (402, 278) -> 5869 (b'aging') has 831 occurance
merge 5615/9744: (3188, 5177) -> 5870 (b' melancholy') has 831 occurance
merge 5616/9744: (5099, 329) -> 5871 (b' royal') has 831 occurance
merge 5617/9744: (264, 381) -> 5872 (b' oil') has 830 occurance
merge 5618/9744: (586, 2012) -> 5873 (b' quality') has 830 occurance
merge 5619/9744: (1191, 1403) -> 5874 (b' intention') has 830 occurance
merge 5620/9744: (1682, 2212) -> 5875 (b' numbers') has 830 occurance
merge 5621/9744: (1926, 1994) -> 5876 (b' ceased') has 830 occurance
merge 5622/9744: (1962, 2270) -> 5877 (b' arrival') has 830 occurance
merge 5623/9744: (2655, 259) -> 5878 (b'contin') has 830 occurance
merge 5624/9744: (121, 828) -> 5879 (b'years') has 829 occurance
merge 5625/9744: (256, 451) -> 5880 (b' tum') has 829 occurance
merge 5626/9744: (271, 97) -> 5881 (b'ita') has 828 occurance
merge 5627/9744: (576, 329) -> 5882 (b' Ital') has 828 occurance
merge 5628/9744: (1517, 318) -> 5883 (b' badly') has 828 occurance
merge 5629/9744: (1565, 1694) -> 5884 (b'ovitch') has 828 occurance
merge 5630/9744: (1874, 517) -> 5885 (b'Nothing') has 828 occurance
merge 5631/9744: (101, 417) -> 5886 (b'equ') has 827 occurance
merge 5632/9744: (296, 73) -> 5887 (b' II') has 827 occurance
merge 5633/9744: (485, 632) -> 5888 (b'hanks') has 827 occurance
merge 5634/9744: (489, 556) -> 5889 (b' spare') has 827 occurance
merge 5635/9744: (2038, 318) -> 5890 (b'Only') has 827 occurance
merge 5636/9744: (2504, 853) -> 5891 (b' Indian') has 827 occurance
merge 5637/9744: (3387, 4727) -> 5892 (b' extraordinary') has 827 occurance
merge 5638/9744: (79, 344) -> 5893 (b'Our') has 826 occurance
merge 5639/9744: (256, 2822) -> 5894 (b' text') has 826 occurance
merge 5640/9744: (725, 3955) -> 5895 (b' pointing') has 826 occurance
merge 5641/9744: (773, 111) -> 5896 (b' glo') has 826 occurance
merge 5642/9744: (3871, 789) -> 5897 (b'children') has 826 occurance
merge 5643/9744: (260, 2771) -> 5898 (b' silly') has 825 occurance
merge 5644/9744: (51, 54) -> 5899 (b'36') has 824 occurance
merge 5645/9744: (100, 358) -> 5900 (b'dam') has 824 occurance
merge 5646/9744: (552, 472) -> 5901 (b' Ros') has 824 occurance
merge 5647/9744: (1451, 270) -> 5902 (b'umped') has 824 occurance
merge 5648/9744: (2431, 4956) -> 5903 (b' Elizabeth') has 824 occurance
merge 5649/9744: (2647, 114) -> 5904 (b' err') has 824 occurance
merge 5650/9744: (552, 544) -> 5905 (b' Rep') has 823 occurance
merge 5651/9744: (1044, 118) -> 5906 (b' mov') has 823 occurance
merge 5652/9744: (4704, 1557) -> 5907 (b'John') has 823 occurance
merge 5653/9744: (258, 5704) -> 5908 (b' acknow') has 822 occurance
merge 5654/9744: (343, 316) -> 5909 (b'rose') has 822 occurance
merge 5655/9744: (1064, 118) -> 5910 (b' surv') has 822 occurance
merge 5656/9744: (2366, 597) -> 5911 (b' considerable') has 822 occurance
merge 5657/9744: (372, 1496) -> 5912 (b' Max') has 821 occurance
merge 5658/9744: (2299, 577) -> 5913 (b'-year') has 821 occurance
merge 5659/9744: (3727, 764) -> 5914 (b' daily') has 821 occurance
merge 5660/9744: (269, 418) -> 5915 (b' bab') has 820 occurance
merge 5661/9744: (399, 795) -> 5916 (b'elia') has 820 occurance
merge 5662/9744: (458, 115) -> 5917 (b'ols') has 820 occurance
merge 5663/9744: (108, 1001) -> 5918 (b'lished') has 819 occurance
merge 5664/9744: (302, 559) -> 5919 (b'otte') has 819 occurance
merge 5665/9744: (397, 112) -> 5920 (b' lip') has 819 occurance
merge 5666/9744: (425, 1170) -> 5921 (b' showing') has 819 occurance
merge 5667/9744: (789, 2404) -> 5922 (b'rences') has 819 occurance
merge 5668/9744: (1136, 109) -> 5923 (b' term') has 819 occurance
merge 5669/9744: (1248, 390) -> 5924 (b' confess') has 819 occurance
merge 5670/9744: (2232, 564) -> 5925 (b'glass') has 819 occurance
merge 5671/9744: (33, 514) -> 5926 (b'!\xe2\x80\x94') has 818 occurance
merge 5672/9744: (97, 273) -> 5927 (b'ais') has 818 occurance
merge 5673/9744: (119, 683) -> 5928 (b'wild') has 818 occurance
merge 5674/9744: (290, 853) -> 5929 (b'arian') has 818 occurance
merge 5675/9744: (1324, 744) -> 5930 (b' steady') has 818 occurance
merge 5676/9744: (2020, 278) -> 5931 (b' dining') has 818 occurance
merge 5677/9744: (4278, 434) -> 5932 (b' remarked') has 818 occurance
merge 5678/9744: (256, 668) -> 5933 (b' tick') has 817 occurance
merge 5679/9744: (290, 316) -> 5934 (b'arse') has 817 occurance
merge 5680/9744: (400, 427) -> 5935 (b' rout') has 817 occurance
merge 5681/9744: (1717, 99) -> 5936 (b' circ') has 817 occurance
merge 5682/9744: (34, 68) -> 5937 (b'"D') has 816 occurance
merge 5683/9744: (335, 1188) -> 5938 (b'irts') has 816 occurance
merge 5684/9744: (345, 932) -> 5939 (b' forms') has 816 occurance
merge 5685/9744: (471, 115) -> 5940 (b'ects') has 816 occurance
merge 5686/9744: (1822, 619) -> 5941 (b' absence') has 816 occurance
merge 5687/9744: (2672, 270) -> 5942 (b' escaped') has 816 occurance
merge 5688/9744: (5086, 1775) -> 5943 (b' uniform') has 816 occurance
merge 5689/9744: (264, 104) -> 5944 (b' oh') has 815 occurance
merge 5690/9744: (349, 450) -> 5945 (b' whist') has 815 occurance
merge 5691/9744: (400, 1084) -> 5946 (b' rank') has 815 occurance
merge 5692/9744: (406, 485) -> 5947 (b' Chan') has 815 occurance
merge 5693/9744: (943, 343) -> 5948 (b' repro') has 815 occurance
merge 5694/9744: (3829, 554) -> 5949 (b' gesture') has 815 occurance
merge 5695/9744: (44, 457) -> 5950 (b',"\n') has 814 occurance
merge 5696/9744: (112, 257) -> 5951 (b'phe') has 814 occurance
merge 5697/9744: (698, 421) -> 5952 (b' thrust') has 814 occurance
merge 5698/9744: (781, 808) -> 5953 (b' letting') has 814 occurance
merge 5699/9744: (2044, 1318) -> 5954 (b' figures') has 814 occurance
merge 5700/9744: (2824, 1092) -> 5955 (b' type') has 814 occurance
merge 5701/9744: (3311, 4851) -> 5956 (b' trademark') has 814 occurance
merge 5702/9744: (34, 80) -> 5957 (b'"P') has 813 occurance
merge 5703/9744: (99, 344) -> 5958 (b'cur') has 813 occurance
merge 5704/9744: (282, 316) -> 5959 (b'orse') has 813 occurance
merge 5705/9744: (295, 97) -> 5960 (b'ata') has 813 occurance
merge 5706/9744: (338, 282) -> 5961 (b' Tor') has 813 occurance
merge 5707/9744: (488, 1209) -> 5962 (b' joke') has 813 occurance
merge 5708/9744: (1005, 476) -> 5963 (b' frame') has 813 occurance
merge 5709/9744: (1397, 116) -> 5964 (b' paint') has 813 occurance
merge 5710/9744: (2958, 270) -> 5965 (b' delighted') has 813 occurance
merge 5711/9744: (3172, 301) -> 5966 (b' candle') has 813 occurance
merge 5712/9744: (72, 712) -> 5967 (b'Have') has 812 occurance
merge 5713/9744: (790, 318) -> 5968 (b' greatly') has 812 occurance
merge 5714/9744: (974, 3016) -> 5969 (b' guests') has 812 occurance
merge 5715/9744: (1481, 1946) -> 5970 (b' Albert') has 812 occurance
merge 5716/9744: (2057, 1318) -> 5971 (b' creatures') has 812 occurance
merge 5717/9744: (4324, 1207) -> 5972 (b' female') has 812 occurance
merge 5718/9744: (327, 275) -> 5973 (b'acon') has 811 occurance
merge 5719/9744: (339, 71) -> 5974 (b'\xe2\x80\x9cG') has 810 occurance
merge 5720/9744: (1678, 2142) -> 5975 (b' insisted') has 810 occurance
merge 5721/9744: (311, 1615) -> 5976 (b' yards') has 809 occurance
merge 5722/9744: (329, 1030) -> 5977 (b'almost') has 809 occurance
merge 5723/9744: (1129, 1496) -> 5978 (b' relax') has 809 occurance
merge 5724/9744: (4110, 1246) -> 5979 (b' grabbed') has 809 occurance
merge 5725/9744: (4676, 326) -> 5980 (b' jacket') has 809 occurance
merge 5726/9744: (272, 1207) -> 5981 (b' male') has 808 occurance
merge 5727/9744: (279, 5094) -> 5982 (b' citiz') has 808 occurance
merge 5728/9744: (354, 312) -> 5983 (b'rive') has 808 occurance
merge 5729/9744: (425, 2424) -> 5984 (b' shining') has 808 occurance
merge 5730/9744: (574, 1094) -> 5985 (b' club') has 808 occurance
merge 5731/9744: (825, 121) -> 5986 (b' mighty') has 808 occurance
merge 5732/9744: (260, 3819) -> 5987 (b' sisters') has 807 occurance
merge 5733/9744: (292, 2102) -> 5988 (b' lift') has 807 occurance
merge 5734/9744: (365, 287) -> 5989 (b' meas') has 807 occurance
merge 5735/9744: (1693, 270) -> 5990 (b' presented') has 807 occurance
merge 5736/9744: (3440, 4651) -> 5991 (b' telephone') has 807 occurance
merge 5737/9744: (391, 111) -> 5992 (b' Bo') has 806 occurance
merge 5738/9744: (737, 101) -> 5993 (b' Ke') has 806 occurance
merge 5739/9744: (824, 2806) -> 5994 (b'ograp') has 806 occurance
merge 5740/9744: (2324, 110) -> 5995 (b' torn') has 805 occurance
merge 5741/9744: (262, 1209) -> 5996 (b' woke') has 804 occurance
merge 5742/9744: (289, 381) -> 5997 (b' pil') has 804 occurance
merge 5743/9744: (974, 1615) -> 5998 (b' guards') has 804 occurance
merge 5744/9744: (1093, 503) -> 5999 (b' decide') has 804 occurance
merge 5745/9744: (2023, 704) -> 6000 (b' approach') has 804 occurance
merge 5746/9744: (2115, 444) -> 6001 (b' request') has 804 occurance
merge 5747/9744: (2920, 1001) -> 6002 (b' vanished') has 804 occurance
merge 5748/9744: (666, 3986) -> 6003 (b' accompl') has 803 occurance
merge 5749/9744: (831, 271) -> 6004 (b' writ') has 803 occurance
merge 5750/9744: (45, 101) -> 6005 (b'-e') has 802 occurance
merge 5751/9744: (288, 731) -> 6006 (b'anied') has 802 occurance
merge 5752/9744: (471, 510) -> 6007 (b'ective') has 802 occurance
merge 5753/9744: (1951, 111) -> 6008 (b'iko') has 802 occurance
merge 5754/9744: (4413, 368) -> 6009 (b'Enter') has 802 occurance
merge 5755/9744: (108, 282) -> 6010 (b'lor') has 801 occurance
merge 5756/9744: (347, 2774) -> 6011 (b' assem') has 801 occurance
merge 5757/9744: (1227, 101) -> 6012 (b' slee') has 801 occurance
merge 5758/9744: (2723, 270) -> 6013 (b' treated') has 801 occurance
merge 5759/9744: (3483, 121) -> 6014 (b' Lucy') has 801 occurance
merge 5760/9744: (5378, 1339) -> 6015 (b'.gutenberg') has 801 occurance
merge 5761/9744: (45, 412) -> 6016 (b'-the') has 800 occurance
merge 5762/9744: (453, 270) -> 6017 (b'oused') has 800 occurance
merge 5763/9744: (771, 1032) -> 6018 (b'onsense') has 800 occurance
merge 5764/9744: (1353, 661) -> 6019 (b' loves') has 800 occurance
merge 5765/9744: (1856, 690) -> 6020 (b'trans') has 800 occurance
merge 5766/9744: (2195, 309) -> 6021 (b' medic') has 800 occurance
merge 5767/9744: (289, 970) -> 6022 (b' patter') has 799 occurance
merge 5768/9744: (372, 534) -> 6023 (b' Most') has 799 occurance
merge 5769/9744: (648, 1356) -> 6024 (b' flash') has 799 occurance
merge 5770/9744: (33, 578) -> 6025 (b'!--') has 798 occurance
merge 5771/9744: (327, 541) -> 6026 (b'acity') has 798 occurance
merge 5772/9744: (369, 730) -> 6027 (b'ifted') has 798 occurance
merge 5773/9744: (514, 339) -> 6028 (b'\xe2\x80\x94\xe2\x80\x9c') has 798 occurance
merge 5774/9744: (558, 1753) -> 6029 (b' June') has 798 occurance
merge 5775/9744: (886, 795) -> 6030 (b' Chia') has 798 occurance
merge 5776/9744: (1305, 418) -> 6031 (b' Arab') has 798 occurance
merge 5777/9744: (1467, 656) -> 6032 (b' driving') has 798 occurance
merge 5778/9744: (115, 913) -> 6033 (b'since') has 797 occurance
merge 5779/9744: (277, 642) -> 6034 (b'enance') has 797 occurance
merge 5780/9744: (327, 2445) -> 6035 (b'achel') has 797 occurance
merge 5781/9744: (552, 415) -> 6036 (b' Rem') has 797 occurance
merge 5782/9744: (51, 57) -> 6037 (b'39') has 796 occurance
merge 5783/9744: (107, 2804) -> 6038 (b'knew') has 796 occurance
merge 5784/9744: (272, 446) -> 6039 (b' mour') has 796 occurance
merge 5785/9744: (289, 4577) -> 6040 (b' pardon') has 796 occurance
merge 5786/9744: (501, 3085) -> 6041 (b' Duke') has 796 occurance
merge 5787/9744: (1018, 570) -> 6042 (b' retreat') has 796 occurance
merge 5788/9744: (1226, 2112) -> 6043 (b' charming') has 796 occurance
merge 5789/9744: (1966, 1138) -> 6044 (b' Princ') has 796 occurance
merge 5790/9744: (32, 392) -> 6045 (b' rom') has 795 occurance
merge 5791/9744: (417, 290) -> 6046 (b'quar') has 795 occurance
merge 5792/9744: (545, 475) -> 6047 (b' East') has 795 occurance
merge 5793/9744: (618, 5372) -> 6048 (b' branches') has 795 occurance
merge 5794/9744: (1382, 918) -> 6049 (b' visible') has 795 occurance
merge 5795/9744: (1610, 121) -> 6050 (b' bloody') has 795 occurance
merge 5796/9744: (3743, 270) -> 6051 (b' folded') has 795 occurance
merge 5797/9744: (285, 3345) -> 6052 (b' dancing') has 794 occurance
merge 5798/9744: (289, 962) -> 6053 (b' pool') has 794 occurance
merge 5799/9744: (451, 284) -> 6054 (b'umes') has 794 occurance
merge 5800/9744: (1015, 259) -> 6055 (b' chain') has 794 occurance
merge 5801/9744: (1218, 270) -> 6056 (b'lected') has 794 occurance
merge 5802/9744: (1239, 268) -> 6057 (b' refer') has 794 occurance
merge 5803/9744: (1467, 496) -> 6058 (b' driven') has 794 occurance
merge 5804/9744: (3020, 580) -> 6059 (b' enemies') has 794 occurance
merge 5805/9744: (56, 48) -> 6060 (b'80') has 793 occurance
merge 5806/9744: (112, 876) -> 6061 (b'pret') has 793 occurance
merge 5807/9744: (256, 674) -> 6062 (b' tip') has 793 occurance
merge 5808/9744: (262, 2405) -> 6063 (b' wounded') has 793 occurance
merge 5809/9744: (372, 277) -> 6064 (b' Men') has 793 occurance
merge 5810/9744: (444, 309) -> 6065 (b'estic') has 793 occurance
merge 5811/9744: (684, 315) -> 6066 (b' prim') has 793 occurance
merge 5812/9744: (819, 284) -> 6067 (b'enses') has 793 occurance
merge 5813/9744: (1127, 114) -> 6068 (b' instr') has 793 occurance
merge 5814/9744: (3177, 627) -> 6069 (b'respond') has 793 occurance
merge 5815/9744: (4117, 687) -> 6070 (b' hesitated') has 793 occurance
merge 5816/9744: (1350, 757) -> 6071 (b' useful') has 792 occurance
merge 5817/9744: (2553, 512) -> 6072 (b' palace') has 792 occurance
merge 5818/9744: (290, 273) -> 6073 (b'aris') has 791 occurance
merge 5819/9744: (315, 109) -> 6074 (b'imm') has 791 occurance
merge 5820/9744: (361, 275) -> 6075 (b' Hon') has 791 occurance
merge 5821/9744: (480, 5172) -> 6076 (b' Laura') has 791 occurance
merge 5822/9744: (2394, 358) -> 6077 (b' Madam') has 791 occurance
merge 5823/9744: (102, 1228) -> 6078 (b'foot') has 790 occurance
merge 5824/9744: (1276, 664) -> 6079 (b' finish') has 790 occurance
merge 5825/9744: (2255, 411) -> 6080 (b' constant') has 790 occurance
merge 5826/9744: (571, 4785) -> 6081 (b' unexpected') has 789 occurance
merge 5827/9744: (596, 284) -> 6082 (b'udes') has 789 occurance
merge 5828/9744: (608, 301) -> 6083 (b' handle') has 789 occurance
merge 5829/9744: (1107, 3209) -> 6084 (b' resolved') has 789 occurance
merge 5830/9744: (1808, 104) -> 6085 (b'\xe2\x80\x9cAh') has 789 occurance
merge 5831/9744: (3490, 1806) -> 6086 (b' radio') has 789 occurance
merge 5832/9744: (5109, 411) -> 6087 (b'important') has 789 occurance
merge 5833/9744: (116, 116) -> 6088 (b'tt') has 788 occurance
merge 5834/9744: (273, 689) -> 6089 (b'isions') has 788 occurance
merge 5835/9744: (1822, 4175) -> 6090 (b' absurd') has 788 occurance
merge 5836/9744: (273, 818) -> 6091 (b'ishes') has 787 occurance
merge 5837/9744: (363, 117) -> 6092 (b' Su') has 787 occurance
merge 5838/9744: (651, 468) -> 6093 (b' smart') has 787 occurance
merge 5839/9744: (940, 314) -> 6094 (b' obst') has 787 occurance
merge 5840/9744: (4316, 107) -> 6095 (b' Greek') has 787 occurance
merge 5841/9744: (195, 179) -> 6096 (b'\xc3\xb3') has 786 occurance
merge 5842/9744: (501, 399) -> 6097 (b' Del') has 786 occurance
merge 5843/9744: (629, 278) -> 6098 (b'ressing') has 786 occurance
merge 5844/9744: (1430, 1699) -> 6099 (b' affairs') has 786 occurance
merge 5845/9744: (117, 693) -> 6100 (b'uary') has 785 occurance
merge 5846/9744: (119, 2878) -> 6101 (b'wanted') has 785 occurance
merge 5847/9744: (314, 4427) -> 6102 (b'steps') has 785 occurance
merge 5848/9744: (333, 723) -> 6103 (b' reward') has 785 occurance
merge 5849/9744: (1093, 2500) -> 6104 (b' decision') has 785 occurance
merge 5850/9744: (1201, 4253) -> 6105 (b' independ') has 785 occurance
merge 5851/9744: (2737, 270) -> 6106 (b'ustomed') has 785 occurance
merge 5852/9744: (293, 732) -> 6107 (b' horn') has 784 occurance
merge 5853/9744: (438, 468) -> 6108 (b' Part') has 784 occurance
merge 5854/9744: (1783, 1635) -> 6109 (b' collection') has 784 occurance
merge 5855/9744: (76, 827) -> 6110 (b'Look') has 783 occurance
merge 5856/9744: (317, 559) -> 6111 (b' waste') has 783 occurance
merge 5857/9744: (328, 270) -> 6112 (b'ayed') has 783 occurance
merge 5858/9744: (1448, 128) -> 6113 (b'\xef\xac\x80') has 783 occurance
merge 5859/9744: (1554, 1347) -> 6114 (b' larger') has 783 occurance
merge 5860/9744: (3469, 3675) -> 6115 (b' Colonel') has 783 occurance
merge 5861/9744: (267, 920) -> 6116 (b'ouched') has 782 occurance
merge 5862/9744: (269, 551) -> 6117 (b' bother') has 782 occurance
merge 5863/9744: (477, 98) -> 6118 (b' deb') has 782 occurance
merge 5864/9744: (4362, 3648) -> 6119 (b' associated') has 782 occurance
merge 5865/9744: (5582, 3842) -> 6120 (b' safety') has 782 occurance
merge 5866/9744: (110, 282) -> 6121 (b'nor') has 781 occurance
merge 5867/9744: (319, 1943) -> 6122 (b' thunder') has 781 occurance
merge 5868/9744: (319, 4902) -> 6123 (b' thorough') has 781 occurance
merge 5869/9744: (1104, 411) -> 6124 (b' giant') has 781 occurance
merge 5870/9744: (3405, 495) -> 6125 (b' separate') has 781 occurance
merge 5871/9744: (52, 53) -> 6126 (b'45') has 780 occurance
merge 5872/9744: (103, 277) -> 6127 (b'gen') has 780 occurance
merge 5873/9744: (103, 444) -> 6128 (b'gest') has 780 occurance
merge 5874/9744: (327, 887) -> 6129 (b'acob') has 780 occurance
merge 5875/9744: (617, 573) -> 6130 (b' chose') has 780 occurance
merge 5876/9744: (734, 674) -> 6131 (b' slip') has 780 occurance
merge 5877/9744: (996, 1039) -> 6132 (b' swung') has 780 occurance
merge 5878/9744: (1888, 5306) -> 6133 (b' proportion') has 780 occurance
merge 5879/9744: (3711, 1155) -> 6134 (b'aturday') has 780 occurance
merge 5880/9744: (271, 687) -> 6135 (b'itated') has 779 occurance
merge 5881/9744: (272, 287) -> 6136 (b' mas') has 779 occurance
merge 5882/9744: (501, 277) -> 6137 (b' Den') has 779 occurance
merge 5883/9744: (1798, 1115) -> 6138 (b' eyebr') has 779 occurance
merge 5884/9744: (2255, 271) -> 6139 (b' constit') has 779 occurance
merge 5885/9744: (256, 577) -> 6140 (b' tear') has 778 occurance
merge 5886/9744: (327, 1177) -> 6141 (b'acters') has 778 occurance
merge 5887/9744: (400, 295) -> 6142 (b' rat') has 778 occurance
merge 5888/9744: (480, 1824) -> 6143 (b' Lev') has 778 occurance
merge 5889/9744: (694, 461) -> 6144 (b' adop') has 778 occurance
merge 5890/9744: (996, 577) -> 6145 (b' swear') has 778 occurance
merge 5891/9744: (1908, 120) -> 6146 (b' complex') has 778 occurance
merge 5892/9744: (284, 368) -> 6147 (b'ester') has 777 occurance
merge 5893/9744: (398, 1071) -> 6148 (b'usual') has 777 occurance
merge 5894/9744: (563, 1092) -> 6149 (b' rope') has 777 occurance
merge 5895/9744: (581, 104) -> 6150 (b'aph') has 777 occurance
merge 5896/9744: (1476, 1048) -> 6151 (b' invited') has 777 occurance
merge 5897/9744: (1945, 4313) -> 6152 (b' miserable') has 777 occurance
merge 5898/9744: (2757, 115) -> 6153 (b' guns') has 777 occurance
merge 5899/9744: (2904, 329) -> 6154 (b' local') has 777 occurance
merge 5900/9744: (4370, 268) -> 6155 (b' elder') has 777 occurance
merge 5901/9744: (260, 270) -> 6156 (b' sed') has 776 occurance
merge 5902/9744: (414, 379) -> 6157 (b' Wall') has 776 occurance
merge 5903/9744: (734, 712) -> 6158 (b' slave') has 776 occurance
merge 5904/9744: (89, 326) -> 6159 (b'Yet') has 775 occurance
merge 5905/9744: (306, 704) -> 6160 (b' beach') has 775 occurance
merge 5906/9744: (339, 1667) -> 6161 (b'\xe2\x80\x9cThen') has 775 occurance
merge 5907/9744: (1235, 2049) -> 6162 (b' possession') has 775 occurance
merge 5908/9744: (2937, 368) -> 6163 (b'better') has 775 occurance
merge 5909/9744: (98, 282) -> 6164 (b'bor') has 774 occurance
merge 5910/9744: (296, 114) -> 6165 (b' Ir') has 774 occurance
merge 5911/9744: (338, 452) -> 6166 (b' Tell') has 774 occurance
merge 5912/9744: (1036, 448) -> 6167 (b'aughters') has 774 occurance
merge 5913/9744: (2540, 681) -> 6168 (b' annoy') has 774 occurance
merge 5914/9744: (119, 278) -> 6169 (b'wing') has 773 occurance
merge 5915/9744: (288, 315) -> 6170 (b'anim') has 773 occurance
merge 5916/9744: (684, 275) -> 6171 (b' pron') has 773 occurance
merge 5917/9744: (1171, 1676) -> 6172 (b'appeared') has 773 occurance
merge 5918/9744: (1467, 332) -> 6173 (b' driver') has 773 occurance
merge 5919/9744: (1708, 330) -> 6174 (b' concent') has 773 occurance
merge 5920/9744: (45, 107) -> 6175 (b'-k') has 772 occurance
merge 5921/9744: (99, 390) -> 6176 (b'cess') has 772 occurance
merge 5922/9744: (272, 596) -> 6177 (b' mud') has 772 occurance
merge 5923/9744: (1115, 2364) -> 6178 (b'bridge') has 772 occurance
merge 5924/9744: (1421, 382) -> 6179 (b' incred') has 772 occurance
merge 5925/9744: (2001, 3559) -> 6180 (b' calcul') has 772 occurance
merge 5926/9744: (2369, 403) -> 6181 (b' fortun') has 772 occurance
merge 5927/9744: (307, 368) -> 6182 (b'utter') has 771 occurance
merge 5928/9744: (98, 288) -> 6183 (b'ban') has 770 occurance
merge 5929/9744: (263, 5555) -> 6184 (b'rehend') has 770 occurance
merge 5930/9744: (286, 115) -> 6185 (b'lls') has 770 occurance
merge 5931/9744: (998, 580) -> 6186 (b' series') has 770 occurance
merge 5932/9744: (2540, 3521) -> 6187 (b' announced') has 770 occurance
merge 5933/9744: (2553, 109) -> 6188 (b' palm') has 770 occurance
merge 5934/9744: (4553, 664) -> 6189 (b' British') has 770 occurance
merge 5935/9744: (403, 730) -> 6190 (b'unted') has 769 occurance
merge 5936/9744: (440, 1101) -> 6191 (b' knee') has 769 occurance
merge 5937/9744: (1534, 1232) -> 6192 (b' easier') has 769 occurance
merge 5938/9744: (1546, 2960) -> 6193 (b' efforts') has 769 occurance
merge 5939/9744: (287, 1971) -> 6194 (b'asped') has 768 occurance
merge 5940/9744: (460, 1230) -> 6195 (b' aloud') has 768 occurance
merge 5941/9744: (1563, 330) -> 6196 (b' extent') has 768 occurance
merge 5942/9744: (5326, 282) -> 6197 (b' corridor') has 768 occurance
merge 5943/9744: (361, 115) -> 6198 (b' Hs') has 767 occurance
merge 5944/9744: (489, 452) -> 6199 (b' spell') has 767 occurance
merge 5945/9744: (626, 1156) -> 6200 (b'beaut') has 767 occurance
merge 5946/9744: (692, 278) -> 6201 (b' wanting') has 767 occurance
merge 5947/9744: (1145, 115) -> 6202 (b' keeps') has 767 occurance
merge 5948/9744: (2904, 687) -> 6203 (b' located') has 767 occurance
merge 5949/9744: (822, 307) -> 6204 (b' comput') has 766 occurance
merge 5950/9744: (894, 1348) -> 6205 (b' expressed') has 766 occurance
merge 5951/9744: (1203, 278) -> 6206 (b' starting') has 766 occurance
merge 5952/9744: (4805, 2041) -> 6207 (b'natural') has 766 occurance
merge 5953/9744: (1332, 3438) -> 6208 (b' deliber') has 765 occurance
merge 5954/9744: (2490, 259) -> 6209 (b' ruin') has 765 occurance
merge 5955/9744: (285, 1976) -> 6210 (b' dwell') has 764 occurance
merge 5956/9744: (422, 2458) -> 6211 (b' upset') has 764 occurance
merge 5957/9744: (3679, 331) -> 6212 (b' companion') has 764 occurance
merge 5958/9744: (66, 1108) -> 6213 (b'BER') has 763 occurance
merge 5959/9744: (112, 275) -> 6214 (b'pon') has 763 occurance
merge 5960/9744: (363, 288) -> 6215 (b' San') has 763 occurance
merge 5961/9744: (571, 115) -> 6216 (b' uns') has 763 occurance
merge 5962/9744: (1926, 1321) -> 6217 (b' cerem') has 763 occurance
merge 5963/9744: (105, 597) -> 6218 (b'iable') has 762 occurance
merge 5964/9744: (112, 392) -> 6219 (b'prom') has 762 occurance
merge 5965/9744: (114, 375) -> 6220 (b'rain') has 762 occurance
merge 5966/9744: (848, 115) -> 6221 (b'\xe2\x80\x9cIs') has 762 occurance
merge 5967/9744: (1238, 278) -> 6222 (b' returning') has 762 occurance
merge 5968/9744: (2779, 597) -> 6223 (b' comfortable') has 762 occurance
merge 5969/9744: (1027, 475) -> 6224 (b' coast') has 761 occurance
merge 5970/9744: (1513, 627) -> 6225 (b' respond') has 761 occurance
merge 5971/9744: (2234, 2799) -> 6226 (b' details') has 761 occurance
merge 5972/9744: (121, 284) -> 6227 (b'yes') has 760 occurance
merge 5973/9744: (287, 689) -> 6228 (b'asions') has 760 occurance
merge 5974/9744: (363, 381) -> 6229 (b' Sil') has 760 occurance
merge 5975/9744: (629, 284) -> 6230 (b'resses') has 760 occurance
merge 5976/9744: (784, 115) -> 6231 (b' rights') has 760 occurance
merge 5977/9744: (2144, 541) -> 6232 (b' necessity') has 760 occurance
merge 5978/9744: (2171, 284) -> 6233 (b' senses') has 760 occurance
merge 5979/9744: (292, 529) -> 6234 (b' lake') has 759 occurance
merge 5980/9744: (294, 1088) -> 6235 (b' inner') has 759 occurance
merge 5981/9744: (2052, 999) -> 6236 (b'ological') has 759 occurance
merge 5982/9744: (2122, 2831) -> 6237 (b' kingdom') has 759 occurance
merge 5983/9744: (112, 1022) -> 6238 (b'power') has 758 occurance
merge 5984/9744: (372, 1891) -> 6239 (b' Mike') has 758 occurance
merge 5985/9744: (735, 98) -> 6240 (b'rub') has 758 occurance
merge 5986/9744: (2008, 1986) -> 6241 (b' Doctor') has 758 occurance
merge 5987/9744: (41, 304) -> 6242 (b').\n') has 757 occurance
merge 5988/9744: (101, 415) -> 6243 (b'eem') has 757 occurance
merge 5989/9744: (117, 271) -> 6244 (b'uit') has 757 occurance
merge 5990/9744: (306, 268) -> 6245 (b' beer') has 757 occurance
merge 5991/9744: (310, 298) -> 6246 (b'ldom') has 757 occurance
merge 5992/9744: (458, 97) -> 6247 (b'ola') has 757 occurance
merge 5993/9744: (671, 456) -> 6248 (b'black') has 757 occurance
merge 5994/9744: (289, 2688) -> 6249 (b' psy') has 756 occurance
merge 5995/9744: (337, 415) -> 6250 (b'adem') has 756 occurance
merge 5996/9744: (372, 736) -> 6251 (b' Mark') has 756 occurance
merge 5997/9744: (691, 1406) -> 6252 (b' science') has 756 occurance
merge 5998/9744: (951, 2363) -> 6253 (b' household') has 756 occurance
merge 5999/9744: (1505, 4715) -> 6254 (b' lawyer') has 756 occurance
merge 6000/9744: (4897, 757) -> 6255 (b' grateful') has 756 occurance
merge 6001/9744: (299, 109) -> 6256 (b' ham') has 755 occurance
merge 6002/9744: (306, 265) -> 6257 (b' bend') has 755 occurance
merge 6003/9744: (334, 103) -> 6258 (b' ug') has 755 occurance
merge 6004/9744: (342, 556) -> 6259 (b' stare') has 755 occurance
merge 6005/9744: (773, 305) -> 6260 (b' glow') has 755 occurance
merge 6006/9744: (1248, 2526) -> 6261 (b' confusion') has 755 occurance
merge 6007/9744: (1354, 3783) -> 6262 (b' interview') has 755 occurance
merge 6008/9744: (1785, 399) -> 6263 (b' angel') has 755 occurance
merge 6009/9744: (2842, 5221) -> 6264 (b'\xe2\x82\xac\xc5\x93') has 755 occurance
merge 6010/9744: (315, 402) -> 6265 (b'imag') has 754 occurance
merge 6011/9744: (363, 121) -> 6266 (b' Sy') has 754 occurance
merge 6012/9744: (548, 690) -> 6267 (b' plans') has 754 occurance
merge 6013/9744: (1070, 101) -> 6268 (b'aze') has 754 occurance
merge 6014/9744: (364, 78) -> 6269 (b' AN') has 753 occurance
merge 6015/9744: (385, 114) -> 6270 (b'thr') has 753 occurance
merge 6016/9744: (795, 104) -> 6271 (b'iah') has 753 occurance
merge 6017/9744: (1193, 268) -> 6272 (b' smaller') has 753 occurance
merge 6018/9744: (1713, 1101) -> 6273 (b' squee') has 753 occurance
merge 6019/9744: (2383, 3656) -> 6274 (b' Constant') has 753 occurance
merge 6020/9744: (32, 194) -> 6275 (b' \xc2') has 752 occurance
merge 6021/9744: (104, 394) -> 6276 (b'home') has 752 occurance
merge 6022/9744: (115, 826) -> 6277 (b'saw') has 752 occurance
merge 6023/9744: (492, 399) -> 6278 (b'rael') has 752 occurance
merge 6024/9744: (872, 1999) -> 6279 (b'whole') has 752 occurance
merge 6025/9744: (1604, 5521) -> 6280 (b' excitement') has 752 occurance
merge 6026/9744: (3162, 2831) -> 6281 (b' wisdom') has 752 occurance
merge 6027/9744: (3477, 2052) -> 6282 (b' apolog') has 752 occurance
merge 6028/9744: (118, 2500) -> 6283 (b'vision') has 751 occurance
merge 6029/9744: (571, 3836) -> 6284 (b' unfortun') has 751 occurance
merge 6030/9744: (745, 2253) -> 6285 (b' apprec') has 751 occurance
merge 6031/9744: (1683, 971) -> 6286 (b' learning') has 751 occurance
merge 6032/9744: (2048, 278) -> 6287 (b' missing') has 751 occurance
merge 6033/9744: (2109, 318) -> 6288 (b' properly') has 751 occurance
merge 6034/9744: (99, 335) -> 6289 (b'cir') has 750 occurance
merge 6035/9744: (514, 271) -> 6290 (b'\xe2\x80\x94it') has 750 occurance
merge 6036/9744: (577, 318) -> 6291 (b'early') has 750 occurance
merge 6037/9744: (998, 1609) -> 6292 (b' seriously') has 750 occurance
merge 6038/9744: (1053, 379) -> 6293 (b' recall') has 750 occurance
merge 6039/9744: (1174, 358) -> 6294 (b'gram') has 750 occurance
merge 6040/9744: (1943, 1157) -> 6295 (b'understand') has 750 occurance
merge 6041/9744: (5325, 147) -> 6296 (b'\xee\x81\x93') has 750 occurance
merge 6042/9744: (381, 795) -> 6297 (b'ilia') has 749 occurance
merge 6043/9744: (492, 118) -> 6298 (b'rav') has 749 occurance
merge 6044/9744: (628, 927) -> 6299 (b' shade') has 749 occurance
merge 6045/9744: (1553, 318) -> 6300 (b' closely') has 749 occurance
merge 6046/9744: (34, 78) -> 6301 (b'"N') has 748 occurance
merge 6047/9744: (275, 580) -> 6302 (b'onies') has 748 occurance
merge 6048/9744: (333, 290) -> 6303 (b' rear') has 748 occurance
merge 6049/9744: (363, 913) -> 6304 (b' Since') has 748 occurance
merge 6050/9744: (403, 115) -> 6305 (b'uns') has 748 occurance
merge 6051/9744: (1360, 270) -> 6306 (b'amped') has 748 occurance
merge 6052/9744: (1653, 522) -> 6307 (b' prompt') has 748 occurance
merge 6053/9744: (34, 87) -> 6308 (b'"W') has 747 occurance
merge 6054/9744: (65, 89) -> 6309 (b'AY') has 747 occurance
merge 6055/9744: (103, 973) -> 6310 (b'girl') has 747 occurance
merge 6056/9744: (263, 561) -> 6311 (b'really') has 747 occurance
merge 6057/9744: (391, 268) -> 6312 (b' Ber') has 747 occurance
merge 6058/9744: (655, 103) -> 6313 (b' disg') has 747 occurance
merge 6059/9744: (745, 2701) -> 6314 (b' appeal') has 747 occurance
merge 6060/9744: (840, 277) -> 6315 (b' Ven') has 747 occurance
merge 6061/9744: (2386, 4796) -> 6316 (b' principles') has 747 occurance
merge 6062/9744: (3841, 632) -> 6317 (b' folks') has 747 occurance
merge 6063/9744: (3865, 557) -> 6318 (b'rifice') has 747 occurance
merge 6064/9744: (45, 97) -> 6319 (b'-a') has 746 occurance
merge 6065/9744: (102, 650) -> 6320 (b'fire') has 746 occurance
merge 6066/9744: (259, 314) -> 6321 (b'inst') has 746 occurance
merge 6067/9744: (279, 712) -> 6322 (b' cave') has 746 occurance
merge 6068/9744: (397, 417) -> 6323 (b' liqu') has 746 occurance
merge 6069/9744: (403, 971) -> 6324 (b'unning') has 746 occurance
merge 6070/9744: (461, 277) -> 6325 (b'open') has 746 occurance
merge 6071/9744: (617, 105) -> 6326 (b' chi') has 746 occurance
merge 6072/9744: (1047, 1063) -> 6327 (b' presently') has 746 occurance
merge 6073/9744: (1476, 3209) -> 6328 (b' involved') has 746 occurance
merge 6074/9744: (4288, 495) -> 6329 (b' desperate') has 746 occurance
merge 6075/9744: (342, 1314) -> 6330 (b' straw') has 745 occurance
merge 6076/9744: (400, 2126) -> 6331 (b' riding') has 745 occurance
merge 6077/9744: (1397, 757) -> 6332 (b' painful') has 745 occurance
merge 6078/9744: (45, 1396) -> 6333 (b'-ey') has 744 occurance
merge 6079/9744: (309, 278) -> 6334 (b'icing') has 744 occurance
merge 6080/9744: (400, 1668) -> 6335 (b' rush') has 744 occurance
merge 6081/9744: (4592, 273) -> 6336 (b' Francis') has 744 occurance
merge 6082/9744: (265, 752) -> 6337 (b'ndered') has 743 occurance
merge 6083/9744: (395, 98) -> 6338 (b' sob') has 743 occurance
merge 6084/9744: (454, 482) -> 6339 (b' vig') has 743 occurance
merge 6085/9744: (586, 411) -> 6340 (b' quant') has 743 occurance
merge 6086/9744: (1116, 733) -> 6341 (b' kindness') has 743 occurance
merge 6087/9744: (1363, 318) -> 6342 (b' highly') has 743 occurance
merge 6088/9744: (0, 3156) -> 6343 (b'\x00-\x00') has 742 occurance
merge 6089/9744: (387, 3180) -> 6344 (b' severe') has 742 occurance
merge 6090/9744: (1059, 689) -> 6345 (b' actions') has 742 occurance
merge 6091/9744: (1067, 1063) -> 6346 (b' silently') has 742 occurance
merge 6092/9744: (1639, 2249) -> 6347 (b' advanced') has 742 occurance
merge 6093/9744: (1938, 115) -> 6348 (b' chairs') has 742 occurance
merge 6094/9744: (4342, 356) -> 6349 (b' source') has 742 occurance
merge 6095/9744: (4529, 649) -> 6350 (b'overnment') has 742 occurance
merge 6096/9744: (65, 67) -> 6351 (b'AC') has 741 occurance
merge 6097/9744: (282, 112) -> 6352 (b'orp') has 741 occurance
merge 6098/9744: (351, 115) -> 6353 (b'hers') has 741 occurance
merge 6099/9744: (1377, 115) -> 6354 (b' facts') has 741 occurance
merge 6100/9744: (377, 97) -> 6355 (b'anda') has 740 occurance
merge 6101/9744: (492, 312) -> 6356 (b'rave') has 740 occurance
merge 6102/9744: (2400, 379) -> 6357 (b'small') has 740 occurance
merge 6103/9744: (5118, 541) -> 6358 (b' dignity') has 740 occurance
merge 6104/9744: (45, 2141) -> 6359 (b'-night') has 739 occurance
merge 6105/9744: (71, 69) -> 6360 (b'GE') has 739 occurance
merge 6106/9744: (290, 932) -> 6361 (b'arms') has 739 occurance
merge 6107/9744: (377, 115) -> 6362 (b'ands') has 739 occurance
merge 6108/9744: (415, 288) -> 6363 (b'eman') has 739 occurance
merge 6109/9744: (648, 476) -> 6364 (b' flame') has 739 occurance
merge 6110/9744: (756, 114) -> 6365 (b'ocr') has 739 occurance
merge 6111/9744: (811, 1390) -> 6366 (b' gotten') has 739 occurance
merge 6112/9744: (2531, 760) -> 6367 (b' Everything') has 739 occurance
merge 6113/9744: (5063, 660) -> 6368 (b' mysterious') has 739 occurance
merge 6114/9744: (5215, 1406) -> 6369 (b' conscience') has 739 occurance
merge 6115/9744: (285, 1568) -> 6370 (b' dirt') has 738 occurance
merge 6116/9744: (438, 4683) -> 6371 (b' Percy') has 738 occurance
merge 6117/9744: (1398, 2407) -> 6372 (b' purcha') has 738 occurance
merge 6118/9744: (1628, 69) -> 6373 (b'ENE') has 738 occurance
merge 6119/9744: (1768, 2534) -> 6374 (b' conditions') has 738 occurance
merge 6120/9744: (257, 109) -> 6375 (b'hem') has 737 occurance
merge 6121/9744: (545, 704) -> 6376 (b' Each') has 737 occurance
merge 6122/9744: (893, 1649) -> 6377 (b' happening') has 737 occurance
merge 6123/9744: (1629, 116) -> 6378 (b'lett') has 737 occurance
merge 6124/9744: (1987, 295) -> 6379 (b'coat') has 737 occurance
merge 6125/9744: (3000, 580) -> 6380 (b' families') has 737 occurance
merge 6126/9744: (3410, 270) -> 6381 (b' proceeded') has 737 occurance
merge 6127/9744: (17, 2) -> 6382 (b'\x11\x02') has 736 occurance
merge 6128/9744: (285, 117) -> 6383 (b' du') has 736 occurance
merge 6129/9744: (488, 740) -> 6384 (b' jew') has 736 occurance
merge 6130/9744: (1239, 1621) -> 6385 (b' refuse') has 736 occurance
merge 6131/9744: (3846, 731) -> 6386 (b' occupied') has 736 occurance
merge 6132/9744: (266, 656) -> 6387 (b'having') has 735 occurance
merge 6133/9744: (305, 1096) -> 6388 (b'owder') has 735 occurance
merge 6134/9744: (354, 288) -> 6389 (b'rian') has 735 occurance
merge 6135/9744: (361, 690) -> 6390 (b' Hans') has 735 occurance
merge 6136/9744: (419, 2876) -> 6391 (b' sugar') has 735 occurance
merge 6137/9744: (1427, 5795) -> 6392 (b' awkward') has 735 occurance
merge 6138/9744: (4383, 288) -> 6393 (b'human') has 735 occurance
merge 6139/9744: (294, 3059) -> 6394 (b' informed') has 734 occurance
merge 6140/9744: (319, 1355) -> 6395 (b' thread') has 734 occurance
merge 6141/9744: (652, 4705) -> 6396 (b' energy') has 734 occurance
merge 6142/9744: (1324, 337) -> 6397 (b' stead') has 734 occurance
merge 6143/9744: (1800, 731) -> 6398 (b' studied') has 734 occurance
merge 6144/9744: (2074, 312) -> 6399 (b' observe') has 734 occurance
merge 6145/9744: (3304, 121) -> 6400 (b' lucky') has 734 occurance
merge 6146/9744: (4106, 3192) -> 6401 (b' troops') has 734 occurance
merge 6147/9744: (4160, 2405) -> 6402 (b' surrounded') has 734 occurance
merge 6148/9744: (34, 1302) -> 6403 (b'"There') has 733 occurance
merge 6149/9744: (333, 511) -> 6404 (b' rent') has 733 occurance
merge 6150/9744: (431, 3957) -> 6405 (b' nearer') has 733 occurance
merge 6151/9744: (1368, 103) -> 6406 (b' rig') has 733 occurance
merge 6152/9744: (1506, 522) -> 6407 (b' swept') has 733 occurance
merge 6153/9744: (1788, 2997) -> 6408 (b' irrit') has 733 occurance
merge 6154/9744: (4166, 1406) -> 6409 (b' audience') has 733 occurance
merge 6155/9744: (284, 1111) -> 6410 (b'essel') has 732 occurance
merge 6156/9744: (293, 458) -> 6411 (b' hol') has 732 occurance
merge 6157/9744: (354, 584) -> 6412 (b'rived') has 732 occurance
merge 6158/9744: (1644, 750) -> 6413 (b' horiz') has 732 occurance
merge 6159/9744: (69, 108) -> 6414 (b'El') has 731 occurance
merge 6160/9744: (260, 5708) -> 6415 (b' snapped') has 731 occurance
merge 6161/9744: (266, 335) -> 6416 (b'hair') has 731 occurance
merge 6162/9744: (342, 1558) -> 6417 (b' stern') has 731 occurance
merge 6163/9744: (409, 310) -> 6418 (b'told') has 731 occurance
merge 6164/9744: (506, 446) -> 6419 (b' Four') has 731 occurance
merge 6165/9744: (539, 270) -> 6420 (b' feed') has 731 occurance
merge 6166/9744: (672, 278) -> 6421 (b'ording') has 731 occurance
merge 6167/9744: (3814, 1417) -> 6422 (b' bathroom') has 731 occurance
merge 6168/9744: (328, 278) -> 6423 (b'aying') has 730 occurance
merge 6169/9744: (635, 560) -> 6424 (b'\xe2\x80\x98You') has 730 occurance
merge 6170/9744: (734, 308) -> 6425 (b' slid') has 730 occurance
merge 6171/9744: (1398, 992) -> 6426 (b' purple') has 730 occurance
merge 6172/9744: (2807, 270) -> 6427 (b' enjoyed') has 730 occurance
merge 6173/9744: (3926, 733) -> 6428 (b' consciousness') has 730 occurance
merge 6174/9744: (4018, 301) -> 6429 (b' principle') has 730 occurance
merge 6175/9744: (4061, 270) -> 6430 (b' arranged') has 730 occurance
merge 6176/9744: (4173, 1063) -> 6431 (b' frequently') has 730 occurance
merge 6177/9744: (99, 3114) -> 6432 (b'called') has 729 occurance
merge 6178/9744: (260, 702) -> 6433 (b' sang') has 729 occurance
merge 6179/9744: (268, 111) -> 6434 (b'ero') has 729 occurance
merge 6180/9744: (302, 689) -> 6435 (b'otions') has 729 occurance
merge 6181/9744: (414, 702) -> 6436 (b' Wang') has 729 occurance
merge 6182/9744: (555, 307) -> 6437 (b' Out') has 729 occurance
merge 6183/9744: (566, 98) -> 6438 (b' prob') has 729 occurance
merge 6184/9744: (121, 326) -> 6439 (b'yet') has 728 occurance
merge 6185/9744: (266, 467) -> 6440 (b'half') has 728 occurance
merge 6186/9744: (309, 271) -> 6441 (b'icit') has 728 occurance
merge 6187/9744: (823, 329) -> 6442 (b'aval') has 728 occurance
merge 6188/9744: (269, 295) -> 6443 (b' bat') has 727 occurance
merge 6189/9744: (276, 288) -> 6444 (b' fan') has 727 occurance
merge 6190/9744: (317, 513) -> 6445 (b' washed') has 727 occurance
merge 6191/9744: (463, 2157) -> 6446 (b' abrupt') has 727 occurance
merge 6192/9744: (1470, 100) -> 6447 (b'prod') has 727 occurance
merge 6193/9744: (116, 3423) -> 6448 (b'taken') has 726 occurance
merge 6194/9744: (363, 2268) -> 6449 (b' Something') has 726 occurance
merge 6195/9744: (959, 3845) -> 6450 (b' emperor') has 726 occurance
merge 6196/9744: (1159, 102) -> 6451 (b' belief') has 726 occurance
merge 6197/9744: (1735, 598) -> 6452 (b' member') has 726 occurance
merge 6198/9744: (3349, 121) -> 6453 (b' mercy') has 726 occurance
merge 6199/9744: (363, 4291) -> 6454 (b' Simon') has 725 occurance
merge 6200/9744: (369, 1188) -> 6455 (b'ifts') has 725 occurance
merge 6201/9744: (1059, 1071) -> 6456 (b' actual') has 725 occurance
merge 6202/9744: (2471, 116) -> 6457 (b' salt') has 725 occurance
merge 6203/9744: (3654, 301) -> 6458 (b' struggle') has 725 occurance
merge 6204/9744: (100, 736) -> 6459 (b'dark') has 724 occurance
merge 6205/9744: (279, 1117) -> 6460 (b' crew') has 724 occurance
merge 6206/9744: (289, 631) -> 6461 (b' pile') has 724 occurance
merge 6207/9744: (342, 2513) -> 6462 (b' staff') has 724 occurance
merge 6208/9744: (2005, 97) -> 6463 (b'lsa') has 724 occurance
merge 6209/9744: (45, 114) -> 6464 (b'-r') has 723 occurance
merge 6210/9744: (112, 2927) -> 6465 (b'point') has 723 occurance
merge 6211/9744: (279, 1615) -> 6466 (b' cards') has 723 occurance
merge 6212/9744: (545, 4650) -> 6467 (b' Earth') has 723 occurance
merge 6213/9744: (853, 111) -> 6468 (b'iano') has 723 occurance
merge 6214/9744: (2195, 2625) -> 6469 (b' medium') has 723 occurance
merge 6215/9744: (316, 1844) -> 6470 (b'search') has 722 occurance
merge 6216/9744: (2395, 1647) -> 6471 (b'Christ') has 722 occurance
merge 6217/9744: (5604, 318) -> 6472 (b' lonely') has 722 occurance
merge 6218/9744: (984, 104) -> 6473 (b' enth') has 721 occurance
merge 6219/9744: (1074, 330) -> 6474 (b' consent') has 721 occurance
merge 6220/9744: (1201, 416) -> 6475 (b' indul') has 721 occurance
merge 6221/9744: (4393, 270) -> 6476 (b' succeeded') has 721 occurance
merge 6222/9744: (5447, 625) -> 6477 (b'\xef\xbf\xbd\xef\xbf\xbd\xef\xbf\xbd\xef\xbf\xbd\xef\xbf\xbd') has 721 occurance
merge 6223/9744: (293, 1250) -> 6478 (b' honey') has 720 occurance
merge 6224/9744: (1129, 958) -> 6479 (b' relations') has 720 occurance
merge 6225/9744: (2194, 102) -> 6480 (b' terrif') has 720 occurance
merge 6226/9744: (2407, 335) -> 6481 (b'chair') has 720 occurance
merge 6227/9744: (109, 1287) -> 6482 (b'morning') has 719 occurance
merge 6228/9744: (585, 309) -> 6483 (b'ffic') has 719 occurance
merge 6229/9744: (648, 466) -> 6484 (b' flood') has 719 occurance
merge 6230/9744: (675, 110) -> 6485 (b' hasn') has 719 occurance
merge 6231/9744: (2808, 610) -> 6486 (b'Before') has 719 occurance
merge 6232/9744: (3839, 270) -> 6487 (b' destroyed') has 719 occurance
merge 6233/9744: (51, 56) -> 6488 (b'38') has 718 occurance
merge 6234/9744: (458, 495) -> 6489 (b'olate') has 718 occurance
merge 6235/9744: (594, 945) -> 6490 (b' block') has 718 occurance
merge 6236/9744: (657, 270) -> 6491 (b'need') has 717 occurance
merge 6237/9744: (1332, 1909) -> 6492 (b' deliver') has 717 occurance
merge 6238/9744: (3270, 119) -> 6493 (b' blew') has 717 occurance
merge 6239/9744: (4439, 827) -> 6494 (b' eBook') has 717 occurance
merge 6240/9744: (19, 10) -> 6495 (b'\x13\n') has 716 occurance
merge 6241/9744: (111, 469) -> 6496 (b'overy') has 716 occurance
merge 6242/9744: (399, 270) -> 6497 (b'eled') has 716 occurance
merge 6243/9744: (626, 1165) -> 6498 (b'behind') has 716 occurance
merge 6244/9744: (1056, 971) -> 6499 (b' warning') has 716 occurance
merge 6245/9744: (1305, 5318) -> 6500 (b' Arthur') has 716 occurance
merge 6246/9744: (1394, 385) -> 6501 (b' fourth') has 716 occurance
merge 6247/9744: (4074, 331) -> 6502 (b'question') has 716 occurance
merge 6248/9744: (80, 108) -> 6503 (b'Pl') has 715 occurance
merge 6249/9744: (263, 567) -> 6504 (b'reck') has 715 occurance
merge 6250/9744: (1783, 4776) -> 6505 (b' college') has 715 occurance
merge 6251/9744: (2528, 282) -> 6506 (b' histor') has 715 occurance
merge 6252/9744: (596, 515) -> 6507 (b'udge') has 714 occurance
merge 6253/9744: (2842, 0) -> 6508 (b'\xe2\x82\xac\x00') has 714 occurance
merge 6254/9744: (285, 1360) -> 6509 (b' damp') has 713 occurance
merge 6255/9744: (289, 736) -> 6510 (b' park') has 713 occurance
merge 6256/9744: (595, 32) -> 6511 (b'     ') has 713 occurance
merge 6257/9744: (791, 1182) -> 6512 (b' desired') has 713 occurance
merge 6258/9744: (936, 584) -> 6513 (b' waved') has 713 occurance
merge 6259/9744: (1631, 288) -> 6514 (b'-san') has 713 occurance
merge 6260/9744: (2293, 496) -> 6515 (b' eleven') has 713 occurance
merge 6261/9744: (2602, 522) -> 6516 (b'gypt') has 713 occurance
merge 6262/9744: (2734, 270) -> 6517 (b' gazed') has 713 occurance
merge 6263/9744: (262, 4568) -> 6518 (b' waters') has 712 occurance
merge 6264/9744: (279, 2325) -> 6519 (b' cries') has 712 occurance
merge 6265/9744: (293, 1045) -> 6520 (b' hither') has 712 occurance
merge 6266/9744: (335, 926) -> 6521 (b'irmed') has 712 occurance
merge 6267/9744: (363, 403) -> 6522 (b' Sun') has 712 occurance
merge 6268/9744: (718, 4078) -> 6523 (b' permitted') has 712 occurance
merge 6269/9744: (1100, 839) -> 6524 (b' cleared') has 712 occurance
merge 6270/9744: (1260, 644) -> 6525 (b' Three') has 712 occurance
merge 6271/9744: (99, 556) -> 6526 (b'care') has 711 occurance
merge 6272/9744: (195, 182) -> 6527 (b'\xc3\xb6') has 711 occurance
merge 6273/9744: (309, 853) -> 6528 (b'ician') has 711 occurance
merge 6274/9744: (398, 107) -> 6529 (b'usk') has 711 occurance
merge 6275/9744: (480, 1101) -> 6530 (b' Lee') has 711 occurance
merge 6276/9744: (1031, 1437) -> 6531 (b' attached') has 711 occurance
merge 6277/9744: (1066, 108) -> 6532 (b' suppl') has 711 occurance
merge 6278/9744: (1126, 268) -> 6533 (b' reader') has 711 occurance
merge 6279/9744: (1981, 1267) -> 6534 (b' protected') has 711 occurance
merge 6280/9744: (2206, 358) -> 6535 (b' madam') has 711 occurance
merge 6281/9744: (4133, 4417) -> 6536 (b' photograph') has 711 occurance
merge 6282/9744: (69, 100) -> 6537 (b'Ed') has 710 occurance
merge 6283/9744: (260, 599) -> 6538 (b' sink') has 710 occurance
merge 6284/9744: (443, 417) -> 6539 (b' conqu') has 710 occurance
merge 6285/9744: (488, 101) -> 6540 (b' je') has 710 occurance
merge 6286/9744: (506, 523) -> 6541 (b' Fort') has 710 occurance
merge 6287/9744: (45, 670) -> 6542 (b'-old') has 709 occurance
merge 6288/9744: (273, 918) -> 6543 (b'isible') has 709 occurance
merge 6289/9744: (543, 295) -> 6544 (b' Nat') has 709 occurance
merge 6290/9744: (555, 82) -> 6545 (b' OR') has 709 occurance
merge 6291/9744: (944, 639) -> 6546 (b'exper') has 709 occurance
merge 6292/9744: (6258, 318) -> 6547 (b' ugly') has 709 occurance
merge 6293/9744: (103, 110) -> 6548 (b'gn') has 708 occurance
merge 6294/9744: (363, 458) -> 6549 (b' Sol') has 708 occurance
merge 6295/9744: (499, 658) -> 6550 (b' manage') has 708 occurance
merge 6296/9744: (1070, 399) -> 6551 (b'azel') has 708 occurance
merge 6297/9744: (1148, 450) -> 6552 (b' assist') has 708 occurance
merge 6298/9744: (1256, 411) -> 6553 (b'utenant') has 708 occurance
merge 6299/9744: (4302, 1298) -> 6554 (b' gradually') has 708 occurance
merge 6300/9744: (718, 1802) -> 6555 (b' perceived') has 707 occurance
merge 6301/9744: (780, 268) -> 6556 (b' owner') has 707 occurance
merge 6302/9744: (1922, 115) -> 6557 (b' thousands') has 707 occurance
merge 6303/9744: (80, 101) -> 6558 (b'Pe') has 706 occurance
merge 6304/9744: (372, 327) -> 6559 (b' Mac') has 706 occurance
merge 6305/9744: (446, 316) -> 6560 (b'ourse') has 706 occurance
merge 6306/9744: (1408, 632) -> 6561 (b'works') has 706 occurance
merge 6307/9744: (289, 1668) -> 6562 (b' push') has 705 occurance
merge 6308/9744: (292, 403) -> 6563 (b' lun') has 705 occurance
merge 6309/9744: (376, 326) -> 6564 (b' sheet') has 705 occurance
merge 6310/9744: (648, 1039) -> 6565 (b' flung') has 705 occurance
merge 6311/9744: (1430, 1267) -> 6566 (b' affected') has 705 occurance
merge 6312/9744: (1031, 2228) -> 6567 (b' attitude') has 704 occurance
merge 6313/9744: (2541, 783) -> 6568 (b' maintain') has 704 occurance
merge 6314/9744: (112, 458) -> 6569 (b'pol') has 703 occurance
merge 6315/9744: (372, 1168) -> 6570 (b' Many') has 703 occurance
merge 6316/9744: (451, 109) -> 6571 (b'umm') has 703 occurance
merge 6317/9744: (571, 3330) -> 6572 (b' uncertain') has 703 occurance
merge 6318/9744: (590, 270) -> 6573 (b'pled') has 703 occurance
merge 6319/9744: (609, 2142) -> 6574 (b' twisted') has 703 occurance
merge 6320/9744: (643, 1621) -> 6575 (b' amuse') has 703 occurance
merge 6321/9744: (1201, 782) -> 6576 (b' indign') has 703 occurance
merge 6322/9744: (1203, 758) -> 6577 (b' startled') has 703 occurance
merge 6323/9744: (279, 1077) -> 6578 (b' cream') has 702 occurance
merge 6324/9744: (339, 1455) -> 6579 (b'\xe2\x80\x9cThis') has 702 occurance
merge 6325/9744: (344, 642) -> 6580 (b'urance') has 702 occurance
merge 6326/9744: (458, 312) -> 6581 (b'olve') has 702 occurance
merge 6327/9744: (886, 259) -> 6582 (b' Chin') has 702 occurance
merge 6328/9744: (1174, 377) -> 6583 (b'grand') has 702 occurance
merge 6329/9744: (2463, 495) -> 6584 (b' immediate') has 702 occurance
merge 6330/9744: (33, 1041) -> 6585 (b"!'\n") has 701 occurance
merge 6331/9744: (99, 461) -> 6586 (b'cop') has 701 occurance
merge 6332/9744: (102, 436) -> 6587 (b'find') has 701 occurance
merge 6333/9744: (302, 818) -> 6588 (b'othes') has 701 occurance
merge 6334/9744: (312, 116) -> 6589 (b'vet') has 701 occurance
merge 6335/9744: (438, 295) -> 6590 (b' Pat') has 701 occurance
merge 6336/9744: (1875, 121) -> 6591 (b'uddy') has 701 occurance
merge 6337/9744: (112, 344) -> 6592 (b'pur') has 700 occurance
merge 6338/9744: (260, 1082) -> 6593 (b' sits') has 700 occurance
merge 6339/9744: (897, 318) -> 6594 (b' mostly') has 700 occurance
merge 6340/9744: (1240, 278) -> 6595 (b' hoping') has 700 occurance
merge 6341/9744: (2884, 270) -> 6596 (b' regarded') has 700 occurance
merge 6342/9744: (3044, 388) -> 6597 (b'umbledore') has 700 occurance
merge 6343/9744: (3378, 4597) -> 6598 (b' highest') has 700 occurance
merge 6344/9744: (4438, 308) -> 6599 (b' David') has 700 occurance
merge 6345/9744: (119, 259) -> 6600 (b'win') has 699 occurance
merge 6346/9744: (259, 768) -> 6601 (b'incl') has 699 occurance
merge 6347/9744: (475, 121) -> 6602 (b'asty') has 699 occurance
merge 6348/9744: (539, 839) -> 6603 (b' feared') has 699 occurance
merge 6349/9744: (663, 46) -> 6604 (b' ..') has 699 occurance
merge 6350/9744: (795, 111) -> 6605 (b'iao') has 699 occurance
merge 6351/9744: (992, 4420) -> 6606 (b'pleasant') has 699 occurance
merge 6352/9744: (1381, 5702) -> 6607 (b' Margaret') has 699 occurance
merge 6353/9744: (1465, 4963) -> 6608 (b' evidently') has 699 occurance
merge 6354/9744: (1685, 580) -> 6609 (b' copies') has 699 occurance
merge 6355/9744: (51, 49) -> 6610 (b'31') has 698 occurance
merge 6356/9744: (272, 683) -> 6611 (b' mild') has 698 occurance
merge 6357/9744: (514, 257) -> 6612 (b'\xe2\x80\x94he') has 698 occurance
merge 6358/9744: (868, 629) -> 6613 (b' impress') has 698 occurance
merge 6359/9744: (1893, 1420) -> 6614 (b'bitants') has 698 occurance
merge 6360/9744: (3975, 318) -> 6615 (b' utterly') has 698 occurance
merge 6361/9744: (109, 335) -> 6616 (b'mir') has 697 occurance
merge 6362/9744: (303, 375) -> 6617 (b' gain') has 697 occurance
merge 6363/9744: (425, 271) -> 6618 (b' shit') has 697 occurance
merge 6364/9744: (477, 816) -> 6619 (b' defe') has 697 occurance
merge 6365/9744: (896, 952) -> 6620 (b' strict') has 697 occurance
merge 6366/9744: (1495, 52) -> 6621 (b'194') has 697 occurance
merge 6367/9744: (5445, 3598) -> 6622 (b' brilliant') has 697 occurance
merge 6368/9744: (45, 653) -> 6623 (b'-of') has 696 occurance
merge 6369/9744: (488, 268) -> 6624 (b' jer') has 696 occurance
merge 6370/9744: (1087, 1913) -> 6625 (b' committed') has 696 occurance
merge 6371/9744: (2811, 619) -> 6626 (b' violence') has 696 occurance
merge 6372/9744: (3489, 660) -> 6627 (b' religious') has 696 occurance
merge 6373/9744: (4471, 277) -> 6628 (b' Helen') has 696 occurance
merge 6374/9744: (45, 385) -> 6629 (b'-th') has 695 occurance
merge 6375/9744: (103, 447) -> 6630 (b'gone') has 695 occurance
merge 6376/9744: (287, 818) -> 6631 (b'ashes') has 695 occurance
merge 6377/9744: (293, 2126) -> 6632 (b' hiding') has 695 occurance
merge 6378/9744: (526, 2053) -> 6633 (b' anymore') has 695 occurance
merge 6379/9744: (563, 3169) -> 6634 (b' rolling') has 695 occurance
merge 6380/9744: (2255, 2071) -> 6635 (b' constantly') has 695 occurance
merge 6381/9744: (277, 1347) -> 6636 (b'enger') has 694 occurance
merge 6382/9744: (371, 107) -> 6637 (b'eck') has 694 occurance
merge 6383/9744: (1081, 102) -> 6638 (b'"If') has 694 occurance
merge 6384/9744: (1174, 512) -> 6639 (b'grace') has 694 occurance
merge 6385/9744: (3462, 568) -> 6640 (b'break') has 694 occurance
merge 6386/9744: (258, 374) -> 6641 (b' ach') has 693 occurance
merge 6387/9744: (468, 649) -> 6642 (b'artment') has 693 occurance
merge 6388/9744: (499, 4034) -> 6643 (b' manners') has 693 occurance
merge 6389/9744: (276, 111) -> 6644 (b' fo') has 692 occurance
merge 6390/9744: (489, 736) -> 6645 (b' spark') has 692 occurance
merge 6391/9744: (702, 301) -> 6646 (b'angle') has 692 occurance
merge 6392/9744: (899, 115) -> 6647 (b' cars') has 692 occurance
merge 6393/9744: (1027, 704) -> 6648 (b' coach') has 692 occurance
merge 6394/9744: (1639, 642) -> 6649 (b' advance') has 692 occurance
merge 6395/9744: (77, 2481) -> 6650 (b'Maybe') has 691 occurance
merge 6396/9744: (116, 487) -> 6651 (b'town') has 691 occurance
merge 6397/9744: (365, 2479) -> 6652 (b' mechan') has 691 occurance
merge 6398/9744: (414, 466) -> 6653 (b' Wood') has 691 occurance
merge 6399/9744: (1116, 115) -> 6654 (b' kinds') has 691 occurance
merge 6400/9744: (3919, 3919) -> 6655 (b'========') has 691 occurance
merge 6401/9744: (329, 1303) -> 6656 (b'already') has 690 occurance
merge 6402/9744: (792, 427) -> 6657 (b' throughout') has 690 occurance
merge 6403/9744: (2986, 1032) -> 6658 (b' immense') has 690 occurance
merge 6404/9744: (45, 1956) -> 6659 (b'-hand') has 689 occurance
merge 6405/9744: (80, 2190) -> 6660 (b'Phil') has 689 occurance
merge 6406/9744: (108, 4865) -> 6661 (b'lrich') has 689 occurance
merge 6407/9744: (354, 268) -> 6662 (b'rier') has 689 occurance
merge 6408/9744: (548, 295) -> 6663 (b' plat') has 689 occurance
merge 6409/9744: (46, 625) -> 6664 (b'.\xef\xbf\xbd') has 688 occurance
merge 6410/9744: (102, 708) -> 6665 (b'foll') has 688 occurance
merge 6411/9744: (363, 110) -> 6666 (b' Sn') has 688 occurance
merge 6412/9744: (3112, 282) -> 6667 (b' neighbor') has 688 occurance
merge 6413/9744: (4137, 268) -> 6668 (b'keeper') has 688 occurance
merge 6414/9744: (4795, 753) -> 6669 (b' exercise') has 688 occurance
merge 6415/9744: (111, 335) -> 6670 (b'oir') has 687 occurance
merge 6416/9744: (354, 318) -> 6671 (b'rily') has 687 occurance
merge 6417/9744: (477, 1434) -> 6672 (b' defect') has 687 occurance
merge 6418/9744: (940, 4123) -> 6673 (b' obviously') has 687 occurance
merge 6419/9744: (1325, 115) -> 6674 (b' holds') has 687 occurance
merge 6420/9744: (1715, 2329) -> 6675 (b' touching') has 687 occurance
merge 6421/9744: (1818, 318) -> 6676 (b'atively') has 687 occurance
merge 6422/9744: (3465, 318) -> 6677 (b' firmly') has 687 occurance
merge 6423/9744: (108, 315) -> 6678 (b'lim') has 686 occurance
merge 6424/9744: (112, 277) -> 6679 (b'pen') has 686 occurance
merge 6425/9744: (112, 2508) -> 6680 (b'present') has 686 occurance
merge 6426/9744: (395, 4229) -> 6681 (b' sofa') has 686 occurance
merge 6427/9744: (454, 6410) -> 6682 (b' vessel') has 686 occurance
merge 6428/9744: (887, 1149) -> 6683 (b'obby') has 686 occurance
merge 6429/9744: (82, 423) -> 6684 (b'Right') has 685 occurance
merge 6430/9744: (276, 756) -> 6685 (b' foc') has 685 occurance
merge 6431/9744: (343, 118) -> 6686 (b'rov') has 685 occurance
merge 6432/9744: (805, 954) -> 6687 (b' begged') has 685 occurance
merge 6433/9744: (1313, 954) -> 6688 (b'ugged') has 685 occurance
merge 6434/9744: (1768, 415) -> 6689 (b' condem') has 685 occurance
merge 6435/9744: (34, 71) -> 6690 (b'"G') has 684 occurance
merge 6436/9744: (345, 2404) -> 6691 (b' forces') has 684 occurance
merge 6437/9744: (500, 898) -> 6692 (b' godd') has 684 occurance
merge 6438/9744: (1479, 458) -> 6693 (b'-col') has 684 occurance
merge 6439/9744: (2487, 592) -> 6694 (b' despite') has 684 occurance
merge 6440/9744: (3494, 1635) -> 6695 (b' connection') has 684 occurance
merge 6441/9744: (109, 2511) -> 6696 (b'mosp') has 683 occurance
merge 6442/9744: (438, 104) -> 6697 (b' Ph') has 683 occurance
merge 6443/9744: (452, 121) -> 6698 (b'elly') has 683 occurance
merge 6444/9744: (478, 1869) -> 6699 (b' worship') has 683 occurance
merge 6445/9744: (556, 1976) -> 6700 (b'arewell') has 683 occurance
merge 6446/9744: (576, 115) -> 6701 (b' Its') has 683 occurance
merge 6447/9744: (974, 444) -> 6702 (b' guest') has 683 occurance
merge 6448/9744: (1272, 381) -> 6703 (b'until') has 683 occurance
merge 6449/9744: (2894, 3207) -> 6704 (b' Harriet') has 683 occurance
merge 6450/9744: (3582, 1262) -> 6705 (b' popular') has 683 occurance
merge 6451/9744: (4829, 2315) -> 6706 (b'satisf') has 683 occurance
merge 6452/9744: (103, 330) -> 6707 (b'gent') has 682 occurance
merge 6453/9744: (293, 4756) -> 6708 (b' hollow') has 682 occurance
merge 6454/9744: (376, 544) -> 6709 (b' sheep') has 682 occurance
merge 6455/9744: (646, 553) -> 6710 (b'atherine') has 682 occurance
merge 6456/9744: (1116, 318) -> 6711 (b' kindly') has 682 occurance
merge 6457/9744: (1597, 115) -> 6712 (b' sorts') has 682 occurance
merge 6458/9744: (2187, 318) -> 6713 (b' fairly') has 682 occurance
merge 6459/9744: (2281, 278) -> 6714 (b' sending') has 682 occurance
merge 6460/9744: (2293, 103) -> 6715 (b' eleg') has 682 occurance
merge 6461/9744: (4525, 6006) -> 6716 (b' accompanied') has 682 occurance
merge 6462/9744: (98, 446) -> 6717 (b'bour') has 681 occurance
merge 6463/9744: (356, 108) -> 6718 (b'cel') has 681 occurance
merge 6464/9744: (552, 1909) -> 6719 (b' River') has 681 occurance
merge 6465/9744: (1398, 1915) -> 6720 (b' pursu') has 681 occurance
merge 6466/9744: (109, 970) -> 6721 (b'matter') has 680 occurance
merge 6467/9744: (273, 112) -> 6722 (b'isp') has 680 occurance
merge 6468/9744: (276, 2514) -> 6723 (b' faded') has 680 occurance
merge 6469/9744: (417, 592) -> 6724 (b'quite') has 680 occurance
merge 6470/9744: (1191, 330) -> 6725 (b' intent') has 680 occurance
merge 6471/9744: (2444, 874) -> 6726 (b' avail') has 680 occurance
merge 6472/9744: (3105, 270) -> 6727 (b' belonged') has 680 occurance
merge 6473/9744: (52, 57) -> 6728 (b'49') has 679 occurance
merge 6474/9744: (58, 4714) -> 6729 (b'://') has 679 occurance
merge 6475/9744: (115, 1387) -> 6730 (b'suff') has 679 occurance
merge 6476/9744: (287, 434) -> 6731 (b'asked') has 679 occurance
merge 6477/9744: (309, 541) -> 6732 (b'icity') has 679 occurance
merge 6478/9744: (54, 48) -> 6733 (b'60') has 678 occurance
merge 6479/9744: (105, 399) -> 6734 (b'iel') has 678 occurance
merge 6480/9744: (308, 1510) -> 6735 (b'idering') has 678 occurance
merge 6481/9744: (402, 97) -> 6736 (b'aga') has 678 occurance
merge 6482/9744: (480, 5003) -> 6737 (b' Langdon') has 678 occurance
merge 6483/9744: (1023, 632) -> 6738 (b' walks') has 678 occurance
merge 6484/9744: (2033, 100) -> 6739 (b' murd') has 678 occurance
merge 6485/9744: (5750, 1147) -> 6740 (b' Joseph') has 678 occurance
merge 6486/9744: (84, 298) -> 6741 (b'Tom') has 677 occurance
merge 6487/9744: (84, 1975) -> 6742 (b'Two') has 677 occurance
merge 6488/9744: (100, 544) -> 6743 (b'dep') has 677 occurance
merge 6489/9744: (259, 398) -> 6744 (b'inus') has 677 occurance
merge 6490/9744: (276, 619) -> 6745 (b' fence') has 677 occurance
merge 6491/9744: (440, 945) -> 6746 (b' knock') has 677 occurance
merge 6492/9744: (1148, 554) -> 6747 (b' assure') has 677 occurance
merge 6493/9744: (1171, 343) -> 6748 (b'appro') has 677 occurance
merge 6494/9744: (45, 927) -> 6749 (b'-de') has 676 occurance
merge 6495/9744: (316, 507) -> 6750 (b'sect') has 676 occurance
merge 6496/9744: (329, 337) -> 6751 (b'alad') has 676 occurance
merge 6497/9744: (399, 102) -> 6752 (b'elf') has 676 occurance
merge 6498/9744: (406, 257) -> 6753 (b' Che') has 676 occurance
merge 6499/9744: (4013, 753) -> 6754 (b' praise') has 676 occurance
merge 6500/9744: (6333, 270) -> 6755 (b'-eyed') has 676 occurance
merge 6501/9744: (4042, 2009) -> 6756 (b' establish') has 675 occurance
merge 6502/9744: (256, 581) -> 6757 (b' tap') has 674 occurance
merge 6503/9744: (297, 326) -> 6758 (b' net') has 674 occurance
merge 6504/9744: (385, 121) -> 6759 (b'thy') has 674 occurance
merge 6505/9744: (460, 2732) -> 6760 (b' alarm') has 674 occurance
merge 6506/9744: (564, 331) -> 6761 (b'assion') has 674 occurance
merge 6507/9744: (1131, 373) -> 6762 (b' skill') has 674 occurance
merge 6508/9744: (1239, 989) -> 6763 (b' refund') has 674 occurance
merge 6509/9744: (3251, 382) -> 6764 (b' sacred') has 674 occurance
merge 6510/9744: (285, 337) -> 6765 (b' dad') has 673 occurance
merge 6511/9744: (309, 597) -> 6766 (b'icable') has 673 occurance
merge 6512/9744: (329, 284) -> 6767 (b'ales') has 673 occurance
merge 6513/9744: (369, 3138) -> 6768 (b'ifference') has 673 occurance
merge 6514/9744: (440, 423) -> 6769 (b' knight') has 673 occurance
merge 6515/9744: (625, 116) -> 6770 (b'\xef\xbf\xbdt') has 673 occurance
merge 6516/9744: (1053, 708) -> 6771 (b' recoll') has 673 occurance
merge 6517/9744: (1350, 854) -> 6772 (b' useless') has 673 occurance
merge 6518/9744: (1800, 1098) -> 6773 (b' students') has 673 occurance
merge 6519/9744: (361, 358) -> 6774 (b' Ham') has 672 occurance
merge 6520/9744: (402, 644) -> 6775 (b'agree') has 672 occurance
merge 6521/9744: (1985, 115) -> 6776 (b' souls') has 672 occurance
merge 6522/9744: (3337, 270) -> 6777 (b' employed') has 672 occurance
merge 6523/9744: (78, 69) -> 6778 (b'NE') has 671 occurance
merge 6524/9744: (256, 5548) -> 6779 (b' techn') has 671 occurance
merge 6525/9744: (276, 3217) -> 6780 (b' fasc') has 671 occurance
merge 6526/9744: (548, 1540) -> 6781 (b' plane') has 671 occurance
merge 6527/9744: (39, 560) -> 6782 (b"'You") has 670 occurance
merge 6528/9744: (260, 1084) -> 6783 (b' sank') has 670 occurance
merge 6529/9744: (1476, 5443) -> 6784 (b' investig') has 670 occurance
merge 6530/9744: (2222, 1151) -> 6785 (b' inclined') has 670 occurance
merge 6531/9744: (3486, 954) -> 6786 (b' dragged') has 670 occurance
merge 6532/9744: (4235, 374) -> 6787 (b' porch') has 670 occurance
merge 6533/9744: (5491, 2593) -> 6788 (b'electronic') has 670 occurance
merge 6534/9744: (62, 10) -> 6789 (b'>\n') has 669 occurance
merge 6535/9744: (618, 305) -> 6790 (b' brow') has 669 occurance
merge 6536/9744: (929, 2060) -> 6791 (b'common') has 669 occurance
merge 6537/9744: (1849, 1406) -> 6792 (b' patience') has 669 occurance
merge 6538/9744: (2222, 3216) -> 6793 (b' included') has 669 occurance
merge 6539/9744: (69, 109) -> 6794 (b'Em') has 668 occurance
merge 6540/9744: (272, 631) -> 6795 (b' mile') has 668 occurance
merge 6541/9744: (285, 839) -> 6796 (b' dared') has 668 occurance
merge 6542/9744: (372, 270) -> 6797 (b' Med') has 668 occurance
merge 6543/9744: (506, 290) -> 6798 (b' Far') has 668 occurance
merge 6544/9744: (608, 5764) -> 6799 (b' handkerchief') has 668 occurance
merge 6545/9744: (1070, 122) -> 6800 (b'azz') has 668 occurance
merge 6546/9744: (1521, 487) -> 6801 (b' Brown') has 668 occurance
merge 6547/9744: (2695, 446) -> 6802 (b' labour') has 668 occurance
merge 6548/9744: (45, 316) -> 6803 (b'-se') has 667 occurance
merge 6549/9744: (314, 492) -> 6804 (b'stra') has 667 occurance
merge 6550/9744: (442, 270) -> 6805 (b'arded') has 667 occurance
merge 6551/9744: (571, 2764) -> 6806 (b' univers') has 667 occurance
merge 6552/9744: (746, 1571) -> 6807 (b' preced') has 667 occurance
merge 6553/9744: (1181, 2325) -> 6808 (b' countries') has 667 occurance
merge 6554/9744: (1493, 446) -> 6809 (b'-four') has 667 occurance
merge 6555/9744: (1515, 1616) -> 6810 (b'._]\n') has 667 occurance
merge 6556/9744: (3679, 689) -> 6811 (b' companions') has 667 occurance
merge 6557/9744: (78, 282) -> 6812 (b'Nor') has 666 occurance
merge 6558/9744: (256, 470) -> 6813 (b' tie') has 666 occurance
merge 6559/9744: (262, 650) -> 6814 (b' wire') has 666 occurance
merge 6560/9744: (264, 100) -> 6815 (b' od') has 666 occurance
merge 6561/9744: (268, 661) -> 6816 (b'erves') has 666 occurance
merge 6562/9744: (279, 1548) -> 6817 (b' cities') has 666 occurance
merge 6563/9744: (387, 6246) -> 6818 (b' seldom') has 666 occurance
merge 6564/9744: (425, 985) -> 6819 (b' shows') has 666 occurance
merge 6565/9744: (698, 1170) -> 6820 (b' throwing') has 666 occurance
merge 6566/9744: (2846, 278) -> 6821 (b' screaming') has 666 occurance
merge 6567/9744: (757, 733) -> 6822 (b'fulness') has 665 occurance
merge 6568/9744: (766, 309) -> 6823 (b' partic') has 665 occurance
merge 6569/9744: (975, 554) -> 6824 (b' secure') has 665 occurance
merge 6570/9744: (39, 3492) -> 6825 (b"'clock") has 664 occurance
merge 6571/9744: (119, 2724) -> 6826 (b'words') has 664 occurance
merge 6572/9744: (539, 646) -> 6827 (b' feather') has 664 occurance
merge 6573/9744: (1070, 270) -> 6828 (b'azed') has 664 occurance
merge 6574/9744: (1332, 4622) -> 6829 (b' delivered') has 664 occurance
merge 6575/9744: (1710, 5032) -> 6830 (b' symb') has 664 occurance
merge 6576/9744: (1923, 752) -> 6831 (b' lowered') has 664 occurance
merge 6577/9744: (2730, 98) -> 6832 (b' climb') has 664 occurance
merge 6578/9744: (3751, 491) -> 6833 (b'country') has 664 occurance
merge 6579/9744: (259, 330) -> 6834 (b'inent') has 663 occurance
merge 6580/9744: (372, 344) -> 6835 (b' Mur') has 663 occurance
merge 6581/9744: (2197, 3845) -> 6836 (b' Emperor') has 663 occurance
merge 6582/9744: (76, 1891) -> 6837 (b'Like') has 662 occurance
merge 6583/9744: (112, 534) -> 6838 (b'post') has 662 occurance
merge 6584/9744: (822, 326) -> 6839 (b' compet') has 662 occurance
merge 6585/9744: (894, 1032) -> 6840 (b' expense') has 662 occurance
merge 6586/9744: (1172, 985) -> 6841 (b' follows') has 662 occurance
merge 6587/9744: (1191, 1032) -> 6842 (b' intense') has 662 occurance
merge 6588/9744: (363, 6134) -> 6843 (b' Saturday') has 661 occurance
merge 6589/9744: (974, 2162) -> 6844 (b' guilt') has 661 occurance
merge 6590/9744: (1440, 1753) -> 6845 (b'fortune') has 661 occurance
merge 6591/9744: (2980, 723) -> 6846 (b' Edward') has 661 occurance
merge 6592/9744: (285, 2209) -> 6847 (b' diam') has 660 occurance
merge 6593/9744: (289, 411) -> 6848 (b' pant') has 660 occurance
merge 6594/9744: (2695, 282) -> 6849 (b' labor') has 660 occurance
merge 6595/9744: (3309, 103) -> 6850 (b'burg') has 660 occurance
merge 6596/9744: (3530, 1599) -> 6851 (b' genius') has 660 occurance
merge 6597/9744: (5060, 331) -> 6852 (b' suspicion') has 660 occurance
merge 6598/9744: (100, 1413) -> 6853 (b'direct') has 659 occurance
merge 6599/9744: (363, 275) -> 6854 (b' Son') has 659 occurance
merge 6600/9744: (520, 2666) -> 6855 (b' likewise') has 659 occurance
merge 6601/9744: (558, 268) -> 6856 (b' Jer') has 659 occurance
merge 6602/9744: (628, 3539) -> 6857 (b' shalt') has 659 occurance
merge 6603/9744: (766, 318) -> 6858 (b' partly') has 659 occurance
merge 6604/9744: (4740, 3306) -> 6859 (b' abandoned') has 659 occurance
merge 6605/9744: (4974, 310) -> 6860 (b' World') has 659 occurance
merge 6606/9744: (34, 2151) -> 6861 (b'"Do') has 658 occurance
merge 6607/9744: (845, 856) -> 6862 (b'soever') has 658 occurance
merge 6608/9744: (1155, 115) -> 6863 (b'days') has 658 occurance
merge 6609/9744: (1235, 3226) -> 6864 (b' possibility') has 658 occurance
merge 6610/9744: (1353, 656) -> 6865 (b' loving') has 658 occurance
merge 6611/9744: (270, 121) -> 6866 (b'edy') has 657 occurance
merge 6612/9744: (282, 368) -> 6867 (b'orter') has 657 occurance
merge 6613/9744: (287, 639) -> 6868 (b'asper') has 657 occurance
merge 6614/9744: (303, 5446) -> 6869 (b' gonna') has 657 occurance
merge 6615/9744: (369, 1330) -> 6870 (b'ifying') has 657 occurance
merge 6616/9744: (415, 112) -> 6871 (b'emp') has 657 occurance
merge 6617/9744: (972, 318) -> 6872 (b' lightly') has 657 occurance
merge 6618/9744: (1148, 3323) -> 6873 (b' assumed') has 657 occurance
merge 6619/9744: (1657, 48) -> 6874 (b'100') has 657 occurance
merge 6620/9744: (1701, 6278) -> 6875 (b' Israel') has 657 occurance
merge 6621/9744: (5882, 853) -> 6876 (b' Italian') has 657 occurance
merge 6622/9744: (34, 2265) -> 6877 (b'"Don') has 656 occurance
merge 6623/9744: (102, 290) -> 6878 (b'far') has 656 occurance
merge 6624/9744: (115, 97) -> 6879 (b'sa') has 656 occurance
merge 6625/9744: (301, 722) -> 6880 (b'left') has 656 occurance
merge 6626/9744: (472, 298) -> 6881 (b'osom') has 656 occurance
merge 6627/9744: (614, 3113) -> 6882 (b' downstairs') has 656 occurance
merge 6628/9744: (3763, 4246) -> 6883 (b' rapidly') has 656 occurance
merge 6629/9744: (3778, 619) -> 6884 (b' consequence') has 656 occurance
merge 6630/9744: (4602, 597) -> 6885 (b'comfortable') has 656 occurance
merge 6631/9744: (276, 450) -> 6886 (b' fist') has 655 occurance
merge 6632/9744: (292, 267) -> 6887 (b' lou') has 655 occurance
merge 6633/9744: (450, 843) -> 6888 (b'istory') has 655 occurance
merge 6634/9744: (1395, 115) -> 6889 (b' falls') has 655 occurance
merge 6635/9744: (1470, 118) -> 6890 (b'prov') has 655 occurance
merge 6636/9744: (1618, 329) -> 6891 (b' legal') has 655 occurance
merge 6637/9744: (2509, 268) -> 6892 (b' prayer') has 655 occurance
merge 6638/9744: (2795, 733) -> 6893 (b' weakness') has 655 occurance
merge 6639/9744: (3436, 3724) -> 6894 (b' argument') has 655 occurance
merge 6640/9744: (3728, 2140) -> 6895 (b' Swann') has 655 occurance
merge 6641/9744: (4711, 853) -> 6896 (b' Russian') has 655 occurance
merge 6642/9744: (269, 4375) -> 6897 (b' bench') has 654 occurance
merge 6643/9744: (451, 2260) -> 6898 (b'umbling') has 654 occurance
merge 6644/9744: (499, 3564) -> 6899 (b' mankind') has 654 occurance
merge 6645/9744: (1004, 358) -> 6900 (b' team') has 654 occurance
merge 6646/9744: (1226, 6141) -> 6901 (b' characters') has 654 occurance
merge 6647/9744: (2125, 495) -> 6902 (b' estate') has 654 occurance
merge 6648/9744: (2460, 553) -> 6903 (b' divine') has 654 occurance
merge 6649/9744: (77, 1556) -> 6904 (b'MAR') has 653 occurance
merge 6650/9744: (109, 295) -> 6905 (b'mat') has 653 occurance
merge 6651/9744: (406, 5031) -> 6906 (b' Court') has 653 occurance
merge 6652/9744: (454, 277) -> 6907 (b' ven') has 653 occurance
merge 6653/9744: (460, 116) -> 6908 (b' alt') has 653 occurance
merge 6654/9744: (480, 3902) -> 6909 (b' License') has 653 occurance
merge 6655/9744: (751, 356) -> 6910 (b'force') has 653 occurance
merge 6656/9744: (1002, 582) -> 6911 (b' Under') has 653 occurance
merge 6657/9744: (1573, 381) -> 6912 (b' trail') has 653 occurance
merge 6658/9744: (1902, 263) -> 6913 (b' centre') has 653 occurance
merge 6659/9744: (2161, 455) -> 6914 (b' profound') has 653 occurance
merge 6660/9744: (285, 830) -> 6915 (b' doth') has 652 occurance
merge 6661/9744: (306, 1367) -> 6916 (b' bearing') has 652 occurance
merge 6662/9744: (333, 301) -> 6917 (b' rele') has 652 occurance
merge 6663/9744: (376, 100) -> 6918 (b' shed') has 652 occurance
merge 6664/9744: (539, 5301) -> 6919 (b' features') has 652 occurance
merge 6665/9744: (2183, 115) -> 6920 (b' subjects') has 652 occurance
merge 6666/9744: (5645, 642) -> 6921 (b' acquaintance') has 652 occurance
merge 6667/9744: (52, 52) -> 6922 (b'44') has 651 occurance
merge 6668/9744: (115, 315) -> 6923 (b'sim') has 651 occurance
merge 6669/9744: (272, 581) -> 6924 (b' map') has 651 occurance
merge 6670/9744: (306, 1114) -> 6925 (b' beating') has 651 occurance
merge 6671/9744: (548, 403) -> 6926 (b' plun') has 651 occurance
merge 6672/9744: (805, 1146) -> 6927 (b' begins') has 651 occurance
merge 6673/9744: (2309, 278) -> 6928 (b' shouting') has 651 occurance
merge 6674/9744: (3271, 1182) -> 6929 (b' inquired') has 651 occurance
merge 6675/9744: (4042, 5918) -> 6930 (b' established') has 651 occurance
merge 6676/9744: (73, 65) -> 6931 (b'IA') has 650 occurance
merge 6677/9744: (102, 644) -> 6932 (b'free') has 650 occurance
merge 6678/9744: (303, 1194) -> 6933 (b' gates') has 650 occurance
merge 6679/9744: (307, 689) -> 6934 (b'utions') has 650 occurance
merge 6680/9744: (3352, 843) -> 6935 (b' victory') has 650 occurance
merge 6681/9744: (4102, 399) -> 6936 (b' Angel') has 650 occurance
merge 6682/9744: (5188, 318) -> 6937 (b' precisely') has 650 occurance
merge 6683/9744: (77, 337) -> 6938 (b'Mad') has 649 occurance
merge 6684/9744: (97, 1272) -> 6939 (b'aunt') has 649 occurance
merge 6685/9744: (119, 270) -> 6940 (b'wed') has 649 occurance
merge 6686/9744: (975, 4661) -> 6941 (b' security') has 649 occurance
merge 6687/9744: (2077, 764) -> 6942 (b' heavily') has 649 occurance
merge 6688/9744: (118, 259) -> 6943 (b'vin') has 648 occurance
merge 6689/9744: (1749, 714) -> 6944 (b' sixty') has 648 occurance
merge 6690/9744: (1968, 343) -> 6945 (b'egro') has 648 occurance
merge 6691/9744: (4279, 2356) -> 6946 (b' introduced') has 648 occurance
merge 6692/9744: (4405, 3759) -> 6947 (b' exhausted') has 648 occurance
merge 6693/9744: (6249, 374) -> 6948 (b' psych') has 648 occurance
merge 6694/9744: (83, 99) -> 6949 (b'Sc') has 647 occurance
merge 6695/9744: (259, 541) -> 6950 (b'inity') has 647 occurance
merge 6696/9744: (292, 2792) -> 6951 (b' losing') has 647 occurance
merge 6697/9744: (648, 270) -> 6952 (b' fled') has 647 occurance
merge 6698/9744: (648, 446) -> 6953 (b' flour') has 647 occurance
merge 6699/9744: (974, 2613) -> 6954 (b' guys') has 647 occurance
merge 6700/9744: (2219, 1725) -> 6955 (b' electric') has 647 occurance
merge 6701/9744: (5639, 3509) -> 6956 (b' ridiculous') has 647 occurance
merge 6702/9744: (483, 381) -> 6957 (b' Gil') has 646 occurance
merge 6703/9744: (823, 121) -> 6958 (b'avy') has 646 occurance
merge 6704/9744: (1433, 5520) -> 6959 (b' triumph') has 646 occurance
merge 6705/9744: (1821, 494) -> 6960 (b'Though') has 646 occurance
merge 6706/9744: (2758, 121) -> 6961 (b' belly') has 646 occurance
merge 6707/9744: (2862, 2141) -> 6962 (b' midnight') has 646 occurance
merge 6708/9744: (105, 656) -> 6963 (b'iving') has 645 occurance
merge 6709/9744: (120, 270) -> 6964 (b'xed') has 645 occurance
merge 6710/9744: (306, 2363) -> 6965 (b' behold') has 645 occurance
merge 6711/9744: (468, 115) -> 6966 (b'arts') has 645 occurance
merge 6712/9744: (607, 326) -> 6967 (b'weet') has 645 occurance
merge 6713/9744: (1315, 1348) -> 6968 (b' addressed') has 645 occurance
merge 6714/9744: (1476, 6543) -> 6969 (b' invisible') has 645 occurance
merge 6715/9744: (2038, 356) -> 6970 (b'Once') has 645 occurance
merge 6716/9744: (3770, 259) -> 6971 (b' Martin') has 645 occurance
merge 6717/9744: (271, 920) -> 6972 (b'itched') has 644 occurance
merge 6718/9744: (276, 989) -> 6973 (b' fund') has 644 occurance
merge 6719/9744: (292, 421) -> 6974 (b' lust') has 644 occurance
merge 6720/9744: (398, 818) -> 6975 (b'ushes') has 644 occurance
merge 6721/9744: (648, 402) -> 6976 (b' flag') has 644 occurance
merge 6722/9744: (1130, 5753) -> 6977 (b' helpless') has 644 occurance
merge 6723/9744: (2393, 5683) -> 6978 (b' volunte') has 644 occurance
merge 6724/9744: (3157, 121) -> 6979 (b' deny') has 644 occurance
merge 6725/9744: (34, 1624) -> 6980 (b'"So') has 643 occurance
merge 6726/9744: (117, 687) -> 6981 (b'uated') has 643 occurance
merge 6727/9744: (269, 592) -> 6982 (b' bite') has 643 occurance
merge 6728/9744: (285, 6167) -> 6983 (b' daughters') has 643 occurance
merge 6729/9744: (286, 97) -> 6984 (b'lla') has 643 occurance
merge 6730/9744: (1879, 590) -> 6985 (b' simpl') has 643 occurance
merge 6731/9744: (3899, 121) -> 6986 (b'worthy') has 643 occurance
merge 6732/9744: (6473, 398) -> 6987 (b' enthus') has 643 occurance
merge 6733/9744: (256, 1207) -> 6988 (b' tale') has 642 occurance
merge 6734/9744: (269, 5475) -> 6989 (b' basket') has 642 occurance
merge 6735/9744: (273, 108) -> 6990 (b'isl') has 642 occurance
merge 6736/9744: (292, 3517) -> 6991 (b' lux') has 642 occurance
merge 6737/9744: (335, 121) -> 6992 (b'iry') has 642 occurance
merge 6738/9744: (372, 944) -> 6993 (b' Mex') has 642 occurance
merge 6739/9744: (1518, 95) -> 6994 (b' [_') has 642 occurance
merge 6740/9744: (1578, 288) -> 6995 (b' Fran') has 642 occurance
merge 6741/9744: (4857, 5018) -> 6996 (b' sympathy') has 642 occurance
merge 6742/9744: (5075, 1468) -> 6997 (b' mystery') has 642 occurance
merge 6743/9744: (19, 2) -> 6998 (b'\x13\x02') has 641 occurance
merge 6744/9744: (32, 195) -> 6999 (b' \xc3') has 641 occurance
merge 6745/9744: (34, 1545) -> 7000 (b'"My') has 641 occurance
merge 6746/9744: (303, 1640) -> 7001 (b' grie') has 641 occurance
merge 6747/9744: (1107, 330) -> 7002 (b' resent') has 641 occurance
merge 6748/9744: (4917, 568) -> 7003 (b' cloak') has 641 occurance
merge 6749/9744: (99, 282) -> 7004 (b'cor') has 640 occurance
merge 6750/9744: (264, 5686) -> 7005 (b' ocean') has 640 occurance
merge 6751/9744: (391, 329) -> 7006 (b' Bal') has 640 occurance
merge 6752/9744: (483, 326) -> 7007 (b' Get') has 640 occurance
merge 6753/9744: (726, 331) -> 7008 (b'ission') has 640 occurance
merge 6754/9744: (262, 3166) -> 7009 (b' wretched') has 639 occurance
merge 6755/9744: (100, 447) -> 7010 (b'done') has 638 occurance
merge 6756/9744: (725, 415) -> 7011 (b' poem') has 638 occurance
merge 6757/9744: (1196, 331) -> 7012 (b'vention') has 638 occurance
merge 6758/9744: (1661, 115) -> 7013 (b' hundreds') has 638 occurance
merge 6759/9744: (2943, 757) -> 7014 (b' faithful') has 638 occurance
merge 6760/9744: (2975, 318) -> 7015 (b' loudly') has 638 occurance
merge 6761/9744: (3173, 1998) -> 7016 (b' anxiety') has 638 occurance
merge 6762/9744: (6696, 591) -> 7017 (b'mosphere') has 638 occurance
merge 6763/9744: (303, 101) -> 7018 (b' ge') has 637 occurance
merge 6764/9744: (385, 3718) -> 7019 (b'thorne') has 637 occurance
merge 6765/9744: (496, 654) -> 7020 (b'venue') has 637 occurance
merge 6766/9744: (566, 3473) -> 7021 (b' prospect') has 637 occurance
merge 6767/9744: (2058, 110) -> 7022 (b'couldn') has 637 occurance
merge 6768/9744: (105, 639) -> 7023 (b'iper') has 636 occurance
merge 6769/9744: (118, 986) -> 7024 (b'voice') has 636 occurance
merge 6770/9744: (262, 442) -> 7025 (b' ward') has 636 occurance
merge 6771/9744: (275, 316) -> 7026 (b'onse') has 636 occurance
merge 6772/9744: (363, 277) -> 7027 (b' Sen') has 636 occurance
merge 6773/9744: (816, 399) -> 7028 (b'feel') has 636 occurance
merge 6774/9744: (2093, 278) -> 7029 (b' killing') has 636 occurance
merge 6775/9744: (3755, 24) -> 7030 (b'\x05\x13\x18') has 636 occurance
merge 6776/9744: (4120, 270) -> 7031 (b' mixed') has 636 occurance
merge 6777/9744: (4968, 1499) -> 7032 (b' President') has 636 occurance
merge 6778/9744: (372, 4890) -> 7033 (b' Monsieur') has 635 occurance
merge 6779/9744: (458, 439) -> 7034 (b'olation') has 635 occurance
merge 6780/9744: (2533, 270) -> 7035 (b' crowded') has 635 occurance
merge 6781/9744: (3640, 32) -> 7036 (b'       ') has 635 occurance
merge 6782/9744: (99, 1007) -> 7037 (b'cross') has 634 occurance
merge 6783/9744: (262, 278) -> 7038 (b' wing') has 634 occurance
merge 6784/9744: (269, 644) -> 7039 (b' bree') has 634 occurance
merge 6785/9744: (290, 99) -> 7040 (b'arc') has 634 occurance
merge 6786/9744: (302, 284) -> 7041 (b'otes') has 634 occurance
merge 6787/9744: (350, 693) -> 7042 (b' weary') has 634 occurance
merge 6788/9744: (372, 111) -> 7043 (b' Mo') has 634 occurance
merge 6789/9744: (626, 2470) -> 7044 (b'began') has 634 occurance
merge 6790/9744: (718, 3628) -> 7045 (b' perpet') has 634 occurance
merge 6791/9744: (809, 270) -> 7046 (b'jected') has 634 occurance
merge 6792/9744: (1556, 68) -> 7047 (b'ARD') has 634 occurance
merge 6793/9744: (1981, 444) -> 7048 (b' protest') has 634 occurance
merge 6794/9744: (4336, 115) -> 7049 (b' eggs') has 634 occurance
merge 6795/9744: (4806, 275) -> 7050 (b' reckon') has 634 occurance
merge 6796/9744: (34, 67) -> 7051 (b'"C') has 633 occurance
merge 6797/9744: (95, 1616) -> 7052 (b'_]\n') has 633 occurance
merge 6798/9744: (280, 3704) -> 7053 (b' total') has 633 occurance
merge 6799/9744: (285, 270) -> 7054 (b' ded') has 633 occurance
merge 6800/9744: (292, 1311) -> 7055 (b' lately') has 633 occurance
merge 6801/9744: (293, 308) -> 7056 (b' hid') has 633 occurance
merge 6802/9744: (339, 3073) -> 7057 (b'\xe2\x80\x9cGood') has 633 occurance
merge 6803/9744: (1025, 374) -> 7058 (b' march') has 633 occurance
merge 6804/9744: (2148, 277) -> 7059 (b' eaten') has 633 occurance
merge 6805/9744: (4094, 107) -> 7060 (b'walk') has 633 occurance
merge 6806/9744: (427, 4725) -> 7061 (b'outhern') has 632 occurance
merge 6807/9744: (506, 1561) -> 7062 (b' FOR') has 632 occurance
merge 6808/9744: (618, 2707) -> 7063 (b' branch') has 632 occurance
merge 6809/9744: (746, 118) -> 7064 (b' prev') has 632 occurance
merge 6810/9744: (108, 505) -> 7065 (b'lau') has 631 occurance
merge 6811/9744: (114, 295) -> 7066 (b'rat') has 631 occurance
merge 6812/9744: (117, 553) -> 7067 (b'uine') has 631 occurance
merge 6813/9744: (308, 541) -> 7068 (b'idity') has 631 occurance
merge 6814/9744: (338, 268) -> 7069 (b' Ter') has 631 occurance
merge 6815/9744: (361, 5222) -> 7070 (b' Homer') has 631 occurance
merge 6816/9744: (406, 771) -> 7071 (b' Cons') has 631 occurance
merge 6817/9744: (443, 2999) -> 7072 (b' contained') has 631 occurance
merge 6818/9744: (1690, 121) -> 7073 (b' fury') has 631 occurance
merge 6819/9744: (1896, 268) -> 7074 (b' stronger') has 631 occurance
merge 6820/9744: (4949, 1001) -> 7075 (b' published') has 631 occurance
merge 6821/9744: (5384, 3712) -> 7076 (b' Japanese') has 631 occurance
merge 6822/9744: (1738, 318) -> 7077 (b' freely') has 630 occurance
merge 6823/9744: (1933, 1633) -> 7078 (b' troubled') has 630 occurance
merge 6824/9744: (2099, 1185) -> 7079 (b' Johnny') has 630 occurance
merge 6825/9744: (3982, 5789) -> 7080 (b' furniture') has 630 occurance
merge 6826/9744: (84, 273) -> 7081 (b'Tis') has 629 occurance
merge 6827/9744: (87, 287) -> 7082 (b'Was') has 629 occurance
merge 6828/9744: (109, 690) -> 7083 (b'mans') has 629 occurance
merge 6829/9744: (261, 843) -> 7084 (b' theory') has 629 occurance
merge 6830/9744: (303, 487) -> 7085 (b' gown') has 629 occurance
merge 6831/9744: (314, 448) -> 7086 (b'sters') has 629 occurance
merge 6832/9744: (418, 282) -> 7087 (b'abor') has 629 occurance
merge 6833/9744: (451, 765) -> 7088 (b'umps') has 629 occurance
merge 6834/9744: (741, 1648) -> 7089 (b' remote') has 629 occurance
merge 6835/9744: (1421, 818) -> 7090 (b' inches') has 629 occurance
merge 6836/9744: (1495, 53) -> 7091 (b'195') has 629 occurance
merge 6837/9744: (2793, 318) -> 7092 (b' sharply') has 629 occurance
merge 6838/9744: (5296, 6373) -> 7093 (b'SCENE') has 629 occurance
merge 6839/9744: (100, 4357) -> 7094 (b'different') has 628 occurance
merge 6840/9744: (306, 634) -> 7095 (b' beings') has 628 occurance
merge 6841/9744: (314, 354) -> 7096 (b'stri') has 628 occurance
merge 6842/9744: (684, 1816) -> 7097 (b' printed') has 628 occurance
merge 6843/9744: (691, 330) -> 7098 (b' scent') has 628 occurance
merge 6844/9744: (691, 1358) -> 7099 (b' scient') has 628 occurance
merge 6845/9744: (1449, 3629) -> 7100 (b' causes') has 628 occurance
merge 6846/9744: (3924, 305) -> 7101 (b' pillow') has 628 occurance
merge 6847/9744: (4349, 619) -> 7102 (b' intelligence') has 628 occurance
merge 6848/9744: (97, 332) -> 7103 (b'aver') has 627 occurance
merge 6849/9744: (119, 4927) -> 7104 (b'whether') has 627 occurance
merge 6850/9744: (289, 4476) -> 7105 (b' pisto') has 627 occurance
merge 6851/9744: (406, 708) -> 7106 (b' Coll') has 627 occurance
merge 6852/9744: (525, 649) -> 7107 (b' comment') has 627 occurance
merge 6853/9744: (1312, 551) -> 7108 (b' Another') has 627 occurance
merge 6854/9744: (2023, 2886) -> 7109 (b' approaching') has 627 occurance
merge 6855/9744: (2240, 82) -> 7110 (b'OUR') has 627 occurance
merge 6856/9744: (272, 4801) -> 7111 (b' mental') has 626 occurance
merge 6857/9744: (460, 368) -> 7112 (b' alter') has 626 occurance
merge 6858/9744: (539, 1091) -> 7113 (b' fears') has 626 occurance
merge 6859/9744: (851, 3997) -> 7114 (b' Instead') has 626 occurance
merge 6860/9744: (943, 2704) -> 7115 (b' reported') has 626 occurance
merge 6861/9744: (2223, 1267) -> 7116 (b' suspected') has 626 occurance
merge 6862/9744: (4729, 374) -> 7117 (b' fetch') has 626 occurance
merge 6863/9744: (518, 100) -> 7118 (b'odd') has 625 occurance
merge 6864/9744: (545, 5196) -> 7119 (b' Eddie') has 625 occurance
merge 6865/9744: (552, 69) -> 7120 (b' RE') has 625 occurance
merge 6866/9744: (917, 847) -> 7121 (b' harsh') has 625 occurance
merge 6867/9744: (1309, 115) -> 7122 (b' runs') has 625 occurance
merge 6868/9744: (1382, 1048) -> 7123 (b' visited') has 625 occurance
merge 6869/9744: (1410, 1741) -> 7124 (b' sunlight') has 625 occurance
merge 6870/9744: (2760, 337) -> 7125 (b' contrad') has 625 occurance
merge 6871/9744: (3551, 112) -> 7126 (b' hyp') has 625 occurance
merge 6872/9744: (256, 290) -> 7127 (b' tar') has 624 occurance
merge 6873/9744: (259, 1001) -> 7128 (b'inished') has 624 occurance
merge 6874/9744: (400, 850) -> 7129 (b' rhy') has 624 occurance
merge 6875/9744: (1154, 270) -> 7130 (b' rested') has 624 occurance
merge 6876/9744: (1381, 374) -> 7131 (b' March') has 624 occurance
merge 6877/9744: (1735, 2304) -> 7132 (b' memories') has 624 occurance
merge 6878/9744: (2755, 556) -> 7133 (b' prepare') has 624 occurance
merge 6879/9744: (3580, 1994) -> 7134 (b' increased') has 624 occurance
merge 6880/9744: (85, 76) -> 7135 (b'UL') has 623 occurance
merge 6881/9744: (99, 708) -> 7136 (b'coll') has 623 occurance
merge 6882/9744: (333, 110) -> 7137 (b' ren') has 623 occurance
merge 6883/9744: (343, 2218) -> 7138 (b'rolled') has 623 occurance
merge 6884/9744: (406, 581) -> 7139 (b' Cap') has 623 occurance
merge 6885/9744: (643, 308) -> 7140 (b' amid') has 623 occurance
merge 6886/9744: (1634, 270) -> 7141 (b' directed') has 623 occurance
merge 6887/9744: (3251, 6318) -> 7142 (b' sacrifice') has 623 occurance
merge 6888/9744: (3383, 375) -> 7143 (b' Again') has 623 occurance
merge 6889/9744: (4369, 568) -> 7144 (b'speak') has 623 occurance
merge 6890/9744: (69, 680) -> 7145 (b'Eng') has 622 occurance
merge 6891/9744: (103, 1122) -> 7146 (b'gener') has 622 occurance
merge 6892/9744: (288, 1407) -> 7147 (b'anna') has 622 occurance
merge 6893/9744: (545, 118) -> 7148 (b' Ev') has 622 occurance
merge 6894/9744: (558, 6129) -> 7149 (b' Jacob') has 622 occurance
merge 6895/9744: (834, 1921) -> 7150 (b' contribut') has 622 occurance
merge 6896/9744: (853, 97) -> 7151 (b'iana') has 622 occurance
merge 6897/9744: (982, 2609) -> 7152 (b' childhood') has 622 occurance
merge 6898/9744: (1093, 107) -> 7153 (b' deck') has 622 occurance
merge 6899/9744: (1607, 257) -> 7154 (b' breathe') has 622 occurance
merge 6900/9744: (34, 1307) -> 7155 (b'"They') has 621 occurance
merge 6901/9744: (99, 493) -> 7156 (b'cking') has 621 occurance
merge 6902/9744: (438, 3133) -> 7157 (b' Please') has 621 occurance
merge 6903/9744: (545, 6516) -> 7158 (b' Egypt') has 621 occurance
merge 6904/9744: (558, 1846) -> 7159 (b' Jones') has 621 occurance
merge 6905/9744: (613, 591) -> 7160 (b' nowhere') has 621 occurance
merge 6906/9744: (2342, 992) -> 7161 (b' temple') has 621 occurance
merge 6907/9744: (5195, 112) -> 7162 (b' Garp') has 621 occurance
merge 6908/9744: (329, 474) -> 7163 (b'along') has 620 occurance
merge 6909/9744: (333, 2886) -> 7164 (b' reaching') has 620 occurance
merge 6910/9744: (438, 523) -> 7165 (b' Port') has 620 occurance
merge 6911/9744: (463, 3336) -> 7166 (b' abroad') has 620 occurance
merge 6912/9744: (2312, 382) -> 7167 (b' hatred') has 620 occurance
merge 6913/9744: (3646, 808) -> 7168 (b' hunting') has 620 occurance
merge 6914/9744: (391, 418) -> 7169 (b' Bab') has 619 occurance
merge 6915/9744: (488, 117) -> 7170 (b' ju') has 619 occurance
merge 6916/9744: (1115, 587) -> 7171 (b'brought') has 619 occurance
merge 6917/9744: (1800, 330) -> 7172 (b' student') has 619 occurance
merge 6918/9744: (2062, 776) -> 7173 (b'-house') has 619 occurance
merge 6919/9744: (2853, 1836) -> 7174 (b' recognize') has 619 occurance
merge 6920/9744: (5223, 308) -> 7175 (b' splendid') has 619 occurance
merge 6921/9744: (65, 1185) -> 7176 (b'Any') has 618 occurance
merge 6922/9744: (114, 693) -> 7177 (b'rary') has 618 occurance
merge 6923/9744: (259, 958) -> 7178 (b'inations') has 618 occurance
merge 6924/9744: (275, 110) -> 7179 (b'onn') has 618 occurance
merge 6925/9744: (454, 416) -> 7180 (b' vul') has 618 occurance
merge 6926/9744: (940, 270) -> 7181 (b' obed') has 618 occurance
merge 6927/9744: (2214, 634) -> 7182 (b' buildings') has 618 occurance
merge 6928/9744: (73, 265) -> 7183 (b'Ind') has 617 occurance
merge 6929/9744: (80, 3133) -> 7184 (b'Please') has 617 occurance
merge 6930/9744: (318, 110) -> 7185 (b'lyn') has 617 occurance
merge 6931/9744: (718, 102) -> 7186 (b' perf') has 617 occurance
merge 6932/9744: (1977, 301) -> 7187 (b'addle') has 617 occurance
merge 6933/9744: (63, 514) -> 7188 (b'?\xe2\x80\x94') has 616 occurance
merge 6934/9744: (115, 956) -> 7189 (b'suc') has 616 occurance
merge 6935/9744: (256, 446) -> 7190 (b' tour') has 616 occurance
merge 6936/9744: (347, 104) -> 7191 (b' ash') has 616 occurance
merge 6937/9744: (849, 101) -> 7192 (b'note') has 616 occurance
merge 6938/9744: (894, 270) -> 7193 (b' exped') has 616 occurance
merge 6939/9744: (1841, 2157) -> 7194 (b' corrupt') has 616 occurance
merge 6940/9744: (3149, 268) -> 7195 (b' prisoner') has 616 occurance
merge 6941/9744: (5128, 3905) -> 7196 (b' newspaper') has 616 occurance
merge 6942/9744: (276, 411) -> 7197 (b' fant') has 615 occurance
merge 6943/9744: (339, 2055) -> 7198 (b'\xe2\x80\x9cNow') has 615 occurance
merge 6944/9744: (344, 382) -> 7199 (b'urred') has 615 occurance
merge 6945/9744: (425, 121) -> 7200 (b' shy') has 615 occurance
merge 6946/9744: (1442, 270) -> 7201 (b'headed') has 615 occurance
merge 6947/9744: (1945, 1468) -> 7202 (b' misery') has 615 occurance
merge 6948/9744: (95, 304) -> 7203 (b'_.\n') has 614 occurance
merge 6949/9744: (119, 672) -> 7204 (b'word') has 614 occurance
merge 6950/9744: (258, 308) -> 7205 (b' aid') has 614 occurance
merge 6951/9744: (262, 3923) -> 7206 (b' www') has 614 occurance
merge 6952/9744: (452, 111) -> 7207 (b'ello') has 614 occurance
merge 6953/9744: (482, 1347) -> 7208 (b'igger') has 614 occurance
merge 6954/9744: (1324, 544) -> 7209 (b' steep') has 614 occurance
merge 6955/9744: (1457, 309) -> 7210 (b' polic') has 614 occurance
merge 6956/9744: (2706, 1177) -> 7211 (b' quarters') has 614 occurance
merge 6957/9744: (3198, 270) -> 7212 (b' reflected') has 614 occurance
merge 6958/9744: (3494, 1267) -> 7213 (b' connected') has 614 occurance
merge 6959/9744: (256, 97) -> 7214 (b' ta') has 613 occurance
merge 6960/9744: (277, 284) -> 7215 (b'enes') has 613 occurance
merge 6961/9744: (288, 398) -> 7216 (b'anus') has 613 occurance
merge 6962/9744: (292, 288) -> 7217 (b' lan') has 613 occurance
merge 6963/9744: (404, 2888) -> 7218 (b' \x00\xef\xbf\xbd\x00\xef\xbf\xbd\x00\xef\xbf\xbd\x00\xef\xbf\xbd\x00') has 613 occurance
merge 6964/9744: (490, 335) -> 7219 (b'Their') has 613 occurance
merge 6965/9744: (603, 2878) -> 7220 (b' granted') has 613 occurance
merge 6966/9744: (3067, 108) -> 7221 (b' bowl') has 613 occurance
merge 6967/9744: (34, 66) -> 7222 (b'"B') has 612 occurance
merge 6968/9744: (45, 83) -> 7223 (b'-S') has 612 occurance
merge 6969/9744: (109, 724) -> 7224 (b'mount') has 612 occurance
merge 6970/9744: (259, 2193) -> 7225 (b'inction') has 612 occurance
merge 6971/9744: (371, 6297) -> 7226 (b'ecilia') has 612 occurance
merge 6972/9744: (406, 916) -> 7227 (b' Cont') has 612 occurance
merge 6973/9744: (628, 382) -> 7228 (b' shared') has 612 occurance
merge 6974/9744: (755, 270) -> 7229 (b' headed') has 612 occurance
merge 6975/9744: (1912, 2060) -> 7230 (b' summon') has 612 occurance
merge 6976/9744: (2046, 268) -> 7231 (b' leader') has 612 occurance
merge 6977/9744: (2340, 432) -> 7232 (b' Which') has 612 occurance
merge 6978/9744: (2346, 493) -> 7233 (b' striking') has 612 occurance
merge 6979/9744: (3130, 2906) -> 7234 (b' frozen') has 612 occurance
merge 6980/9744: (3331, 271) -> 7235 (b' merit') has 612 occurance
merge 6981/9744: (34, 0) -> 7236 (b'"\x00') has 611 occurance
merge 6982/9744: (111, 374) -> 7237 (b'och') has 611 occurance
merge 6983/9744: (114, 314) -> 7238 (b'rst') has 611 occurance
merge 6984/9744: (354, 1752) -> 7239 (b'rific') has 611 occurance
merge 6985/9744: (751, 385) -> 7240 (b'forth') has 611 occurance
merge 6986/9744: (822, 1132) -> 7241 (b' composed') has 611 occurance
merge 6987/9744: (874, 278) -> 7242 (b'ailing') has 611 occurance
merge 6988/9744: (1016, 318) -> 7243 (b'ertainly') has 611 occurance
merge 6989/9744: (1543, 453) -> 7244 (b' generous') has 611 occurance
merge 6990/9744: (2202, 112) -> 7245 (b' Comp') has 611 occurance
merge 6991/9744: (19, 3437) -> 7246 (b'\x13\x14\x02') has 610 occurance
merge 6992/9744: (289, 1232) -> 7247 (b' pier') has 610 occurance
merge 6993/9744: (290, 318) -> 7248 (b'arly') has 610 occurance
merge 6994/9744: (410, 1825) -> 7249 (b' button') has 610 occurance
merge 6995/9744: (480, 5834) -> 7250 (b' Latin') has 610 occurance
merge 6996/9744: (543, 101) -> 7251 (b' Ne') has 610 occurance
merge 6997/9744: (558, 472) -> 7252 (b' Jos') has 610 occurance
merge 6998/9744: (1050, 581) -> 7253 (b' cheap') has 610 occurance
merge 6999/9744: (2171, 918) -> 7254 (b' sensible') has 610 occurance
merge 7000/9744: (3004, 554) -> 7255 (b' pressure') has 610 occurance
merge 7001/9744: (3502, 1155) -> 7256 (b' birthday') has 610 occurance
merge 7002/9744: (99, 409) -> 7257 (b'cto') has 609 occurance
merge 7003/9744: (119, 677) -> 7258 (b'wife') has 609 occurance
merge 7004/9744: (2594, 1141) -> 7259 (b' damned') has 609 occurance
merge 7005/9744: (363, 5748) -> 7260 (b' Susan') has 608 occurance
merge 7006/9744: (373, 278) -> 7261 (b'illing') has 608 occurance
merge 7007/9744: (414, 117) -> 7262 (b' Wu') has 608 occurance
merge 7008/9744: (558, 529) -> 7263 (b' Jake') has 608 occurance
merge 7009/9744: (648, 305) -> 7264 (b' flow') has 608 occurance
merge 7010/9744: (750, 122) -> 7265 (b'izz') has 608 occurance
merge 7011/9744: (1226, 109) -> 7266 (b' charm') has 608 occurance
merge 7012/9744: (5776, 664) -> 7267 (b' Spanish') has 608 occurance
merge 7013/9744: (109, 415) -> 7268 (b'mem') has 607 occurance
merge 7014/9744: (2444, 111) -> 7269 (b' avo') has 607 occurance
merge 7015/9744: (32, 457) -> 7270 (b' "\n') has 606 occurance
merge 7016/9744: (483, 1570) -> 7271 (b' Green') has 606 occurance
merge 7017/9744: (2199, 278) -> 7272 (b' dressing') has 606 occurance
merge 7018/9744: (2204, 4454) -> 7273 (b' funeral') has 606 occurance
merge 7019/9744: (2321, 385) -> 7274 (b' warmth') has 606 occurance
merge 7020/9744: (4684, 411) -> 7275 (b' ignorant') has 606 occurance
merge 7021/9744: (4807, 1001) -> 7276 (b' distinguished') has 606 occurance
merge 7022/9744: (4825, 439) -> 7277 (b' education') has 606 occurance
merge 7023/9744: (34, 1667) -> 7278 (b'"Then') has 605 occurance
merge 7024/9744: (79, 86) -> 7279 (b'OV') has 605 occurance
merge 7025/9744: (110, 275) -> 7280 (b'non') has 605 occurance
merge 7026/9744: (116, 597) -> 7281 (b'table') has 605 occurance
merge 7027/9744: (294, 1304) -> 7282 (b' intend') has 605 occurance
merge 7028/9744: (361, 402) -> 7283 (b' Hag') has 605 occurance
merge 7029/9744: (397, 2347) -> 7284 (b' likes') has 605 occurance
merge 7030/9744: (633, 1510) -> 7285 (b' offering') has 605 occurance
merge 7031/9744: (44, 2) -> 7286 (b',\x02') has 604 occurance
merge 7032/9744: (822, 290) -> 7287 (b' compar') has 604 occurance
merge 7033/9744: (896, 278) -> 7288 (b' string') has 604 occurance
merge 7034/9744: (1059, 270) -> 7289 (b' acted') has 604 occurance
merge 7035/9744: (1171, 577) -> 7290 (b'appear') has 604 occurance
merge 7036/9744: (1268, 110) -> 7291 (b'astern') has 604 occurance
merge 7037/9744: (1321, 3524) -> 7292 (b'remember') has 604 occurance
merge 7038/9744: (1400, 2677) -> 7293 (b' sentiment') has 604 occurance
merge 7039/9744: (1815, 328) -> 7294 (b' Gray') has 604 occurance
merge 7040/9744: (2223, 471) -> 7295 (b' suspect') has 604 occurance
merge 7041/9744: (2887, 627) -> 7296 (b'second') has 604 occurance
merge 7042/9744: (5389, 458) -> 7297 (b' schol') has 604 occurance
merge 7043/9744: (116, 885) -> 7298 (b'taking') has 603 occurance
merge 7044/9744: (262, 2834) -> 7299 (b' wagon') has 603 occurance
merge 7045/9744: (269, 475) -> 7300 (b' bast') has 603 occurance
merge 7046/9744: (276, 1268) -> 7301 (b' faster') has 603 occurance
merge 7047/9744: (406, 379) -> 7302 (b' Call') has 603 occurance
merge 7048/9744: (603, 2840) -> 7303 (b' grasp') has 603 occurance
merge 7049/9744: (1053, 1063) -> 7304 (b' recently') has 603 occurance
merge 7050/9744: (1555, 268) -> 7305 (b' deeper') has 603 occurance
merge 7051/9744: (3992, 398) -> 7306 (b' Augustus') has 603 occurance
merge 7052/9744: (5213, 693) -> 7307 (b'necessary') has 603 occurance
merge 7053/9744: (102, 904) -> 7308 (b'felt') has 602 occurance
merge 7054/9744: (111, 802) -> 7309 (b'opped') has 602 occurance
merge 7055/9744: (443, 496) -> 7310 (b' conven') has 602 occurance
merge 7056/9744: (1191, 315) -> 7311 (b' intim') has 602 occurance
merge 7057/9744: (1341, 368) -> 7312 (b'ounter') has 602 occurance
merge 7058/9744: (344, 116) -> 7313 (b'urt') has 601 occurance
merge 7059/9744: (416, 730) -> 7314 (b'ulted') has 601 occurance
merge 7060/9744: (581, 97) -> 7315 (b'apa') has 601 occurance
merge 7061/9744: (2156, 754) -> 7316 (b' Death') has 601 occurance
merge 7062/9744: (2502, 290) -> 7317 (b' Scar') has 601 occurance
merge 7063/9744: (98, 572) -> 7318 (b'burn') has 600 occurance
merge 7064/9744: (115, 330) -> 7319 (b'sent') has 600 occurance
merge 7065/9744: (115, 554) -> 7320 (b'sure') has 600 occurance
merge 7066/9744: (362, 331) -> 7321 (b' notion') has 600 occurance
merge 7067/9744: (718, 814) -> 7322 (b' perman') has 600 occurance
merge 7068/9744: (1109, 2121) -> 7323 (b' changes') has 600 occurance
merge 7069/9744: (1219, 298) -> 7324 (b'conom') has 600 occurance
merge 7070/9744: (1742, 474) -> 7325 (b'strong') has 600 occurance
merge 7071/9744: (4532, 968) -> 7326 (b' swallowed') has 600 occurance
merge 7072/9744: (114, 421) -> 7327 (b'rust') has 599 occurance
merge 7073/9744: (338, 529) -> 7328 (b' Take') has 599 occurance
merge 7074/9744: (459, 1928) -> 7329 (b' exceed') has 599 occurance
merge 7075/9744: (1058, 6106) -> 7330 (b' accustomed') has 599 occurance
merge 7076/9744: (1888, 1132) -> 7331 (b' proposed') has 599 occurance
merge 7077/9744: (5821, 817) -> 7332 (b' disease') has 599 occurance
merge 7078/9744: (98, 830) -> 7333 (b'both') has 598 occurance
merge 7079/9744: (100, 267) -> 7334 (b'dou') has 598 occurance
merge 7080/9744: (256, 117) -> 7335 (b' tu') has 598 occurance
merge 7081/9744: (416, 958) -> 7336 (b'ulations') has 598 occurance
merge 7082/9744: (480, 1000) -> 7337 (b' Lib') has 598 occurance
merge 7083/9744: (545, 301) -> 7338 (b' Ele') has 598 occurance
merge 7084/9744: (575, 2164) -> 7339 (b' trunk') has 598 occurance
merge 7085/9744: (1324, 358) -> 7340 (b' steam') has 598 occurance
merge 7086/9744: (1838, 270) -> 7341 (b' dreamed') has 598 occurance
merge 7087/9744: (3025, 597) -> 7342 (b' agreeable') has 598 occurance
merge 7088/9744: (285, 3030) -> 7343 (b' drug') has 597 occurance
merge 7089/9744: (295, 263) -> 7344 (b'atre') has 597 occurance
merge 7090/9744: (475, 853) -> 7345 (b'astian') has 597 occurance
merge 7091/9744: (1295, 510) -> 7346 (b' native') has 597 occurance
merge 7092/9744: (1556, 84) -> 7347 (b'ART') has 597 occurance
merge 7093/9744: (2761, 329) -> 7348 (b' fatal') has 597 occurance
merge 7094/9744: (3901, 642) -> 7349 (b' balance') has 597 occurance
merge 7095/9744: (5465, 270) -> 7350 (b' wiped') has 597 occurance
merge 7096/9744: (114, 455) -> 7351 (b'round') has 596 occurance
merge 7097/9744: (425, 2477) -> 7352 (b' ships') has 596 occurance
merge 7098/9744: (545, 312) -> 7353 (b' Eve') has 596 occurance
merge 7099/9744: (1129, 1750) -> 7354 (b' reluct') has 596 occurance
merge 7100/9744: (1783, 290) -> 7355 (b' collar') has 596 occurance
merge 7101/9744: (1822, 282) -> 7356 (b' absor') has 596 occurance
merge 7102/9744: (3877, 1141) -> 7357 (b' grinned') has 596 occurance
merge 7103/9744: (3944, 491) -> 7358 (b' poetry') has 596 occurance
merge 7104/9744: (333, 4029) -> 7359 (b' rejo') has 595 occurance
merge 7105/9744: (719, 115) -> 7360 (b' goods') has 595 occurance
merge 7106/9744: (943, 5427) -> 7361 (b' reputation') has 595 occurance
merge 7107/9744: (2335, 1663) -> 7362 (b'consider') has 595 occurance
merge 7108/9744: (2784, 580) -> 7363 (b' duties') has 595 occurance
merge 7109/9744: (5374, 4028) -> 7364 (b' experienced') has 595 occurance
merge 7110/9744: (5862, 559) -> 7365 (b'complete') has 595 occurance
merge 7111/9744: (65, 2078) -> 7366 (b'Americ') has 594 occurance
merge 7112/9744: (100, 343) -> 7367 (b'dro') has 594 occurance
merge 7113/9744: (109, 885) -> 7368 (b'making') has 594 occurance
merge 7114/9744: (276, 268) -> 7369 (b' fer') has 594 occurance
merge 7115/9744: (285, 4903) -> 7370 (b' darling') has 594 occurance
merge 7116/9744: (330, 268) -> 7371 (b'enter') has 594 occurance
merge 7117/9744: (361, 117) -> 7372 (b' Hu') has 594 occurance
merge 7118/9744: (655, 2368) -> 7373 (b' dismiss') has 594 occurance
merge 7119/9744: (1909, 278) -> 7374 (b'ivering') has 594 occurance
merge 7120/9744: (115, 639) -> 7375 (b'sper') has 593 occurance
merge 7121/9744: (259, 118) -> 7376 (b'inv') has 593 occurance
merge 7122/9744: (315, 2013) -> 7377 (b'immedi') has 593 occurance
merge 7123/9744: (424, 3608) -> 7378 (b'henomen') has 593 occurance
merge 7124/9744: (571, 1617) -> 7379 (b' unlike') has 593 occurance
merge 7125/9744: (599, 758) -> 7380 (b'inkled') has 593 occurance
merge 7126/9744: (824, 654) -> 7381 (b'ogue') has 593 occurance
merge 7127/9744: (2139, 373) -> 7382 (b'Still') has 593 occurance
merge 7128/9744: (3414, 3216) -> 7383 (b' concluded') has 593 occurance
merge 7129/9744: (6204, 268) -> 7384 (b' computer') has 593 occurance
merge 7130/9744: (333, 2963) -> 7385 (b' recomm') has 592 occurance
merge 7131/9744: (576, 3529) -> 7386 (b' Italy') has 592 occurance
merge 7132/9744: (864, 115) -> 7387 (b' puts') has 592 occurance
merge 7133/9744: (974, 503) -> 7388 (b' guide') has 592 occurance
merge 7134/9744: (1038, 115) -> 7389 (b' finds') has 592 occurance
merge 7135/9744: (3647, 115) -> 7390 (b' Jews') has 592 occurance
merge 7136/9744: (6138, 985) -> 7391 (b' eyebrows') has 592 occurance
merge 7137/9744: (45, 457) -> 7392 (b'-"\n') has 591 occurance
merge 7138/9744: (303, 328) -> 7393 (b' gay') has 591 occurance
merge 7139/9744: (333, 782) -> 7394 (b' reign') has 591 occurance
merge 7140/9744: (425, 447) -> 7395 (b' shone') has 591 occurance
merge 7141/9744: (458, 277) -> 7396 (b'olen') has 591 occurance
merge 7142/9744: (741, 604) -> 7397 (b' remove') has 591 occurance
merge 7143/9744: (766, 580) -> 7398 (b' parties') has 591 occurance
merge 7144/9744: (870, 116) -> 7399 (b' belt') has 591 occurance
merge 7145/9744: (1110, 10) -> 7400 (b' -\n') has 591 occurance
merge 7146/9744: (2699, 764) -> 7401 (b' hastily') has 591 occurance
merge 7147/9744: (108, 744) -> 7402 (b'lady') has 590 occurance
merge 7148/9744: (292, 444) -> 7403 (b' lest') has 590 occurance
merge 7149/9744: (302, 309) -> 7404 (b'otic') has 590 occurance
merge 7150/9744: (342, 282) -> 7405 (b' stor') has 590 occurance
merge 7151/9744: (458, 661) -> 7406 (b'olves') has 590 occurance
merge 7152/9744: (480, 677) -> 7407 (b' Life') has 590 occurance
merge 7153/9744: (741, 2578) -> 7408 (b' remaining') has 590 occurance
merge 7154/9744: (3414, 2526) -> 7409 (b' conclusion') has 590 occurance
merge 7155/9744: (34, 70) -> 7410 (b'"F') has 589 occurance
merge 7156/9744: (282, 795) -> 7411 (b'oria') has 589 occurance
merge 7157/9744: (289, 1179) -> 7412 (b' penc') has 589 occurance
merge 7158/9744: (292, 295) -> 7413 (b' lat') has 589 occurance
merge 7159/9744: (313, 4669) -> 7414 (b' eternal') has 589 occurance
merge 7160/9744: (342, 1094) -> 7415 (b' stub') has 589 occurance
merge 7161/9744: (651, 2845) -> 7416 (b' smiles') has 589 occurance
merge 7162/9744: (974, 2313) -> 7417 (b' guessed') has 589 occurance
merge 7163/9744: (1009, 451) -> 7418 (b' drum') has 589 occurance
merge 7164/9744: (2527, 295) -> 7419 (b' repeat') has 589 occurance
merge 7165/9744: (26, 10) -> 7420 (b'\x1a\n') has 588 occurance
merge 7166/9744: (46, 67) -> 7421 (b'.C') has 588 occurance
merge 7167/9744: (104, 1509) -> 7422 (b'hundred') has 588 occurance
merge 7168/9744: (105, 584) -> 7423 (b'ived') has 588 occurance
merge 7169/9744: (115, 110) -> 7424 (b'sn') has 588 occurance
merge 7170/9744: (329, 1147) -> 7425 (b'alph') has 588 occurance
merge 7171/9744: (691, 732) -> 7426 (b' scorn') has 588 occurance
merge 7172/9744: (1232, 263) -> 7427 (b'ierre') has 588 occurance
merge 7173/9744: (1470, 112) -> 7428 (b'prop') has 588 occurance
merge 7174/9744: (3448, 554) -> 7429 (b' departure') has 588 occurance
merge 7175/9744: (3990, 597) -> 7430 (b' remarkable') has 588 occurance
merge 7176/9744: (5583, 268) -> 7431 (b' queer') has 588 occurance
merge 7177/9744: (112, 278) -> 7432 (b'ping') has 587 occurance
merge 7178/9744: (363, 290) -> 7433 (b' Sar') has 587 occurance
merge 7179/9744: (461, 278) -> 7434 (b'oping') has 587 occurance
merge 7180/9744: (617, 3102) -> 7435 (b' ch\xc3\xbcan') has 587 occurance
merge 7181/9744: (2061, 674) -> 7436 (b' equip') has 587 occurance
merge 7182/9744: (461, 270) -> 7437 (b'oped') has 586 occurance
merge 7183/9744: (483, 329) -> 7438 (b' Gal') has 586 occurance
merge 7184/9744: (831, 1761) -> 7439 (b' writer') has 586 occurance
merge 7185/9744: (1025, 623) -> 7440 (b' marble') has 586 occurance
merge 7186/9744: (1841, 112) -> 7441 (b' corp') has 586 occurance
merge 7187/9744: (83, 112) -> 7442 (b'Sp') has 585 occurance
merge 7188/9744: (117, 664) -> 7443 (b'uish') has 585 occurance
merge 7189/9744: (269, 1091) -> 7444 (b' bars') has 585 occurance
merge 7190/9744: (272, 298) -> 7445 (b' mom') has 585 occurance
merge 7191/9744: (299, 108) -> 7446 (b' hal') has 585 occurance
merge 7192/9744: (480, 474) -> 7447 (b' Long') has 585 occurance
merge 7193/9744: (698, 447) -> 7448 (b' throne') has 585 occurance
merge 7194/9744: (768, 1132) -> 7449 (b'closed') has 585 occurance
merge 7195/9744: (917, 1096) -> 7450 (b' harder') has 585 occurance
merge 7196/9744: (2859, 3739) -> 7451 (b'believe') has 585 occurance
merge 7197/9744: (2888, 5373) -> 7452 (b'\xef\xbf\xbd\x00\xef\xbf\xbd\x00\xef\xbf\xbd\x00\xef\xbf\xbd\x00\xef\xbf\xbd\x00\xef\xbf\xbd\x00\xef\xbf\xbd\x00') has 585 occurance
merge 7198/9744: (72, 84) -> 7453 (b'HT') has 584 occurance
merge 7199/9744: (279, 351) -> 7454 (b' cher') has 584 occurance
merge 7200/9744: (1594, 314) -> 7455 (b' amongst') has 584 occurance
merge 7201/9744: (1821, 267) -> 7456 (b'Thou') has 584 occurance
merge 7202/9744: (2438, 270) -> 7457 (b' yelled') has 584 occurance
merge 7203/9744: (7218, 7452) -> 7458 (b' \x00\xef\xbf\xbd\x00\xef\xbf\xbd\x00\xef\xbf\xbd\x00\xef\xbf\xbd\x00\xef\xbf\xbd\x00\xef\xbf\xbd\x00\xef\xbf\xbd\x00\xef\xbf\xbd\x00\xef\xbf\xbd\x00\xef\xbf\xbd\x00\xef\xbf\xbd\x00') has 584 occurance
merge 7204/9744: (39, 44) -> 7459 (b"',") has 583 occurance
merge 7205/9744: (372, 472) -> 7460 (b' Mos') has 583 occurance
merge 7206/9744: (559, 1150) -> 7461 (b'text') has 583 occurance
merge 7207/9744: (719, 733) -> 7462 (b' goodness') has 583 occurance
merge 7208/9744: (1181, 6034) -> 7463 (b' countenance') has 583 occurance
merge 7209/9744: (3545, 584) -> 7464 (b'vived') has 583 occurance
merge 7210/9744: (4691, 101) -> 7465 (b'-bye') has 583 occurance
merge 7211/9744: (39, 68) -> 7466 (b"'D") has 582 occurance
merge 7212/9744: (315, 911) -> 7467 (b'immer') has 582 occurance
merge 7213/9744: (339, 4093) -> 7468 (b'\xe2\x80\x9cYeah') has 582 occurance
merge 7214/9744: (367, 5493) -> 7469 (b' issue') has 582 occurance
merge 7215/9744: (391, 69) -> 7470 (b' BE') has 582 occurance
merge 7216/9744: (506, 343) -> 7471 (b' Fro') has 582 occurance
merge 7217/9744: (2326, 427) -> 7472 (b' Without') has 582 occurance
merge 7218/9744: (2611, 1525) -> 7473 (b' pockets') has 582 occurance
merge 7219/9744: (5457, 561) -> 7474 (b' totally') has 582 occurance
merge 7220/9744: (52, 51) -> 7475 (b'43') has 581 occurance
merge 7221/9744: (294, 351) -> 7476 (b' inher') has 581 occurance
merge 7222/9744: (342, 604) -> 7477 (b' stove') has 581 occurance
merge 7223/9744: (575, 512) -> 7478 (b' trace') has 581 occurance
merge 7224/9744: (631, 121) -> 7479 (b'iley') has 581 occurance
merge 7225/9744: (845, 275) -> 7480 (b'soon') has 581 occurance
merge 7226/9744: (2460, 1458) -> 7481 (b' divided') has 581 occurance
merge 7227/9744: (4440, 916) -> 7482 (b'front') has 581 occurance
merge 7228/9744: (5141, 448) -> 7483 (b' strangers') has 581 occurance
merge 7229/9744: (99, 873) -> 7484 (b'cial') has 580 occurance
merge 7230/9744: (112, 485) -> 7485 (b'phan') has 580 occurance
merge 7231/9744: (274, 162) -> 7486 (b'\xe2\x80\xa2') has 580 occurance
merge 7232/9744: (276, 492) -> 7487 (b' fra') has 580 occurance
merge 7233/9744: (338, 290) -> 7488 (b' Tar') has 580 occurance
merge 7234/9744: (400, 302) -> 7489 (b' rot') has 580 occurance
merge 7235/9744: (1129, 4590) -> 7490 (b' relieved') has 580 occurance
merge 7236/9744: (1814, 808) -> 7491 (b' cutting') has 580 occurance
merge 7237/9744: (1841, 6069) -> 7492 (b' correspond') has 580 occurance
merge 7238/9744: (3622, 1220) -> 7493 (b'stitute') has 580 occurance
merge 7239/9744: (4841, 275) -> 7494 (b' cotton') has 580 occurance
merge 7240/9744: (6751, 259) -> 7495 (b'aladin') has 580 occurance
merge 7241/9744: (87, 357) -> 7496 (b'Would') has 579 occurance
merge 7242/9744: (100, 97) -> 7497 (b'da') has 579 occurance
merge 7243/9744: (115, 417) -> 7498 (b'squ') has 579 occurance
merge 7244/9744: (269, 1336) -> 7499 (b' barr') has 579 occurance
merge 7245/9744: (280, 119) -> 7500 (b' tow') has 579 occurance
merge 7246/9744: (425, 111) -> 7501 (b' sho') has 579 occurance
merge 7247/9744: (1086, 382) -> 7502 (b' bored') has 579 occurance
merge 7248/9744: (1601, 1730) -> 7503 (b' signific') has 579 occurance
merge 7249/9744: (1947, 3423) -> 7504 (b' mistaken') has 579 occurance
merge 7250/9744: (3948, 470) -> 7505 (b' Charlie') has 579 occurance
merge 7251/9744: (5, 27) -> 7506 (b'\x05\x1b') has 578 occurance
merge 7252/9744: (68, 114) -> 7507 (b'Dr') has 578 occurance
merge 7253/9744: (297, 2879) -> 7508 (b' national') has 578 occurance
merge 7254/9744: (665, 318) -> 7509 (b'actly') has 578 occurance
merge 7255/9744: (854, 733) -> 7510 (b'lessness') has 578 occurance
merge 7256/9744: (1821, 398) -> 7511 (b'Thus') has 578 occurance
merge 7257/9744: (3258, 3722) -> 7512 (b' punishment') has 578 occurance
merge 7258/9744: (108, 945) -> 7513 (b'lock') has 577 occurance
merge 7259/9744: (372, 358) -> 7514 (b' Mam') has 577 occurance
merge 7260/9744: (1851, 112) -> 7515 (b' transp') has 577 occurance
merge 7261/9744: (3198, 331) -> 7516 (b' reflection') has 577 occurance
merge 7262/9744: (52, 55) -> 7517 (b'47') has 576 occurance
merge 7263/9744: (617, 1120) -> 7518 (b' chuck') has 576 occurance
merge 7264/9744: (618, 634) -> 7519 (b' brings') has 576 occurance
merge 7265/9744: (972, 971) -> 7520 (b' lightning') has 576 occurance
merge 7266/9744: (5202, 1742) -> 7521 (b' demonstr') has 576 occurance
merge 7267/9744: (114, 646) -> 7522 (b'rather') has 575 occurance
merge 7268/9744: (303, 442) -> 7523 (b' gard') has 575 occurance
merge 7269/9744: (318, 927) -> 7524 (b'lyde') has 575 occurance
merge 7270/9744: (354, 98) -> 7525 (b'rib') has 575 occurance
merge 7271/9744: (481, 4751) -> 7526 (b' wholly') has 575 occurance
merge 7272/9744: (691, 257) -> 7527 (b' sche') has 575 occurance
merge 7273/9744: (840, 1468) -> 7528 (b' Very') has 575 occurance
merge 7274/9744: (1154, 2844) -> 7529 (b' restaur') has 575 occurance
merge 7275/9744: (1462, 1347) -> 7530 (b' bigger') has 575 occurance
merge 7276/9744: (1536, 270) -> 7531 (b' landed') has 575 occurance
merge 7277/9744: (2420, 108) -> 7532 (b' Carl') has 575 occurance
merge 7278/9744: (4211, 390) -> 7533 (b'iveness') has 575 occurance
merge 7279/9744: (6021, 553) -> 7534 (b' medicine') has 575 occurance
merge 7280/9744: (103, 1612) -> 7535 (b'gentle') has 574 occurance
merge 7281/9744: (285, 702) -> 7536 (b' dang') has 574 occurance
merge 7282/9744: (358, 474) -> 7537 (b'among') has 574 occurance
merge 7283/9744: (417, 326) -> 7538 (b'quet') has 574 occurance
merge 7284/9744: (596, 330) -> 7539 (b'udent') has 574 occurance
merge 7285/9744: (840, 288) -> 7540 (b' Van') has 574 occurance
merge 7286/9744: (1368, 98) -> 7541 (b' rib') has 574 occurance
merge 7287/9744: (1521, 551) -> 7542 (b' Brother') has 574 occurance
merge 7288/9744: (3828, 592) -> 7543 (b' favorite') has 574 occurance
merge 7289/9744: (4997, 2228) -> 7544 (b' gratitude') has 574 occurance
merge 7290/9744: (5424, 97) -> 7545 (b' Tessa') has 574 occurance
merge 7291/9744: (80, 72) -> 7546 (b'PH') has 573 occurance
merge 7292/9744: (100, 444) -> 7547 (b'dest') has 573 occurance
merge 7293/9744: (260, 537) -> 7548 (b' sway') has 573 occurance
merge 7294/9744: (289, 1420) -> 7549 (b' pants') has 573 occurance
merge 7295/9744: (292, 2583) -> 7550 (b' lawn') has 573 occurance
merge 7296/9744: (428, 1444) -> 7551 (b' orange') has 573 occurance
merge 7297/9744: (531, 330) -> 7552 (b' agent') has 573 occurance
merge 7298/9744: (685, 115) -> 7553 (b' ours') has 573 occurance
merge 7299/9744: (1148, 2641) -> 7554 (b' assume') has 573 occurance
merge 7300/9744: (1764, 102) -> 7555 (b' leaf') has 573 occurance
merge 7301/9744: (2547, 270) -> 7556 (b' commanded') has 573 occurance
merge 7302/9744: (2559, 631) -> 7557 (b' privile') has 573 occurance
merge 7303/9744: (4016, 329) -> 7558 (b' mortal') has 573 occurance
merge 7304/9744: (5794, 1071) -> 7559 (b' intellectual') has 573 occurance
merge 7305/9744: (97, 782) -> 7560 (b'aign') has 572 occurance
merge 7306/9744: (102, 482) -> 7561 (b'fig') has 572 occurance
merge 7307/9744: (103, 495) -> 7562 (b'gate') has 572 occurance
merge 7308/9744: (289, 4242) -> 7563 (b' pipe') has 572 occurance
merge 7309/9744: (329, 845) -> 7564 (b'also') has 572 occurance
merge 7310/9744: (400, 309) -> 7565 (b' ric') has 572 occurance
merge 7311/9744: (639, 1434) -> 7566 (b'perfect') has 572 occurance
merge 7312/9744: (1056, 1141) -> 7567 (b' warned') has 572 occurance
merge 7313/9744: (1259, 623) -> 7568 (b' humble') has 572 occurance
merge 7314/9744: (1448, 130) -> 7569 (b'\xef\xac\x82') has 572 occurance
merge 7315/9744: (83, 1101) -> 7570 (b'See') has 571 occurance
merge 7316/9744: (259, 450) -> 7571 (b'inist') has 571 occurance
merge 7317/9744: (262, 266) -> 7572 (b' wha') has 571 occurance
merge 7318/9744: (363, 823) -> 7573 (b' Sav') has 571 occurance
merge 7319/9744: (372, 335) -> 7574 (b' Mir') has 571 occurance
merge 7320/9744: (1465, 1499) -> 7575 (b' evident') has 571 occurance
merge 7321/9744: (2293, 118) -> 7576 (b' elev') has 571 occurance
merge 7322/9744: (72, 277) -> 7577 (b'Hen') has 570 occurance
merge 7323/9744: (118, 290) -> 7578 (b'var') has 570 occurance
merge 7324/9744: (270, 515) -> 7579 (b'edge') has 570 occurance
merge 7325/9744: (315, 97) -> 7580 (b'ima') has 570 occurance
merge 7326/9744: (2140, 1261) -> 7581 (b'annah') has 570 occurance
merge 7327/9744: (2447, 115) -> 7582 (b' effects') has 570 occurance
merge 7328/9744: (6313, 421) -> 7583 (b' disgust') has 570 occurance
merge 7329/9744: (45, 76) -> 7584 (b'-L') has 569 occurance
merge 7330/9744: (98, 570) -> 7585 (b'breat') has 569 occurance
merge 7331/9744: (108, 448) -> 7586 (b'lers') has 569 occurance
merge 7332/9744: (314, 1266) -> 7587 (b'street') has 569 occurance
merge 7333/9744: (492, 104) -> 7588 (b'rah') has 569 occurance
merge 7334/9744: (499, 369) -> 7589 (b' manif') has 569 occurance
merge 7335/9744: (552, 432) -> 7590 (b' Rich') has 569 occurance
merge 7336/9744: (1366, 6228) -> 7591 (b' occasions') has 569 occurance
merge 7337/9744: (1962, 312) -> 7592 (b' arrive') has 569 occurance
merge 7338/9744: (3405, 687) -> 7593 (b' separated') has 569 occurance
merge 7339/9744: (104, 914) -> 7594 (b'high') has 568 occurance
merge 7340/9744: (109, 627) -> 7595 (b'mond') has 568 occurance
merge 7341/9744: (118, 1337) -> 7596 (b'vals') has 568 occurance
merge 7342/9744: (276, 824) -> 7597 (b' fog') has 568 occurance
merge 7343/9744: (462, 275) -> 7598 (b' noon') has 568 occurance
merge 7344/9744: (886, 3205) -> 7599 (b' Chris') has 568 occurance
merge 7345/9744: (2019, 3242) -> 7600 (b' infinite') has 568 occurance
merge 7346/9744: (2261, 72) -> 7601 (b'ITH') has 568 occurance
merge 7347/9744: (2376, 375) -> 7602 (b' complain') has 568 occurance
merge 7348/9744: (3112, 446) -> 7603 (b' neighbour') has 568 occurance
merge 7349/9744: (7, 10) -> 7604 (b'\x07\n') has 567 occurance
merge 7350/9744: (32, 5767) -> 7605 (b' \xc9\xbb') has 567 occurance
merge 7351/9744: (85, 78) -> 7606 (b'UN') has 567 occurance
merge 7352/9744: (272, 295) -> 7607 (b' mat') has 567 occurance
merge 7353/9744: (276, 3089) -> 7608 (b' facing') has 567 occurance
merge 7354/9744: (338, 547) -> 7609 (b' Time') has 567 occurance
merge 7355/9744: (460, 1939) -> 7610 (b' altern') has 567 occurance
merge 7356/9744: (539, 475) -> 7611 (b' feast') has 567 occurance
merge 7357/9744: (831, 450) -> 7612 (b' wrist') has 567 occurance
merge 7358/9744: (1005, 487) -> 7613 (b' frown') has 567 occurance
merge 7359/9744: (1107, 450) -> 7614 (b' resist') has 567 occurance
merge 7360/9744: (1411, 597) -> 7615 (b' reasonable') has 567 occurance
merge 7361/9744: (2234, 874) -> 7616 (b' detail') has 567 occurance
merge 7362/9744: (2338, 1658) -> 7617 (b' uttered') has 567 occurance
merge 7363/9744: (2929, 1111) -> 7618 (b' counsel') has 567 occurance
merge 7364/9744: (3460, 3052) -> 7619 (b' revealed') has 567 occurance
merge 7365/9744: (4921, 6614) -> 7620 (b' inhabitants') has 567 occurance
merge 7366/9744: (114, 288) -> 7621 (b'ran') has 566 occurance
merge 7367/9744: (363, 84) -> 7622 (b' ST') has 566 occurance
merge 7368/9744: (402, 954) -> 7623 (b'agged') has 566 occurance
merge 7369/9744: (406, 97) -> 7624 (b' Ca') has 566 occurance
merge 7370/9744: (436, 97) -> 7625 (b'inda') has 566 occurance
merge 7371/9744: (586, 271) -> 7626 (b' quit') has 566 occurance
merge 7372/9744: (618, 1668) -> 7627 (b' brush') has 566 occurance
merge 7373/9744: (691, 3964) -> 7628 (b' scattered') has 566 occurance
merge 7374/9744: (848, 110) -> 7629 (b'\xe2\x80\x9cIn') has 566 occurance
merge 7375/9744: (1495, 54) -> 7630 (b'196') has 566 occurance
merge 7376/9744: (34, 1874) -> 7631 (b'"Not') has 565 occurance
merge 7377/9744: (117, 597) -> 7632 (b'uable') has 565 occurance
merge 7378/9744: (335, 275) -> 7633 (b'iron') has 565 occurance
merge 7379/9744: (997, 4786) -> 7634 (b' district') has 565 occurance
merge 7380/9744: (108, 672) -> 7635 (b'lord') has 564 occurance
merge 7381/9744: (280, 263) -> 7636 (b' tore') has 564 occurance
merge 7382/9744: (472, 329) -> 7637 (b'osal') has 564 occurance
merge 7383/9744: (491, 356) -> 7638 (b'ryce') has 564 occurance
merge 7384/9744: (503, 382) -> 7639 (b'idered') has 564 occurance
merge 7385/9744: (558, 1113) -> 7640 (b' Jason') has 564 occurance
merge 7386/9744: (574, 2014) -> 7641 (b' cliff') has 564 occurance
merge 7387/9744: (1053, 275) -> 7642 (b' recon') has 564 occurance
merge 7388/9744: (3971, 305) -> 7643 (b' widow') has 564 occurance
merge 7389/9744: (3987, 650) -> 7644 (b' empire') has 564 occurance
merge 7390/9744: (257, 382) -> 7645 (b'hered') has 563 occurance
merge 7391/9744: (276, 1182) -> 7646 (b' fired') has 563 occurance
merge 7392/9744: (289, 3354) -> 7647 (b' pushing') has 563 occurance
merge 7393/9744: (291, 1732) -> 7648 (b' heels') has 563 occurance
merge 7394/9744: (316, 286) -> 7649 (b'sell') has 563 occurance
merge 7395/9744: (450, 330) -> 7650 (b'istent') has 563 occurance
merge 7396/9744: (571, 6148) -> 7651 (b' unusual') has 563 occurance
merge 7397/9744: (594, 621) -> 7652 (b' blade') has 563 occurance
merge 7398/9744: (1131, 647) -> 7653 (b' skull') has 563 occurance
merge 7399/9744: (3167, 115) -> 7654 (b' songs') has 563 occurance
merge 7400/9744: (4259, 1869) -> 7655 (b' relationship') has 563 occurance
merge 7401/9744: (121, 442) -> 7656 (b'yard') has 562 occurance
merge 7402/9744: (276, 1595) -> 7657 (b' faced') has 562 occurance
merge 7403/9744: (332, 730) -> 7658 (b'verted') has 562 occurance
merge 7404/9744: (372, 1091) -> 7659 (b' Mars') has 562 occurance
merge 7405/9744: (395, 381) -> 7660 (b' soil') has 562 occurance
merge 7406/9744: (506, 4516) -> 7661 (b' Finally') has 562 occurance
merge 7407/9744: (558, 3326) -> 7662 (b' July') has 562 occurance
merge 7408/9744: (659, 278) -> 7663 (b'ending') has 562 occurance
merge 7409/9744: (944, 358) -> 7664 (b'exam') has 562 occurance
merge 7410/9744: (997, 629) -> 7665 (b' distress') has 562 occurance
merge 7411/9744: (2802, 116) -> 7666 (b'Art') has 562 occurance
merge 7412/9744: (4018, 329) -> 7667 (b' principal') has 562 occurance
merge 7413/9744: (6340, 541) -> 7668 (b' quantity') has 562 occurance
merge 7414/9744: (45, 77) -> 7669 (b'-M') has 561 occurance
merge 7415/9744: (291, 5131) -> 7670 (b' hence') has 561 occurance
merge 7416/9744: (294, 271) -> 7671 (b' init') has 561 occurance
merge 7417/9744: (354, 399) -> 7672 (b'riel') has 561 occurance
merge 7418/9744: (1135, 302) -> 7673 (b'prot') has 561 occurance
merge 7419/9744: (2019, 268) -> 7674 (b' infer') has 561 occurance
merge 7420/9744: (276, 788) -> 7675 (b' fanc') has 560 occurance
merge 7421/9744: (641, 1117) -> 7676 (b' Andrew') has 560 occurance
merge 7422/9744: (1093, 282) -> 7677 (b' decor') has 560 occurance
merge 7423/9744: (32, 866) -> 7678 (b' iv') has 559 occurance
merge 7424/9744: (361, 458) -> 7679 (b' Hol') has 559 occurance
merge 7425/9744: (406, 295) -> 7680 (b' Cat') has 559 occurance
merge 7426/9744: (451, 259) -> 7681 (b'umin') has 559 occurance
merge 7427/9744: (470, 118) -> 7682 (b'iev') has 559 occurance
merge 7428/9744: (575, 2578) -> 7683 (b' training') has 559 occurance
merge 7429/9744: (1005, 1084) -> 7684 (b' frank') has 559 occurance
merge 7430/9744: (1050, 4988) -> 7685 (b' checked') has 559 occurance
merge 7431/9744: (1129, 687) -> 7686 (b' related') has 559 occurance
merge 7432/9744: (1536, 115) -> 7687 (b' lands') has 559 occurance
merge 7433/9744: (3644, 298) -> 7688 (b' autom') has 559 occurance
merge 7434/9744: (3959, 702) -> 7689 (b' sprang') has 559 occurance
merge 7435/9744: (4286, 757) -> 7690 (b' cheerful') has 559 occurance
merge 7436/9744: (46, 65) -> 7691 (b'.A') has 558 occurance
merge 7437/9744: (104, 458) -> 7692 (b'hol') has 558 occurance
merge 7438/9744: (119, 3608) -> 7693 (b'women') has 558 occurance
merge 7439/9744: (363, 963) -> 7694 (b' Six') has 558 occurance
merge 7440/9744: (386, 634) -> 7695 (b' kings') has 558 occurance
merge 7441/9744: (411, 97) -> 7696 (b'anta') has 558 occurance
merge 7442/9744: (451, 623) -> 7697 (b'umble') has 558 occurance
merge 7443/9744: (558, 390) -> 7698 (b' Jess') has 558 occurance
merge 7444/9744: (558, 3191) -> 7699 (b' Jean') has 558 occurance
merge 7445/9744: (840, 5021) -> 7700 (b' Virgin') has 558 occurance
merge 7446/9744: (927, 754) -> 7701 (b'death') has 558 occurance
merge 7447/9744: (1808, 263) -> 7702 (b'\xe2\x80\x9cAre') has 558 occurance
merge 7448/9744: (2083, 1750) -> 7703 (b' product') has 558 occurance
merge 7449/9744: (2990, 470) -> 7704 (b'aggie') has 558 occurance
merge 7450/9744: (4, 5) -> 7705 (b'\x04\x05') has 557 occurance
merge 7451/9744: (58, 95) -> 7706 (b':_') has 557 occurance
merge 7452/9744: (83, 1635) -> 7707 (b'Section') has 557 occurance
merge 7453/9744: (2030, 375) -> 7708 (b' Spain') has 557 occurance
merge 7454/9744: (3948, 5919) -> 7709 (b' Charlotte') has 557 occurance
merge 7455/9744: (4884, 658) -> 7710 (b' savage') has 557 occurance
merge 7456/9744: (5533, 97) -> 7711 (b' Africa') has 557 occurance
merge 7457/9744: (108, 756) -> 7712 (b'loc') has 556 occurance
merge 7458/9744: (112, 351) -> 7713 (b'pher') has 556 occurance
merge 7459/9744: (263, 657) -> 7714 (b'rene') has 556 occurance
merge 7460/9744: (279, 672) -> 7715 (b' cord') has 556 occurance
merge 7461/9744: (303, 263) -> 7716 (b' gre') has 556 occurance
merge 7462/9744: (337, 97) -> 7717 (b'ada') has 556 occurance
merge 7463/9744: (363, 417) -> 7718 (b' Squ') has 556 occurance
merge 7464/9744: (372, 2951) -> 7719 (b' Molly') has 556 occurance
merge 7465/9744: (571, 5711) -> 7720 (b' universe') has 556 occurance
merge 7466/9744: (768, 573) -> 7721 (b'close') has 556 occurance
merge 7467/9744: (4958, 850) -> 7722 (b' philosophy') has 556 occurance
merge 7468/9744: (46, 68) -> 7723 (b'.D') has 555 occurance
merge 7469/9744: (294, 1443) -> 7724 (b' inform') has 555 occurance
merge 7470/9744: (296, 1992) -> 7725 (b' III') has 555 occurance
merge 7471/9744: (329, 447) -> 7726 (b'alone') has 555 occurance
merge 7472/9744: (381, 314) -> 7727 (b'ilst') has 555 occurance
merge 7473/9744: (834, 5601) -> 7728 (b' contempl') has 555 occurance
merge 7474/9744: (882, 452) -> 7729 (b'intell') has 555 occurance
merge 7475/9744: (894, 1132) -> 7730 (b' exposed') has 555 occurance
merge 7476/9744: (899, 3628) -> 7731 (b' carpet') has 555 occurance
merge 7477/9744: (1093, 330) -> 7732 (b' decent') has 555 occurance
merge 7478/9744: (2821, 1048) -> 7733 (b' limited') has 555 occurance
merge 7479/9744: (3180, 265) -> 7734 (b'verend') has 555 occurance
merge 7480/9744: (5529, 1548) -> 7735 (b' qualities') has 555 occurance
merge 7481/9744: (102, 740) -> 7736 (b'few') has 554 occurance
merge 7482/9744: (269, 6881) -> 7737 (b' bosom') has 554 occurance
merge 7483/9744: (339, 3322) -> 7738 (b'\xe2\x80\x9cDid') has 554 occurance
merge 7484/9744: (431, 4519) -> 7739 (b' nearest') has 554 occurance
merge 7485/9744: (543, 4793) -> 7740 (b' Nobody') has 554 occurance
merge 7486/9744: (791, 3253) -> 7741 (b' deserve') has 554 occurance
merge 7487/9744: (4522, 270) -> 7742 (b' descended') has 554 occurance
merge 7488/9744: (83, 101) -> 7743 (b'Se') has 553 occurance
merge 7489/9744: (293, 882) -> 7744 (b' hint') has 553 occurance
merge 7490/9744: (459, 2142) -> 7745 (b' existed') has 553 occurance
merge 7491/9744: (523, 284) -> 7746 (b'ortes') has 553 occurance
merge 7492/9744: (766, 270) -> 7747 (b' parted') has 553 occurance
merge 7493/9744: (819, 541) -> 7748 (b'ensity') has 553 occurance
merge 7494/9744: (2124, 331) -> 7749 (b' exception') has 553 occurance
merge 7495/9744: (2389, 444) -> 7750 (b' slightest') has 553 occurance
merge 7496/9744: (84, 452) -> 7751 (b'Tell') has 552 occurance
merge 7497/9744: (515, 411) -> 7752 (b'geant') has 552 occurance
merge 7498/9744: (552, 358) -> 7753 (b' Ram') has 552 occurance
merge 7499/9744: (1002, 6661) -> 7754 (b' Ulrich') has 552 occurance
merge 7500/9744: (1059, 510) -> 7755 (b' active') has 552 occurance
merge 7501/9744: (2080, 118) -> 7756 (b' grav') has 552 occurance
merge 7502/9744: (2832, 626) -> 7757 (b' describe') has 552 occurance
merge 7503/9744: (45, 427) -> 7758 (b'-out') has 551 occurance
merge 7504/9744: (303, 1590) -> 7759 (b' games') has 551 occurance
merge 7505/9744: (308, 1098) -> 7760 (b'idents') has 551 occurance
merge 7506/9744: (319, 335) -> 7761 (b' thir') has 551 occurance
merge 7507/9744: (364, 884) -> 7762 (b' Ass') has 551 occurance
merge 7508/9744: (421, 3557) -> 7763 (b'ustration') has 551 occurance
merge 7509/9744: (459, 2359) -> 7764 (b' extended') has 551 occurance
merge 7510/9744: (577, 385) -> 7765 (b'earth') has 551 occurance
merge 7511/9744: (956, 278) -> 7766 (b'ucing') has 551 occurance
merge 7512/9744: (1005, 4001) -> 7767 (b' frowned') has 551 occurance
merge 7513/9744: (3464, 1825) -> 7768 (b'ashington') has 551 occurance
merge 7514/9744: (34, 919) -> 7769 (b'"She') has 550 occurance
merge 7515/9744: (98, 329) -> 7770 (b'bal') has 550 occurance
merge 7516/9744: (297, 6018) -> 7771 (b' nonsense') has 550 occurance
merge 7517/9744: (339, 2658) -> 7772 (b'\xe2\x80\x9cWho') has 550 occurance
merge 7518/9744: (385, 1744) -> 7773 (b'thousand') has 550 occurance
merge 7519/9744: (425, 1432) -> 7774 (b' shield') has 550 occurance
merge 7520/9744: (525, 911) -> 7775 (b' commer') has 550 occurance
merge 7521/9744: (543, 6945) -> 7776 (b' Negro') has 550 occurance
merge 7522/9744: (671, 466) -> 7777 (b'blood') has 550 occurance
merge 7523/9744: (2261, 89) -> 7778 (b'ITY') has 550 occurance
merge 7524/9744: (3757, 329) -> 7779 (b' conceal') has 550 occurance
merge 7525/9744: (288, 417) -> 7780 (b'anqu') has 549 occurance
merge 7526/9744: (302, 278) -> 7781 (b'oting') has 549 occurance
merge 7527/9744: (363, 351) -> 7782 (b' Sher') has 549 occurance
merge 7528/9744: (364, 1049) -> 7783 (b' Amy') has 549 occurance
merge 7529/9744: (480, 3085) -> 7784 (b' Luke') has 549 occurance
merge 7530/9744: (488, 874) -> 7785 (b' jail') has 549 occurance
merge 7531/9744: (972, 270) -> 7786 (b' lighted') has 549 occurance
merge 7532/9744: (1066, 318) -> 7787 (b' supply') has 549 occurance
merge 7533/9744: (1312, 1407) -> 7788 (b' Anna') has 549 occurance
merge 7534/9744: (1811, 2976) -> 7789 (b' treasure') has 549 occurance
merge 7535/9744: (269, 1994) -> 7790 (b' based') has 548 occurance
merge 7536/9744: (285, 767) -> 7791 (b' dried') has 548 occurance
merge 7537/9744: (319, 3319) -> 7792 (b' thumb') has 548 occurance
merge 7538/9744: (548, 1420) -> 7793 (b' plants') has 548 occurance
merge 7539/9744: (1584, 278) -> 7794 (b' staying') has 548 occurance
merge 7540/9744: (2426, 278) -> 7795 (b' expecting') has 548 occurance
merge 7541/9744: (3043, 275) -> 7796 (b' Baron') has 548 occurance
merge 7542/9744: (3397, 270) -> 7797 (b'passed') has 548 occurance
merge 7543/9744: (3757, 3052) -> 7798 (b' concealed') has 548 occurance
merge 7544/9744: (72, 290) -> 7799 (b'Har') has 547 occurance
merge 7545/9744: (109, 1250) -> 7800 (b'money') has 547 occurance
merge 7546/9744: (279, 353) -> 7801 (b' coo') has 547 occurance
merge 7547/9744: (298, 278) -> 7802 (b'oming') has 547 occurance
merge 7548/9744: (338, 121) -> 7803 (b' Ty') has 547 occurance
merge 7549/9744: (552, 1968) -> 7804 (b' Reg') has 547 occurance
merge 7550/9744: (818, 115) -> 7805 (b'hess') has 547 occurance
merge 7551/9744: (1184, 5264) -> 7806 (b' answers') has 547 occurance
merge 7552/9744: (2504, 3181) -> 7807 (b' Indeed') has 547 occurance
merge 7553/9744: (65, 86) -> 7808 (b'AV') has 546 occurance
merge 7554/9744: (282, 105) -> 7809 (b'ori') has 546 occurance
merge 7555/9744: (391, 452) -> 7810 (b' Bell') has 546 occurance
merge 7556/9744: (555, 5448) -> 7811 (b' Owen') has 546 occurance
merge 7557/9744: (1783, 581) -> 7812 (b' collap') has 546 occurance
merge 7558/9744: (2506, 1071) -> 7813 (b' spiritual') has 546 occurance
merge 7559/9744: (269, 702) -> 7814 (b' bang') has 545 occurance
merge 7560/9744: (293, 1272) -> 7815 (b' hunt') has 545 occurance
merge 7561/9744: (386, 1812) -> 7816 (b' kicked') has 545 occurance
merge 7562/9744: (425, 2154) -> 7817 (b' shocked') has 545 occurance
merge 7563/9744: (643, 1335) -> 7818 (b' amused') has 545 occurance
merge 7564/9744: (1138, 284) -> 7819 (b'inces') has 545 occurance
merge 7565/9744: (1421, 1499) -> 7820 (b' incident') has 545 occurance
merge 7566/9744: (2366, 439) -> 7821 (b' consideration') has 545 occurance
merge 7567/9744: (2490, 1151) -> 7822 (b' ruined') has 545 occurance
merge 7568/9744: (3244, 932) -> 7823 (b' problems') has 545 occurance
merge 7569/9744: (4198, 100) -> 7824 (b' Lyd') has 545 occurance
merge 7570/9744: (6663, 1443) -> 7825 (b' platform') has 545 occurance
merge 7571/9744: (81, 85) -> 7826 (b'QU') has 544 occurance
merge 7572/9744: (102, 647) -> 7827 (b'full') has 544 occurance
merge 7573/9744: (114, 259) -> 7828 (b'rin') has 544 occurance
merge 7574/9744: (119, 2445) -> 7829 (b'whel') has 544 occurance
merge 7575/9744: (258, 120) -> 7830 (b' ax') has 544 occurance
merge 7576/9744: (363, 3857) -> 7831 (b' Suddenly') has 544 occurance
merge 7577/9744: (363, 5568) -> 7832 (b' Shadow') has 544 occurance
merge 7578/9744: (366, 2359) -> 7833 (b' attended') has 544 occurance
merge 7579/9744: (552, 824) -> 7834 (b' Rog') has 544 occurance
merge 7580/9744: (1109, 1843) -> 7835 (b' changing') has 544 occurance
merge 7581/9744: (1604, 390) -> 7836 (b' excess') has 544 occurance
merge 7582/9744: (1808, 286) -> 7837 (b'\xe2\x80\x9cAll') has 544 occurance
merge 7583/9744: (1821, 573) -> 7838 (b'Those') has 544 occurance
merge 7584/9744: (3004, 278) -> 7839 (b' pressing') has 544 occurance
merge 7585/9744: (3729, 326) -> 7840 (b' blanket') has 544 occurance
merge 7586/9744: (6284, 495) -> 7841 (b' unfortunate') has 544 occurance
merge 7587/9744: (260, 2524) -> 7842 (b' soup') has 543 occurance
merge 7588/9744: (263, 318) -> 7843 (b'rely') has 543 occurance
merge 7589/9744: (263, 2005) -> 7844 (b'rels') has 543 occurance
merge 7590/9744: (279, 839) -> 7845 (b' cared') has 543 occurance
merge 7591/9744: (488, 826) -> 7846 (b' jaw') has 543 occurance
merge 7592/9744: (533, 926) -> 7847 (b' armed') has 543 occurance
merge 7593/9744: (872, 298) -> 7848 (b'whom') has 543 occurance
merge 7594/9744: (1681, 115) -> 7849 (b' interests') has 543 occurance
merge 7595/9744: (2420, 458) -> 7850 (b' Carol') has 543 occurance
merge 7596/9744: (5037, 730) -> 7851 (b' deserted') has 543 occurance
merge 7597/9744: (114, 315) -> 7852 (b'rim') has 542 occurance
merge 7598/9744: (338, 86) -> 7853 (b' TV') has 542 occurance
merge 7599/9744: (506, 841) -> 7854 (b' Fair') has 542 occurance
merge 7600/9744: (605, 723) -> 7855 (b' backward') has 542 occurance
merge 7601/9744: (1219, 1079) -> 7856 (b'convers') has 542 occurance
merge 7602/9744: (2504, 795) -> 7857 (b' India') has 542 occurance
merge 7603/9744: (7257, 598) -> 7858 (b'ctober') has 542 occurance
merge 7604/9744: (51, 50) -> 7859 (b'32') has 541 occurance
merge 7605/9744: (52, 54) -> 7860 (b'46') has 541 occurance
merge 7606/9744: (258, 5909) -> 7861 (b' arose') has 541 occurance
merge 7607/9744: (506, 97) -> 7862 (b' Fa') has 541 occurance
merge 7608/9744: (834, 1997) -> 7863 (b' contract') has 541 occurance
merge 7609/9744: (3451, 693) -> 7864 (b'porary') has 541 occurance
merge 7610/9744: (32, 2123) -> 7865 (b' ze') has 540 occurance
merge 7611/9744: (78, 856) -> 7866 (b'Never') has 540 occurance
merge 7612/9744: (279, 529) -> 7867 (b' cake') has 540 occurance
merge 7613/9744: (279, 945) -> 7868 (b' cock') has 540 occurance
merge 7614/9744: (289, 577) -> 7869 (b' pear') has 540 occurance
merge 7615/9744: (297, 958) -> 7870 (b' nations') has 540 occurance
merge 7616/9744: (514, 1020) -> 7871 (b'\xe2\x80\x94you') has 540 occurance
merge 7617/9744: (745, 4589) -> 7872 (b' apprehens') has 540 occurance
merge 7618/9744: (1305, 116) -> 7873 (b' Art') has 540 occurance
merge 7619/9744: (2229, 1151) -> 7874 (b' examined') has 540 occurance
merge 7620/9744: (6123, 318) -> 7875 (b' thoroughly') has 540 occurance
merge 7621/9744: (262, 2167) -> 7876 (b' wives') has 539 occurance
merge 7622/9744: (303, 581) -> 7877 (b' gap') has 539 occurance
merge 7623/9744: (361, 442) -> 7878 (b' Hard') has 539 occurance
merge 7624/9744: (501, 403) -> 7879 (b' Dun') has 539 occurance
merge 7625/9744: (1059, 278) -> 7880 (b' acting') has 539 occurance
merge 7626/9744: (2235, 849) -> 7881 (b'cannot') has 539 occurance
merge 7627/9744: (2278, 888) -> 7882 (b' veget') has 539 occurance
merge 7628/9744: (2682, 326) -> 7883 (b' penet') has 539 occurance
merge 7629/9744: (4317, 3472) -> 7884 (b' uneasy') has 539 occurance
merge 7630/9744: (5076, 301) -> 7885 (b' article') has 539 occurance
merge 7631/9744: (289, 512) -> 7886 (b' pace') has 538 occurance
merge 7632/9744: (648, 1590) -> 7887 (b' flames') has 538 occurance
merge 7633/9744: (751, 723) -> 7888 (b'forward') has 538 occurance
merge 7634/9744: (944, 99) -> 7889 (b'exc') has 538 occurance
merge 7635/9744: (3530, 7067) -> 7890 (b' genuine') has 538 occurance
merge 7636/9744: (73, 79) -> 7891 (b'IO') has 537 occurance
merge 7637/9744: (294, 107) -> 7892 (b' ink') has 537 occurance
merge 7638/9744: (313, 99) -> 7893 (b' ec') has 537 occurance
merge 7639/9744: (400, 1542) -> 7894 (b' rude') has 537 occurance
merge 7640/9744: (451, 911) -> 7895 (b'ummer') has 537 occurance
merge 7641/9744: (734, 4064) -> 7896 (b' slaves') has 537 occurance
merge 7642/9744: (1053, 330) -> 7897 (b' recent') has 537 occurance
merge 7643/9744: (1397, 808) -> 7898 (b' painting') has 537 occurance
merge 7644/9744: (3314, 278) -> 7899 (b' distributing') has 537 occurance
merge 7645/9744: (4439, 1773) -> 7900 (b' eBooks') has 537 occurance
merge 7646/9744: (52, 56) -> 7901 (b'48') has 536 occurance
merge 7647/9744: (102, 452) -> 7902 (b'fell') has 536 occurance
merge 7648/9744: (289, 908) -> 7903 (b' pup') has 536 occurance
merge 7649/9744: (411, 284) -> 7904 (b'antes') has 536 occurance
merge 7650/9744: (422, 638) -> 7905 (b' upright') has 536 occurance
merge 7651/9744: (756, 1998) -> 7906 (b'ociety') has 536 occurance
merge 7652/9744: (1115, 551) -> 7907 (b'brother') has 536 occurance
merge 7653/9744: (1981, 1635) -> 7908 (b' protection') has 536 occurance
merge 7654/9744: (2146, 1070) -> 7909 (b' magaz') has 536 occurance
merge 7655/9744: (2156, 288) -> 7910 (b' Dean') has 536 occurance
merge 7656/9744: (3545, 446) -> 7911 (b'viour') has 536 occurance
merge 7657/9744: (3801, 752) -> 7912 (b' wandered') has 536 occurance
merge 7658/9744: (4971, 771) -> 7913 (b' weapons') has 536 occurance
merge 7659/9744: (5155, 515) -> 7914 (b' exchange') has 536 occurance
merge 7660/9744: (314, 735) -> 7915 (b'stru') has 535 occurance
merge 7661/9744: (451, 278) -> 7916 (b'uming') has 535 occurance
merge 7662/9744: (746, 2359) -> 7917 (b' pretended') has 535 occurance
merge 7663/9744: (840, 952) -> 7918 (b' Vict') has 535 occurance
merge 7664/9744: (2024, 598) -> 7919 (b'hamber') has 535 occurance
merge 7665/9744: (4297, 98) -> 7920 (b' disturb') has 535 occurance
merge 7666/9744: (271, 935) -> 7921 (b'itors') has 534 occurance
merge 7667/9744: (339, 2716) -> 7922 (b'\xe2\x80\x9cWhere') has 534 occurance
merge 7668/9744: (714, 442) -> 7923 (b'tyard') has 534 occurance
merge 7669/9744: (946, 854) -> 7924 (b' endless') has 534 occurance
merge 7670/9744: (1025, 632) -> 7925 (b' marks') has 534 occurance
merge 7671/9744: (1257, 6496) -> 7926 (b' discovery') has 534 occurance
merge 7672/9744: (2194, 3190) -> 7927 (b' terribly') has 534 occurance
merge 7673/9744: (2311, 385) -> 7928 (b' fifth') has 534 occurance
merge 7674/9744: (2386, 390) -> 7929 (b' princess') has 534 occurance
merge 7675/9744: (3603, 108) -> 7930 (b'pril') has 534 occurance
merge 7676/9744: (4176, 1001) -> 7931 (b' astonished') has 534 occurance
merge 7677/9744: (5006, 0) -> 7932 (b'\x00?\x00') has 534 occurance
merge 7678/9744: (5319, 554) -> 7933 (b' adventure') has 534 occurance
merge 7679/9744: (45, 66) -> 7934 (b'-B') has 533 occurance
merge 7680/9744: (114, 305) -> 7935 (b'row') has 533 occurance
merge 7681/9744: (115, 3284) -> 7936 (b'sometimes') has 533 occurance
merge 7682/9744: (269, 328) -> 7937 (b' bay') has 533 occurance
merge 7683/9744: (285, 3319) -> 7938 (b' dumb') has 533 occurance
merge 7684/9744: (307, 374) -> 7939 (b'utch') has 533 occurance
merge 7685/9744: (398, 689) -> 7940 (b'usions') has 533 occurance
merge 7686/9744: (414, 436) -> 7941 (b' Wind') has 533 occurance
merge 7687/9744: (1387, 758) -> 7942 (b'uffled') has 533 occurance
merge 7688/9744: (2324, 649) -> 7943 (b' torment') has 533 occurance
merge 7689/9744: (3028, 4333) -> 7944 (b'becca') has 533 occurance
merge 7690/9744: (4297, 1246) -> 7945 (b' disturbed') has 533 occurance
merge 7691/9744: (6446, 318) -> 7946 (b' abruptly') has 533 occurance
merge 7692/9744: (34, 1455) -> 7947 (b'"This') has 532 occurance
merge 7693/9744: (53, 57) -> 7948 (b'59') has 532 occurance
merge 7694/9744: (55, 56) -> 7949 (b'78') has 532 occurance
merge 7695/9744: (73, 1837) -> 7950 (b'IES') has 532 occurance
merge 7696/9744: (268, 541) -> 7951 (b'erity') has 532 occurance
merge 7697/9744: (276, 263) -> 7952 (b' fre') has 532 occurance
merge 7698/9744: (291, 581) -> 7953 (b' heap') has 532 occurance
merge 7699/9744: (360, 2944) -> 7954 (b' antic') has 532 occurance
merge 7700/9744: (361, 6551) -> 7955 (b' Hazel') has 532 occurance
merge 7701/9744: (501, 6597) -> 7956 (b' Dumbledore') has 532 occurance
merge 7702/9744: (691, 492) -> 7957 (b' scra') has 532 occurance
merge 7703/9744: (1481, 557) -> 7958 (b' Alice') has 532 occurance
merge 7704/9744: (1654, 450) -> 7959 (b' artist') has 532 occurance
merge 7705/9744: (1733, 115) -> 7960 (b' grounds') has 532 occurance
merge 7706/9744: (2504, 1961) -> 7961 (b' Indians') has 532 occurance
merge 7707/9744: (2832, 3363) -> 7962 (b' description') has 532 occurance
merge 7708/9744: (3150, 76) -> 7963 (b'ELL') has 532 occurance
merge 7709/9744: (46, 93) -> 7964 (b'.]') has 531 occurance
merge 7710/9744: (117, 4563) -> 7965 (b'ufact') has 531 occurance
merge 7711/9744: (295, 1662) -> 7966 (b'atoes') has 531 occurance
merge 7712/9744: (361, 315) -> 7967 (b' Him') has 531 occurance
merge 7713/9744: (391, 830) -> 7968 (b' Both') has 531 occurance
merge 7714/9744: (417, 1026) -> 7969 (b'quiet') has 531 occurance
merge 7715/9744: (440, 101) -> 7970 (b' kne') has 531 occurance
merge 7716/9744: (558, 415) -> 7971 (b' Jem') has 531 occurance
merge 7717/9744: (1513, 7026) -> 7972 (b' response') has 531 occurance
merge 7718/9744: (1549, 1927) -> 7973 (b' raising') has 531 occurance
merge 7719/9744: (3894, 309) -> 7974 (b' panic') has 531 occurance
merge 7720/9744: (105, 1114) -> 7975 (b'iating') has 530 occurance
merge 7721/9744: (366, 7017) -> 7976 (b' atmosphere') has 530 occurance
merge 7722/9744: (371, 818) -> 7977 (b'eches') has 530 occurance
merge 7723/9744: (377, 329) -> 7978 (b'andal') has 530 occurance
merge 7724/9744: (506, 268) -> 7979 (b' Fer') has 530 occurance
merge 7725/9744: (1203, 115) -> 7980 (b' starts') has 530 occurance
merge 7726/9744: (3742, 271) -> 7981 (b' split') has 530 occurance
merge 7727/9744: (4528, 112) -> 7982 (b' grip') has 530 occurance
merge 7728/9744: (109, 1221) -> 7983 (b'mouth') has 529 occurance
merge 7729/9744: (400, 1342) -> 7984 (b' ratt') has 529 occurance
merge 7730/9744: (944, 1029) -> 7985 (b'except') has 529 occurance
merge 7731/9744: (1107, 3323) -> 7986 (b' resumed') has 529 occurance
merge 7732/9744: (1240, 3390) -> 7987 (b' hopeless') has 529 occurance
merge 7733/9744: (1386, 1948) -> 7988 (b'particular') has 529 occurance
merge 7734/9744: (1690, 660) -> 7989 (b' furious') has 529 occurance
merge 7735/9744: (4971, 275) -> 7990 (b' weapon') has 529 occurance
merge 7736/9744: (7039, 2123) -> 7991 (b' breeze') has 529 occurance
merge 7737/9744: (273, 107) -> 7992 (b'isk') has 528 occurance
merge 7738/9744: (387, 109) -> 7993 (b' sem') has 528 occurance
merge 7739/9744: (617, 315) -> 7994 (b' chim') has 528 occurance
merge 7740/9744: (657, 754) -> 7995 (b'neath') has 528 occurance
merge 7741/9744: (812, 2613) -> 7996 (b' keys') has 528 occurance
merge 7742/9744: (2419, 551) -> 7997 (b'Another') has 528 occurance
merge 7743/9744: (2494, 1998) -> 7998 (b' variety') has 528 occurance
merge 7744/9744: (4040, 1298) -> 7999 (b' eventually') has 528 occurance
merge 7745/9744: (65, 5082) -> 8000 (b'Again') has 527 occurance
merge 7746/9744: (100, 259) -> 8001 (b'din') has 527 occurance
merge 7747/9744: (111, 417) -> 8002 (b'oqu') has 527 occurance
merge 7748/9744: (313, 7324) -> 8003 (b' econom') has 527 occurance
merge 7749/9744: (333, 6470) -> 8004 (b' research') has 527 occurance
merge 7750/9744: (514, 409) -> 8005 (b'\xe2\x80\x94to') has 527 occurance
merge 7751/9744: (594, 627) -> 8006 (b' blond') has 527 occurance
merge 7752/9744: (1074, 6735) -> 8007 (b' considering') has 527 occurance
merge 7753/9744: (3352, 315) -> 8008 (b' victim') has 527 occurance
merge 7754/9744: (3580, 817) -> 8009 (b' increase') has 527 occurance
merge 7755/9744: (279, 5476) -> 8010 (b' cups') has 526 occurance
merge 7756/9744: (309, 2084) -> 8011 (b'icism') has 526 occurance
merge 7757/9744: (339, 2322) -> 8012 (b'\xe2\x80\x9cOf') has 526 occurance
merge 7758/9744: (363, 315) -> 8013 (b' Sim') has 526 occurance
merge 7759/9744: (552, 298) -> 8014 (b' Rom') has 526 occurance
merge 7760/9744: (627, 328) -> 8015 (b'onday') has 526 occurance
merge 7761/9744: (1018, 1182) -> 8016 (b' retired') has 526 occurance
merge 7762/9744: (2699, 101) -> 8017 (b' haste') has 526 occurance
merge 7763/9744: (2973, 318) -> 8018 (b' tightly') has 526 occurance
merge 7764/9744: (5241, 764) -> 8019 (b'family') has 526 occurance
merge 7765/9744: (108, 337) -> 8020 (b'lad') has 525 occurance
merge 7766/9744: (108, 826) -> 8021 (b'law') has 525 occurance
merge 7767/9744: (109, 1033) -> 8022 (b'maid') has 525 occurance
merge 7768/9744: (266, 314) -> 8023 (b'hast') has 525 occurance
merge 7769/9744: (840, 458) -> 8024 (b' Vol') has 525 occurance
merge 7770/9744: (1219, 4116) -> 8025 (b'concer') has 525 occurance
merge 7771/9744: (1251, 2375) -> 8026 (b'velope') has 525 occurance
merge 7772/9744: (1285, 329) -> 8027 (b' ideal') has 525 occurance
merge 7773/9744: (1366, 2433) -> 8028 (b' occurs') has 525 occurance
merge 7774/9744: (1398, 316) -> 8029 (b' purse') has 525 occurance
merge 7775/9744: (1601, 329) -> 8030 (b' signal') has 525 occurance
merge 7776/9744: (4344, 382) -> 8031 (b' preferred') has 525 occurance
merge 7777/9744: (4605, 1730) -> 8032 (b' magnific') has 525 occurance
merge 7778/9744: (45, 626) -> 8033 (b'-be') has 524 occurance
merge 7779/9744: (77, 388) -> 8034 (b'More') has 524 occurance
merge 7780/9744: (472, 554) -> 8035 (b'osure') has 524 occurance
merge 7781/9744: (574, 5167) -> 8036 (b' clerk') has 524 occurance
merge 7782/9744: (868, 114) -> 8037 (b' impr') has 524 occurance
merge 7783/9744: (870, 2408) -> 8038 (b' beloved') has 524 occurance
merge 7784/9744: (1332, 309) -> 8039 (b' delic') has 524 occurance
merge 7785/9744: (1678, 981) -> 8040 (b' insult') has 524 occurance
merge 7786/9744: (1710, 110) -> 8041 (b' syn') has 524 occurance
merge 7787/9744: (3311, 965) -> 8042 (b' tradition') has 524 occurance
merge 7788/9744: (745, 301) -> 8043 (b' apple') has 523 occurance
merge 7789/9744: (847, 553) -> 8044 (b'shine') has 523 occurance
merge 7790/9744: (1107, 99) -> 8045 (b' resc') has 523 occurance
merge 7791/9744: (1124, 4882) -> 8046 (b' elbow') has 523 occurance
merge 7792/9744: (1497, 115) -> 8047 (b' speaks') has 523 occurance
merge 7793/9744: (1701, 1296) -> 8048 (b' Island') has 523 occurance
merge 7794/9744: (1762, 5329) -> 8049 (b' University') has 523 occurance
merge 7795/9744: (1790, 856) -> 8050 (b'however') has 523 occurance
merge 7796/9744: (4584, 368) -> 8051 (b' Walter') has 523 occurance
merge 7797/9744: (5294, 515) -> 8052 (b' revenge') has 523 occurance
merge 7798/9744: (5908, 758) -> 8053 (b' acknowled') has 523 occurance
merge 7799/9744: (95, 93) -> 8054 (b'_]') has 522 occurance
merge 7800/9744: (100, 1077) -> 8055 (b'dream') has 522 occurance
merge 7801/9744: (480, 377) -> 8056 (b' Land') has 522 occurance
merge 7802/9744: (2679, 4735) -> 8057 (b' acquainted') has 522 occurance
merge 7803/9744: (3095, 76) -> 8058 (b'ILL') has 522 occurance
merge 7804/9744: (3227, 282) -> 8059 (b' motor') has 522 occurance
merge 7805/9744: (3288, 1246) -> 8060 (b' rubbed') has 522 occurance
merge 7806/9744: (78, 740) -> 8061 (b'New') has 521 occurance
merge 7807/9744: (288, 6736) -> 8062 (b'anaga') has 521 occurance
merge 7808/9744: (294, 374) -> 8063 (b' inch') has 521 occurance
merge 7809/9744: (301, 290) -> 8064 (b'lear') has 521 occurance
merge 7810/9744: (506, 101) -> 8065 (b' Fe') has 521 occurance
merge 7811/9744: (578, 34) -> 8066 (b'--"') has 521 occurance
merge 7812/9744: (1053, 1721) -> 8067 (b' recovered') has 521 occurance
merge 7813/9744: (1475, 765) -> 8068 (b' drops') has 521 occurance
merge 7814/9744: (2603, 522) -> 8069 (b' crept') has 521 occurance
merge 7815/9744: (2676, 10) -> 8070 (b'\x02\x1b\n') has 521 occurance
merge 7816/9744: (3621, 270) -> 8071 (b'hearted') has 521 occurance
merge 7817/9744: (4022, 668) -> 8072 (b'atrick') has 521 occurance
merge 7818/9744: (4567, 714) -> 8073 (b'oyalty') has 521 occurance
merge 7819/9744: (301, 1188) -> 8074 (b'lets') has 520 occurance
merge 7820/9744: (1174, 295) -> 8075 (b'grat') has 520 occurance
merge 7821/9744: (1404, 275) -> 8076 (b' lesson') has 520 occurance
merge 7822/9744: (1495, 55) -> 8077 (b'197') has 520 occurance
merge 7823/9744: (2171, 439) -> 8078 (b' sensation') has 520 occurance
merge 7824/9744: (98, 337) -> 8079 (b'bad') has 519 occurance
merge 7825/9744: (115, 782) -> 8080 (b'sign') has 519 occurance
merge 7826/9744: (294, 1824) -> 8081 (b' inev') has 519 occurance
merge 7827/9744: (398, 510) -> 8082 (b'usive') has 519 occurance
merge 7828/9744: (416, 284) -> 8083 (b'ules') has 519 occurance
merge 7829/9744: (450, 619) -> 8084 (b'istence') has 519 occurance
merge 7830/9744: (596, 619) -> 8085 (b'udence') has 519 occurance
merge 7831/9744: (816, 3993) -> 8086 (b'feeling') has 519 occurance
merge 7832/9744: (3079, 493) -> 8087 (b' smoking') has 519 occurance
merge 7833/9744: (4667, 356) -> 8088 (b' fierce') has 519 occurance
merge 7834/9744: (6413, 275) -> 8089 (b' horizon') has 519 occurance
merge 7835/9744: (84, 3795) -> 8090 (b'Thank') has 518 occurance
merge 7836/9744: (269, 447) -> 8091 (b' bone') has 518 occurance
merge 7837/9744: (309, 503) -> 8092 (b'icide') has 518 occurance
merge 7838/9744: (683, 278) -> 8093 (b'ilding') has 518 occurance
merge 7839/9744: (1801, 1577) -> 8094 (b' movements') has 518 occurance
merge 7840/9744: (2373, 4179) -> 8095 (b'ATION') has 518 occurance
merge 7841/9744: (3177, 471) -> 8096 (b'respect') has 518 occurance
merge 7842/9744: (471, 554) -> 8097 (b'ecture') has 517 occurance
merge 7843/9744: (485, 103) -> 8098 (b'hang') has 517 occurance
merge 7844/9744: (887, 121) -> 8099 (b'oby') has 517 occurance
merge 7845/9744: (2355, 270) -> 8100 (b' mounted') has 517 occurance
merge 7846/9744: (4270, 908) -> 8101 (b'occup') has 517 occurance
merge 7847/9744: (4643, 918) -> 8102 (b' responsible') has 517 occurance
merge 7848/9744: (7436, 649) -> 8103 (b' equipment') has 517 occurance
merge 7849/9744: (195, 170) -> 8104 (b'\xc3\xaa') has 516 occurance
merge 7850/9744: (276, 631) -> 8105 (b' file') has 516 occurance
merge 7851/9744: (279, 494) -> 8106 (b' cough') has 516 occurance
merge 7852/9744: (280, 2137) -> 8107 (b' toler') has 516 occurance
merge 7853/9744: (319, 553) -> 8108 (b' thine') has 516 occurance
merge 7854/9744: (391, 117) -> 8109 (b' Bu') has 516 occurance
merge 7855/9744: (399, 316) -> 8110 (b'else') has 516 occurance
merge 7856/9744: (463, 1626) -> 8111 (b' ability') has 516 occurance
merge 7857/9744: (514, 341) -> 8112 (b'\xe2\x80\x94\xe2\x80\x9d') has 516 occurance
merge 7858/9744: (515, 382) -> 8113 (b'gered') has 516 occurance
merge 7859/9744: (531, 284) -> 8114 (b' ages') has 516 occurance
merge 7860/9744: (822, 318) -> 8115 (b' comply') has 516 occurance
merge 7861/9744: (1009, 2834) -> 8116 (b' dragon') has 516 occurance
merge 7862/9744: (1324, 329) -> 8117 (b' steal') has 516 occurance
merge 7863/9744: (1614, 329) -> 8118 (b' formal') has 516 occurance
merge 7864/9744: (1691, 318) -> 8119 (b' shortly') has 516 occurance
merge 7865/9744: (2338, 1030) -> 8120 (b' utmost') has 516 occurance
merge 7866/9744: (3744, 115) -> 8121 (b'friends') has 516 occurance
merge 7867/9744: (4526, 312) -> 8122 (b' improve') has 516 occurance
merge 7868/9744: (45, 957) -> 8123 (b'-li') has 515 occurance
merge 7869/9744: (116, 991) -> 8124 (b'times') has 515 occurance
merge 7870/9744: (314, 329) -> 8125 (b'stal') has 515 occurance
merge 7871/9744: (443, 4250) -> 8126 (b' convey') has 515 occurance
merge 7872/9744: (1056, 110) -> 8127 (b' warn') has 515 occurance
merge 7873/9744: (2501, 270) -> 8128 (b' smelled') has 515 occurance
merge 7874/9744: (3096, 492) -> 8129 (b' portra') has 515 occurance
merge 7875/9744: (4176, 3722) -> 8130 (b' astonishment') has 515 occurance
merge 7876/9744: (63, 625) -> 8131 (b'?\xef\xbf\xbd') has 514 occurance
merge 7877/9744: (76, 672) -> 8132 (b'Lord') has 514 occurance
merge 7878/9744: (271, 495) -> 8133 (b'itate') has 514 occurance
merge 7879/9744: (369, 1206) -> 8134 (b'ifully') has 514 occurance
merge 7880/9744: (372, 373) -> 8135 (b' Mill') has 514 occurance
merge 7881/9744: (552, 1094) -> 8136 (b' Rub') has 514 occurance
merge 7882/9744: (2099, 1984) -> 8137 (b' Johnson') has 514 occurance
merge 7883/9744: (2127, 444) -> 8138 (b' modest') has 514 occurance
merge 7884/9744: (4684, 642) -> 8139 (b' ignorance') has 514 occurance
merge 7885/9744: (5634, 1182) -> 8140 (b'-haired') has 514 occurance
merge 7886/9744: (34, 2055) -> 8141 (b'"Now') has 513 occurance
merge 7887/9744: (86, 73) -> 8142 (b'VI') has 513 occurance
merge 7888/9744: (114, 453) -> 8143 (b'rous') has 513 occurance
merge 7889/9744: (411, 101) -> 8144 (b'ante') has 513 occurance
merge 7890/9744: (428, 110) -> 8145 (b' orn') has 513 occurance
merge 7891/9744: (571, 5321) -> 8146 (b' unconscious') has 513 occurance
merge 7892/9744: (750, 284) -> 8147 (b'izes') has 513 occurance
merge 7893/9744: (6044, 390) -> 8148 (b' Princess') has 513 occurance
merge 7894/9744: (79, 3220) -> 8149 (b'Okay') has 512 occurance
merge 7895/9744: (114, 553) -> 8150 (b'rine') has 512 occurance
merge 7896/9744: (327, 1007) -> 8151 (b'across') has 512 occurance
merge 7897/9744: (395, 3180) -> 8152 (b' sovere') has 512 occurance
merge 7898/9744: (606, 493) -> 8153 (b' seeking') has 512 occurance
merge 7899/9744: (746, 2043) -> 8154 (b' prepar') has 512 occurance
merge 7900/9744: (822, 839) -> 8155 (b' compared') has 512 occurance
merge 7901/9744: (1031, 1921) -> 8156 (b' attribut') has 512 occurance
merge 7902/9744: (1064, 263) -> 8157 (b' surre') has 512 occurance
merge 7903/9744: (1787, 733) -> 8158 (b' illness') has 512 occurance
merge 7904/9744: (2298, 537) -> 8159 (b' hallway') has 512 occurance
merge 7905/9744: (2479, 515) -> 8160 (b'change') has 512 occurance
merge 7906/9744: (111, 442) -> 8161 (b'oard') has 511 occurance
merge 7907/9744: (262, 1694) -> 8162 (b' witch') has 511 occurance
merge 7908/9744: (288, 282) -> 8163 (b'anor') has 511 occurance
merge 7909/9744: (307, 121) -> 8164 (b'uty') has 511 occurance
merge 7910/9744: (313, 3159) -> 8165 (b' erect') has 511 occurance
merge 7911/9744: (459, 5016) -> 8166 (b' exhib') has 511 occurance
merge 7912/9744: (1053, 1217) -> 8167 (b' recover') has 511 occurance
merge 7913/9744: (1201, 4357) -> 8168 (b' indifferent') has 511 occurance
merge 7914/9744: (1252, 1844) -> 8169 (b' monarch') has 511 occurance
merge 7915/9744: (1299, 985) -> 8170 (b' fellows') has 511 occurance
merge 7916/9744: (1646, 1975) -> 8171 (b'-two') has 511 occurance
merge 7917/9744: (3314, 331) -> 8172 (b' distribution') has 511 occurance
merge 7918/9744: (4995, 270) -> 8173 (b' embarrassed') has 511 occurance
merge 7919/9744: (115, 3857) -> 8174 (b'suddenly') has 510 occurance
merge 7920/9744: (327, 1987) -> 8175 (b'acco') has 510 occurance
merge 7921/9744: (436, 270) -> 8176 (b'inded') has 510 occurance
merge 7922/9744: (489, 259) -> 8177 (b' spin') has 510 occurance
merge 7923/9744: (594, 1170) -> 8178 (b' blowing') has 510 occurance
merge 7924/9744: (872, 573) -> 8179 (b'whose') has 510 occurance
merge 7925/9744: (959, 6435) -> 8180 (b' emotions') has 510 occurance
merge 7926/9744: (1853, 6102) -> 8181 (b' footsteps') has 510 occurance
merge 7927/9744: (2630, 284) -> 8182 (b' boxes') has 510 occurance
merge 7928/9744: (6726, 597) -> 8183 (b' available') has 510 occurance
merge 7929/9744: (55, 48) -> 8184 (b'70') has 509 occurance
merge 7930/9744: (76, 956) -> 8185 (b'Luc') has 509 occurance
merge 7931/9744: (77, 534) -> 8186 (b'Most') has 509 occurance
merge 7932/9744: (102, 631) -> 8187 (b'file') has 509 occurance
merge 7933/9744: (114, 621) -> 8188 (b'rade') has 509 occurance
merge 7934/9744: (115, 273) -> 8189 (b'sis') has 509 occurance
merge 7935/9744: (333, 582) -> 8190 (b' render') has 509 occurance
merge 7936/9744: (361, 2343) -> 8191 (b' Holy') has 509 occurance
merge 7937/9744: (376, 1525) -> 8192 (b' sheets') has 509 occurance
merge 7938/9744: (574, 2792) -> 8193 (b' closing') has 509 occurance
merge 7939/9744: (722, 115) -> 8194 (b'fts') has 509 occurance
merge 7940/9744: (772, 304) -> 8195 (b'...\n') has 509 occurance
merge 7941/9744: (1053, 3114) -> 8196 (b' recalled') has 509 occurance
merge 7942/9744: (1607, 513) -> 8197 (b' breathed') has 509 occurance
merge 7943/9744: (2414, 374) -> 8198 (b' couch') has 509 occurance
merge 7944/9744: (2851, 724) -> 8199 (b'account') has 509 occurance
merge 7945/9744: (4442, 1084) -> 8200 (b'Frank') has 509 occurance
merge 7946/9744: (289, 3561) -> 8201 (b' picking') has 508 occurance
merge 7947/9744: (334, 3539) -> 8202 (b' ult') has 508 occurance
merge 7948/9744: (385, 1376) -> 8203 (b'thinking') has 508 occurance
merge 7949/9744: (391, 1558) -> 8204 (b' Bern') has 508 occurance
merge 7950/9744: (531, 1665) -> 8205 (b' agony') has 508 occurance
merge 7951/9744: (603, 411) -> 8206 (b' grant') has 508 occurance
merge 7952/9744: (1000, 398) -> 8207 (b'ibus') has 508 occurance
merge 7953/9744: (1056, 354) -> 8208 (b' warri') has 508 occurance
merge 7954/9744: (1136, 114) -> 8209 (b' terr') has 508 occurance
merge 7955/9744: (1192, 5381) -> 8210 (b' substance') has 508 occurance
merge 7956/9744: (1328, 1149) -> 8211 (b' nearby') has 508 occurance
merge 7957/9744: (1719, 4603) -> 8212 (b' burden') has 508 occurance
merge 7958/9744: (2170, 120) -> 8213 (b'box') has 508 occurance
merge 7959/9744: (3149, 448) -> 8214 (b' prisoners') has 508 occurance
merge 7960/9744: (5002, 627) -> 8215 (b' Second') has 508 occurance
merge 7961/9744: (70, 108) -> 8216 (b'Fl') has 507 occurance
merge 7962/9744: (272, 2107) -> 8217 (b' mask') has 507 occurance
merge 7963/9744: (407, 2284) -> 8218 (b' docum') has 507 occurance
merge 7964/9744: (575, 453) -> 8219 (b' trous') has 507 occurance
merge 7965/9744: (814, 110) -> 8220 (b'mann') has 507 occurance
merge 7966/9744: (1175, 115) -> 8221 (b' beds') has 507 occurance
merge 7967/9744: (1398, 5455) -> 8222 (b' pursued') has 507 occurance
merge 7968/9744: (1495, 56) -> 8223 (b'198') has 507 occurance
merge 7969/9744: (1556, 82) -> 8224 (b'ARR') has 507 occurance
merge 7970/9744: (1739, 610) -> 8225 (b'therefore') has 507 occurance
merge 7971/9744: (1823, 541) -> 8226 (b' humanity') has 507 occurance
merge 7972/9744: (1903, 448) -> 8227 (b' corners') has 507 occurance
merge 7973/9744: (1925, 818) -> 8228 (b'itches') has 507 occurance
merge 7974/9744: (3186, 1359) -> 8229 (b' statement') has 507 occurance
merge 7975/9744: (5006, 900) -> 8230 (b'\x00?\x00\n') has 507 occurance
merge 7976/9744: (117, 2181) -> 8231 (b'uously') has 506 occurance
merge 7977/9744: (256, 259) -> 8232 (b' tin') has 506 occurance
merge 7978/9744: (289, 2464) -> 8233 (b' packed') has 506 occurance
merge 7979/9744: (292, 3902) -> 8234 (b' license') has 506 occurance
merge 7980/9744: (294, 1219) -> 8235 (b' incon') has 506 occurance
merge 7981/9744: (307, 1658) -> 8236 (b'uttered') has 506 occurance
merge 7982/9744: (438, 2816) -> 8237 (b' PRO') has 506 occurance
merge 7983/9744: (451, 3363) -> 8238 (b'umption') has 506 occurance
merge 7984/9744: (515, 265) -> 8239 (b'gend') has 506 occurance
merge 7985/9744: (718, 2634) -> 8240 (b' perceive') has 506 occurance
merge 7986/9744: (1446, 2356) -> 8241 (b' reduced') has 506 occurance
merge 7987/9744: (1954, 115) -> 8242 (b' roads') has 506 occurance
merge 7988/9744: (2972, 1741) -> 8243 (b' moonlight') has 506 occurance
merge 7989/9744: (6217, 1665) -> 8244 (b' ceremony') has 506 occurance
merge 7990/9744: (53, 53) -> 8245 (b'55') has 505 occurance
merge 7991/9744: (195, 186) -> 8246 (b'\xc3\xba') has 505 occurance
merge 7992/9744: (262, 4295) -> 8247 (b' wolf') has 505 occurance
merge 7993/9744: (339, 3131) -> 8248 (b'\xe2\x80\x9cCome') has 505 occurance
merge 7994/9744: (594, 2313) -> 8249 (b' blessed') has 505 occurance
merge 7995/9744: (1059, 115) -> 8250 (b' acts') has 505 occurance
merge 7996/9744: (1888, 3207) -> 8251 (b' propriet') has 505 occurance
merge 7997/9744: (2679, 1182) -> 8252 (b' acquired') has 505 occurance
merge 7998/9744: (3136, 99) -> 8253 (b' etc') has 505 occurance
merge 7999/9744: (4445, 7453) -> 8254 (b'IGHT') has 505 occurance
merge 8000/9744: (109, 375) -> 8255 (b'main') has 504 occurance
merge 8001/9744: (264, 607) -> 8256 (b' owe') has 504 occurance
merge 8002/9744: (272, 278) -> 8257 (b' ming') has 504 occurance
merge 8003/9744: (788, 257) -> 8258 (b'anche') has 504 occurance
merge 8004/9744: (2176, 268) -> 8259 (b' hunger') has 504 occurance
merge 8005/9744: (4996, 259) -> 8260 (b' Robin') has 504 occurance
merge 8006/9744: (5951, 119) -> 8261 (b'phew') has 504 occurance
merge 8007/9744: (326, 278) -> 8262 (b'eting') has 503 occurance
merge 8008/9744: (339, 2599) -> 8263 (b'\xe2\x80\x9cLet') has 503 occurance
merge 8009/9744: (391, 344) -> 8264 (b' Bur') has 503 occurance
merge 8010/9744: (1135, 753) -> 8265 (b'prise') has 503 occurance
merge 8011/9744: (1665, 109) -> 8266 (b'onym') has 503 occurance
merge 8012/9744: (1714, 448) -> 8267 (b'engers') has 503 occurance
merge 8013/9744: (2378, 577) -> 8268 (b' disappear') has 503 occurance
merge 8014/9744: (2577, 793) -> 8269 (b'happened') has 503 occurance
merge 8015/9744: (99, 379) -> 8270 (b'call') has 502 occurance
merge 8016/9744: (100, 1117) -> 8271 (b'drew') has 502 occurance
merge 8017/9744: (100, 1630) -> 8272 (b'daughter') has 502 occurance
merge 8018/9744: (108, 97) -> 8273 (b'la') has 502 occurance
merge 8019/9744: (298, 259) -> 8274 (b'omin') has 502 occurance
merge 8020/9744: (303, 330) -> 8275 (b' gent') has 502 occurance
merge 8021/9744: (333, 118) -> 8276 (b' rev') has 502 occurance
merge 8022/9744: (342, 7396) -> 8277 (b' stolen') has 502 occurance
merge 8023/9744: (477, 1716) -> 8278 (b' debt') has 502 occurance
merge 8024/9744: (702, 758) -> 8279 (b'angled') has 502 occurance
merge 8025/9744: (737, 495) -> 8280 (b' Kate') has 502 occurance
merge 8026/9744: (1729, 115) -> 8281 (b' towns') has 502 occurance
merge 8027/9744: (1795, 2014) -> 8282 (b' sniff') has 502 occurance
merge 8028/9744: (2195, 999) -> 8283 (b' medical') has 502 occurance
merge 8029/9744: (289, 1387) -> 8284 (b' puff') has 501 occurance
merge 8030/9744: (400, 1444) -> 8285 (b' range') has 501 occurance
merge 8031/9744: (410, 116) -> 8286 (b' butt') has 501 occurance
merge 8032/9744: (431, 8261) -> 8287 (b' nephew') has 501 occurance
merge 8033/9744: (501, 329) -> 8288 (b' Dal') has 501 occurance
merge 8034/9744: (523, 278) -> 8289 (b'orting') has 501 occurance
merge 8035/9744: (552, 1198) -> 8290 (b' Ruth') has 501 occurance
merge 8036/9744: (626, 1865) -> 8291 (b'begin') has 501 occurance
merge 8037/9744: (635, 1090) -> 8292 (b'\xe2\x80\x98No') has 501 occurance
merge 8038/9744: (946, 554) -> 8293 (b' endure') has 501 occurance
merge 8039/9744: (1255, 1373) -> 8294 (b' minister') has 501 occurance
merge 8040/9744: (1686, 110) -> 8295 (b' barn') has 501 occurance
merge 8041/9744: (2810, 1633) -> 8296 (b' trembled') has 501 occurance
merge 8042/9744: (3447, 4076) -> 8297 (b' degrees') has 501 occurance
merge 8043/9744: (269, 2754) -> 8298 (b' bunch') has 500 occurance
merge 8044/9744: (303, 6455) -> 8299 (b' gifts') has 500 occurance
merge 8045/9744: (319, 720) -> 8300 (b' thirst') has 500 occurance
merge 8046/9744: (350, 3602) -> 8301 (b' weeping') has 500 occurance
merge 8047/9744: (391, 827) -> 8302 (b' Book') has 500 occurance
merge 8048/9744: (548, 3664) -> 8303 (b' plastic') has 500 occurance
merge 8049/9744: (552, 328) -> 8304 (b' Ray') has 500 occurance
merge 8050/9744: (558, 358) -> 8305 (b' Jam') has 500 occurance
merge 8051/9744: (2118, 906) -> 8306 (b' bottles') has 500 occurance
merge 8052/9744: (3046, 444) -> 8307 (b' ancest') has 500 occurance
merge 8053/9744: (3228, 689) -> 8308 (b' millions') has 500 occurance
merge 8054/9744: (85, 77) -> 8309 (b'UM') has 499 occurance
merge 8055/9744: (269, 989) -> 8310 (b' bund') has 499 occurance
merge 8056/9744: (543, 668) -> 8311 (b' Nick') has 499 occurance
merge 8057/9744: (543, 4322) -> 8312 (b' NOT') has 499 occurance
merge 8058/9744: (912, 284) -> 8313 (b' passes') has 499 occurance
merge 8059/9744: (992, 2976) -> 8314 (b'pleasure') has 499 occurance
merge 8060/9744: (1015, 2684) -> 8315 (b' champ') has 499 occurance
merge 8061/9744: (1897, 1927) -> 8316 (b' surprising') has 499 occurance
merge 8062/9744: (2125, 6243) -> 8317 (b' esteem') has 499 occurance
merge 8063/9744: (5189, 75) -> 8318 (b'OOK') has 499 occurance
merge 8064/9744: (5587, 270) -> 8319 (b' tossed') has 499 occurance
merge 8065/9744: (7954, 674) -> 8320 (b' anticip') has 499 occurance
merge 8066/9744: (99, 305) -> 8321 (b'cow') has 498 occurance
merge 8067/9744: (112, 295) -> 8322 (b'pat') has 498 occurance
merge 8068/9744: (114, 337) -> 8323 (b'rad') has 498 occurance
merge 8069/9744: (272, 874) -> 8324 (b' mail') has 498 occurance
merge 8070/9744: (406, 357) -> 8325 (b' Could') has 498 occurance
merge 8071/9744: (438, 263) -> 8326 (b' Pre') has 498 occurance
merge 8072/9744: (458, 287) -> 8327 (b'olas') has 498 occurance
merge 8073/9744: (462, 100) -> 8328 (b' nod') has 498 occurance
merge 8074/9744: (596, 1096) -> 8329 (b'udder') has 498 occurance
merge 8075/9744: (886, 2175) -> 8330 (b' China') has 498 occurance
merge 8076/9744: (1727, 693) -> 8331 (b' Clary') has 498 occurance
merge 8077/9744: (98, 302) -> 8332 (b'bot') has 497 occurance
merge 8078/9744: (109, 736) -> 8333 (b'mark') has 497 occurance
merge 8079/9744: (279, 1356) -> 8334 (b' cash') has 497 occurance
merge 8080/9744: (289, 416) -> 8335 (b' pul') has 497 occurance
merge 8081/9744: (339, 3032) -> 8336 (b'\xe2\x80\x9cYour') has 497 occurance
merge 8082/9744: (845, 301) -> 8337 (b'sole') has 497 occurance
merge 8083/9744: (1047, 3253) -> 8338 (b' preserve') has 497 occurance
merge 8084/9744: (1495, 57) -> 8339 (b'199') has 497 occurance
merge 8085/9744: (3593, 278) -> 8340 (b' searching') has 497 occurance
merge 8086/9744: (4118, 318) -> 8341 (b' eagerly') has 497 occurance
merge 8087/9744: (45, 268) -> 8342 (b'-er') has 496 occurance
merge 8088/9744: (70, 646) -> 8343 (b'Father') has 496 occurance
merge 8089/9744: (109, 989) -> 8344 (b'mund') has 496 occurance
merge 8090/9744: (285, 1313) -> 8345 (b' dug') has 496 occurance
merge 8091/9744: (308, 448) -> 8346 (b'iders') has 496 occurance
merge 8092/9744: (358, 110) -> 8347 (b'amn') has 496 occurance
merge 8093/9744: (391, 282) -> 8348 (b' Bor') has 496 occurance
merge 8094/9744: (416, 1114) -> 8349 (b'ulating') has 496 occurance
merge 8095/9744: (1229, 268) -> 8350 (b' career') has 496 occurance
merge 8096/9744: (2723, 649) -> 8351 (b' treatment') has 496 occurance
merge 8097/9744: (3332, 318) -> 8352 (b' calmly') has 496 occurance
merge 8098/9744: (103, 712) -> 8353 (b'gave') has 495 occurance
merge 8099/9744: (122, 111) -> 8354 (b'zo') has 495 occurance
merge 8100/9744: (282, 597) -> 8355 (b'orable') has 495 occurance
merge 8101/9744: (306, 5928) -> 8356 (b' bewild') has 495 occurance
merge 8102/9744: (321, 44) -> 8357 (b'\xe2\x80\x99,') has 495 occurance
merge 8103/9744: (415, 992) -> 8358 (b'emple') has 495 occurance
merge 8104/9744: (422, 723) -> 8359 (b' upward') has 495 occurance
merge 8105/9744: (507, 554) -> 8360 (b'cture') has 495 occurance
merge 8106/9744: (655, 2503) -> 8361 (b' disgu') has 495 occurance
merge 8107/9744: (1783, 471) -> 8362 (b' collect') has 495 occurance
merge 8108/9744: (2128, 326) -> 8363 (b' planet') has 495 occurance
merge 8109/9744: (3252, 854) -> 8364 (b' motionless') has 495 occurance
merge 8110/9744: (5623, 4698) -> 8365 (b' staircase') has 495 occurance
merge 8111/9744: (95, 95) -> 8366 (b'__') has 494 occurance
merge 8112/9744: (103, 4211) -> 8367 (b'given') has 494 occurance
merge 8113/9744: (269, 105) -> 8368 (b' bi') has 494 occurance
merge 8114/9744: (279, 121) -> 8369 (b' cy') has 494 occurance
merge 8115/9744: (279, 554) -> 8370 (b' cure') has 494 occurance
merge 8116/9744: (292, 1379) -> 8371 (b' limp') has 494 occurance
merge 8117/9744: (383, 518) -> 8372 (b' Theod') has 494 occurance
merge 8118/9744: (391, 1120) -> 8373 (b' Buck') has 494 occurance
merge 8119/9744: (543, 2254) -> 8374 (b' Nature') has 494 occurance
merge 8120/9744: (552, 7425) -> 8375 (b' Ralph') has 494 occurance
merge 8121/9744: (690, 275) -> 8376 (b'anson') has 494 occurance
merge 8122/9744: (1352, 278) -> 8377 (b'idding') has 494 occurance
merge 8123/9744: (1682, 5781) -> 8378 (b' numerous') has 494 occurance
merge 8124/9744: (2022, 318) -> 8379 (b' strangely') has 494 occurance
merge 8125/9744: (2829, 689) -> 8380 (b' opinions') has 494 occurance
merge 8126/9744: (4231, 336) -> 8381 (b' Smith') has 494 occurance
merge 8127/9744: (4257, 382) -> 8382 (b'othered') has 494 occurance
merge 8128/9744: (4710, 4710) -> 8383 (b'-\x00-\x00-\x00-\x00') has 494 occurance
merge 8129/9744: (5868, 758) -> 8384 (b' puzzled') has 494 occurance
merge 8130/9744: (45, 257) -> 8385 (b'-he') has 493 occurance
merge 8131/9744: (115, 1603) -> 8386 (b'school') has 493 occurance
merge 8132/9744: (333, 564) -> 8387 (b' reass') has 493 occurance
merge 8133/9744: (887, 98) -> 8388 (b'obb') has 493 occurance
merge 8134/9744: (961, 259) -> 8389 (b'within') has 493 occurance
merge 8135/9744: (1902, 5677) -> 8390 (b' centuries') has 493 occurance
merge 8136/9744: (2378, 3949) -> 8391 (b' disappointed') has 493 occurance
merge 8137/9744: (3140, 75) -> 8392 (b'ICK') has 493 occurance
merge 8138/9744: (3191, 3038) -> 8393 (b'eanwhile') has 493 occurance
merge 8139/9744: (115, 1955) -> 8394 (b'susp') has 492 occurance
merge 8140/9744: (745, 3949) -> 8395 (b' appointed') has 492 occurance
merge 8141/9744: (1536, 278) -> 8396 (b' landing') has 492 occurance
merge 8142/9744: (1821, 644) -> 8397 (b'Three') has 492 occurance
merge 8143/9744: (4518, 1978) -> 8398 (b' execution') has 492 occurance
merge 8144/9744: (102, 446) -> 8399 (b'four') has 491 occurance
merge 8145/9744: (115, 277) -> 8400 (b'sen') has 491 occurance
merge 8146/9744: (276, 418) -> 8401 (b' fab') has 491 occurance
merge 8147/9744: (292, 331) -> 8402 (b' lion') has 491 occurance
merge 8148/9744: (329, 107) -> 8403 (b'alk') has 491 occurance
merge 8149/9744: (555, 332) -> 8404 (b' Over') has 491 occurance
merge 8150/9744: (1272, 97) -> 8405 (b'unta') has 491 occurance
merge 8151/9744: (2275, 111) -> 8406 (b' Leo') has 491 occurance
merge 8152/9744: (2703, 999) -> 8407 (b' practical') has 491 occurance
merge 8153/9744: (5249, 439) -> 8408 (b' admiration') has 491 occurance
merge 8154/9744: (24, 10) -> 8409 (b'\x18\n') has 490 occurance
merge 8155/9744: (45, 447) -> 8410 (b'-one') has 490 occurance
merge 8156/9744: (260, 388) -> 8411 (b' sore') has 490 occurance
merge 8157/9744: (819, 270) -> 8412 (b'ensed') has 490 occurance
merge 8158/9744: (2293, 649) -> 8413 (b' element') has 490 occurance
merge 8159/9744: (105, 702) -> 8414 (b'iang') has 489 occurance
merge 8160/9744: (108, 288) -> 8415 (b'lan') has 489 occurance
merge 8161/9744: (112, 266) -> 8416 (b'pha') has 489 occurance
merge 8162/9744: (112, 2136) -> 8417 (b'piece') has 489 occurance
merge 8163/9744: (282, 329) -> 8418 (b'oral') has 489 occurance
merge 8164/9744: (301, 475) -> 8419 (b'least') has 489 occurance
merge 8165/9744: (333, 2804) -> 8420 (b' renew') has 489 occurance
merge 8166/9744: (349, 7727) -> 8421 (b' whilst') has 489 occurance
merge 8167/9744: (391, 681) -> 8422 (b' Boy') has 489 occurance
merge 8168/9744: (943, 2960) -> 8423 (b' reports') has 489 occurance
merge 8169/9744: (1445, 3398) -> 8424 (b'scape') has 489 occurance
merge 8170/9744: (1493, 1595) -> 8425 (b'-faced') has 489 occurance
merge 8171/9744: (1585, 1898) -> 8426 (b' stopping') has 489 occurance
merge 8172/9744: (1719, 511) -> 8427 (b' burnt') has 489 occurance
merge 8173/9744: (2037, 115) -> 8428 (b' secrets') has 489 occurance
merge 8174/9744: (3225, 318) -> 8429 (b' plainly') has 489 occurance
merge 8175/9744: (5420, 374) -> 8430 (b' stretch') has 489 occurance
merge 8176/9744: (5910, 510) -> 8431 (b' survive') has 489 occurance
merge 8177/9744: (63, 578) -> 8432 (b'?--') has 488 occurance
merge 8178/9744: (263, 559) -> 8433 (b'rete') has 488 occurance
merge 8179/9744: (289, 1694) -> 8434 (b' pitch') has 488 occurance
merge 8180/9744: (655, 6639) -> 8435 (b' disgrace') has 488 occurance
merge 8181/9744: (672, 288) -> 8436 (b'ordan') has 488 occurance
merge 8182/9744: (1031, 330) -> 8437 (b' attent') has 488 occurance
merge 8183/9744: (1231, 316) -> 8438 (b' curse') has 488 occurance
merge 8184/9744: (1686, 3434) -> 8439 (b' barbar') has 488 occurance
merge 8185/9744: (2620, 97) -> 8440 (b' Sea') has 488 occurance
merge 8186/9744: (2734, 278) -> 8441 (b' gazing') has 488 occurance
merge 8187/9744: (3991, 382) -> 8442 (b' stirred') has 488 occurance
merge 8188/9744: (67, 290) -> 8443 (b'Car') has 487 occurance
merge 8189/9744: (303, 1237) -> 8444 (b' gained') has 487 occurance
merge 8190/9744: (552, 6035) -> 8445 (b' Rachel') has 487 occurance
merge 8191/9744: (648, 2875) -> 8446 (b' flashed') has 487 occurance
merge 8192/9744: (910, 101) -> 8447 (b' Ye') has 487 occurance
merge 8193/9744: (1933, 3291) -> 8448 (b' troubles') has 487 occurance
merge 8194/9744: (3426, 853) -> 8449 (b' Julian') has 487 occurance
merge 8195/9744: (100, 354) -> 8450 (b'dri') has 486 occurance
merge 8196/9744: (403, 808) -> 8451 (b'unting') has 486 occurance
merge 8197/9744: (863, 2464) -> 8452 (b' cracked') has 486 occurance
merge 8198/9744: (912, 689) -> 8453 (b' passions') has 486 occurance
merge 8199/9744: (1112, 102) -> 8454 (b' diff') has 486 occurance
merge 8200/9744: (1529, 69) -> 8455 (b'INE') has 486 occurance
merge 8201/9744: (1969, 4036) -> 8456 (b' devoted') has 486 occurance
merge 8202/9744: (2592, 3101) -> 8457 (b' conviction') has 486 occurance
merge 8203/9744: (6022, 110) -> 8458 (b' pattern') has 486 occurance
merge 8204/9744: (82, 111) -> 8459 (b'Ro') has 485 occurance
merge 8205/9744: (279, 658) -> 8460 (b' cage') has 485 occurance
merge 8206/9744: (289, 7378) -> 8461 (b' phenomen') has 485 occurance
merge 8207/9744: (290, 920) -> 8462 (b'arched') has 485 occurance
merge 8208/9744: (309, 1358) -> 8463 (b'icient') has 485 occurance
merge 8209/9744: (527, 1101) -> 8464 (b'ittee') has 485 occurance
merge 8210/9744: (718, 3257) -> 8465 (b' permit') has 485 occurance
merge 8211/9744: (1260, 267) -> 8466 (b' Thou') has 485 occurance
merge 8212/9744: (1427, 568) -> 8467 (b' awak') has 485 occurance
merge 8213/9744: (3185, 277) -> 8468 (b' beaten') has 485 occurance
merge 8214/9744: (4706, 3625) -> 8469 (b' positive') has 485 occurance
merge 8215/9744: (5906, 470) -> 8470 (b' movie') has 485 occurance
merge 8216/9744: (260, 456) -> 8471 (b' sack') has 484 occurance
merge 8217/9744: (289, 270) -> 8472 (b' ped') has 484 occurance
merge 8218/9744: (354, 1105) -> 8473 (b'rigg') has 484 occurance
merge 8219/9744: (438, 448) -> 8474 (b' Pers') has 484 occurance
merge 8220/9744: (598, 491) -> 8475 (b'berry') has 484 occurance
merge 8221/9744: (1148, 4356) -> 8476 (b' assistance') has 484 occurance
merge 8222/9744: (1252, 2072) -> 8477 (b' monster') has 484 occurance
merge 8223/9744: (2054, 278) -> 8478 (b' crossing') has 484 occurance
merge 8224/9744: (292, 278) -> 8479 (b' ling') has 483 occurance
merge 8225/9744: (293, 3934) -> 8480 (b' holes') has 483 occurance
merge 8226/9744: (523, 4725) -> 8481 (b'orthern') has 483 occurance
merge 8227/9744: (556, 110) -> 8482 (b'aren') has 483 occurance
merge 8228/9744: (2128, 1141) -> 8483 (b' planned') has 483 occurance
merge 8229/9744: (269, 810) -> 8484 (b' boss') has 482 occurance
merge 8230/9744: (361, 373) -> 8485 (b' Hill') has 482 occurance
merge 8231/9744: (590, 375) -> 8486 (b'plain') has 482 occurance
merge 8232/9744: (618, 308) -> 8487 (b' brid') has 482 occurance
merge 8233/9744: (635, 775) -> 8488 (b'\xe2\x80\x98It') has 482 occurance
merge 8234/9744: (749, 332) -> 8489 (b' wherever') has 482 occurance
merge 8235/9744: (1300, 115) -> 8490 (b' plays') has 482 occurance
merge 8236/9744: (1427, 97) -> 8491 (b' awa') has 482 occurance
merge 8237/9744: (1553, 116) -> 8492 (b' closet') has 482 occurance
merge 8238/9744: (1896, 318) -> 8493 (b' strongly') has 482 occurance
merge 8239/9744: (3080, 3913) -> 8494 (b' miracle') has 482 occurance
merge 8240/9744: (5220, 115) -> 8495 (b' curtains') has 482 occurance
merge 8241/9744: (5982, 819) -> 8496 (b' citizens') has 482 occurance
merge 8242/9744: (6046, 1177) -> 8497 (b'quarters') has 482 occurance
merge 8243/9744: (45, 1174) -> 8498 (b'-gr') has 481 occurance
merge 8244/9744: (69, 3753) -> 8499 (b'ECT') has 481 occurance
merge 8245/9744: (71, 268) -> 8500 (b'Ger') has 481 occurance
merge 8246/9744: (112, 2413) -> 8501 (b'possible') has 481 occurance
merge 8247/9744: (269, 1342) -> 8502 (b' batt') has 481 occurance
merge 8248/9744: (285, 381) -> 8503 (b' dil') has 481 occurance
merge 8249/9744: (460, 1891) -> 8504 (b' alike') has 481 occurance
merge 8250/9744: (1248, 1499) -> 8505 (b' confident') has 481 occurance
merge 8251/9744: (2393, 2641) -> 8506 (b' volume') has 481 occurance
merge 8252/9744: (2509, 448) -> 8507 (b' prayers') has 481 occurance
merge 8253/9744: (2616, 561) -> 8508 (b' occasionally') has 481 occurance
merge 8254/9744: (2647, 2510) -> 8509 (b' error') has 481 occurance
merge 8255/9744: (2872, 2117) -> 8510 (b' ignored') has 481 occurance
merge 8256/9744: (3672, 731) -> 8511 (b' applied') has 481 occurance
merge 8257/9744: (5336, 1160) -> 8512 (b'business') has 481 occurance
merge 8258/9744: (77, 101) -> 8513 (b'Me') has 480 occurance
merge 8259/9744: (269, 1082) -> 8514 (b' bits') has 480 occurance
merge 8260/9744: (288, 632) -> 8515 (b'anks') has 480 occurance
merge 8261/9744: (289, 6388) -> 8516 (b' powder') has 480 occurance
merge 8262/9744: (292, 1070) -> 8517 (b' laz') has 480 occurance
merge 8263/9744: (361, 97) -> 8518 (b' Ha') has 480 occurance
merge 8264/9744: (425, 1640) -> 8519 (b' shrie') has 480 occurance
merge 8265/9744: (488, 2045) -> 8520 (b' jury') has 480 occurance
merge 8266/9744: (669, 1741) -> 8521 (b' daylight') has 480 occurance
merge 8267/9744: (887, 1405) -> 8522 (b'obser') has 480 occurance
merge 8268/9744: (1027, 329) -> 8523 (b' coal') has 480 occurance
merge 8269/9744: (1248, 6521) -> 8524 (b' confirmed') has 480 occurance
merge 8270/9744: (1634, 689) -> 8525 (b' directions') has 480 occurance
merge 8271/9744: (1743, 1246) -> 8526 (b'cribed') has 480 occurance
merge 8272/9744: (2620, 522) -> 8527 (b' Sept') has 480 occurance
merge 8273/9744: (3028, 394) -> 8528 (b'become') has 480 occurance
merge 8274/9744: (3314, 101) -> 8529 (b' distribute') has 480 occurance
merge 8275/9744: (3963, 2259) -> 8530 (b'character') has 480 occurance
merge 8276/9744: (4219, 318) -> 8531 (b' rarely') has 480 occurance
merge 8277/9744: (5771, 6589) -> 8532 (b' velvet') has 480 occurance
merge 8278/9744: (79, 307) -> 8533 (b'Out') has 479 occurance
merge 8279/9744: (109, 399) -> 8534 (b'mel') has 479 occurance
merge 8280/9744: (117, 111) -> 8535 (b'uo') has 479 occurance
merge 8281/9744: (289, 6468) -> 8536 (b' piano') has 479 occurance
merge 8282/9744: (338, 353) -> 8537 (b' Too') has 479 occurance
merge 8283/9744: (402, 115) -> 8538 (b'ags') has 479 occurance
merge 8284/9744: (648, 970) -> 8539 (b' flatter') has 479 occurance
merge 8285/9744: (1154, 114) -> 8540 (b' restr') has 479 occurance
merge 8286/9744: (1239, 2901) -> 8541 (b' refuge') has 479 occurance
merge 8287/9744: (1749, 2441) -> 8542 (b' sixteen') has 479 occurance
merge 8288/9744: (2051, 10) -> 8543 (b' \xe2\x80\xa6\n') has 479 occurance
merge 8289/9744: (4349, 330) -> 8544 (b' intelligent') has 479 occurance
merge 8290/9744: (6, 6) -> 8545 (b'\x06\x06') has 478 occurance
merge 8291/9744: (77, 328) -> 8546 (b'May') has 478 occurance
merge 8292/9744: (98, 1144) -> 8547 (b'bott') has 478 occurance
merge 8293/9744: (115, 2827) -> 8548 (b'sleep') has 478 occurance
merge 8294/9744: (302, 368) -> 8549 (b'otter') has 478 occurance
merge 8295/9744: (314, 495) -> 8550 (b'state') has 478 occurance
merge 8296/9744: (938, 7923) -> 8551 (b' courtyard') has 478 occurance
merge 8297/9744: (1192, 100) -> 8552 (b' subd') has 478 occurance
merge 8298/9744: (1671, 650) -> 8553 (b' admire') has 478 occurance
merge 8299/9744: (57, 48) -> 8554 (b'90') has 477 occurance
merge 8300/9744: (286, 101) -> 8555 (b'lle') has 477 occurance
merge 8301/9744: (331, 270) -> 8556 (b'ioned') has 477 occurance
merge 8302/9744: (816, 326) -> 8557 (b'feet') has 477 occurance
merge 8303/9744: (1017, 115) -> 8558 (b' sets') has 477 occurance
merge 8304/9744: (1470, 1916) -> 8559 (b'probably') has 477 occurance
merge 8305/9744: (0, 120) -> 8560 (b'\x00x') has 476 occurance
merge 8306/9744: (35, 2) -> 8561 (b'#\x02') has 476 occurance
merge 8307/9744: (46, 91) -> 8562 (b'.[') has 476 occurance
merge 8308/9744: (83, 913) -> 8563 (b'Since') has 476 occurance
merge 8309/9744: (115, 403) -> 8564 (b'sun') has 476 occurance
merge 8310/9744: (264, 120) -> 8565 (b' ox') has 476 occurance
merge 8311/9744: (289, 553) -> 8566 (b' pine') has 476 occurance
merge 8312/9744: (360, 107) -> 8567 (b' ank') has 476 occurance
merge 8313/9744: (425, 1022) -> 8568 (b' shower') has 476 occurance
merge 8314/9744: (458, 110) -> 8569 (b'oln') has 476 occurance
merge 8315/9744: (618, 503) -> 8570 (b' bride') has 476 occurance
merge 8316/9744: (618, 564) -> 8571 (b' brass') has 476 occurance
merge 8317/9744: (957, 444) -> 8572 (b'liest') has 476 occurance
merge 8318/9744: (1021, 115) -> 8573 (b' fathers') has 476 occurance
merge 8319/9744: (1565, 1407) -> 8574 (b'ovna') has 476 occurance
merge 8320/9744: (1915, 639) -> 8575 (b'super') has 476 occurance
merge 8321/9744: (2288, 1049) -> 8576 (b' Tommy') has 476 occurance
merge 8322/9744: (3644, 4634) -> 8577 (b' autumn') has 476 occurance
merge 8323/9744: (3939, 305) -> 8578 (b'window') has 476 occurance
merge 8324/9744: (4200, 3761) -> 8579 (b' sufficiently') has 476 occurance
merge 8325/9744: (4264, 954) -> 8580 (b' emerged') has 476 occurance
merge 8326/9744: (4517, 115) -> 8581 (b' beasts') has 476 occurance
merge 8327/9744: (98, 444) -> 8582 (b'best') has 475 occurance
merge 8328/9744: (276, 5152) -> 8583 (b' fucking') has 475 occurance
merge 8329/9744: (308, 399) -> 8584 (b'idel') has 475 occurance
merge 8330/9744: (343, 286) -> 8585 (b'roll') has 475 occurance
merge 8331/9744: (436, 3181) -> 8586 (b'indeed') has 475 occurance
merge 8332/9744: (477, 356) -> 8587 (b' dece') has 475 occurance
merge 8333/9744: (514, 259) -> 8588 (b'\xe2\x80\x94in') has 475 occurance
merge 8334/9744: (910, 1423) -> 8589 (b' Y\xc3\xbc') has 475 occurance
merge 8335/9744: (1087, 2983) -> 8590 (b' community') has 475 occurance
merge 8336/9744: (1379, 316) -> 8591 (b'impse') has 475 occurance
merge 8337/9744: (3622, 1978) -> 8592 (b'stitution') has 475 occurance
merge 8338/9744: (5368, 318) -> 8593 (b' swiftly') has 475 occurance
merge 8339/9744: (99, 732) -> 8594 (b'corn') has 474 occurance
merge 8340/9744: (195, 167) -> 8595 (b'\xc3\xa7') has 474 occurance
merge 8341/9744: (257, 290) -> 8596 (b'hear') has 474 occurance
merge 8342/9744: (339, 82) -> 8597 (b'\xe2\x80\x9cR') has 474 occurance
merge 8343/9744: (391, 343) -> 8598 (b' Bro') has 474 occurance
merge 8344/9744: (618, 307) -> 8599 (b' brut') has 474 occurance
merge 8345/9744: (893, 764) -> 8600 (b' happily') has 474 occurance
merge 8346/9744: (2707, 111) -> 8601 (b'ancho') has 474 occurance
merge 8347/9744: (3841, 107) -> 8602 (b' folk') has 474 occurance
merge 8348/9744: (6480, 731) -> 8603 (b' terrified') has 474 occurance
merge 8349/9744: (42, 10) -> 8604 (b'*\n') has 473 occurance
merge 8350/9744: (268, 495) -> 8605 (b'erate') has 473 occurance
merge 8351/9744: (296, 83) -> 8606 (b' IS') has 473 occurance
merge 8352/9744: (326, 257) -> 8607 (b'ethe') has 473 occurance
merge 8353/9744: (335, 97) -> 8608 (b'ira') has 473 occurance
merge 8354/9744: (400, 826) -> 8609 (b' raw') has 473 occurance
merge 8355/9744: (517, 115) -> 8610 (b'hings') has 473 occurance
merge 8356/9744: (555, 115) -> 8611 (b' Os') has 473 occurance
merge 8357/9744: (718, 3059) -> 8612 (b' performed') has 473 occurance
merge 8358/9744: (940, 2999) -> 8613 (b' obtained') has 473 occurance
merge 8359/9744: (961, 4083) -> 8614 (b'withstanding') has 473 occurance
merge 8360/9744: (2379, 282) -> 8615 (b' visitor') has 473 occurance
merge 8361/9744: (2920, 541) -> 8616 (b' vanity') has 473 occurance
merge 8362/9744: (5117, 368) -> 8617 (b' shelter') has 473 occurance
merge 8363/9744: (5353, 935) -> 8618 (b' doctors') has 473 occurance
merge 8364/9744: (83, 3857) -> 8619 (b'Suddenly') has 472 occurance
merge 8365/9744: (98, 2045) -> 8620 (b'bury') has 472 occurance
merge 8366/9744: (292, 1039) -> 8621 (b' lung') has 472 occurance
merge 8367/9744: (313, 104) -> 8622 (b' eh') has 472 occurance
merge 8368/9744: (337, 111) -> 8623 (b'ado') has 472 occurance
merge 8369/9744: (353, 102) -> 8624 (b'oof') has 472 occurance
merge 8370/9744: (450, 1921) -> 8625 (b'istribut') has 472 occurance
merge 8371/9744: (1131, 1568) -> 8626 (b' skirt') has 472 occurance
merge 8372/9744: (1394, 2441) -> 8627 (b' fourteen') has 472 occurance
merge 8373/9744: (3359, 954) -> 8628 (b' urged') has 472 occurance
merge 8374/9744: (3481, 6065) -> 8629 (b' domestic') has 472 occurance
merge 8375/9744: (3922, 270) -> 8630 (b' represented') has 472 occurance
merge 8376/9744: (106, 97) -> 8631 (b'ja') has 471 occurance
merge 8377/9744: (112, 592) -> 8632 (b'pite') has 471 occurance
merge 8378/9744: (112, 1275) -> 8633 (b'poor') has 471 occurance
merge 8379/9744: (112, 1877) -> 8634 (b'position') has 471 occurance
merge 8380/9744: (293, 466) -> 8635 (b' hood') has 471 occurance
merge 8381/9744: (338, 115) -> 8636 (b' Ts') has 471 occurance
merge 8382/9744: (377, 270) -> 8637 (b'anded') has 471 occurance
merge 8383/9744: (552, 423) -> 8638 (b' Right') has 471 occurance
merge 8384/9744: (668, 318) -> 8639 (b'ickly') has 471 occurance
merge 8385/9744: (1026, 580) -> 8640 (b'ieties') has 471 occurance
merge 8386/9744: (2728, 427) -> 8641 (b' About') has 471 occurance
merge 8387/9744: (3331, 491) -> 8642 (b' merry') has 471 occurance
merge 8388/9744: (5961, 8062) -> 8643 (b' Toranaga') has 471 occurance
merge 8389/9744: (71, 326) -> 8644 (b'Get') has 470 occurance
merge 8390/9744: (111, 295) -> 8645 (b'oat') has 470 occurance
merge 8391/9744: (260, 358) -> 8646 (b' sam') has 470 occurance
merge 8392/9744: (264, 754) -> 8647 (b' oath') has 470 occurance
merge 8393/9744: (600, 2267) -> 8648 (b' overcome') has 470 occurance
merge 8394/9744: (617, 373) -> 8649 (b' chill') has 470 occurance
merge 8395/9744: (927, 544) -> 8650 (b'deep') has 470 occurance
merge 8396/9744: (1585, 301) -> 8651 (b' stole') has 470 occurance
merge 8397/9744: (7217, 1939) -> 8652 (b' lantern') has 470 occurance
merge 8398/9744: (7412, 381) -> 8653 (b' pencil') has 470 occurance
merge 8399/9744: (85, 67) -> 8654 (b'UC') has 469 occurance
merge 8400/9744: (337, 470) -> 8655 (b'adie') has 469 occurance
merge 8401/9744: (594, 2922) -> 8656 (b' bloom') has 469 occurance
merge 8402/9744: (1015, 2864) -> 8657 (b' chapter') has 469 occurance
merge 8403/9744: (2074, 118) -> 8658 (b' observ') has 469 occurance
merge 8404/9744: (3481, 259) -> 8659 (b' domin') has 469 occurance
merge 8405/9744: (6012, 312) -> 8660 (b' sleeve') has 469 occurance
merge 8406/9744: (55, 53) -> 8661 (b'75') has 468 occurance
merge 8407/9744: (108, 1160) -> 8662 (b'liness') has 468 occurance
merge 8408/9744: (109, 518) -> 8663 (b'mod') has 468 occurance
merge 8409/9744: (279, 2575) -> 8664 (b' cattle') has 468 occurance
merge 8410/9744: (297, 444) -> 8665 (b' nest') has 468 occurance
merge 8411/9744: (333, 6337) -> 8666 (b' rendered') has 468 occurance
merge 8412/9744: (648, 1804) -> 8667 (b' flushed') has 468 occurance
merge 8413/9744: (881, 117) -> 8668 (b' Stu') has 468 occurance
merge 8414/9744: (1397, 115) -> 8669 (b' pains') has 468 occurance
merge 8415/9744: (1481, 845) -> 8670 (b' Also') has 468 occurance
merge 8416/9744: (5393, 424) -> 8671 (b' Stephen') has 468 occurance
merge 8417/9744: (7317, 6378) -> 8672 (b' Scarlett') has 468 occurance
merge 8418/9744: (7529, 411) -> 8673 (b' restaurant') has 468 occurance
merge 8419/9744: (62, 4769) -> 8674 (b'></') has 467 occurance
merge 8420/9744: (327, 1359) -> 8675 (b'acement') has 467 occurance
merge 8421/9744: (443, 1029) -> 8676 (b' concept') has 467 occurance
merge 8422/9744: (618, 668) -> 8677 (b' brick') has 467 occurance
merge 8423/9744: (1269, 2568) -> 8678 (b' buzz') has 467 occurance
merge 8424/9744: (3060, 270) -> 8679 (b' attempted') has 467 occurance
merge 8425/9744: (3766, 439) -> 8680 (b' operation') has 467 occurance
merge 8426/9744: (4596, 121) -> 8681 (b' seventy') has 467 occurance
merge 8427/9744: (6908, 290) -> 8682 (b' altar') has 467 occurance
merge 8428/9744: (45, 2231) -> 8683 (b'-off') has 466 occurance
merge 8429/9744: (65, 100) -> 8684 (b'Ad') has 466 occurance
merge 8430/9744: (285, 403) -> 8685 (b' dun') has 466 occurance
merge 8431/9744: (297, 2433) -> 8686 (b' nurs') has 466 occurance
merge 8432/9744: (364, 467) -> 8687 (b' Alf') has 466 occurance
merge 8433/9744: (533, 1188) -> 8688 (b' arts') has 466 occurance
merge 8434/9744: (652, 8026) -> 8689 (b' envelope') has 466 occurance
merge 8435/9744: (694, 2323) -> 8690 (b' adjust') has 466 occurance
merge 8436/9744: (713, 5044) -> 8691 (b' nevertheless') has 466 occurance
merge 8437/9744: (737, 110) -> 8692 (b' Kn') has 466 occurance
merge 8438/9744: (1231, 758) -> 8693 (b' curled') has 466 occurance
merge 8439/9744: (1636, 99) -> 8694 (b' esc') has 466 occurance
merge 8440/9744: (2462, 1096) -> 8695 (b' ladder') has 466 occurance
merge 8441/9744: (4965, 331) -> 8696 (b' version') has 466 occurance
merge 8442/9744: (5382, 282) -> 8697 (b' Major') has 466 occurance
merge 8443/9744: (6068, 3724) -> 8698 (b' instrument') has 466 occurance
merge 8444/9744: (39, 77) -> 8699 (b"'M") has 465 occurance
merge 8445/9744: (73, 66) -> 8700 (b'IB') has 465 occurance
merge 8446/9744: (112, 97) -> 8701 (b'pa') has 465 occurance
merge 8447/9744: (289, 627) -> 8702 (b' pond') has 465 occurance
merge 8448/9744: (309, 958) -> 8703 (b'ications') has 465 occurance
merge 8449/9744: (353, 1971) -> 8704 (b'ooped') has 465 occurance
merge 8450/9744: (443, 106) -> 8705 (b' conj') has 465 occurance
merge 8451/9744: (788, 115) -> 8706 (b'ancs') has 465 occurance
merge 8452/9744: (1004, 2886) -> 8707 (b' teaching') has 465 occurance
merge 8453/9744: (1120, 121) -> 8708 (b'ucky') has 465 occurance
merge 8454/9744: (1242, 278) -> 8709 (b' helping') has 465 occurance
merge 8455/9744: (1353, 1079) -> 8710 (b' lovers') has 465 occurance
merge 8456/9744: (5051, 121) -> 8711 (b' jealousy') has 465 occurance
merge 8457/9744: (5158, 515) -> 8712 (b'large') has 465 occurance
merge 8458/9744: (32, 6296) -> 8713 (b' \xee\x81\x93') has 464 occurance
merge 8459/9744: (79, 80) -> 8714 (b'OP') has 464 occurance
merge 8460/9744: (361, 329) -> 8715 (b' Hal') has 464 occurance
merge 8461/9744: (364, 389) -> 8716 (b' App') has 464 occurance
merge 8462/9744: (2044, 1372) -> 8717 (b' figured') has 464 occurance
merge 8463/9744: (2478, 2746) -> 8718 (b' eighteen') has 464 occurance
merge 8464/9744: (3818, 121) -> 8719 (b' Germany') has 464 occurance
merge 8465/9744: (98, 1254) -> 8720 (b'bene') has 463 occurance
merge 8466/9744: (108, 328) -> 8721 (b'lay') has 463 occurance
merge 8467/9744: (119, 1538) -> 8722 (b'wonder') has 463 occurance
merge 8468/9744: (291, 335) -> 8723 (b' heir') has 463 occurance
merge 8469/9744: (292, 1830) -> 8724 (b' lots') has 463 occurance
merge 8470/9744: (303, 97) -> 8725 (b' ga') has 463 occurance
merge 8471/9744: (350, 522) -> 8726 (b' wept') has 463 occurance
merge 8472/9744: (406, 1360) -> 8727 (b' Camp') has 463 occurance
merge 8473/9744: (408, 1396) -> 8728 (b' alley') has 463 occurance
merge 8474/9744: (414, 72) -> 8729 (b' WH') has 463 occurance
merge 8475/9744: (1181, 270) -> 8730 (b' counted') has 463 occurance
merge 8476/9744: (1573, 112) -> 8731 (b' trap') has 463 occurance
merge 8477/9744: (4549, 554) -> 8732 (b' venture') has 463 occurance
merge 8478/9744: (315, 1665) -> 8733 (b'imony') has 462 occurance
merge 8479/9744: (319, 914) -> 8734 (b' thigh') has 462 occurance
merge 8480/9744: (326, 309) -> 8735 (b'etic') has 462 occurance
merge 8481/9744: (364, 354) -> 8736 (b' Ari') has 462 occurance
merge 8482/9744: (886, 683) -> 8737 (b' Child') has 462 occurance
merge 8483/9744: (963, 1648) -> 8738 (b'ixote') has 462 occurance
merge 8484/9744: (1191, 3896) -> 8739 (b' intimate') has 462 occurance
merge 8485/9744: (2585, 554) -> 8740 (b' failure') has 462 occurance
merge 8486/9744: (3473, 282) -> 8741 (b'spector') has 462 occurance
merge 8487/9744: (4168, 1978) -> 8742 (b' revolution') has 462 occurance
merge 8488/9744: (4272, 263) -> 8743 (b'\xc3\xa8re') has 462 occurance
merge 8489/9744: (103, 115) -> 8744 (b'gs') has 461 occurance
merge 8490/9744: (256, 1094) -> 8745 (b' tub') has 461 occurance
merge 8491/9744: (260, 1635) -> 8746 (b' section') has 461 occurance
merge 8492/9744: (269, 308) -> 8747 (b' bid') has 461 occurance
merge 8493/9744: (343, 115) -> 8748 (b'ros') has 461 occurance
merge 8494/9744: (361, 288) -> 8749 (b' Han') has 461 occurance
merge 8495/9744: (406, 7746) -> 8750 (b' Cortes') has 461 occurance
merge 8496/9744: (853, 657) -> 8751 (b'ianne') has 461 occurance
merge 8497/9744: (1058, 344) -> 8752 (b' accur') has 461 occurance
merge 8498/9744: (1834, 4933) -> 8753 (b' depths') has 461 occurance
merge 8499/9744: (2821, 2091) -> 8754 (b' limbs') has 461 occurance
merge 8500/9744: (4932, 471) -> 8755 (b' aspect') has 461 occurance
merge 8501/9744: (260, 298) -> 8756 (b' som') has 460 occurance
merge 8502/9744: (287, 316) -> 8757 (b'asse') has 460 occurance
merge 8503/9744: (313, 263) -> 8758 (b' ere') has 460 occurance
merge 8504/9744: (364, 847) -> 8759 (b' Ash') has 460 occurance
merge 8505/9744: (369, 1752) -> 8760 (b'iffic') has 460 occurance
merge 8506/9744: (372, 398) -> 8761 (b' Mus') has 460 occurance
merge 8507/9744: (414, 7768) -> 8762 (b' Washington') has 460 occurance
merge 8508/9744: (737, 295) -> 8763 (b' Kat') has 460 occurance
merge 8509/9744: (1660, 318) -> 8764 (b' lively') has 460 occurance
merge 8510/9744: (1815, 512) -> 8765 (b' Grace') has 460 occurance
merge 8511/9744: (1822, 330) -> 8766 (b' absent') has 460 occurance
merge 8512/9744: (2197, 112) -> 8767 (b' Emp') has 460 occurance
merge 8513/9744: (2429, 278) -> 8768 (b'evening') has 460 occurance
merge 8514/9744: (2703, 1881) -> 8769 (b' practically') has 460 occurance
merge 8515/9744: (3951, 259) -> 8770 (b'stein') has 460 occurance
merge 8516/9744: (4412, 442) -> 8771 (b' coward') has 460 occurance
merge 8517/9744: (39, 922) -> 8772 (b"'What") has 459 occurance
merge 8518/9744: (76, 89) -> 8773 (b'LY') has 459 occurance
merge 8519/9744: (108, 3262) -> 8774 (b'leness') has 459 occurance
merge 8520/9744: (109, 553) -> 8775 (b'mine') has 459 occurance
merge 8521/9744: (285, 873) -> 8776 (b' dial') has 459 occurance
merge 8522/9744: (354, 585) -> 8777 (b'riff') has 459 occurance
merge 8523/9744: (391, 627) -> 8778 (b' Bond') has 459 occurance
merge 8524/9744: (411, 1526) -> 8779 (b'antages') has 459 occurance
merge 8525/9744: (545, 6463) -> 8780 (b' Elsa') has 459 occurance
merge 8526/9744: (552, 1824) -> 8781 (b' Rev') has 459 occurance
merge 8527/9744: (574, 358) -> 8782 (b' clam') has 459 occurance
merge 8528/9744: (868, 1348) -> 8783 (b' impressed') has 459 occurance
merge 8529/9744: (1646, 547) -> 8784 (b'-time') has 459 occurance
merge 8530/9744: (1785, 301) -> 8785 (b' angle') has 459 occurance
merge 8531/9744: (2201, 5036) -> 8786 (b' benefit') has 459 occurance
merge 8532/9744: (3441, 10) -> 8787 (b' *\n') has 459 occurance
merge 8533/9744: (3649, 115) -> 8788 (b' islands') has 459 occurance
merge 8534/9744: (4173, 330) -> 8789 (b' frequent') has 459 occurance
merge 8535/9744: (102, 4531) -> 8790 (b'finger') has 458 occurance
merge 8536/9744: (104, 116) -> 8791 (b'ht') has 458 occurance
merge 8537/9744: (362, 270) -> 8792 (b' noted') has 458 occurance
merge 8538/9744: (483, 1000) -> 8793 (b' Gib') has 458 occurance
merge 8539/9744: (533, 100) -> 8794 (b' ard') has 458 occurance
merge 8540/9744: (555, 108) -> 8795 (b' Ol') has 458 occurance
merge 8541/9744: (847, 523) -> 8796 (b'short') has 458 occurance
merge 8542/9744: (2233, 84) -> 8797 (b'IST') has 458 occurance
merge 8543/9744: (2950, 318) -> 8798 (b' safely') has 458 occurance
merge 8544/9744: (4955, 278) -> 8799 (b' gathering') has 458 occurance
merge 8545/9744: (258, 522) -> 8800 (b' apt') has 457 occurance
merge 8546/9744: (272, 468) -> 8801 (b' mart') has 457 occurance
merge 8547/9744: (330, 553) -> 8802 (b'entine') has 457 occurance
merge 8548/9744: (438, 354) -> 8803 (b' Pri') has 457 occurance
merge 8549/9744: (608, 757) -> 8804 (b' handful') has 457 occurance
merge 8550/9744: (657, 1150) -> 8805 (b'next') has 457 occurance
merge 8551/9744: (791, 2615) -> 8806 (b' desires') has 457 occurance
merge 8552/9744: (927, 102) -> 8807 (b'def') has 457 occurance
merge 8553/9744: (1207, 109) -> 8808 (b'alem') has 457 occurance
merge 8554/9744: (1238, 115) -> 8809 (b' returns') has 457 occurance
merge 8555/9744: (2706, 2238) -> 8810 (b' quarrel') has 457 occurance
merge 8556/9744: (3279, 4953) -> 8811 (b' idiot') has 457 occurance
merge 8557/9744: (3994, 1114) -> 8812 (b' floating') has 457 occurance
merge 8558/9744: (4866, 377) -> 8813 (b' Alexand') has 457 occurance
merge 8559/9744: (83, 667) -> 8814 (b'Such') has 456 occurance
merge 8560/9744: (98, 8175) -> 8815 (b'bacco') has 456 occurance
merge 8561/9744: (104, 259) -> 8816 (b'hin') has 456 occurance
merge 8562/9744: (115, 2714) -> 8817 (b'says') has 456 occurance
merge 8563/9744: (326, 97) -> 8818 (b'eta') has 456 occurance
merge 8564/9744: (372, 564) -> 8819 (b' Mass') has 456 occurance
merge 8565/9744: (745, 326) -> 8820 (b' appet') has 456 occurance
merge 8566/9744: (881, 288) -> 8821 (b' Stan') has 456 occurance
merge 8567/9744: (1047, 1098) -> 8822 (b' presents') has 456 occurance
merge 8568/9744: (1226, 954) -> 8823 (b' charged') has 456 occurance
merge 8569/9744: (1313, 115) -> 8824 (b'ugs') has 456 occurance
merge 8570/9744: (45, 1115) -> 8825 (b'-br') has 455 occurance
merge 8571/9744: (73, 69) -> 8826 (b'IE') has 455 occurance
merge 8572/9744: (259, 102) -> 8827 (b'inf') has 455 occurance
merge 8573/9744: (260, 359) -> 8828 (b' ske') has 455 occurance
merge 8574/9744: (303, 4469) -> 8829 (b' gigg') has 455 occurance
merge 8575/9744: (372, 3272) -> 8830 (b' Mama') has 455 occurance
merge 8576/9744: (425, 604) -> 8831 (b' shove') has 455 occurance
merge 8577/9744: (501, 956) -> 8832 (b' Duc') has 455 occurance
merge 8578/9744: (927, 337) -> 8833 (b'dead') has 455 occurance
merge 8579/9744: (1336, 305) -> 8834 (b'arrow') has 455 occurance
merge 8580/9744: (4643, 3226) -> 8835 (b' responsibility') has 455 occurance
merge 8581/9744: (5280, 689) -> 8836 (b' instructions') has 455 occurance
merge 8582/9744: (5, 10) -> 8837 (b'\x05\n') has 454 occurance
merge 8583/9744: (116, 354) -> 8838 (b'tri') has 454 occurance
merge 8584/9744: (282, 356) -> 8839 (b'orce') has 454 occurance
merge 8585/9744: (308, 97) -> 8840 (b'ida') has 454 occurance
merge 8586/9744: (364, 1057) -> 8841 (b' Acc') has 454 occurance
merge 8587/9744: (443, 3620) -> 8842 (b' conception') has 454 occurance
merge 8588/9744: (475, 115) -> 8843 (b'asts') has 454 occurance
merge 8589/9744: (506, 1714) -> 8844 (b' Feng') has 454 occurance
merge 8590/9744: (670, 270) -> 8845 (b'olded') has 454 occurance
merge 8591/9744: (936, 656) -> 8846 (b' waving') has 454 occurance
merge 8592/9744: (1154, 278) -> 8847 (b' resting') has 454 occurance
merge 8593/9744: (1625, 1262) -> 8848 (b' singular') has 454 occurance
merge 8594/9744: (3426, 795) -> 8849 (b' Julia') has 454 occurance
merge 8595/9744: (3463, 632) -> 8850 (b' banks') has 454 occurance
merge 8596/9744: (4782, 866) -> 8851 (b' cultiv') has 454 occurance
merge 8597/9744: (269, 627) -> 8852 (b' bond') has 453 occurance
merge 8598/9744: (302, 111) -> 8853 (b'oto') has 453 occurance
merge 8599/9744: (543, 581) -> 8854 (b' Nap') has 453 occurance
merge 8600/9744: (902, 288) -> 8855 (b'mean') has 453 occurance
merge 8601/9744: (1430, 108) -> 8856 (b' affl') has 453 occurance
merge 8602/9744: (1457, 4468) -> 8857 (b' policy') has 453 occurance
merge 8603/9744: (1785, 6671) -> 8858 (b' angrily') has 453 occurance
merge 8604/9744: (3764, 331) -> 8859 (b' discussion') has 453 occurance
merge 8605/9744: (75, 69) -> 8860 (b'KE') has 452 occurance
merge 8606/9744: (111, 493) -> 8861 (b'oking') has 452 occurance
merge 8607/9744: (291, 100) -> 8862 (b' hed') has 452 occurance
merge 8608/9744: (363, 3573) -> 8863 (b' Shall') has 452 occurance
merge 8609/9744: (391, 918) -> 8864 (b' Bible') has 452 occurance
merge 8610/9744: (463, 1742) -> 8865 (b' abstr') has 452 occurance
merge 8611/9744: (518, 270) -> 8866 (b'oded') has 452 occurance
merge 8612/9744: (644, 107) -> 8867 (b'reek') has 452 occurance
merge 8613/9744: (830, 121) -> 8868 (b'othy') has 452 occurance
merge 8614/9744: (1219, 118) -> 8869 (b'conv') has 452 occurance
merge 8615/9744: (1418, 301) -> 8870 (b'hole') has 452 occurance
merge 8616/9744: (1671, 7571) -> 8871 (b' administ') has 452 occurance
merge 8617/9744: (2274, 4330) -> 8872 (b' destruction') has 452 occurance
merge 8618/9744: (3815, 7911) -> 8873 (b' behaviour') has 452 occurance
merge 8619/9744: (4012, 102) -> 8874 (b'warf') has 452 occurance
merge 8620/9744: (39, 110) -> 8875 (b"'n") has 451 occurance
merge 8621/9744: (99, 307) -> 8876 (b'cut') has 451 occurance
merge 8622/9744: (101, 4292) -> 8877 (b'eenth') has 451 occurance
merge 8623/9744: (267, 314) -> 8878 (b'oust') has 451 occurance
merge 8624/9744: (292, 1151) -> 8879 (b' lined') has 451 occurance
merge 8625/9744: (458, 107) -> 8880 (b'olk') has 451 occurance
merge 8626/9744: (460, 5731) -> 8881 (b' alarmed') has 451 occurance
merge 8627/9744: (506, 3613) -> 8882 (b' Fanny') has 451 occurance
merge 8628/9744: (545, 4079) -> 8883 (b' Ellen') has 451 occurance
merge 8629/9744: (555, 7858) -> 8884 (b' October') has 451 occurance
merge 8630/9744: (578, 457) -> 8885 (b'--"\n') has 451 occurance
merge 8631/9744: (896, 375) -> 8886 (b' strain') has 451 occurance
merge 8632/9744: (1015, 4079) -> 8887 (b' challen') has 451 occurance
merge 8633/9744: (1332, 328) -> 8888 (b' delay') has 451 occurance
merge 8634/9744: (1659, 1595) -> 8889 (b' replaced') has 451 occurance
merge 8635/9744: (1837, 84) -> 8890 (b'EST') has 451 occurance
merge 8636/9744: (2144, 3290) -> 8891 (b' necessarily') has 451 occurance
merge 8637/9744: (2496, 88) -> 8892 (b' XX') has 451 occurance
merge 8638/9744: (3491, 359) -> 8893 (b' stroke') has 451 occurance
merge 8639/9744: (5610, 1893) -> 8894 (b' rabbit') has 451 occurance
merge 8640/9744: (80, 2816) -> 8895 (b'PRO') has 450 occurance
merge 8641/9744: (117, 273) -> 8896 (b'uis') has 450 occurance
merge 8642/9744: (256, 503) -> 8897 (b' tide') has 450 occurance
merge 8643/9744: (271, 519) -> 8898 (b'itself') has 450 occurance
merge 8644/9744: (285, 2249) -> 8899 (b' danced') has 450 occurance
merge 8645/9744: (387, 1645) -> 8900 (b' seats') has 450 occurance
merge 8646/9744: (483, 492) -> 8901 (b' Gra') has 450 occurance
merge 8647/9744: (514, 751) -> 8902 (b'\xe2\x80\x94for') has 450 occurance
merge 8648/9744: (933, 110) -> 8903 (b'wasn') has 450 occurance
merge 8649/9744: (4740, 275) -> 8904 (b' abandon') has 450 occurance
merge 8650/9744: (272, 330) -> 8905 (b' ment') has 449 occurance
merge 8651/9744: (275, 97) -> 8906 (b'ona') has 449 occurance
merge 8652/9744: (350, 1374) -> 8907 (b' weird') has 449 occurance
merge 8653/9744: (372, 7704) -> 8908 (b' Maggie') has 449 occurance
merge 8654/9744: (386, 668) -> 8909 (b' kick') has 449 occurance
merge 8655/9744: (518, 328) -> 8910 (b'oday') has 449 occurance
merge 8656/9744: (571, 331) -> 8911 (b' union') has 449 occurance
merge 8657/9744: (1107, 4356) -> 8912 (b' resistance') has 449 occurance
merge 8658/9744: (1107, 4819) -> 8913 (b' resolution') has 449 occurance
merge 8659/9744: (1172, 121) -> 8914 (b' folly') has 449 occurance
merge 8660/9744: (1259, 446) -> 8915 (b' humour') has 449 occurance
merge 8661/9744: (1707, 110) -> 8916 (b'wouldn') has 449 occurance
merge 8662/9744: (2824, 112) -> 8917 (b' typ') has 449 occurance
merge 8663/9744: (3130, 314) -> 8918 (b' frost') has 449 occurance
merge 8664/9744: (3227, 510) -> 8919 (b' motive') has 449 occurance
merge 8665/9744: (5994, 850) -> 8920 (b'ography') has 449 occurance
merge 8666/9744: (6887, 1096) -> 8921 (b' louder') has 449 occurance
merge 8667/9744: (70, 720) -> 8922 (b'First') has 448 occurance
merge 8668/9744: (372, 8015) -> 8923 (b' Monday') has 448 occurance
merge 8669/9744: (395, 302) -> 8924 (b' soot') has 448 occurance
merge 8670/9744: (400, 634) -> 8925 (b' rings') has 448 occurance
merge 8671/9744: (501, 1662) -> 8926 (b' Does') has 448 occurance
merge 8672/9744: (678, 399) -> 8927 (b' eyel') has 448 occurance
merge 8673/9744: (2161, 271) -> 8928 (b' profit') has 448 occurance
merge 8674/9744: (2483, 7632) -> 8929 (b' valuable') has 448 occurance
merge 8675/9744: (2635, 356) -> 8930 (b' scarce') has 448 occurance
merge 8676/9744: (3711, 561) -> 8931 (b'aturally') has 448 occurance
merge 8677/9744: (119, 379) -> 8932 (b'wall') has 447 occurance
merge 8678/9744: (438, 2375) -> 8933 (b' Pope') has 447 occurance
merge 8679/9744: (594, 985) -> 8934 (b' blows') has 447 occurance
merge 8680/9744: (1127, 271) -> 8935 (b' instit') has 447 occurance
merge 8681/9744: (1783, 1267) -> 8936 (b' collected') has 447 occurance
merge 8682/9744: (2229, 553) -> 8937 (b' examine') has 447 occurance
merge 8683/9744: (4085, 109) -> 8938 (b'iasm') has 447 occurance
merge 8684/9744: (84, 529) -> 8939 (b'Take') has 446 occurance
merge 8685/9744: (101, 301) -> 8940 (b'ele') has 446 occurance
merge 8686/9744: (110, 470) -> 8941 (b'nie') has 446 occurance
merge 8687/9744: (117, 541) -> 8942 (b'uity') has 446 occurance
merge 8688/9744: (124, 47) -> 8943 (b'|/') has 446 occurance
merge 8689/9744: (269, 421) -> 8944 (b' bust') has 446 occurance
merge 8690/9744: (406, 1620) -> 8945 (b' CON') has 446 occurance
merge 8691/9744: (514, 849) -> 8946 (b'\xe2\x80\x94not') has 446 occurance
merge 8692/9744: (515, 275) -> 8947 (b'geon') has 446 occurance
merge 8693/9744: (635, 922) -> 8948 (b'\xe2\x80\x98What') has 446 occurance
merge 8694/9744: (1490, 965) -> 8949 (b' edition') has 446 occurance
merge 8695/9744: (2165, 304) -> 8950 (b'....\n') has 446 occurance
merge 8696/9744: (2279, 115) -> 8951 (b' views') has 446 occurance
merge 8697/9744: (4212, 270) -> 8952 (b' displayed') has 446 occurance
merge 8698/9744: (5089, 60) -> 8953 (b'"><') has 446 occurance
merge 8699/9744: (104, 1859) -> 8954 (b'husband') has 445 occurance
merge 8700/9744: (108, 512) -> 8955 (b'lace') has 445 occurance
merge 8701/9744: (271, 2563) -> 8956 (b'itively') has 445 occurance
merge 8702/9744: (292, 309) -> 8957 (b' lic') has 445 occurance
merge 8703/9744: (301, 712) -> 8958 (b'leave') has 445 occurance
merge 8704/9744: (347, 2753) -> 8959 (b' ascend') has 445 occurance
merge 8705/9744: (423, 270) -> 8960 (b'ighted') has 445 occurance
merge 8706/9744: (6729, 47) -> 8961 (b':///') has 445 occurance
merge 8707/9744: (6806, 329) -> 8962 (b' universal') has 445 occurance
merge 8708/9744: (32, 36) -> 8963 (b' $') has 444 occurance
merge 8709/9744: (100, 415) -> 8964 (b'dem') has 444 occurance
merge 8710/9744: (101, 453) -> 8965 (b'eous') has 444 occurance
merge 8711/9744: (109, 398) -> 8966 (b'mus') has 444 occurance
merge 8712/9744: (118, 444) -> 8967 (b'vest') has 444 occurance
merge 8713/9744: (450, 752) -> 8968 (b'istered') has 444 occurance
merge 8714/9744: (558, 512) -> 8969 (b' Jace') has 444 occurance
merge 8715/9744: (671, 642) -> 8970 (b'blance') has 444 occurance
merge 8716/9744: (694, 981) -> 8971 (b' adult') has 444 occurance
merge 8717/9744: (856, 329) -> 8972 (b'everal') has 444 occurance
merge 8718/9744: (863, 451) -> 8973 (b' crum') has 444 occurance
merge 8719/9744: (1192, 115) -> 8974 (b' subs') has 444 occurance
merge 8720/9744: (1381, 795) -> 8975 (b' Maria') has 444 occurance
merge 8721/9744: (1433, 1451) -> 8976 (b' triump') has 444 occurance
merge 8722/9744: (1800, 1330) -> 8977 (b' studying') has 444 occurance
merge 8723/9744: (1951, 1565) -> 8978 (b'ikov') has 444 occurance
merge 8724/9744: (2738, 318) -> 8979 (b' sadly') has 444 occurance
merge 8725/9744: (3092, 757) -> 8980 (b' successful') has 444 occurance
merge 8726/9744: (4161, 115) -> 8981 (b' depends') has 444 occurance
merge 8727/9744: (6917, 1994) -> 8982 (b' released') has 444 occurance
merge 8728/9744: (45, 106) -> 8983 (b'-j') has 443 occurance
merge 8729/9744: (100, 344) -> 8984 (b'dur') has 443 occurance
merge 8730/9744: (303, 702) -> 8985 (b' gang') has 443 occurance
merge 8731/9744: (364, 957) -> 8986 (b' Ali') has 443 occurance
merge 8732/9744: (381, 2188) -> 8987 (b'iliar') has 443 occurance
merge 8733/9744: (440, 904) -> 8988 (b' knelt') has 443 occurance
merge 8734/9744: (543, 69) -> 8989 (b' NE') has 443 occurance
merge 8735/9744: (559, 4292) -> 8990 (b'teenth') has 443 occurance
merge 8736/9744: (563, 290) -> 8991 (b' roar') has 443 occurance
merge 8737/9744: (691, 1117) -> 8992 (b' screw') has 443 occurance
merge 8738/9744: (700, 287) -> 8993 (b' peas') has 443 occurance
merge 8739/9744: (1697, 278) -> 8994 (b' remembering') has 443 occurance
merge 8740/9744: (2046, 115) -> 8995 (b' leads') has 443 occurance
merge 8741/9744: (3096, 331) -> 8996 (b' portion') has 443 occurance
merge 8742/9744: (3741, 760) -> 8997 (b'Everything') has 443 occurance
merge 8743/9744: (4496, 278) -> 8998 (b' shooting') has 443 occurance
merge 8744/9744: (6200, 1864) -> 8999 (b'beautiful') has 443 occurance
merge 8745/9744: (99, 570) -> 9000 (b'creat') has 442 occurance
merge 8746/9744: (100, 492) -> 9001 (b'dra') has 442 occurance
merge 8747/9744: (282, 515) -> 9002 (b'orge') has 442 occurance
merge 8748/9744: (403, 632) -> 9003 (b'unks') has 442 occurance
merge 8749/9744: (436, 278) -> 9004 (b'inding') has 442 occurance
merge 8750/9744: (548, 2880) -> 9005 (b' plague') has 442 occurance
merge 8751/9744: (824, 115) -> 9006 (b'ogs') has 442 occurance
merge 8752/9744: (888, 808) -> 9007 (b'getting') has 442 occurance
merge 8753/9744: (1378, 275) -> 9008 (b' Soon') has 442 occurance
merge 8754/9744: (3178, 278) -> 9009 (b' catching') has 442 occurance
merge 8755/9744: (5098, 284) -> 9010 (b' homes') has 442 occurance
merge 8756/9744: (5948, 704) -> 9011 (b' reproach') has 442 occurance
merge 8757/9744: (5970, 553) -> 9012 (b' Albertine') has 442 occurance
merge 8758/9744: (6397, 764) -> 9013 (b' steadily') has 442 occurance
merge 8759/9744: (38, 10) -> 9014 (b'&\n') has 441 occurance
merge 8760/9744: (296, 86) -> 9015 (b' IV') has 441 occurance
merge 8761/9744: (303, 2840) -> 9016 (b' gasp') has 441 occurance
merge 8762/9744: (332, 714) -> 9017 (b'verty') has 441 occurance
merge 8763/9744: (402, 2134) -> 9018 (b'agues') has 441 occurance
merge 8764/9744: (454, 2933) -> 9019 (b' vivid') has 441 occurance
merge 8765/9744: (571, 6606) -> 9020 (b' unpleasant') has 441 occurance
merge 8766/9744: (1000, 5617) -> 9021 (b'ibilities') has 441 occurance
merge 8767/9744: (1070, 278) -> 9022 (b'azing') has 441 occurance
merge 8768/9744: (1086, 302) -> 9023 (b' boot') has 441 occurance
merge 8769/9744: (1131, 326) -> 9024 (b' sket') has 441 occurance
merge 8770/9744: (1578, 4944) -> 9025 (b' Friday') has 441 occurance
merge 8771/9744: (1631, 266) -> 9026 (b'-sha') has 441 occurance
merge 8772/9744: (1717, 3762) -> 9027 (b' circles') has 441 occurance
merge 8773/9744: (2531, 447) -> 9028 (b' Everyone') has 441 occurance
merge 8774/9744: (3763, 308) -> 9029 (b' rapid') has 441 occurance
merge 8775/9744: (8219, 448) -> 9030 (b' trousers') has 441 occurance
merge 8776/9744: (34, 2415) -> 9031 (b'"All') has 440 occurance
merge 8777/9744: (34, 3073) -> 9032 (b'"Good') has 440 occurance
merge 8778/9744: (109, 604) -> 9033 (b'move') has 440 occurance
merge 8779/9744: (276, 5489) -> 9034 (b' fulf') has 440 occurance
merge 8780/9744: (342, 418) -> 9035 (b' stab') has 440 occurance
merge 8781/9744: (387, 270) -> 9036 (b' seed') has 440 occurance
merge 8782/9744: (421, 491) -> 9037 (b'ustry') has 440 occurance
merge 8783/9744: (482, 101) -> 9038 (b'ige') has 440 occurance
merge 8784/9744: (631, 116) -> 9039 (b'ilet') has 440 occurance
merge 8785/9744: (725, 9017) -> 9040 (b' poverty') has 440 occurance
merge 8786/9744: (887, 809) -> 9041 (b'object') has 440 occurance
merge 8787/9744: (984, 570) -> 9042 (b' entreat') has 440 occurance
merge 8788/9744: (1105, 121) -> 9043 (b'ggy') has 440 occurance
merge 8789/9744: (1135, 1138) -> 9044 (b'princ') has 440 occurance
merge 8790/9744: (1341, 4959) -> 9045 (b'ouncing') has 440 occurance
merge 8791/9744: (2101, 2677) -> 9046 (b' experiment') has 440 occurance
merge 8792/9744: (2744, 1877) -> 9047 (b' disposition') has 440 occurance
merge 8793/9744: (2992, 115) -> 9048 (b' heavens') has 440 occurance
merge 8794/9744: (3251, 7239) -> 9049 (b' sacrific') has 440 occurance
merge 8795/9744: (3305, 271) -> 9050 (b'Exit') has 440 occurance
merge 8796/9744: (6926, 954) -> 9051 (b' plunged') has 440 occurance
merge 8797/9744: (73, 88) -> 9052 (b'IX') has 439 occurance
merge 8798/9744: (115, 2430) -> 9053 (b'sky') has 439 occurance
merge 8799/9744: (262, 962) -> 9054 (b' wool') has 439 occurance
merge 8800/9744: (294, 6750) -> 9055 (b' insect') has 439 occurance
merge 8801/9744: (301, 101) -> 9056 (b'lee') has 439 occurance
merge 8802/9744: (364, 421) -> 9057 (b' Aust') has 439 occurance
merge 8803/9744: (387, 287) -> 9058 (b' seas') has 439 occurance
merge 8804/9744: (391, 2771) -> 9059 (b' Billy') has 439 occurance
merge 8805/9744: (552, 284) -> 9060 (b' Res') has 439 occurance
merge 8806/9744: (780, 270) -> 9061 (b' owned') has 439 occurance
merge 8807/9744: (868, 5760) -> 9062 (b' impulse') has 439 occurance
merge 8808/9744: (1257, 2962) -> 9063 (b' discipl') has 439 occurance
merge 8809/9744: (1355, 278) -> 9064 (b'reading') has 439 occurance
merge 8810/9744: (1459, 1732) -> 9065 (b' wheels') has 439 occurance
merge 8811/9744: (3801, 1510) -> 9066 (b' wandering') has 439 occurance
merge 8812/9744: (4317, 287) -> 9067 (b' uneas') has 439 occurance
merge 8813/9744: (52, 49) -> 9068 (b'41') has 438 occurance
merge 8814/9744: (71, 2825) -> 9069 (b'George') has 438 occurance
merge 8815/9744: (256, 1753) -> 9070 (b' tune') has 438 occurance
merge 8816/9744: (276, 2615) -> 9071 (b' fires') has 438 occurance
merge 8817/9744: (295, 1881) -> 9072 (b'atically') has 438 occurance
merge 8818/9744: (338, 2437) -> 9073 (b' Tai') has 438 occurance
merge 8819/9744: (400, 985) -> 9074 (b' rows') has 438 occurance
merge 8820/9744: (826, 556) -> 9075 (b'aware') has 438 occurance
merge 8821/9744: (1066, 2704) -> 9076 (b' supported') has 438 occurance
merge 8822/9744: (1601, 270) -> 9077 (b' signed') has 438 occurance
merge 8823/9744: (2379, 935) -> 9078 (b' visitors') has 438 occurance
merge 8824/9744: (2503, 442) -> 9079 (b'guard') has 438 occurance
merge 8825/9744: (2685, 318) -> 9080 (b'olutely') has 438 occurance
merge 8826/9744: (3546, 2508) -> 9081 (b'represent') has 438 occurance
merge 8827/9744: (3865, 731) -> 9082 (b'rified') has 438 occurance
merge 8828/9744: (5896, 661) -> 9083 (b' gloves') has 438 occurance
merge 8829/9744: (7105, 108) -> 9084 (b' pistol') has 438 occurance
merge 8830/9744: (98, 577) -> 9085 (b'bear') has 437 occurance
merge 8831/9744: (108, 450) -> 9086 (b'list') has 437 occurance
merge 8832/9744: (414, 7601) -> 9087 (b' WITH') has 437 occurance
merge 8833/9744: (555, 100) -> 9088 (b' Od') has 437 occurance
merge 8834/9744: (575, 328) -> 9089 (b' tray') has 437 occurance
merge 8835/9744: (618, 1804) -> 9090 (b' brushed') has 437 occurance
merge 8836/9744: (655, 104) -> 9091 (b' dish') has 437 occurance
merge 8837/9744: (712, 649) -> 9092 (b'avement') has 437 occurance
merge 8838/9744: (1126, 764) -> 9093 (b' readily') has 437 occurance
merge 8839/9744: (1451, 278) -> 9094 (b'umping') has 437 occurance
merge 8840/9744: (1481, 1799) -> 9095 (b' Although') has 437 occurance
merge 8841/9744: (1741, 115) -> 9096 (b'lights') has 437 occurance
merge 8842/9744: (2074, 4495) -> 9097 (b' observation') has 437 occurance
merge 8843/9744: (2769, 84) -> 9098 (b'AST') has 437 occurance
merge 8844/9744: (3883, 270) -> 9099 (b' prevented') has 437 occurance
merge 8845/9744: (4507, 1971) -> 9100 (b' gasped') has 437 occurance
merge 8846/9744: (257, 286) -> 9101 (b'hell') has 436 occurance
merge 8847/9744: (309, 5170) -> 9102 (b'icago') has 436 occurance
merge 8848/9744: (354, 302) -> 9103 (b'riot') has 436 occurance
merge 8849/9744: (361, 328) -> 9104 (b' Hay') has 436 occurance
merge 8850/9744: (391, 1875) -> 9105 (b' Budd') has 436 occurance
merge 8851/9744: (398, 5471) -> 9106 (b'uscript') has 436 occurance
merge 8852/9744: (402, 657) -> 9107 (b'agne') has 436 occurance
merge 8853/9744: (406, 732) -> 9108 (b' Corn') has 436 occurance
merge 8854/9744: (406, 7524) -> 9109 (b' Clyde') has 436 occurance
merge 8855/9744: (564, 284) -> 9110 (b'asses') has 436 occurance
merge 8856/9744: (691, 735) -> 9111 (b' scru') has 436 occurance
merge 8857/9744: (737, 5159) -> 9112 (b' Kitty') has 436 occurance
merge 8858/9744: (1192, 4642) -> 9113 (b' subtle') has 436 occurance
merge 8859/9744: (1533, 856) -> 9114 (b'However') has 436 occurance
merge 8860/9744: (1574, 1298) -> 9115 (b' continually') has 436 occurance
merge 8861/9744: (2021, 3762) -> 9116 (b' muscles') has 436 occurance
merge 8862/9744: (3639, 270) -> 9117 (b' claimed') has 436 occurance
merge 8863/9744: (4511, 5108) -> 9118 (b' essential') has 436 occurance
merge 8864/9744: (363, 295) -> 9119 (b' Sat') has 435 occurance
merge 8865/9744: (418, 604) -> 9120 (b'above') has 435 occurance
merge 8866/9744: (456, 278) -> 9121 (b'acking') has 435 occurance
merge 8867/9744: (501, 1450) -> 9122 (b' During') has 435 occurance
merge 8868/9744: (566, 7375) -> 9123 (b' prosper') has 435 occurance
merge 8869/9744: (927, 118) -> 9124 (b'dev') has 435 occurance
merge 8870/9744: (984, 1510) -> 9125 (b' entering') has 435 occurance
merge 8871/9744: (1047, 3860) -> 9126 (b' preserved') has 435 occurance
merge 8872/9744: (1054, 115) -> 9127 (b' winds') has 435 occurance
merge 8873/9744: (1191, 114) -> 9128 (b' intr') has 435 occurance
merge 8874/9744: (1382, 1082) -> 9129 (b' visits') has 435 occurance
merge 8875/9744: (2250, 517) -> 9130 (b' clothing') has 435 occurance
merge 8876/9744: (3471, 642) -> 9131 (b' circumstance') has 435 occurance
merge 8877/9744: (3778, 2775) -> 9132 (b' consequences') has 435 occurance
merge 8878/9744: (4772, 270) -> 9133 (b' developed') has 435 occurance
merge 8879/9744: (6739, 752) -> 9134 (b' murdered') has 435 occurance
merge 8880/9744: (7865, 329) -> 9135 (b' zeal') has 435 occurance
merge 8881/9744: (39, 775) -> 9136 (b"'It") has 434 occurance
merge 8882/9744: (265, 278) -> 9137 (b'nding') has 434 occurance
merge 8883/9744: (276, 399) -> 9138 (b' fel') has 434 occurance
merge 8884/9744: (364, 112) -> 9139 (b' Ap') has 434 occurance
merge 8885/9744: (370, 336) -> 9140 (b' saith') has 434 occurance
merge 8886/9744: (381, 423) -> 9141 (b'ilight') has 434 occurance
merge 8887/9744: (480, 1968) -> 9142 (b' Leg') has 434 occurance
merge 8888/9744: (746, 5062) -> 9143 (b' prejud') has 434 occurance
merge 8889/9744: (1255, 282) -> 9144 (b' minor') has 434 occurance
merge 8890/9744: (1480, 98) -> 9145 (b' doub') has 434 occurance
merge 8891/9744: (1670, 1911) -> 9146 (b' services') has 434 occurance
merge 8892/9744: (2594, 658) -> 9147 (b' damage') has 434 occurance
merge 8893/9744: (2692, 1262) -> 9148 (b'regular') has 434 occurance
merge 8894/9744: (3172, 906) -> 9149 (b' candles') has 434 occurance
merge 8895/9744: (3186, 398) -> 9150 (b' status') has 434 occurance
merge 8896/9744: (3353, 318) -> 9151 (b' faintly') has 434 occurance
merge 8897/9744: (3835, 318) -> 9152 (b' briefly') has 434 occurance
merge 8898/9744: (5149, 105) -> 9153 (b' iii') has 434 occurance
merge 8899/9744: (98, 1773) -> 9154 (b'books') has 433 occurance
merge 8900/9744: (272, 1496) -> 9155 (b' max') has 433 occurance
merge 8901/9744: (275, 795) -> 9156 (b'onia') has 433 occurance
merge 8902/9744: (309, 1114) -> 9157 (b'icating') has 433 occurance
merge 8903/9744: (387, 1218) -> 9158 (b' select') has 433 occurance
merge 8904/9744: (454, 557) -> 9159 (b' vice') has 433 occurance
merge 8905/9744: (475, 278) -> 9160 (b'asting') has 433 occurance
merge 8906/9744: (483, 510) -> 9161 (b' Give') has 433 occurance
merge 8907/9744: (1050, 3712) -> 9162 (b' cheese') has 433 occurance
merge 8908/9744: (2217, 7944) -> 9163 (b' Rebecca') has 433 occurance
merge 8909/9744: (2821, 271) -> 9164 (b' limit') has 433 occurance
merge 8910/9744: (3853, 793) -> 9165 (b' threatened') has 433 occurance
merge 8911/9744: (3923, 119) -> 9166 (b'www') has 433 occurance
merge 8912/9744: (105, 2775) -> 9167 (b'iences') has 432 occurance
merge 8913/9744: (115, 329) -> 9168 (b'sal') has 432 occurance
merge 8914/9744: (121, 638) -> 9169 (b'yright') has 432 occurance
merge 8915/9744: (267, 765) -> 9170 (b'oups') has 432 occurance
merge 8916/9744: (293, 307) -> 9171 (b' hut') has 432 occurance
merge 8917/9744: (321, 358) -> 9172 (b'\xe2\x80\x99am') has 432 occurance
merge 8918/9744: (425, 2102) -> 9173 (b' shift') has 432 occurance
merge 8919/9744: (691, 3379) -> 9174 (b' scram') has 432 occurance
merge 8920/9744: (697, 278) -> 9175 (b' longing') has 432 occurance
merge 8921/9744: (773, 8591) -> 9176 (b' glimpse') has 432 occurance
merge 8922/9744: (886, 1591) -> 9177 (b' Chief') has 432 occurance
merge 8923/9744: (947, 330) -> 9178 (b' talent') has 432 occurance
merge 8924/9744: (1926, 817) -> 9179 (b' cease') has 432 occurance
merge 8925/9744: (2887, 876) -> 9180 (b'secret') has 432 occurance
merge 8926/9744: (6575, 649) -> 9181 (b' amusement') has 432 occurance
merge 8927/9744: (6715, 411) -> 9182 (b' elegant') has 432 occurance
merge 8928/9744: (116, 373) -> 9183 (b'till') has 431 occurance
merge 8929/9744: (275, 105) -> 9184 (b'oni') has 431 occurance
merge 8930/9744: (282, 2081) -> 9185 (b'orney') has 431 occurance
merge 8931/9744: (289, 1012) -> 9186 (b' patch') has 431 occurance
merge 8932/9744: (427, 930) -> 9187 (b'outside') has 431 occurance
merge 8933/9744: (462, 273) -> 9188 (b' nois') has 431 occurance
merge 8934/9744: (1025, 920) -> 9189 (b' marched') has 431 occurance
merge 8935/9744: (1079, 331) -> 9190 (b'version') has 431 occurance
merge 8936/9744: (1179, 580) -> 9191 (b'encies') has 431 occurance
merge 8937/9744: (1296, 115) -> 9192 (b'lands') has 431 occurance
merge 8938/9744: (1705, 49) -> 9193 (b'201') has 431 occurance
merge 8939/9744: (5399, 121) -> 9194 (b' gloomy') has 431 occurance
merge 8940/9744: (7322, 330) -> 9195 (b' permanent') has 431 occurance
merge 8941/9744: (32, 565) -> 9196 (b' ."\n') has 430 occurance
merge 8942/9744: (34, 900) -> 9197 (b'"\x00\n') has 430 occurance
merge 8943/9744: (39, 2437) -> 9198 (b"'ai") has 430 occurance
merge 8944/9744: (67, 1620) -> 9199 (b'CON') has 430 occurance
merge 8945/9744: (70, 1228) -> 9200 (b'Foot') has 430 occurance
merge 8946/9744: (121, 97) -> 9201 (b'ya') has 430 occurance
merge 8947/9744: (271, 1071) -> 9202 (b'itual') has 430 occurance
merge 8948/9744: (482, 619) -> 9203 (b'igence') has 430 occurance
merge 8949/9744: (514, 1273) -> 9204 (b'\xe2\x80\x94she') has 430 occurance
merge 8950/9744: (600, 7829) -> 9205 (b' overwhel') has 430 occurance
merge 8951/9744: (708, 277) -> 9206 (b'ollen') has 430 occurance
merge 8952/9744: (2019, 411) -> 9207 (b' infant') has 430 occurance
merge 8953/9744: (2057, 278) -> 9208 (b' creating') has 430 occurance
merge 8954/9744: (2092, 3341) -> 9209 (b' solitary') has 430 occurance
merge 8955/9744: (4223, 278) -> 9210 (b' filling') has 430 occurance
merge 8956/9744: (4625, 592) -> 9211 (b'quisite') has 430 occurance
merge 8957/9744: (119, 275) -> 9212 (b'won') has 429 occurance
merge 8958/9744: (309, 1961) -> 9213 (b'icians') has 429 occurance
merge 8959/9744: (334, 109) -> 9214 (b' um') has 429 occurance
merge 8960/9744: (350, 101) -> 9215 (b' wee') has 429 occurance
merge 8961/9744: (372, 117) -> 9216 (b' Mu') has 429 occurance
merge 8962/9744: (454, 335) -> 9217 (b' vir') has 429 occurance
merge 8963/9744: (482, 268) -> 9218 (b'iger') has 429 occurance
merge 8964/9744: (501, 544) -> 9219 (b' Dep') has 429 occurance
merge 8965/9744: (558, 277) -> 9220 (b' Jen') has 429 occurance
merge 8966/9744: (568, 448) -> 9221 (b'akers') has 429 occurance
merge 8967/9744: (636, 1526) -> 9222 (b' images') has 429 occurance
merge 8968/9744: (648, 117) -> 9223 (b' flu') has 429 occurance
merge 8969/9744: (773, 271) -> 9224 (b' glit') has 429 occurance
merge 8970/9744: (1306, 714) -> 9225 (b' certainty') has 429 occurance
merge 8971/9744: (1470, 639) -> 9226 (b'proper') has 429 occurance
merge 8972/9744: (2837, 8738) -> 9227 (b' Quixote') has 429 occurance
merge 8973/9744: (5388, 442) -> 9228 (b'toward') has 429 occurance
merge 8974/9744: (338, 97) -> 9229 (b' Ta') has 428 occurance
merge 8975/9744: (350, 2091) -> 9230 (b' webs') has 428 occurance
merge 8976/9744: (361, 282) -> 9231 (b' Hor') has 428 occurance
merge 8977/9744: (377, 298) -> 9232 (b'andom') has 428 occurance
merge 8978/9744: (459, 1304) -> 9233 (b' extend') has 428 occurance
merge 8979/9744: (545, 112) -> 9234 (b' Ep') has 428 occurance
merge 8980/9744: (596, 121) -> 9235 (b'udy') has 428 occurance
merge 8981/9744: (617, 5570) -> 9236 (b' chicken') has 428 occurance
merge 8982/9744: (2603, 495) -> 9237 (b' create') has 428 occurance
merge 8983/9744: (3184, 115) -> 9238 (b' bags') has 428 occurance
merge 8984/9744: (3614, 278) -> 9239 (b'saying') has 428 occurance
merge 8985/9744: (5348, 2254) -> 9240 (b' literature') has 428 occurance
merge 8986/9744: (5596, 329) -> 9241 (b' professional') has 428 occurance
merge 8987/9744: (100, 8760) -> 9242 (b'diffic') has 427 occurance
merge 8988/9744: (102, 344) -> 9243 (b'fur') has 427 occurance
merge 8989/9744: (260, 300) -> 9244 (b' shat') has 427 occurance
merge 8990/9744: (262, 2562) -> 9245 (b' wishing') has 427 occurance
merge 8991/9744: (290, 632) -> 9246 (b'arks') has 427 occurance
merge 8992/9744: (333, 2928) -> 9247 (b' reaction') has 427 occurance
merge 8993/9744: (349, 674) -> 9248 (b' whip') has 427 occurance
merge 8994/9744: (376, 286) -> 9249 (b' shell') has 427 occurance
merge 8995/9744: (571, 6885) -> 9250 (b' uncomfortable') has 427 occurance
merge 8996/9744: (1081, 115) -> 9251 (b'"Is') has 427 occurance
merge 8997/9744: (1671, 1182) -> 9252 (b' admired') has 427 occurance
merge 8998/9744: (2206, 733) -> 9253 (b' madness') has 427 occurance
merge 8999/9744: (5382, 4368) -> 9254 (b' Majesty') has 427 occurance
merge 9000/9744: (5915, 580) -> 9255 (b' babies') has 427 occurance
merge 9001/9744: (83, 3573) -> 9256 (b'Shall') has 426 occurance
merge 9002/9744: (267, 623) -> 9257 (b'ouble') has 426 occurance
merge 9003/9744: (268, 730) -> 9258 (b'erted') has 426 occurance
merge 9004/9744: (403, 1141) -> 9259 (b'unned') has 426 occurance
merge 9005/9744: (449, 268) -> 9260 (b' outer') has 426 occurance
merge 9006/9744: (745, 318) -> 9261 (b' apply') has 426 occurance
merge 9007/9744: (773, 5178) -> 9262 (b' glorious') has 426 occurance
merge 9008/9744: (1059, 5209) -> 9263 (b' activity') has 426 occurance
merge 9009/9744: (1068, 115) -> 9264 (b' mothers') has 426 occurance
merge 9010/9744: (1977, 270) -> 9265 (b'added') has 426 occurance
merge 9011/9744: (3234, 1108) -> 9266 (b'THER') has 426 occurance
merge 9012/9744: (4738, 2514) -> 9267 (b' persuaded') has 426 occurance
merge 9013/9744: (5364, 4896) -> 9268 (b' tunnel') has 426 occurance
merge 9014/9744: (7577, 491) -> 9269 (b'Henry') has 426 occurance
merge 9015/9744: (259, 434) -> 9270 (b'inked') has 425 occurance
merge 9016/9744: (325, 3850) -> 9271 (b' online') has 425 occurance
merge 9017/9744: (364, 507) -> 9272 (b' Act') has 425 occurance
merge 9018/9744: (899, 584) -> 9273 (b' carved') has 425 occurance
merge 9019/9744: (997, 7225) -> 9274 (b' distinction') has 425 occurance
merge 9020/9744: (1009, 358) -> 9275 (b' dram') has 425 occurance
merge 9021/9744: (1156, 3881) -> 9276 (b'author') has 425 occurance
merge 9022/9744: (2781, 331) -> 9277 (b' suggestion') has 425 occurance
merge 9023/9744: (4278, 632) -> 9278 (b' remarks') has 425 occurance
merge 9024/9744: (83, 358) -> 9279 (b'Sam') has 424 occurance
merge 9025/9744: (83, 2268) -> 9280 (b'Something') has 424 occurance
merge 9026/9744: (97, 584) -> 9281 (b'aved') has 424 occurance
merge 9027/9744: (117, 522) -> 9282 (b'upt') has 424 occurance
merge 9028/9744: (350, 544) -> 9283 (b' weep') has 424 occurance
merge 9029/9744: (363, 1373) -> 9284 (b' Sister') has 424 occurance
merge 9030/9744: (363, 2239) -> 9285 (b' Serv') has 424 occurance
merge 9031/9744: (454, 309) -> 9286 (b' vic') has 424 occurance
merge 9032/9744: (506, 672) -> 9287 (b' Ford') has 424 occurance
merge 9033/9744: (594, 810) -> 9288 (b' bloss') has 424 occurance
merge 9034/9744: (652, 118) -> 9289 (b' env') has 424 occurance
merge 9035/9744: (1248, 108) -> 9290 (b' confl') has 424 occurance
merge 9036/9744: (1371, 1365) -> 9291 (b' elsewhere') has 424 occurance
merge 9037/9744: (1421, 581) -> 9292 (b' incap') has 424 occurance
merge 9038/9744: (1433, 284) -> 9293 (b' tries') has 424 occurance
merge 9039/9744: (1600, 3016) -> 9294 (b' priests') has 424 occurance
merge 9040/9744: (83, 3284) -> 9295 (b'Sometimes') has 423 occurance
merge 9041/9744: (276, 1120) -> 9296 (b' fuck') has 423 occurance
merge 9042/9744: (292, 344) -> 9297 (b' lur') has 423 occurance
merge 9043/9744: (335, 580) -> 9298 (b'iries') has 423 occurance
merge 9044/9744: (339, 1474) -> 9299 (b'\xe2\x80\x9cWhen') has 423 occurance
merge 9045/9744: (364, 7930) -> 9300 (b' April') has 423 occurance
merge 9046/9744: (590, 288) -> 9301 (b'plan') has 423 occurance
merge 9047/9744: (957, 332) -> 9302 (b'liver') has 423 occurance
merge 9048/9744: (2419, 657) -> 9303 (b'Anne') has 423 occurance
merge 9049/9744: (2730, 2440) -> 9304 (b' climbing') has 423 occurance
merge 9050/9744: (3455, 4999) -> 9305 (b'rsula') has 423 occurance
merge 9051/9744: (3797, 733) -> 9306 (b' tenderness') has 423 occurance
merge 9052/9744: (4525, 1168) -> 9307 (b' accompany') has 423 occurance
merge 9053/9744: (4872, 318) -> 9308 (b' vaguely') has 423 occurance
merge 9054/9744: (5787, 270) -> 9309 (b' arrested') has 423 occurance
merge 9055/9744: (8152, 782) -> 9310 (b' sovereign') has 423 occurance
merge 9056/9744: (277, 920) -> 9311 (b'enched') has 422 occurance
merge 9057/9744: (298, 275) -> 9312 (b'omon') has 422 occurance
merge 9058/9744: (338, 315) -> 9313 (b' Tim') has 422 occurance
merge 9059/9744: (372, 724) -> 9314 (b' Mount') has 422 occurance
merge 9060/9744: (379, 305) -> 9315 (b'allow') has 422 occurance
merge 9061/9744: (499, 115) -> 9316 (b' mans') has 422 occurance
merge 9062/9744: (535, 356) -> 9317 (b' whence') has 422 occurance
merge 9063/9744: (734, 2375) -> 9318 (b' slope') has 422 occurance
merge 9064/9744: (1259, 381) -> 9319 (b' humil') has 422 occurance
merge 9065/9744: (1417, 115) -> 9320 (b'rooms') has 422 occurance
merge 9066/9744: (1573, 6483) -> 9321 (b' traffic') has 422 occurance
merge 9067/9744: (1629, 368) -> 9322 (b'letter') has 422 occurance
merge 9068/9744: (1685, 1330) -> 9323 (b' copying') has 422 occurance
merge 9069/9744: (2275, 275) -> 9324 (b' Leon') has 422 occurance
merge 9070/9744: (2386, 284) -> 9325 (b' princes') has 422 occurance
merge 9071/9744: (3600, 1029) -> 9326 (b' Except') has 422 occurance
merge 9072/9744: (3778, 1063) -> 9327 (b' consequently') has 422 occurance
merge 9073/9744: (76, 1837) -> 9328 (b'LES') has 421 occurance
merge 9074/9744: (98, 658) -> 9329 (b'bage') has 421 occurance
merge 9075/9744: (117, 278) -> 9330 (b'uing') has 421 occurance
merge 9076/9744: (119, 577) -> 9331 (b'wear') has 421 occurance
merge 9077/9744: (276, 1582) -> 9332 (b' foul') has 421 occurance
merge 9078/9744: (279, 6324) -> 9333 (b' cunning') has 421 occurance
merge 9079/9744: (289, 112) -> 9334 (b' pp') has 421 occurance
merge 9080/9744: (297, 6816) -> 9335 (b' nerves') has 421 occurance
merge 9081/9744: (349, 973) -> 9336 (b' whirl') has 421 occurance
merge 9082/9744: (369, 268) -> 9337 (b'ifer') has 421 occurance
merge 9083/9744: (483, 398) -> 9338 (b' Gus') has 421 occurance
merge 9084/9744: (483, 2423) -> 9339 (b' Geor') has 421 occurance
merge 9085/9744: (1027, 259) -> 9340 (b' coin') has 421 occurance
merge 9086/9744: (1430, 471) -> 9341 (b' affect') has 421 occurance
merge 9087/9744: (3279, 301) -> 9342 (b' idle') has 421 occurance
merge 9088/9744: (3654, 1078) -> 9343 (b' struggling') has 421 occurance
merge 9089/9744: (5679, 277) -> 9344 (b' linen') has 421 occurance
merge 9090/9744: (55, 55) -> 9345 (b'77') has 420 occurance
merge 9091/9744: (339, 635) -> 9346 (b'\xe2\x80\x9c\xe2\x80\x98') has 420 occurance
merge 9092/9744: (406, 7226) -> 9347 (b' Cecilia') has 420 occurance
merge 9093/9744: (831, 754) -> 9348 (b' wrath') has 420 occurance
merge 9094/9744: (863, 1804) -> 9349 (b' crushed') has 420 occurance
merge 9095/9744: (895, 270) -> 9350 (b' lasted') has 420 occurance
merge 9096/9744: (1014, 911) -> 9351 (b' farmer') has 420 occurance
merge 9097/9744: (1081, 110) -> 9352 (b'"In') has 420 occurance
merge 9098/9744: (1231, 2865) -> 9353 (b' cursed') has 420 occurance
merge 9099/9744: (2075, 447) -> 9354 (b'someone') has 420 occurance
merge 9100/9744: (34, 2) -> 9355 (b'"\x02') has 419 occurance
merge 9101/9744: (285, 580) -> 9356 (b' dies') has 419 occurance
merge 9102/9744: (339, 1677) -> 9357 (b'\xe2\x80\x9cTo') has 419 occurance
merge 9103/9744: (363, 1225) -> 9358 (b' Snow') has 419 occurance
merge 9104/9744: (416, 808) -> 9359 (b'ulting') has 419 occurance
merge 9105/9744: (604, 3475) -> 9360 (b'ovember') has 419 occurance
merge 9106/9744: (684, 882) -> 9361 (b' print') has 419 occurance
merge 9107/9744: (1476, 2667) -> 9362 (b' invitation') has 419 occurance
merge 9108/9744: (3383, 4039) -> 9363 (b' Agnes') has 419 occurance
merge 9109/9744: (5185, 270) -> 9364 (b' leaped') has 419 occurance
merge 9110/9744: (7180, 2876) -> 9365 (b' vulgar') has 419 occurance
merge 9111/9744: (45, 4640) -> 9366 (b'-white') has 418 occurance
merge 9112/9744: (108, 1489) -> 9367 (b'lines') has 418 occurance
merge 9113/9744: (118, 631) -> 9368 (b'vile') has 418 occurance
merge 9114/9744: (284, 99) -> 9369 (b'esc') has 418 occurance
merge 9115/9744: (333, 3138) -> 9370 (b' reference') has 418 occurance
merge 9116/9744: (372, 278) -> 9371 (b' Ming') has 418 occurance
merge 9117/9744: (489, 2548) -> 9372 (b' spray') has 418 occurance
merge 9118/9744: (563, 1830) -> 9373 (b' roots') has 418 occurance
merge 9119/9744: (639, 873) -> 9374 (b'perial') has 418 occurance
merge 9120/9744: (996, 388) -> 9375 (b' swore') has 418 occurance
merge 9121/9744: (1208, 442) -> 9376 (b' standard') has 418 occurance
merge 9122/9744: (2890, 1071) -> 9377 (b' mutual') has 418 occurance
merge 9123/9744: (7441, 316) -> 9378 (b' corpse') has 418 occurance
merge 9124/9744: (71, 117) -> 9379 (b'Gu') has 417 occurance
merge 9125/9744: (77, 288) -> 9380 (b'Man') has 417 occurance
merge 9126/9744: (116, 580) -> 9381 (b'ties') has 417 occurance
merge 9127/9744: (261, 7344) -> 9382 (b' theatre') has 417 occurance
merge 9128/9744: (285, 1120) -> 9383 (b' duck') has 417 occurance
merge 9129/9744: (294, 723) -> 9384 (b' inward') has 417 occurance
merge 9130/9744: (321, 117) -> 9385 (b'\xe2\x80\x99u') has 417 occurance
merge 9131/9744: (339, 69) -> 9386 (b'\xe2\x80\x9cE') has 417 occurance
merge 9132/9744: (414, 796) -> 9387 (b' Water') has 417 occurance
merge 9133/9744: (605, 115) -> 9388 (b' backs') has 417 occurance
merge 9134/9744: (618, 117) -> 9389 (b' bru') has 417 occurance
merge 9135/9744: (648, 668) -> 9390 (b' flick') has 417 occurance
merge 9136/9744: (1107, 3860) -> 9391 (b' reserved') has 417 occurance
merge 9137/9744: (1248, 2392) -> 9392 (b' confirm') has 417 occurance
merge 9138/9744: (1353, 337) -> 9393 (b' load') has 417 occurance
merge 9139/9744: (1494, 472) -> 9394 (b' explos') has 417 occurance
merge 9140/9744: (2502, 302) -> 9395 (b' Scot') has 417 occurance
merge 9141/9744: (3736, 1071) -> 9396 (b' sexual') has 417 occurance
merge 9142/9744: (4736, 965) -> 9397 (b' ambition') has 417 occurance
merge 9143/9744: (7377, 1311) -> 9398 (b'immediately') has 417 occurance
merge 9144/9744: (32, 96) -> 9399 (b' `') has 416 occurance
merge 9145/9744: (95, 384) -> 9400 (b'_,\n') has 416 occurance
merge 9146/9744: (301, 109) -> 9401 (b'lem') has 416 occurance
merge 9147/9744: (533, 753) -> 9402 (b' arise') has 416 occurance
merge 9148/9744: (659, 453) -> 9403 (b'endous') has 416 occurance
merge 9149/9744: (1005, 8706) -> 9404 (b' francs') has 416 occurance
merge 9150/9744: (1135, 275) -> 9405 (b'pron') has 416 occurance
merge 9151/9744: (1841, 3451) -> 9406 (b' corpor') has 416 occurance
merge 9152/9744: (2042, 278) -> 9407 (b'doing') has 416 occurance
merge 9153/9744: (2323, 557) -> 9408 (b'justice') has 416 occurance
merge 9154/9744: (2324, 5288) -> 9409 (b' torture') has 416 occurance
merge 9155/9744: (2761, 482) -> 9410 (b' fatig') has 416 occurance
merge 9156/9744: (5186, 270) -> 9411 (b' betrayed') has 416 occurance
merge 9157/9744: (5453, 554) -> 9412 (b' obscure') has 416 occurance
merge 9158/9744: (6105, 330) -> 9413 (b' independent') has 416 occurance
merge 9159/9744: (32, 7569) -> 9414 (b' \xef\xac\x82') has 415 occurance
merge 9160/9744: (34, 2658) -> 9415 (b'"Who') has 415 occurance
merge 9161/9744: (109, 337) -> 9416 (b'mad') has 415 occurance
merge 9162/9744: (385, 1665) -> 9417 (b'thony') has 415 occurance
merge 9163/9744: (403, 368) -> 9418 (b'unter') has 415 occurance
merge 9164/9744: (438, 7427) -> 9419 (b' Pierre') has 415 occurance
merge 9165/9744: (511, 381) -> 9420 (b'ntil') has 415 occurance
merge 9166/9744: (523, 329) -> 9421 (b'ortal') has 415 occurance
merge 9167/9744: (653, 1390) -> 9422 (b'often') has 415 occurance
merge 9168/9744: (690, 1436) -> 9423 (b'answer') has 415 occurance
merge 9169/9744: (2324, 116) -> 9424 (b' tort') has 415 occurance
merge 9170/9744: (3832, 318) -> 9425 (b' bitterly') has 415 occurance
merge 9171/9744: (4270, 2135) -> 9426 (b'occasion') has 415 occurance
merge 9172/9744: (5187, 1071) -> 9427 (b' casual') has 415 occurance
merge 9173/9744: (5388, 1615) -> 9428 (b'towards') has 415 occurance
merge 9174/9744: (5810, 427) -> 9429 (b'About') has 415 occurance
merge 9175/9744: (65, 930) -> 9430 (b'Aside') has 414 occurance
merge 9176/9744: (65, 1529) -> 9431 (b'AIN') has 414 occurance
merge 9177/9744: (76, 4087) -> 9432 (b'LOW') has 414 occurance
merge 9178/9744: (271, 111) -> 9433 (b'ito') has 414 occurance
merge 9179/9744: (299, 5240) -> 9434 (b' habits') has 414 occurance
merge 9180/9744: (354, 389) -> 9435 (b'ripp') has 414 occurance
merge 9181/9744: (369, 580) -> 9436 (b'ifies') has 414 occurance
merge 9182/9744: (499, 7965) -> 9437 (b' manufact') has 414 occurance
merge 9183/9744: (652, 5403) -> 9438 (b' envy') has 414 occurance
merge 9184/9744: (1087, 7008) -> 9439 (b' commission') has 414 occurance
merge 9185/9744: (1593, 2396) -> 9440 (b' colours') has 414 occurance
merge 9186/9744: (2274, 2427) -> 9441 (b' destiny') has 414 occurance
merge 9187/9744: (3460, 329) -> 9442 (b' reveal') has 414 occurance
merge 9188/9744: (3575, 1204) -> 9443 (b'writing') has 414 occurance
merge 9189/9744: (7856, 439) -> 9444 (b'conversation') has 414 occurance
merge 9190/9744: (39, 1090) -> 9445 (b"'No") has 413 occurance
merge 9191/9744: (100, 866) -> 9446 (b'div') has 413 occurance
merge 9192/9744: (109, 693) -> 9447 (b'mary') has 413 occurance
merge 9193/9744: (110, 2254) -> 9448 (b'nature') has 413 occurance
merge 9194/9744: (111, 1464) -> 9449 (b'oken') has 413 occurance
merge 9195/9744: (118, 287) -> 9450 (b'vas') has 413 occurance
merge 9196/9744: (259, 290) -> 9451 (b'inar') has 413 occurance
merge 9197/9744: (289, 455) -> 9452 (b' pound') has 413 occurance
merge 9198/9744: (353, 115) -> 9453 (b'oos') has 413 occurance
merge 9199/9744: (391, 97) -> 9454 (b' Ba') has 413 occurance
merge 9200/9744: (438, 1275) -> 9455 (b' Poor') has 413 occurance
merge 9201/9744: (499, 2614) -> 9456 (b' manager') has 413 occurance
merge 9202/9744: (558, 8436) -> 9457 (b' Jordan') has 413 occurance
merge 9203/9744: (725, 4576) -> 9458 (b' poems') has 413 occurance
merge 9204/9744: (1219, 110) -> 9459 (b'conn') has 413 occurance
merge 9205/9744: (1530, 856) -> 9460 (b'whatever') has 413 occurance
merge 9206/9744: (1593, 935) -> 9461 (b' colors') has 413 occurance
merge 9207/9744: (2335, 99) -> 9462 (b'consc') has 413 occurance
merge 9208/9744: (75, 2996) -> 9463 (b'KING') has 412 occurance
merge 9209/9744: (110, 4381) -> 9464 (b'number') has 412 occurance
merge 9210/9744: (317, 517) -> 9465 (b' washing') has 412 occurance
merge 9211/9744: (415, 277) -> 9466 (b'emen') has 412 occurance
merge 9212/9744: (575, 1237) -> 9467 (b' trained') has 412 occurance
merge 9213/9744: (605, 3785) -> 9468 (b' background') has 412 occurance
merge 9214/9744: (1889, 54) -> 9469 (b'166') has 412 occurance
merge 9215/9744: (1901, 1032) -> 9470 (b' defense') has 412 occurance
merge 9216/9744: (4100, 3803) -> 9471 (b'oiselle') has 412 occurance
merge 9217/9744: (4761, 1358) -> 9472 (b' impatient') has 412 occurance
merge 9218/9744: (80, 82) -> 9473 (b'PR') has 411 occurance
merge 9219/9744: (111, 753) -> 9474 (b'oise') has 411 occurance
merge 9220/9744: (121, 109) -> 9475 (b'ym') has 411 occurance
merge 9221/9744: (333, 3620) -> 9476 (b' reception') has 411 occurance
merge 9222/9744: (341, 514) -> 9477 (b'\xe2\x80\x9d\xe2\x80\x94') has 411 occurance
merge 9223/9744: (359, 382) -> 9478 (b'kered') has 411 occurance
merge 9224/9744: (543, 423) -> 9479 (b' Night') has 411 occurance
merge 9225/9744: (563, 3515) -> 9480 (b' roses') has 411 occurance
merge 9226/9744: (575, 3011) -> 9481 (b' tracks') has 411 occurance
merge 9227/9744: (910, 3102) -> 9482 (b' Y\xc3\xbcan') has 411 occurance
merge 9228/9744: (1854, 1730) -> 9483 (b' specific') has 411 occurance
merge 9229/9744: (5978, 270) -> 9484 (b' relaxed') has 411 occurance
merge 9230/9744: (34, 2322) -> 9485 (b'"Of') has 410 occurance
merge 9231/9744: (45, 794) -> 9486 (b'-sp') has 410 occurance
merge 9232/9744: (63, 1431) -> 9487 (b'?\xef\xbf\xbd\n') has 410 occurance
merge 9233/9744: (112, 1826) -> 9488 (b'public') has 410 occurance
merge 9234/9744: (269, 2558) -> 9489 (b' bald') has 410 occurance
merge 9235/9744: (282, 398) -> 9490 (b'orus') has 410 occurance
merge 9236/9744: (287, 1318) -> 9491 (b'asures') has 410 occurance
merge 9237/9744: (364, 122) -> 9492 (b' Az') has 410 occurance
merge 9238/9744: (414, 2168) -> 9493 (b' Winter') has 410 occurance
merge 9239/9744: (445, 286) -> 9494 (b' Hell') has 410 occurance
merge 9240/9744: (497, 273) -> 9495 (b' leis') has 410 occurance
merge 9241/9744: (652, 2479) -> 9496 (b' enchan') has 410 occurance
merge 9242/9744: (655, 818) -> 9497 (b' dishes') has 410 occurance
merge 9243/9744: (1384, 818) -> 9498 (b' bushes') has 410 occurance
merge 9244/9744: (1945, 6845) -> 9499 (b' misfortune') has 410 occurance
merge 9245/9744: (2033, 927) -> 9500 (b' murde') has 410 occurance
merge 9246/9744: (2445, 112) -> 9501 (b'help') has 410 occurance
merge 9247/9744: (5705, 4031) -> 9502 (b' criminal') has 410 occurance
merge 9248/9744: (6171, 3521) -> 9503 (b' pronounced') has 410 occurance
merge 9249/9744: (6323, 308) -> 9504 (b' liquid') has 410 occurance
merge 9250/9744: (6978, 448) -> 9505 (b' volunteers') has 410 occurance
merge 9251/9744: (425, 3204) -> 9506 (b' shoe') has 409 occurance
merge 9252/9744: (454, 681) -> 9507 (b' voy') has 409 occurance
merge 9253/9744: (470, 117) -> 9508 (b'ieu') has 409 occurance
merge 9254/9744: (477, 3033) -> 9509 (b' deaf') has 409 occurance
merge 9255/9744: (527, 752) -> 9510 (b'ittered') has 409 occurance
merge 9256/9744: (1727, 556) -> 9511 (b' Clare') has 409 occurance
merge 9257/9744: (3105, 115) -> 9512 (b' belongs') has 409 occurance
merge 9258/9744: (3933, 326) -> 9513 (b' bullet') has 409 occurance
merge 9259/9744: (4245, 809) -> 9514 (b'subject') has 409 occurance
merge 9260/9744: (4615, 1569) -> 9515 (b'twenty') has 409 occurance
merge 9261/9744: (259, 1114) -> 9516 (b'inating') has 408 occurance
merge 9262/9744: (276, 6700) -> 9517 (b' farewell') has 408 occurance
merge 9263/9744: (296, 100) -> 9518 (b' Id') has 408 occurance
merge 9264/9744: (337, 753) -> 9519 (b'adise') has 408 occurance
merge 9265/9744: (376, 467) -> 9520 (b' shelf') has 408 occurance
merge 9266/9744: (471, 282) -> 9521 (b'ector') has 408 occurance
merge 9267/9744: (548, 302) -> 9522 (b' plot') has 408 occurance
merge 9268/9744: (652, 417) -> 9523 (b' enqu') has 408 occurance
merge 9269/9744: (653, 714) -> 9524 (b'ofty') has 408 occurance
merge 9270/9744: (2023, 3603) -> 9525 (b' appropri') has 408 occurance
merge 9271/9744: (2378, 5569) -> 9526 (b' disappointment') has 408 occurance
merge 9272/9744: (3194, 318) -> 9527 (b' formerly') has 408 occurance
merge 9273/9744: (3749, 121) -> 9528 (b' healthy') has 408 occurance
merge 9274/9744: (3826, 7423) -> 9529 (b' derived') has 408 occurance
merge 9275/9744: (3877, 971) -> 9530 (b' grinning') has 408 occurance
merge 9276/9744: (34, 2716) -> 9531 (b'"Where') has 407 occurance
merge 9277/9744: (52, 50) -> 9532 (b'42') has 407 occurance
merge 9278/9744: (100, 270) -> 9533 (b'ded') has 407 occurance
merge 9279/9744: (295, 398) -> 9534 (b'atus') has 407 occurance
merge 9280/9744: (329, 824) -> 9535 (b'alog') has 407 occurance
merge 9281/9744: (377, 278) -> 9536 (b'anding') has 407 occurance
merge 9282/9744: (472, 541) -> 9537 (b'osity') has 407 occurance
merge 9283/9744: (501, 69) -> 9538 (b' DE') has 407 occurance
merge 9284/9744: (766, 1088) -> 9539 (b' partner') has 407 occurance
merge 9285/9744: (952, 689) -> 9540 (b'ictions') has 407 occurance
merge 9286/9744: (1493, 108) -> 9541 (b'-fl') has 407 occurance
merge 9287/9744: (1851, 2480) -> 9542 (b' transfer') has 407 occurance
merge 9288/9744: (2889, 270) -> 9543 (b' trusted') has 407 occurance
merge 9289/9744: (5033, 656) -> 9544 (b' receiving') has 407 occurance
merge 9290/9744: (94, 94) -> 9545 (b'^^') has 406 occurance
merge 9291/9744: (112, 375) -> 9546 (b'pain') has 406 occurance
merge 9292/9744: (118, 2065) -> 9547 (b'vior') has 406 occurance
merge 9293/9744: (280, 8815) -> 9548 (b' tobacco') has 406 occurance
merge 9294/9744: (395, 598) -> 9549 (b' sober') has 406 occurance
merge 9295/9744: (477, 4519) -> 9550 (b' dearest') has 406 occurance
merge 9296/9744: (768, 6588) -> 9551 (b'clothes') has 406 occurance
merge 9297/9744: (894, 6067) -> 9552 (b' expenses') has 406 occurance
merge 9298/9744: (1009, 487) -> 9553 (b' drown') has 406 occurance
merge 9299/9744: (1086, 1645) -> 9554 (b' boats') has 406 occurance
merge 9300/9744: (1504, 278) -> 9555 (b' laying') has 406 occurance
merge 9301/9744: (1888, 257) -> 9556 (b' prophe') has 406 occurance
merge 9302/9744: (1908, 730) -> 9557 (b' completed') has 406 occurance
merge 9303/9744: (3830, 115) -> 9558 (b' breasts') has 406 occurance
merge 9304/9744: (3967, 619) -> 9559 (b' innocence') has 406 occurance
merge 9305/9744: (4121, 2373) -> 9560 (b' THAT') has 406 occurance
merge 9306/9744: (103, 2729) -> 9561 (b'gency') has 405 occurance
merge 9307/9744: (258, 332) -> 9562 (b' aver') has 405 occurance
merge 9308/9744: (259, 374) -> 9563 (b'inch') has 405 occurance
merge 9309/9744: (292, 2979) -> 9564 (b' lament') has 405 occurance
merge 9310/9744: (294, 1935) -> 9565 (b' incomp') has 405 occurance
merge 9311/9744: (461, 793) -> 9566 (b'opened') has 405 occurance
merge 9312/9744: (543, 4489) -> 9567 (b' Neither') has 405 occurance
merge 9313/9744: (579, 1217) -> 9568 (b' moreover') has 405 occurance
merge 9314/9744: (704, 649) -> 9569 (b'achment') has 405 occurance
merge 9315/9744: (773, 1170) -> 9570 (b' glowing') has 405 occurance
merge 9316/9744: (847, 302) -> 9571 (b'shot') has 405 occurance
merge 9317/9744: (957, 2979) -> 9572 (b'liament') has 405 occurance
merge 9318/9744: (1460, 656) -> 9573 (b'ceiving') has 405 occurance
merge 9319/9744: (2271, 278) -> 9574 (b'willing') has 405 occurance
merge 9320/9744: (3314, 270) -> 9575 (b' distributed') has 405 occurance
merge 9321/9744: (102, 823) -> 9576 (b'fav') has 404 occurance
merge 9322/9744: (103, 97) -> 9577 (b'ga') has 404 occurance
merge 9323/9744: (122, 284) -> 9578 (b'zes') has 404 occurance
merge 9324/9744: (282, 439) -> 9579 (b'oration') has 404 occurance
merge 9325/9744: (313, 1939) -> 9580 (b' etern') has 404 occurance
merge 9326/9744: (368, 121) -> 9581 (b'tery') has 404 occurance
merge 9327/9744: (664, 318) -> 9582 (b'ishly') has 404 occurance
merge 9328/9744: (670, 278) -> 9583 (b'olding') has 404 occurance
merge 9329/9744: (691, 7215) -> 9584 (b' scenes') has 404 occurance
merge 9330/9744: (812, 277) -> 9585 (b' keen') has 404 occurance
merge 9331/9744: (1495, 51) -> 9586 (b'193') has 404 occurance
merge 9332/9744: (2376, 3823) -> 9587 (b' compliance') has 404 occurance
merge 9333/9744: (2516, 808) -> 9588 (b' lifting') has 404 occurance
merge 9334/9744: (3589, 278) -> 9589 (b' covering') has 404 occurance
merge 9335/9744: (6005, 423) -> 9590 (b'-eight') has 404 occurance
merge 9336/9744: (32, 44) -> 9591 (b' ,') has 403 occurance
merge 9337/9744: (85, 66) -> 9592 (b'UB') has 403 occurance
merge 9338/9744: (98, 492) -> 9593 (b'bra') has 403 occurance
merge 9339/9744: (99, 709) -> 9594 (b'cause') has 403 occurance
merge 9340/9744: (106, 259) -> 9595 (b'jin') has 403 occurance
merge 9341/9744: (262, 2752) -> 9596 (b' wounds') has 403 occurance
merge 9342/9744: (264, 568) -> 9597 (b' oak') has 403 occurance
merge 9343/9744: (354, 97) -> 9598 (b'ria') has 403 occurance
merge 9344/9744: (363, 8601) -> 9599 (b' Sancho') has 403 occurance
merge 9345/9744: (385, 109) -> 9600 (b'thm') has 403 occurance
merge 9346/9744: (400, 3354) -> 9601 (b' rushing') has 403 occurance
merge 9347/9744: (402, 309) -> 9602 (b'agic') has 403 occurance
merge 9348/9744: (403, 920) -> 9603 (b'unched') has 403 occurance
merge 9349/9744: (416, 1091) -> 9604 (b'ulars') has 403 occurance
merge 9350/9744: (563, 301) -> 9605 (b' role') has 403 occurance
merge 9351/9744: (1445, 290) -> 9606 (b'scar') has 403 occurance
merge 9352/9744: (1734, 121) -> 9607 (b'agedy') has 403 occurance
merge 9353/9744: (2187, 121) -> 9608 (b' fairy') has 403 occurance
merge 9354/9744: (2351, 318) -> 9609 (b' wildly') has 403 occurance
merge 9355/9744: (2420, 1640) -> 9610 (b' Carrie') has 403 occurance
merge 9356/9744: (2919, 268) -> 9611 (b'longer') has 403 occurance
merge 9357/9744: (4134, 1464) -> 9612 (b'broken') has 403 occurance
merge 9358/9744: (4143, 5565) -> 9613 (b' cigarettes') has 403 occurance
merge 9359/9744: (4588, 278) -> 9614 (b' pretending') has 403 occurance
merge 9360/9744: (5576, 326) -> 9615 (b' ninet') has 403 occurance
merge 9361/9744: (6144, 730) -> 9616 (b' adopted') has 403 occurance
merge 9362/9744: (39, 1270) -> 9617 (b"'Yes") has 402 occurance
merge 9363/9744: (316, 1852) -> 9618 (b'several') has 402 occurance
merge 9364/9744: (372, 1968) -> 9619 (b' Meg') has 402 occurance
merge 9365/9744: (419, 314) -> 9620 (b' sust') has 402 occurance
merge 9366/9744: (480, 423) -> 9621 (b' Light') has 402 occurance
merge 9367/9744: (665, 270) -> 9622 (b'acted') has 402 occurance
merge 9368/9744: (750, 442) -> 9623 (b'izard') has 402 occurance
merge 9369/9744: (852, 819) -> 9624 (b' opens') has 402 occurance
merge 9370/9744: (1044, 661) -> 9625 (b' moves') has 402 occurance
merge 9371/9744: (2030, 621) -> 9626 (b' Spade') has 402 occurance
merge 9372/9744: (2497, 447) -> 9627 (b' Someone') has 402 occurance
merge 9373/9744: (5852, 2112) -> 9628 (b' swimming') has 402 occurance
merge 9374/9744: (7300, 442) -> 9629 (b' bastard') has 402 occurance
merge 9375/9744: (34, 39) -> 9630 (b'"\'') has 401 occurance
merge 9376/9744: (41, 59) -> 9631 (b');') has 401 occurance
merge 9377/9744: (114, 1114) -> 9632 (b'rating') has 401 occurance
merge 9378/9744: (115, 819) -> 9633 (b'sens') has 401 occurance
merge 9379/9744: (122, 288) -> 9634 (b'zan') has 401 occurance
merge 9380/9744: (297, 2799) -> 9635 (b' nails') has 401 occurance
merge 9381/9744: (339, 74) -> 9636 (b'\xe2\x80\x9cJ') has 401 occurance
merge 9382/9744: (403, 97) -> 9637 (b'una') has 401 occurance
merge 9383/9744: (406, 72) -> 9638 (b' CH') has 401 occurance
merge 9384/9744: (406, 1314) -> 9639 (b' Craw') has 401 occurance
merge 9385/9744: (700, 4420) -> 9640 (b' peasant') has 401 occurance
merge 9386/9744: (798, 278) -> 9641 (b' seeming') has 401 occurance
merge 9387/9744: (873, 115) -> 9642 (b'ials') has 401 occurance
merge 9388/9744: (1381, 470) -> 9643 (b' Marie') has 401 occurance
merge 9389/9744: (1433, 949) -> 9644 (b' tribut') has 401 occurance
merge 9390/9744: (1490, 2534) -> 9645 (b' editions') has 401 occurance
merge 9391/9744: (2166, 284) -> 9646 (b' classes') has 401 occurance
merge 9392/9744: (2278, 381) -> 9647 (b' veil') has 401 occurance
merge 9393/9744: (3856, 115) -> 9648 (b' results') has 401 occurance
merge 9394/9744: (4926, 1577) -> 9649 (b' requirements') has 401 occurance
merge 9395/9744: (6045, 4109) -> 9650 (b' romantic') has 401 occurance
merge 9396/9744: (46, 2708) -> 9651 (b".\\'") has 400 occurance
merge 9397/9744: (55, 54) -> 9652 (b'76') has 400 occurance
merge 9398/9744: (95, 67) -> 9653 (b'_C') has 400 occurance
merge 9399/9744: (297, 581) -> 9654 (b' nap') has 400 occurance
merge 9400/9744: (415, 98) -> 9655 (b'emb') has 400 occurance
merge 9401/9744: (445, 337) -> 9656 (b' Head') has 400 occurance
merge 9402/9744: (463, 989) -> 9657 (b' abund') has 400 occurance
merge 9403/9744: (683, 97) -> 9658 (b'ilda') has 400 occurance
merge 9404/9744: (863, 1356) -> 9659 (b' crash') has 400 occurance
merge 9405/9744: (1002, 114) -> 9660 (b' Ur') has 400 occurance
merge 9406/9744: (1058, 1335) -> 9661 (b' accused') has 400 occurance
merge 9407/9744: (1631, 963) -> 9662 (b'-six') has 400 occurance
merge 9408/9744: (4532, 305) -> 9663 (b' swallow') has 400 occurance
merge 9409/9744: (4841, 658) -> 9664 (b' cottage') has 400 occurance
merge 9410/9744: (104, 461) -> 9665 (b'hop') has 399 occurance
merge 9411/9744: (259, 268) -> 9666 (b'iner') has 399 occurance
merge 9412/9744: (269, 3718) -> 9667 (b' borne') has 399 occurance
merge 9413/9744: (302, 399) -> 9668 (b'otel') has 399 occurance
merge 9414/9744: (344, 314) -> 9669 (b'urst') has 399 occurance
merge 9415/9744: (414, 328) -> 9670 (b' Way') has 399 occurance
merge 9416/9744: (415, 639) -> 9671 (b'emper') has 399 occurance
merge 9417/9744: (419, 2518) -> 9672 (b' supre') has 399 occurance
merge 9418/9744: (427, 115) -> 9673 (b'outs') has 399 occurance
merge 9419/9744: (472, 2534) -> 9674 (b'ositions') has 399 occurance
merge 9420/9744: (480, 529) -> 9675 (b' Lake') has 399 occurance
merge 9421/9744: (563, 626) -> 9676 (b' robe') has 399 occurance
merge 9422/9744: (729, 7995) -> 9677 (b' underneath') has 399 occurance
merge 9423/9744: (819, 689) -> 9678 (b'ensions') has 399 occurance
merge 9424/9744: (1139, 856) -> 9679 (b' Whatever') has 399 occurance
merge 9425/9744: (1941, 115) -> 9680 (b' stops') has 399 occurance
merge 9426/9744: (2128, 971) -> 9681 (b' planning') has 399 occurance
merge 9427/9744: (2918, 115) -> 9682 (b' balls') has 399 occurance
merge 9428/9744: (6092, 639) -> 9683 (b' Super') has 399 occurance
merge 9429/9744: (6136, 1177) -> 9684 (b' masters') has 399 occurance
merge 9430/9744: (85, 71) -> 9685 (b'UG') has 398 occurance
merge 9431/9744: (98, 985) -> 9686 (b'bows') has 398 occurance
merge 9432/9744: (114, 658) -> 9687 (b'rage') has 398 occurance
merge 9433/9744: (114, 771) -> 9688 (b'rons') has 398 occurance
merge 9434/9744: (118, 97) -> 9689 (b'va') has 398 occurance
merge 9435/9744: (195, 164) -> 9690 (b'\xc3\xa4') has 398 occurance
merge 9436/9744: (416, 270) -> 9691 (b'uled') has 398 occurance
merge 9437/9744: (489, 523) -> 9692 (b' sport') has 398 occurance
merge 9438/9744: (816, 5922) -> 9693 (b'ferences') has 398 occurance
merge 9439/9744: (1475, 1898) -> 9694 (b' dropping') has 398 occurance
merge 9440/9744: (1742, 1444) -> 9695 (b'strange') has 398 occurance
merge 9441/9744: (2824, 114) -> 9696 (b' tyr') has 398 occurance
merge 9442/9744: (3448, 270) -> 9697 (b' departed') has 398 occurance
merge 9443/9744: (4738, 621) -> 9698 (b' persuade') has 398 occurance
merge 9444/9744: (70, 70) -> 9699 (b'FF') has 397 occurance
merge 9445/9744: (118, 2244) -> 9700 (b'viol') has 397 occurance
merge 9446/9744: (122, 117) -> 9701 (b'zu') has 397 occurance
merge 9447/9744: (256, 494) -> 9702 (b' tough') has 397 occurance
merge 9448/9744: (303, 358) -> 9703 (b' gam') has 397 occurance
merge 9449/9744: (364, 99) -> 9704 (b' Ac') has 397 occurance
merge 9450/9744: (376, 119) -> 9705 (b' shew') has 397 occurance
merge 9451/9744: (400, 2879) -> 9706 (b' rational') has 397 occurance
merge 9452/9744: (406, 474) -> 9707 (b' Cong') has 397 occurance
merge 9453/9744: (1018, 650) -> 9708 (b' retire') has 397 occurance
merge 9454/9744: (2547, 268) -> 9709 (b' commander') has 397 occurance
merge 9455/9744: (9200, 7192) -> 9710 (b'Footnote') has 397 occurance
merge 9456/9744: (39, 46) -> 9711 (b"'.") has 396 occurance
merge 9457/9744: (112, 475) -> 9712 (b'past') has 396 occurance
merge 9458/9744: (268, 439) -> 9713 (b'eration') has 396 occurance
merge 9459/9744: (269, 1094) -> 9714 (b' bub') has 396 occurance
merge 9460/9744: (342, 402) -> 9715 (b' stag') has 396 occurance
merge 9461/9744: (365, 337) -> 9716 (b' mead') has 396 occurance
merge 9462/9744: (497, 8239) -> 9717 (b' legend') has 396 occurance
merge 9463/9744: (506, 358) -> 9718 (b' Fam') has 396 occurance
merge 9464/9744: (635, 1270) -> 9719 (b'\xe2\x80\x98Yes') has 396 occurance
merge 9465/9744: (746, 6548) -> 9720 (b' pregn') has 396 occurance
merge 9466/9744: (1654, 1730) -> 9721 (b' artific') has 396 occurance
merge 9467/9744: (9672, 902) -> 9722 (b' supreme') has 396 occurance
merge 9468/9744: (68, 1753) -> 9723 (b'Dune') has 395 occurance
merge 9469/9744: (82, 415) -> 9724 (b'Rem') has 395 occurance
merge 9470/9744: (272, 411) -> 9725 (b' mant') has 395 occurance
merge 9471/9744: (307, 282) -> 9726 (b'utor') has 395 occurance
merge 9472/9744: (314, 263) -> 9727 (b'stre') has 395 occurance
merge 9473/9744: (406, 330) -> 9728 (b' Cent') has 395 occurance
merge 9474/9744: (1313, 111) -> 9729 (b'ugo') has 395 occurance
merge 9475/9744: (1410, 8044) -> 9730 (b' sunshine') has 395 occurance
merge 9476/9744: (3436, 5011) -> 9731 (b' arguments') has 395 occurance
merge 9477/9744: (5905, 1826) -> 9732 (b' Republic') has 395 occurance
merge 9478/9744: (103, 6963) -> 9733 (b'giving') has 394 occurance
merge 9479/9744: (115, 1032) -> 9734 (b'sense') has 394 occurance
merge 9480/9744: (256, 4778) -> 9735 (b' tucked') has 394 occurance
merge 9481/9744: (260, 7187) -> 9736 (b' saddle') has 394 occurance
merge 9482/9744: (279, 2605) -> 9737 (b' cooking') has 394 occurance
merge 9483/9744: (425, 6027) -> 9738 (b' shifted') has 394 occurance
merge 9484/9744: (594, 487) -> 9739 (b' blown') has 394 occurance
merge 9485/9744: (1065, 301) -> 9740 (b' needle') has 394 occurance
merge 9486/9744: (1770, 757) -> 9741 (b' fearful') has 394 occurance
merge 9487/9744: (1788, 263) -> 9742 (b' irre') has 394 occurance
merge 9488/9744: (1869, 115) -> 9743 (b'ships') has 394 occurance
merge 9489/9744: (2223, 3636) -> 9744 (b' suspicious') has 394 occurance
merge 9490/9744: (2603, 439) -> 9745 (b' creation') has 394 occurance
merge 9491/9744: (3248, 278) -> 9746 (b' ringing') has 394 occurance
merge 9492/9744: (4311, 515) -> 9747 (b' Judge') has 394 occurance
merge 9493/9744: (4787, 331) -> 9748 (b'ulsion') has 394 occurance
merge 9494/9744: (8527, 3524) -> 9749 (b' September') has 394 occurance
merge 9495/9744: (109, 1194) -> 9750 (b'mates') has 393 occurance
merge 9496/9744: (111, 656) -> 9751 (b'oving') has 393 occurance
merge 9497/9744: (117, 102) -> 9752 (b'uf') has 393 occurance
merge 9498/9744: (119, 556) -> 9753 (b'ware') has 393 occurance
merge 9499/9744: (269, 458) -> 9754 (b' bol') has 393 occurance
merge 9500/9744: (269, 1233) -> 9755 (b' borr') has 393 occurance
merge 9501/9744: (279, 819) -> 9756 (b' cens') has 393 occurance
merge 9502/9744: (350, 914) -> 9757 (b' weigh') has 393 occurance
merge 9503/9744: (363, 1603) -> 9758 (b' School') has 393 occurance
merge 9504/9744: (391, 275) -> 9759 (b' Bon') has 393 occurance
merge 9505/9744: (391, 2319) -> 9760 (b' Baby') has 393 occurance
merge 9506/9744: (424, 103) -> 9761 (b'heng') has 393 occurance
merge 9507/9744: (454, 444) -> 9762 (b' vest') has 393 occurance
merge 9508/9744: (822, 6761) -> 9763 (b' compassion') has 393 occurance
merge 9509/9744: (956, 284) -> 9764 (b'uces') has 393 occurance
merge 9510/9744: (1325, 268) -> 9765 (b' holder') has 393 occurance
merge 9511/9744: (1353, 2514) -> 9766 (b' loaded') has 393 occurance
merge 9512/9744: (2146, 450) -> 9767 (b' magist') has 393 occurance
merge 9513/9744: (2308, 48) -> 9768 (b'150') has 393 occurance
merge 9514/9744: (2755, 1367) -> 9769 (b' preparing') has 393 occurance
merge 9515/9744: (2758, 115) -> 9770 (b' bells') has 393 occurance
merge 9516/9744: (3040, 388) -> 9771 (b' Flore') has 393 occurance
merge 9517/9744: (3157, 731) -> 9772 (b' denied') has 393 occurance
merge 9518/9744: (3404, 270) -> 9773 (b'ashioned') has 393 occurance
merge 9519/9744: (3427, 1921) -> 9774 (b'distribut') has 393 occurance
merge 9520/9744: (4405, 421) -> 9775 (b' exhaust') has 393 occurance
merge 9521/9744: (5467, 512) -> 9776 (b' embrace') has 393 occurance
merge 9522/9744: (5738, 270) -> 9777 (b' echoed') has 393 occurance
merge 9523/9744: (6830, 458) -> 9778 (b' symbol') has 393 occurance
merge 9524/9744: (53, 56) -> 9779 (b'58') has 392 occurance
merge 9525/9744: (276, 476) -> 9780 (b' fame') has 392 occurance
merge 9526/9744: (285, 6529) -> 9781 (b' dusk') has 392 occurance
merge 9527/9744: (298, 112) -> 9782 (b'omp') has 392 occurance
merge 9528/9744: (316, 2043) -> 9783 (b'separ') has 392 occurance
merge 9529/9744: (360, 3529) -> 9784 (b' analy') has 392 occurance
merge 9530/9744: (369, 732) -> 9785 (b'iforn') has 392 occurance
merge 9531/9744: (403, 99) -> 9786 (b'unc') has 392 occurance
merge 9532/9744: (417, 329) -> 9787 (b'qual') has 392 occurance
merge 9533/9744: (523, 403) -> 9788 (b'ortun') has 392 occurance
merge 9534/9744: (945, 326) -> 9789 (b'ocket') has 392 occurance
merge 9535/9744: (1100, 1367) -> 9790 (b' clearing') has 392 occurance
merge 9536/9744: (1227, 582) -> 9791 (b' slender') has 392 occurance
merge 9537/9744: (3215, 553) -> 9792 (b' determine') has 392 occurance
merge 9538/9744: (3452, 1468) -> 9793 (b' gallery') has 392 occurance
merge 9539/9744: (4190, 69) -> 9794 (b'IVE') has 392 occurance
merge 9540/9744: (4770, 277) -> 9795 (b' ingen') has 392 occurance
merge 9541/9744: (5050, 1820) -> 9796 (b' Lawrence') has 392 occurance
merge 9542/9744: (5128, 5860) -> 9797 (b' newspapers') has 392 occurance
merge 9543/9744: (7002, 649) -> 9798 (b' resentment') has 392 occurance
merge 9544/9744: (8032, 330) -> 9799 (b' magnificent') has 392 occurance
merge 9545/9744: (19, 20) -> 9800 (b'\x13\x14') has 391 occurance
merge 9546/9744: (82, 83) -> 9801 (b'RS') has 391 occurance
merge 9547/9744: (289, 121) -> 9802 (b' py') has 391 occurance
merge 9548/9744: (391, 381) -> 9803 (b' Bil') has 391 occurance
merge 9549/9744: (406, 1341) -> 9804 (b' Coun') has 391 occurance
merge 9550/9744: (543, 1951) -> 9805 (b' Nik') has 391 occurance
merge 9551/9744: (575, 7780) -> 9806 (b' tranqu') has 391 occurance
merge 9552/9744: (600, 1442) -> 9807 (b' overhead') has 391 occurance
merge 9553/9744: (894, 4431) -> 9808 (b' expensive') has 391 occurance
merge 9554/9744: (996, 278) -> 9809 (b' swing') has 391 occurance
merge 9555/9744: (1087, 271) -> 9810 (b' commit') has 391 occurance
merge 9556/9744: (1410, 2458) -> 9811 (b' sunset') has 391 occurance
merge 9557/9744: (2560, 270) -> 9812 (b' posted') has 391 occurance
merge 9558/9744: (2616, 329) -> 9813 (b' occasional') has 391 occurance
merge 9559/9744: (3654, 758) -> 9814 (b' struggled') has 391 occurance
merge 9560/9744: (45, 67) -> 9815 (b'-C') has 390 occurance
merge 9561/9744: (116, 874) -> 9816 (b'tail') has 390 occurance
merge 9562/9744: (256, 308) -> 9817 (b' tid') has 390 occurance
merge 9563/9744: (285, 952) -> 9818 (b' dict') has 390 occurance
merge 9564/9744: (295, 105) -> 9819 (b'ati') has 390 occurance
merge 9565/9744: (555, 98) -> 9820 (b' Ob') has 390 occurance
merge 9566/9744: (734, 3018) -> 9821 (b' slipp') has 390 occurance
merge 9567/9744: (810, 674) -> 9822 (b'ossip') has 390 occurance
merge 9568/9744: (2418, 278) -> 9823 (b' nodding') has 390 occurance
merge 9569/9744: (2458, 116) -> 9824 (b'sett') has 390 occurance
merge 9570/9744: (2738, 733) -> 9825 (b' sadness') has 390 occurance
merge 9571/9744: (3479, 290) -> 9826 (b' cellar') has 390 occurance
merge 9572/9744: (6269, 89) -> 9827 (b' ANY') has 390 occurance
merge 9573/9744: (6624, 434) -> 9828 (b' jerked') has 390 occurance
merge 9574/9744: (7527, 902) -> 9829 (b' scheme') has 390 occurance
merge 9575/9744: (8129, 271) -> 9830 (b' portrait') has 390 occurance
merge 9576/9744: (45, 72) -> 9831 (b'-H') has 389 occurance
merge 9577/9744: (108, 271) -> 9832 (b'lit') has 389 occurance
merge 9578/9744: (108, 302) -> 9833 (b'lot') has 389 occurance
merge 9579/9744: (284, 3055) -> 9834 (b'especially') has 389 occurance
merge 9580/9744: (303, 110) -> 9835 (b' gn') has 389 occurance
merge 9581/9744: (342, 597) -> 9836 (b' stable') has 389 occurance
merge 9582/9744: (361, 1039) -> 9837 (b' Hung') has 389 occurance
merge 9583/9744: (376, 268) -> 9838 (b' sheer') has 389 occurance
merge 9584/9744: (438, 121) -> 9839 (b' Py') has 389 occurance
merge 9585/9744: (697, 270) -> 9840 (b' longed') has 389 occurance
merge 9586/9744: (759, 112) -> 9841 (b'harp') has 389 occurance
merge 9587/9744: (1031, 2464) -> 9842 (b' attacked') has 389 occurance
merge 9588/9744: (1785, 7443) -> 9843 (b' anguish') has 389 occurance
merge 9589/9744: (2062, 5093) -> 9844 (b'-hua') has 389 occurance
merge 9590/9744: (2941, 278) -> 9845 (b'seeing') has 389 occurance
merge 9591/9744: (3869, 344) -> 9846 (b' murmur') has 389 occurance
merge 9592/9744: (4217, 331) -> 9847 (b'yrion') has 389 occurance
merge 9593/9744: (5510, 7904) -> 9848 (b'ermantes') has 389 occurance
merge 9594/9744: (5515, 5515) -> 9849 (b'................') has 389 occurance
merge 9595/9744: (32, 484) -> 9850 (b' .\xe2\x80\x9d\n') has 388 occurance
merge 9596/9744: (45, 301) -> 9851 (b'-le') has 388 occurance
merge 9597/9744: (73, 80) -> 9852 (b'IP') has 388 occurance
merge 9598/9744: (116, 492) -> 9853 (b'tra') has 388 occurance
merge 9599/9744: (301, 118) -> 9854 (b'lev') has 388 occurance
merge 9600/9744: (403, 2193) -> 9855 (b'unction') has 388 occurance
merge 9601/9744: (428, 7485) -> 9856 (b' orphan') has 388 occurance
merge 9602/9744: (443, 2634) -> 9857 (b' conceive') has 388 occurance
merge 9603/9744: (552, 518) -> 9858 (b' Rod') has 388 occurance
merge 9604/9744: (563, 302) -> 9859 (b' root') has 388 occurance
merge 9605/9744: (566, 6294) -> 9860 (b' program') has 388 occurance
merge 9606/9744: (718, 992) -> 9861 (b' perple') has 388 occurance
merge 9607/9744: (773, 3345) -> 9862 (b' glancing') has 388 occurance
merge 9608/9744: (834, 1098) -> 9863 (b' contents') has 388 occurance
merge 9609/9744: (936, 120) -> 9864 (b' wax') has 388 occurance
merge 9610/9744: (1490, 2121) -> 9865 (b' edges') has 388 occurance
merge 9611/9744: (1727, 3719) -> 9866 (b' Clara') has 388 occurance
merge 9612/9744: (1767, 1767) -> 9867 (b'                                ') has 388 occurance
merge 9613/9744: (1795, 529) -> 9868 (b' snake') has 388 occurance
merge 9614/9744: (2460, 2500) -> 9869 (b' division') has 388 occurance
merge 9615/9744: (2811, 1063) -> 9870 (b' violently') has 388 occurance
merge 9616/9744: (3270, 4832) -> 9871 (b' bleeding') has 388 occurance
merge 9617/9744: (4306, 270) -> 9872 (b' owed') has 388 occurance
merge 9618/9744: (6157, 512) -> 9873 (b' Wallace') has 388 occurance
merge 9619/9744: (45, 814) -> 9874 (b'-man') has 387 occurance
merge 9620/9744: (104, 309) -> 9875 (b'hic') has 387 occurance
merge 9621/9744: (268, 580) -> 9876 (b'eries') has 387 occurance
merge 9622/9744: (272, 887) -> 9877 (b' mob') has 387 occurance
merge 9623/9744: (293, 827) -> 9878 (b' hook') has 387 occurance
merge 9624/9744: (1381, 4155) -> 9879 (b' Marilla') has 387 occurance
merge 9625/9744: (1426, 162) -> 9880 (b' \xe2\x80\xa2') has 387 occurance
merge 9626/9744: (1449, 441) -> 9881 (b' cares') has 387 occurance
merge 9627/9744: (2505, 84) -> 9882 (b'LET') has 387 occurance
merge 9628/9744: (4014, 288) -> 9883 (b' European') has 387 occurance
merge 9629/9744: (4121, 2233) -> 9884 (b' THIS') has 387 occurance
merge 9630/9744: (4288, 1311) -> 9885 (b' desperately') has 387 occurance
merge 9631/9744: (5120, 270) -> 9886 (b' greeted') has 387 occurance
merge 9632/9744: (6667, 2609) -> 9887 (b' neighborhood') has 387 occurance
merge 9633/9744: (7269, 1458) -> 9888 (b' avoided') has 387 occurance
merge 9634/9744: (85, 112) -> 9889 (b'Up') has 386 occurance
merge 9635/9744: (259, 1185) -> 9890 (b'inny') has 386 occurance
merge 9636/9744: (280, 284) -> 9891 (b' toes') has 386 occurance
merge 9637/9744: (342, 427) -> 9892 (b' stout') has 386 occurance
merge 9638/9744: (363, 1092) -> 9893 (b' Spe') has 386 occurance
merge 9639/9744: (438, 288) -> 9894 (b' Pan') has 386 occurance
merge 9640/9744: (691, 263) -> 9895 (b' scre') has 386 occurance
merge 9641/9744: (691, 7978) -> 9896 (b' scandal') has 386 occurance
merge 9642/9744: (750, 97) -> 9897 (b'iza') has 386 occurance
merge 9643/9744: (1410, 107) -> 9898 (b' sunk') has 386 occurance
merge 9644/9744: (1543, 439) -> 9899 (b' generation') has 386 occurance
merge 9645/9744: (3440, 6283) -> 9900 (b' television') has 386 occurance
merge 9646/9744: (4535, 69) -> 9901 (b'AGE') has 386 occurance
merge 9647/9744: (6225, 270) -> 9902 (b' responded') has 386 occurance
merge 9648/9744: (6660, 674) -> 9903 (b'Philip') has 386 occurance
merge 9649/9744: (6804, 423) -> 9904 (b'straight') has 386 occurance
merge 9650/9744: (103, 3308) -> 9905 (b'general') has 385 occurance
merge 9651/9744: (121, 577) -> 9906 (b'year') has 385 occurance
merge 9652/9744: (342, 962) -> 9907 (b' stool') has 385 occurance
merge 9653/9744: (534, 275) -> 9908 (b'oston') has 385 occurance
merge 9654/9744: (555, 585) -> 9909 (b' Off') has 385 occurance
merge 9655/9744: (996, 2724) -> 9910 (b' swords') has 385 occurance
merge 9656/9744: (1211, 118) -> 9911 (b' Prov') has 385 occurance
merge 9657/9744: (1260, 2580) -> 9912 (b' Through') has 385 occurance
merge 9658/9744: (1593, 2117) -> 9913 (b' colored') has 385 occurance
merge 9659/9744: (1847, 2126) -> 9914 (b' providing') has 385 occurance
merge 9660/9744: (2030, 335) -> 9915 (b' Spir') has 385 occurance
merge 9661/9744: (2127, 399) -> 9916 (b' model') has 385 occurance
merge 9662/9744: (2579, 519) -> 9917 (b'yourself') has 385 occurance
merge 9663/9744: (2929, 5020) -> 9918 (b' council') has 385 occurance
merge 9664/9744: (4105, 642) -> 9919 (b' performance') has 385 occurance
merge 9665/9744: (4476, 2584) -> 9920 (b'istocr') has 385 occurance
merge 9666/9744: (6539, 268) -> 9921 (b' conquer') has 385 occurance
merge 9667/9744: (98, 1374) -> 9922 (b'bird') has 384 occurance
merge 9668/9744: (99, 492) -> 9923 (b'cra') has 384 occurance
merge 9669/9744: (106, 446) -> 9924 (b'jour') has 384 occurance
merge 9670/9744: (112, 271) -> 9925 (b'pit') has 384 occurance
merge 9671/9744: (264, 522) -> 9926 (b' opt') has 384 occurance
merge 9672/9744: (273, 266) -> 9927 (b'isha') has 384 occurance
merge 9673/9744: (273, 301) -> 9928 (b'isle') has 384 occurance
merge 9674/9744: (297, 309) -> 9929 (b' nic') has 384 occurance
merge 9675/9744: (298, 121) -> 9930 (b'omy') has 384 occurance
merge 9676/9744: (306, 1091) -> 9931 (b' bears') has 384 occurance
merge 9677/9744: (315, 926) -> 9932 (b'immed') has 384 occurance
merge 9678/9744: (321, 268) -> 9933 (b'\xe2\x80\x99er') has 384 occurance
merge 9679/9744: (333, 3133) -> 9934 (b' release') has 384 occurance
merge 9680/9744: (369, 808) -> 9935 (b'ifting') has 384 occurance
merge 9681/9744: (489, 577) -> 9936 (b' spear') has 384 occurance
merge 9682/9744: (501, 736) -> 9937 (b' Dark') has 384 occurance
merge 9683/9744: (501, 5335) -> 9938 (b' Daddy') has 384 occurance
merge 9684/9744: (750, 2987) -> 9939 (b'izzy') has 384 occurance
merge 9685/9744: (2709, 98) -> 9940 (b' tomb') has 384 occurance
merge 9686/9744: (2736, 1063) -> 9941 (b'sequently') has 384 occurance
merge 9687/9744: (5369, 758) -> 9942 (b' crawled') has 384 occurance
merge 9688/9744: (109, 2485) -> 9943 (b'moon') has 383 occurance
merge 9689/9744: (112, 3905) -> 9944 (b'paper') has 383 occurance
merge 9690/9744: (270, 4039) -> 9945 (b'ednes') has 383 occurance
merge 9691/9744: (276, 5584) -> 9946 (b' fountain') has 383 occurance
merge 9692/9744: (356, 3475) -> 9947 (b'cember') has 383 occurance
merge 9693/9744: (1244, 537) -> 9948 (b' halfway') has 383 occurance
merge 9694/9744: (1321, 415) -> 9949 (b'remem') has 383 occurance
merge 9695/9744: (2029, 1961) -> 9950 (b' Christians') has 383 occurance
merge 9696/9744: (2037, 693) -> 9951 (b' secretary') has 383 occurance
merge 9697/9744: (3436, 654) -> 9952 (b' argue') has 383 occurance
merge 9698/9744: (4240, 1890) -> 9953 (b'\xe2\x80\x9cBecause') has 383 occurance
merge 9699/9744: (5207, 271) -> 9954 (b' archit') has 383 occurance
merge 9700/9744: (72, 337) -> 9955 (b'Had') has 382 occurance
merge 9701/9744: (73, 286) -> 9956 (b'Ill') has 382 occurance
merge 9702/9744: (111, 671) -> 9957 (b'obl') has 382 occurance
merge 9703/9744: (114, 451) -> 9958 (b'rum') has 382 occurance
merge 9704/9744: (306, 5674) -> 9959 (b' beheld') has 382 occurance
merge 9705/9744: (372, 2485) -> 9960 (b' Moon') has 382 occurance
merge 9706/9744: (416, 2181) -> 9961 (b'ulously') has 382 occurance
merge 9707/9744: (691, 2806) -> 9962 (b' scrap') has 382 occurance
merge 9708/9744: (737, 8405) -> 9963 (b' Kunta') has 382 occurance
merge 9709/9744: (830, 115) -> 9964 (b'oths') has 382 occurance
merge 9710/9744: (947, 284) -> 9965 (b' tales') has 382 occurance
merge 9711/9744: (1457, 1001) -> 9966 (b' polished') has 382 occurance
merge 9712/9744: (1628, 68) -> 9967 (b'END') has 382 occurance
merge 9713/9744: (1981, 3950) -> 9968 (b' protested') has 382 occurance
merge 9714/9744: (2488, 115) -> 9969 (b' drinks') has 382 occurance
merge 9715/9744: (2544, 337) -> 9970 (b' Road') has 382 occurance
merge 9716/9744: (3186, 654) -> 9971 (b' statue') has 382 occurance
merge 9717/9744: (3478, 2209) -> 9972 (b'William') has 382 occurance
merge 9718/9744: (4041, 561) -> 9973 (b'Really') has 382 occurance
merge 9719/9744: (4075, 295) -> 9974 (b' combat') has 382 occurance
merge 9720/9744: (4978, 284) -> 9975 (b'acques') has 382 occurance
merge 9721/9744: (5737, 507) -> 9976 (b' sanct') has 382 occurance
merge 9722/9744: (8342, 104) -> 9977 (b'-erh') has 382 occurance
merge 9723/9744: (47, 1278) -> 9978 (b'/In') has 381 occurance
merge 9724/9744: (55, 57) -> 9979 (b'79') has 381 occurance
merge 9725/9744: (102, 906) -> 9980 (b'fles') has 381 occurance
merge 9726/9744: (328, 97) -> 9981 (b'aya') has 381 occurance
merge 9727/9744: (453, 1146) -> 9982 (b'ousins') has 381 occurance
merge 9728/9744: (543, 447) -> 9983 (b' None') has 381 occurance
merge 9729/9744: (591, 511) -> 9984 (b'herent') has 381 occurance
merge 9730/9744: (734, 5825) -> 9985 (b' slammed') has 381 occurance
merge 9731/9744: (791, 335) -> 9986 (b' desir') has 381 occurance
merge 9732/9744: (1058, 330) -> 9987 (b' accent') has 381 occurance
merge 9733/9744: (1323, 1373) -> 9988 (b' register') has 381 occurance
merge 9734/9744: (1856, 337) -> 9989 (b'trad') has 381 occurance
merge 9735/9744: (4237, 623) -> 9990 (b' feeble') has 381 occurance
merge 9736/9744: (7713, 100) -> 9991 (b'pherd') has 381 occurance
merge 9737/9744: (41, 384) -> 9992 (b'),\n') has 380 occurance
merge 9738/9744: (85, 68) -> 9993 (b'UD') has 380 occurance
merge 9739/9744: (105, 295) -> 9994 (b'iat') has 380 occurance
merge 9740/9744: (109, 522) -> 9995 (b'mpt') has 380 occurance
merge 9741/9744: (117, 495) -> 9996 (b'uate') has 380 occurance
merge 9742/9744: (280, 830) -> 9997 (b' tooth') has 380 occurance
merge 9743/9744: (289, 446) -> 9998 (b' pour') has 380 occurance
merge 9744/9744: (314, 544) -> 9999 (b'step') has 380 occurance
Final length: 2 (0.00%)
GOOD test:  Luckily friends do ashamed to do suppose. Tried meant mr smile so.
GOOD test:  I would never let someone and playing
GOOD test:  Moje ime je Petrić Petrović
S-ve- s-re-�-�-ne- por-od-ice- li-�-�-e- j-ed-na- n-a- d-ru-gu-,- s-v-ak-a- n-es-re-�-�-na- por-od-ica- n-es-re-�-�-na- je- n-a- s-v-o-j- n-a-�-�-in-

M-aj-ka- m-i- je- d-an-as- um-r-la-.- A- mo-�-�-da- i- ju-�-�-e-,- ne- z-n-am-.- Pr-im-io- sam- tele-gram- -iz- dom-a- star-ac-a-:- Maj-ka- um-r-la-.- S-ah-r-ana- s-ut-ra-.- S- o-so-bit-im- po-�-�-to-van-j-em- Men-ut-im-,- to- n-i-�-�-ta- ne- z-na-�-�-i-.- Mo-�-�-da- je- to- b-il-o- i- ju-�-�-e-.-

Directory './token_small_en_cuda_multgpu' is ready.
Found 4 CUDA devices.
Allocated pairs_counter on GPU 0
Allocated pairs_counter on GPU 1
Allocated pairs_counter on GPU 2
Allocated pairs_counter on GPU 3
Freed pairs_counter on GPU 0
Freed pairs_counter on GPU 1
Freed pairs_counter on GPU 2
Freed pairs_counter on GPU 3
Freed pairs_counter for all GPUs
